ISO-10303-21;
HEADER;
FILE_DESCRIPTION (( 'STEP AP214' ),
    '1' );
FILE_NAME ('Baffle.STEP',
    '2026-07-25T22:29:37',
    ( '' ),
    ( '' ),
    'SwSTEP 2.0',
    'SolidWorks 2025',
    '' );
FILE_SCHEMA (( 'AUTOMOTIVE_DESIGN' ));
ENDSEC;

DATA;
#1 =( BOUNDED_CURVE ( )  B_SPLINE_CURVE ( 3, ( #3471, #211, #477, #3702 ),
 .UNSPECIFIED., .F., .T. ) 
 B_SPLINE_CURVE_WITH_KNOTS ( ( 4, 4 ),
 ( 0.001088597200513068781, 0.006090148659325159662 ),
 .UNSPECIFIED. ) 
 CURVE ( )  GEOMETRIC_REPRESENTATION_ITEM ( )  RATIONAL_B_SPLINE_CURVE ( ( 0.6440100503147023758, 0.6440100503147023758, 0.6440100503147023758, 0.6440100503147023758 ) ) 
 REPRESENTATION_ITEM ( '' )  );
#2 = CARTESIAN_POINT ( 'NONE',  ( -102.5630093084409253, -61.51029327188708606, 55.50814291124886068 ) ) ;
#3 = VERTEX_POINT ( 'NONE', #167 ) ;
#4 = FACE_OUTER_BOUND ( 'NONE', #1193, .T. ) ;
#5 = CARTESIAN_POINT ( 'NONE',  ( -65.74786520165424974, -60.50425906931263853, -58.49599999999963273 ) ) ;
#6 = CARTESIAN_POINT ( 'NONE',  ( -43.80000000000006111, -61.41758446133068361, 48.22170332802505044 ) ) ;
#7 = LINE ( 'NONE', #50, #3440 ) ;
#8 = EDGE_CURVE ( 'NONE', #596, #3472, #2424, .T. ) ;
#9 = LINE ( 'NONE', #578, #1010 ) ;
#10 = CARTESIAN_POINT ( 'NONE',  ( -17.49999999999993960, -40.85825429371267603, 43.95649813128432015 ) ) ;
#11 = CARTESIAN_POINT ( 'NONE',  ( -18.65234975959985775, 0.09825394506722633092, -60.00000000000000000 ) ) ;
#12 = VERTEX_POINT ( 'NONE', #3462 ) ;
#13 = CARTESIAN_POINT ( 'NONE',  ( -77.01545040103140138, -61.67856200384296983, 60.00000000000029843 ) ) ;
#14 = CARTESIAN_POINT ( 'NONE',  ( -25.22970268840815677, -61.65316781725822182, -27.05437938651974150 ) ) ;
#15 = CARTESIAN_POINT ( 'NONE',  ( -22.49999999999994671, -72.00000000000001421, -40.60000000000000853 ) ) ;
#16 = CARTESIAN_POINT ( 'NONE',  ( -19.46627418576850843, -63.30965870626258152, 5.000000000000537348 ) ) ;
#17 = ORIENTED_EDGE ( 'NONE', *, *, #61, .F. ) ;
#18 = CARTESIAN_POINT ( 'NONE',  ( -78.13746809974570340, -25.57437714552101937, 59.88249295392556348 ) ) ;
#19 = CARTESIAN_POINT ( 'NONE',  ( -18.06052311764976892, -58.10167047790902473, -14.91841333277930026 ) ) ;
#20 = CARTESIAN_POINT ( 'NONE',  ( -122.2999999999999545, 29.52348461875495644, 58.34030335726483685 ) ) ;
#21 = CARTESIAN_POINT ( 'NONE',  ( -74.34593566085081306, -63.40849659371311731, 59.84493695669196001 ) ) ;
#22 = CARTESIAN_POINT ( 'NONE',  ( -100.6450556171715647, -126.1804787981853337, 55.50814291125164601 ) ) ;
#23 = VERTEX_POINT ( 'NONE', #3713 ) ;
#24 = CARTESIAN_POINT ( 'NONE',  ( -196.8332200749258334, -30.49166285338987947, 59.99999999999996447 ) ) ;
#25 = CARTESIAN_POINT ( 'NONE',  ( -46.64771145860797219, -64.31438144546856961, -50.39999999999980673 ) ) ;
#26 = CARTESIAN_POINT ( 'NONE',  ( -21.67306653605941591, -58.00942910301399280, 20.94217679802840593 ) ) ;
#27 =( BOUNDED_SURFACE ( )  B_SPLINE_SURFACE ( 2, 3, ( 
 ( #1286, #1906, #381, #3342, #3607, #418, #961, #672, #401, #1563, #3627, #1302, #1249, #3104, #2192, #1584 ),
 ( #979, #2793, #707, #3665, #2175, #3085, #99, #3682, #1015, #3321, #1527, #937, #2716, #2157, #1854, #1269 ),
 ( #65, #1230, #2119, #654, #1835, #3028, #2457, #1547, #3046, #2735, #82, #3647, #2437, #3358, #3065, #688 ) ),
 .UNSPECIFIED., .F., .F., .F. ) 
 B_SPLINE_SURFACE_WITH_KNOTS ( ( 3, 3 ),
 ( 4, 3, 3, 3, 3, 4 ),
 ( 0.000000000000000000, 1.000000000000000000 ),
 ( -0.08953681463277975150, 0.000000000000000000, 0.08275248783686074694, 0.9102773662054649551, 1.000000000000000000, 1.090876983947539403 ),
 .UNSPECIFIED. ) 
 GEOMETRIC_REPRESENTATION_ITEM ( )  RATIONAL_B_SPLINE_SURFACE ( (
 ( 1.000000000000000000, 1.000000000000000000, 1.000000000000000000, 1.000000000000000000, 1.000000000000000000, 1.000000000000000000, 1.000000000000000000, 1.000000000000000000, 1.000000000000000000, 1.000000000000000000, 1.000000000000000000, 1.000000000000000000, 1.000000000000000000, 1.000000000000000000, 1.000000000000000000, 1.000000000000000000),
 ( 0.7075372692904904337, 0.7075372692904904337, 0.7075372692904904337, 0.7075372692904904337, 0.7075372692904904337, 0.7075372692904904337, 0.7075372692904904337, 0.7075372692904904337, 0.7075372692904904337, 0.7075372692904904337, 0.7075372692904904337, 0.7075372692904904337, 0.7075372692904904337, 0.7075372692904904337, 0.7075372692904904337, 0.7075372692904904337),
 ( 1.000000000000000000, 1.000000000000000000, 1.000000000000000000, 1.000000000000000000, 1.000000000000000000, 1.000000000000000000, 1.000000000000000000, 1.000000000000000000, 1.000000000000000000, 1.000000000000000000, 1.000000000000000000, 1.000000000000000000, 1.000000000000000000, 1.000000000000000000, 1.000000000000000000, 1.000000000000000000) ) ) 
 REPRESENTATION_ITEM ( '' )  SURFACE ( )  );
#28 = CARTESIAN_POINT ( 'NONE',  ( -17.49999999999994671, 61.99999999999998579, -30.60000000000001563 ) ) ;
#29 = LINE ( 'NONE', #273, #2248 ) ;
#30 = CARTESIAN_POINT ( 'NONE',  ( -19.30384014620932476, -46.00000000000000711, 38.62846480418922113 ) ) ;
#31 = CARTESIAN_POINT ( 'NONE',  ( 26.01033973952012346, -100.8350614223136574, 60.00000000000001421 ) ) ;
#32 = ADVANCED_FACE ( 'NONE', ( #2605 ), #506, .F. ) ;
#33 = VECTOR ( 'NONE', #1552, 1000.000000000000000 ) ;
#34 = ORIENTED_EDGE ( 'NONE', *, *, #1180, .F. ) ;
#35 = CARTESIAN_POINT ( 'NONE',  ( -53.79604931327543937, -118.9477061512659901, 55.50814291125636402 ) ) ;
#36 = CARTESIAN_POINT ( 'NONE',  ( -96.16419101245764978, -31.00000000000000000, -55.60000000000000142 ) ) ;
#37 = CARTESIAN_POINT ( 'NONE',  ( -18.32971393061271570, -53.00000000000000711, 28.11436684482818649 ) ) ;
#38 = CARTESIAN_POINT ( 'NONE',  ( -20.10016081900220541, -63.33308941406848191, 9.997633136095190665 ) ) ;
#39 = VECTOR ( 'NONE', #3368, 1000.000000000000000 ) ;
#40 = VERTEX_POINT ( 'NONE', #1046 ) ;
#41 = CARTESIAN_POINT ( 'NONE',  ( -130.1766128924800512, -58.67735608927378621, -32.38754325259494493 ) ) ;
#42 = VECTOR ( 'NONE', #1074, 1000.000000000000227 ) ;
#43 = DIRECTION ( 'NONE',  ( 0.9993908270190957621, 0.03489949670250105940, 0.000000000000000000 ) ) ;
#44 = LINE ( 'NONE', #524, #1267 ) ;
#45 = CARTESIAN_POINT ( 'NONE',  ( -130.1173520316460781, -67.39971667168538261, 32.38754325259481703 ) ) ;
#46 = ORIENTED_EDGE ( 'NONE', *, *, #1564, .F. ) ;
#47 = LINE ( 'NONE', #2619, #1443 ) ;
#48 = CARTESIAN_POINT ( 'NONE',  ( -59.65205528617239850, -61.79292582580391269, -56.70400000000022800 ) ) ;
#49 = CARTESIAN_POINT ( 'NONE',  ( -22.49999999999994671, -58.99999999999999289, -21.09685175976291660 ) ) ;
#50 = CARTESIAN_POINT ( 'NONE',  ( -54.15208825128741665, 0.000000000000000000, 63.72008087478561578 ) ) ;
#51 = EDGE_CURVE ( 'NONE', #2084, #192, #487, .T. ) ;
#52 = CARTESIAN_POINT ( 'NONE',  ( -55.68217797577246841, -12.71270627532834929, -59.99999999999999289 ) ) ;
#53 = CARTESIAN_POINT ( 'NONE',  ( -17.49999999999993250, 10.77641385759746662, 59.02834571527314722 ) ) ;
#54 = CARTESIAN_POINT ( 'NONE',  ( 9.359795811176397251, -113.8055985327869450, 60.00000000000001421 ) ) ;
#55 = ORIENTED_EDGE ( 'NONE', *, *, #2291, .T. ) ;
#56 = CARTESIAN_POINT ( 'NONE',  ( -72.50842502955205759, -110.6864368251942068, 59.84493695669367241 ) ) ;
#57 = CARTESIAN_POINT ( 'NONE',  ( -141.4999999999999716, -31.00000000000000000, -62.00000000000000000 ) ) ;
#58 = CARTESIAN_POINT ( 'NONE',  ( -18.99030223340552581, -53.00000000000000711, 28.41785724788726597 ) ) ;
#59 = CARTESIAN_POINT ( 'NONE',  ( -22.55121543782569304, -61.72911739746018611, 19.54082840236673846 ) ) ;
#60 = EDGE_CURVE ( 'NONE', #1480, #703, #2959, .T. ) ;
#61 = EDGE_CURVE ( 'NONE', #2952, #265, #2545, .T. ) ;
#62 = ORIENTED_EDGE ( 'NONE', *, *, #2750, .F. ) ;
#63 = CARTESIAN_POINT ( 'NONE',  ( -138.8314228297466855, -64.38780529203111769, -9.997633136094835393 ) ) ;
#64 = CARTESIAN_POINT ( 'NONE',  ( -17.49999999999994671, 61.99999999999998579, 52.00561989167004384 ) ) ;
#65 = CARTESIAN_POINT ( 'NONE',  ( 8.664739500244312609, 62.91369283689964220, 52.91978456670870656 ) ) ;
#66 = CARTESIAN_POINT ( 'NONE',  ( -126.5403986997196739, -103.6124783432504870, 36.14937136423263553 ) ) ;
#67 = ORIENTED_EDGE ( 'NONE', *, *, #154, .T. ) ;
#68 = CARTESIAN_POINT ( 'NONE',  ( -77.01545040103243878, -61.67856200384299115, -60.00000000000003553 ) ) ;
#69 = CARTESIAN_POINT ( 'NONE',  ( -21.49999999999995381, -58.00000000000002842, -20.62547930684886310 ) ) ;
#70 = DIRECTION ( 'NONE',  ( -0.9993908270190956511, -0.03489949670250119818, 0.000000000000000000 ) ) ;
#71 = CARTESIAN_POINT ( 'NONE',  ( 26.01033973952012346, -100.8350614223136574, 60.00000000000001421 ) ) ;
#72 = CARTESIAN_POINT ( 'NONE',  ( -22.49999999999995737, -50.81984801182587574, 33.56365271191691591 ) ) ;
#73 = CARTESIAN_POINT ( 'NONE',  ( -193.6931129666473907, -15.29195600705499736, -59.99999999999999289 ) ) ;
#74 = ORIENTED_EDGE ( 'NONE', *, *, #2505, .F. ) ;
#75 = CARTESIAN_POINT ( 'NONE',  ( -64.83482249785318174, -85.49977792113145370, 58.49600000000170752 ) ) ;
#76 = CARTESIAN_POINT ( 'NONE',  ( -122.2999999999998550, -3.827787370335676620, 15.87852191735233554 ) ) ;
#77 = FACE_OUTER_BOUND ( 'NONE', #2184, .T. ) ;
#78 = CARTESIAN_POINT ( 'NONE',  ( -23.48099722013965263, -73.36101357164329784, -24.08304498269751548 ) ) ;
#79 = ORIENTED_EDGE ( 'NONE', *, *, #1871, .F. ) ;
#80 = CARTESIAN_POINT ( 'NONE',  ( -117.6684282905204668, -101.0082511069644227, -45.60000000000147935 ) ) ;
#81 = CARTESIAN_POINT ( 'NONE',  ( -22.49999999999995737, -62.61904579497610968, 18.67243299848123783 ) ) ;
#82 = CARTESIAN_POINT ( 'NONE',  ( -144.9370415993168422, 57.54980044559996344, 27.56807563502712100 ) ) ;
#83 = EDGE_CURVE ( 'NONE', #1367, #3679, #1490, .T. ) ;
#84 = CARTESIAN_POINT ( 'NONE',  ( -127.5388508469200417, -58.75215088995494028, 36.14937136423327502 ) ) ;
#85 = VERTEX_POINT ( 'NONE', #1105 ) ;
#86 = DIRECTION ( 'NONE',  ( -0.000000000000000000, -0.000000000000000000, 1.000000000000000000 ) ) ;
#87 = DIRECTION ( 'NONE',  ( 0.000000000000000000, -1.000000000000000000, -0.000000000000000000 ) ) ;
#88 = CARTESIAN_POINT ( 'NONE',  ( -18.40664145373523297, -119.9927786219668633, -59.99999999999999289 ) ) ;
#89 = CARTESIAN_POINT ( 'NONE',  ( -78.64711936630781963, 58.86408599522593477, -8.000000000000000000 ) ) ;
#90 = CARTESIAN_POINT ( 'NONE',  ( -141.4999999999999432, 33.39969760302580681, 57.17719146686455645 ) ) ;
#91 = EDGE_LOOP ( 'NONE', ( #1529, #1501, #1735, #3355, #3087, #1319, #315 ) ) ;
#92 = DIRECTION ( 'NONE',  ( 0.000000000000000000, -1.000000000000000000, 1.042804293372779061E-14 ) ) ;
#93 = CARTESIAN_POINT ( 'NONE',  ( -20.15901288728831275, -53.00000000000001421, 28.83889072833925127 ) ) ;
#94 = CARTESIAN_POINT ( 'NONE',  ( -22.60040536723204241, -62.03696613397286796, 19.54082840236710794 ) ) ;
#95 = VERTEX_POINT ( 'NONE', #1935 ) ;
#96 = CARTESIAN_POINT ( 'NONE',  ( -136.3284785693801098, -67.62930203194086687, -19.54082840236718610 ) ) ;
#97 = CARTESIAN_POINT ( 'NONE',  ( -22.49999999999995026, -65.17553898470801244, 19.29734295456868765 ) ) ;
#98 = AXIS2_PLACEMENT_3D ( 'NONE', #872, #3315, #2981 ) ;
#99 = CARTESIAN_POINT ( 'NONE',  ( -17.49999999999994671, 61.99999999999997868, 62.00000000000000000 ) ) ;
#100 = AXIS2_PLACEMENT_3D ( 'NONE', #386, #87, #3307 ) ;
#101 = VECTOR ( 'NONE', #2557, 1000.000000000000000 ) ;
#102 = ORIENTED_EDGE ( 'NONE', *, *, #1468, .T. ) ;
#103 = CARTESIAN_POINT ( 'NONE',  ( -18.95919398448208071, -57.99999999999997868, 16.27253388049454585 ) ) ;
#104 = CARTESIAN_POINT ( 'NONE',  ( -78.64711936630781963, 58.86408599522593477, -24.00000000000025224 ) ) ;
#105 =( GEOMETRIC_REPRESENTATION_CONTEXT ( 3 ) GLOBAL_UNCERTAINTY_ASSIGNED_CONTEXT ( ( #3058 ) ) GLOBAL_UNIT_ASSIGNED_CONTEXT ( ( #2533, #1998, #2553 ) ) REPRESENTATION_CONTEXT ( 'NONE', 'WORKASPACE' ) );
#106 = CARTESIAN_POINT ( 'NONE',  ( -22.49999999999995737, -61.09136320830782552, -18.98007606126466840 ) ) ;
#107 = CARTESIAN_POINT ( 'NONE',  ( -99.33436574757055837, -59.55190037640651468, -56.70399999999963114 ) ) ;
#108 = EDGE_CURVE ( 'NONE', #3067, #2507, #2685, .T. ) ;
#109 = CARTESIAN_POINT ( 'NONE',  ( -75.53563748231245256, -39.32194659009265081, 60.00000000000000711 ) ) ;
#110 = CARTESIAN_POINT ( 'NONE',  ( -18.35323873896724223, -46.00000000000002132, 38.51274423923543822 ) ) ;
#111 = CARTESIAN_POINT ( 'NONE',  ( -141.4999999999999716, 31.60000000000000142, 57.41379771475583738 ) ) ;
#112 = VERTEX_POINT ( 'NONE', #2282 ) ;
#113 = CARTESIAN_POINT ( 'NONE',  ( -78.68201886301032744, 59.86347682224502620, -24.00000000000025224 ) ) ;
#114 = CARTESIAN_POINT ( 'NONE',  ( -22.49999999999994671, -65.00000000000001421, 50.00000000000000000 ) ) ;
#115 = CARTESIAN_POINT ( 'NONE',  ( -48.21246201686042099, -97.30734121812311344, -52.35702562808061344 ) ) ;
#116 = ORIENTED_EDGE ( 'NONE', *, *, #1628, .F. ) ;
#117 = CARTESIAN_POINT ( 'NONE',  ( -136.4091814696650999, -64.35101992934741588, -19.54082840236709373 ) ) ;
#118 = CARTESIAN_POINT ( 'NONE',  ( -8.491086501036862799, 58.99999999999998579, 37.90999999999964842 ) ) ;
#119 = DIRECTION ( 'NONE',  ( -1.000000000000000000, 0.000000000000000000, 0.000000000000000000 ) ) ;
#120 = EDGE_LOOP ( 'NONE', ( #2398, #2037, #819, #1815 ) ) ;
#121 = CARTESIAN_POINT ( 'NONE',  ( -29.84709754119290892, -62.00000000000001421, 52.02746061693210322 ) ) ;
#122 = CARTESIAN_POINT ( 'NONE',  ( -17.49999999999995737, 41.57950511360550649, 43.30000670441983601 ) ) ;
#123 = CARTESIAN_POINT ( 'NONE',  ( -93.14395827591290811, -66.03304834288717018, -58.49600000000003064 ) ) ;
#124 = CARTESIAN_POINT ( 'NONE',  ( -77.52106046187604704, -46.08740875771894707, 60.00000000000000000 ) ) ;
#125 = DIRECTION ( 'NONE',  ( 0.000000000000000000, 1.000000000000000000, 0.000000000000000000 ) ) ;
#126 = DIRECTION ( 'NONE',  ( -0.03489949670250105246, 0.9993908270190957621, 0.000000000000000000 ) ) ;
#127 = EDGE_CURVE ( 'NONE', #23, #3502, #527, .T. ) ;
#128 =( BOUNDED_SURFACE ( )  B_SPLINE_SURFACE ( 3, 3, ( 
 ( #1262, #682, #1281, #2472, #3464 ),
 ( #2206, #413, #470, #186, #131 ),
 ( #3079, #3715, #1089, #449, #3158 ),
 ( #1656, #2268, #1920, #1028, #1296 ),
 ( #2509, #3406, #1936, #3117, #1315 ),
 ( #2806, #796, #3755, #722, #2527 ),
 ( #1901, #2245, #1360, #3734, #3445 ) ),
 .UNSPECIFIED., .T., .F., .F. ) 
 B_SPLINE_SURFACE_WITH_KNOTS ( ( 4, 3, 4 ),
 ( 4, 1, 4 ),
 ( 0.000000000000000000, 0.5000000000000000000, 1.000000000000000000 ),
 ( 0.8365719653596624950, 0.8926207305828646188, 0.9486694958060668537 ),
 .UNSPECIFIED. ) 
 GEOMETRIC_REPRESENTATION_ITEM ( )  RATIONAL_B_SPLINE_SURFACE ( (
 ( 1.000000000000000000, 1.000000000000000000, 1.000000000000000000, 1.000000000000000000, 1.000000000000000000),
 ( 0.3333333333333333703, 0.3333333333333334259, 0.3333333333333333148, 0.3333333333333334259, 0.3333333333333333703),
 ( 0.3333333333333333703, 0.3333333333333334259, 0.3333333333333333148, 0.3333333333333334259, 0.3333333333333333703),
 ( 1.000000000000000000, 1.000000000000000000, 1.000000000000000000, 1.000000000000000000, 1.000000000000000000),
 ( 0.3333333333333333703, 0.3333333333333334259, 0.3333333333333333148, 0.3333333333333334259, 0.3333333333333333703),
 ( 0.3333333333333333703, 0.3333333333333334259, 0.3333333333333333148, 0.3333333333333334259, 0.3333333333333333703),
 ( 1.000000000000000000, 1.000000000000000000, 1.000000000000000000, 1.000000000000000000, 1.000000000000000000) ) ) 
 REPRESENTATION_ITEM ( '' )  SURFACE ( )  );
#129 = ORIENTED_EDGE ( 'NONE', *, *, #195, .F. ) ;
#130 = CARTESIAN_POINT ( 'NONE',  ( -72.79999999999995453, 59.39799579344533242, -55.59999999999999432 ) ) ;
#131 = CARTESIAN_POINT ( 'NONE',  ( -199.4221373744026664, -56.71387147154671737, -60.00000000000000711 ) ) ;
#132 = CARTESIAN_POINT ( 'NONE',  ( -46.73045892162528503, -61.87803378633301321, -50.40000000000012648 ) ) ;
#133 = EDGE_LOOP ( 'NONE', ( #3297, #2433, #2691, #1130, #2033, #2413, #1287, #3683, #1435, #1603, #2102, #2795, #206, #2223, #3160, #1011, #2836, #260, #3722, #2946, #3082, #1382 ) ) ;
#134 = CARTESIAN_POINT ( 'NONE',  ( -118.6776177634430809, -64.08173957907560236, 45.59999999999973141 ) ) ;
#135 = CARTESIAN_POINT ( 'NONE',  ( -79.42653938456696494, 5.238381402552401589, 62.77779446381807560 ) ) ;
#136 = FACE_OUTER_BOUND ( 'NONE', #243, .T. ) ;
#137 = ORIENTED_EDGE ( 'NONE', *, *, #423, .T. ) ;
#138 = CARTESIAN_POINT ( 'NONE',  ( -24.32857469085904611, -62.00000000000001421, 53.00000000000000000 ) ) ;
#139 = CARTESIAN_POINT ( 'NONE',  ( -29.17134518084702322, -62.00000000000000711, 52.24249584285512071 ) ) ;
#140 = CARTESIAN_POINT ( 'NONE',  ( -117.6684282905204668, -101.0082511069644227, -45.60000000000147935 ) ) ;
#141 = CARTESIAN_POINT ( 'NONE',  ( -35.45029263507967698, -90.27957762531107733, 42.75473822481273345 ) ) ;
#142 = CARTESIAN_POINT ( 'NONE',  ( -40.09911658507759569, 119.5667055561308274, -59.99999999999999289 ) ) ;
#143 = PLANE ( 'NONE',  #2833 ) ;
#144 = CARTESIAN_POINT ( 'NONE',  ( -141.5000000000000000, 39.78896634268771493, 55.12504642230678087 ) ) ;
#145 = ORIENTED_EDGE ( 'NONE', *, *, #1636, .F. ) ;
#146 = CARTESIAN_POINT ( 'NONE',  ( -17.49999999999994671, 61.99999999999999289, -36.45786437626905752 ) ) ;
#147 = CYLINDRICAL_SURFACE ( 'NONE', #2638, 20.00000000000000000 ) ;
#148 = CARTESIAN_POINT ( 'NONE',  ( -37.13107300508584530, -63.96261259089770590, -42.75473822480745412 ) ) ;
#149 = EDGE_CURVE ( 'NONE', #634, #1215, #3086, .T. ) ;
#150 =( BOUNDED_CURVE ( )  B_SPLINE_CURVE ( 3, ( #2356, #2701, #1138, #2337 ),
 .UNSPECIFIED., .F., .F. ) 
 B_SPLINE_CURVE_WITH_KNOTS ( ( 4, 4 ),
 ( 4.677482395344799926, 4.712388980384687898 ),
 .UNSPECIFIED. ) 
 CURVE ( )  GEOMETRIC_REPRESENTATION_ITEM ( )  RATIONAL_B_SPLINE_CURVE ( ( 1.000000000000000000, 0.9998984634375941427, 0.9998984634375941427, 1.000000000000000000 ) ) 
 REPRESENTATION_ITEM ( '' )  );
#151 = ORIENTED_EDGE ( 'NONE', *, *, #1892, .F. ) ;
#152 = CARTESIAN_POINT ( 'NONE',  ( -124.6605347780048874, -176.2329490917507542, 36.14937136423164787 ) ) ;
#153 = FACE_OUTER_BOUND ( 'NONE', #2439, .T. ) ;
#154 = EDGE_CURVE ( 'NONE', #2392, #112, #2902, .T. ) ;
#155 = CARTESIAN_POINT ( 'NONE',  ( -122.2999999999999545, -30.99999999999999645, -36.92758970995156176 ) ) ;
#156 = ORIENTED_EDGE ( 'NONE', *, *, #1641, .F. ) ;
#157 = CARTESIAN_POINT ( 'NONE',  ( -36.98895025759207300, -62.08839632581342016, 47.71515347482867497 ) ) ;
#158 = CARTESIAN_POINT ( 'NONE',  ( -122.2999999999999545, -30.99999999999999645, -62.00000000000000000 ) ) ;
#159 =( GEOMETRIC_REPRESENTATION_CONTEXT ( 3 ) GLOBAL_UNCERTAINTY_ASSIGNED_CONTEXT ( ( #3252 ) ) GLOBAL_UNIT_ASSIGNED_CONTEXT ( ( #944, #1624, #1350 ) ) REPRESENTATION_CONTEXT ( 'NONE', 'WORKASPACE' ) );
#160 = CARTESIAN_POINT ( 'NONE',  ( -119.8524108059585274, -136.7574228483606191, -42.75473822481093578 ) ) ;
#161 = CARTESIAN_POINT ( 'NONE',  ( -57.83667127133368524, -102.6071194442701398, 56.70400000000490337 ) ) ;
#162 = CARTESIAN_POINT ( 'NONE',  ( -81.78113386238547378, -31.00000000000002842, 59.27002264499223116 ) ) ;
#163 = AXIS2_PLACEMENT_3D ( 'NONE', #1846, #3601, #3040 ) ;
#164 = CARTESIAN_POINT ( 'NONE',  ( -51.15391577023012815, 6.425622854479229318, 60.82477936489309656 ) ) ;
#165 = CARTESIAN_POINT ( 'NONE',  ( -141.5000000000000284, 40.20007763851446470, 54.94016452870650369 ) ) ;
#166 = EDGE_CURVE ( 'NONE', #320, #1701, #885, .T. ) ;
#167 = CARTESIAN_POINT ( 'NONE',  ( -17.49999999999994671, 61.99999999999998579, 52.00561989167004384 ) ) ;
#168 = LINE ( 'NONE', #3641, #1573 ) ;
#169 = FACE_OUTER_BOUND ( 'NONE', #3809, .T. ) ;
#170 = CARTESIAN_POINT ( 'NONE',  ( -59.56688870358128440, -64.79192025327955662, -56.70399999999996510 ) ) ;
#171 = EDGE_LOOP ( 'NONE', ( #1204, #2470, #1922, #3644, #3815, #3115, #46, #3790, #1303 ) ) ;
#172 = CARTESIAN_POINT ( 'NONE',  ( -126.5403986997196739, -103.6124783432504870, 36.14937136423263553 ) ) ;
#173 = CARTESIAN_POINT ( 'NONE',  ( -17.47660069125749160, 61.32993146820584940, -55.59999999999998721 ) ) ;
#174 = CARTESIAN_POINT ( 'NONE',  ( -17.49999999999994671, 51.99390455701178837, -40.60000000000000853 ) ) ;
#175 = EDGE_CURVE ( 'NONE', #775, #2924, #2004, .T. ) ;
#176 = VERTEX_POINT ( 'NONE', #3229 ) ;
#177 = CARTESIAN_POINT ( 'NONE',  ( -24.32857469085904611, -65.00000000000001421, 49.99999999999999289 ) ) ;
#178 = CARTESIAN_POINT ( 'NONE',  ( -50.81998754347822711, -48.66586822920072564, 60.83644039552631710 ) ) ;
#179 = CARTESIAN_POINT ( 'NONE',  ( -109.0236378992144495, -61.46774040863547128, -52.35702562807747285 ) ) ;
#180 = CARTESIAN_POINT ( 'NONE',  ( -31.45021009422058356, -61.97867698686248161, 36.14937136423370134 ) ) ;
#181 = CARTESIAN_POINT ( 'NONE',  ( -78.13746809974570340, -25.57437714552101937, 59.88249295392556348 ) ) ;
#182 = LINE ( 'NONE', #1355, #589 ) ;
#183 = CARTESIAN_POINT ( 'NONE',  ( -71.62711609597306506, -133.3619361542881450, 59.84493695669448954 ) ) ;
#184 = CARTESIAN_POINT ( 'NONE',  ( -22.49999999999992895, -62.16844057178681737, -18.65545425421548131 ) ) ;
#185 = CARTESIAN_POINT ( 'NONE',  ( -81.99923009832190246, -63.52472333158007700, -59.99999999999992895 ) ) ;
#186 = CARTESIAN_POINT ( 'NONE',  ( -199.2743447095754732, -51.50179901296814222, -60.00000000000000711 ) ) ;
#187 = CARTESIAN_POINT ( 'NONE',  ( -56.97156255518591195, -121.5147190397537571, -56.70400000000093854 ) ) ;
#188 = EDGE_LOOP ( 'NONE', ( #3717, #3578, #1947, #447 ) ) ;
#189 = CARTESIAN_POINT ( 'NONE',  ( -137.7981443703163791, -106.9170123466742126, -9.997633136097050510 ) ) ;
#190 = CARTESIAN_POINT ( 'NONE',  ( -122.2999999999999829, -4.740559840073209408, -17.42510164638614611 ) ) ;
#191 = CARTESIAN_POINT ( 'NONE',  ( -2.288463736401940007, 3.425622854479225765, 65.53302718437296903 ) ) ;
#192 = VERTEX_POINT ( 'NONE', #866 ) ;
#193 = CARTESIAN_POINT ( 'NONE',  ( -29.00721141483545296, -63.57936362954706766, 49.51373454022544252 ) ) ;
#194 = CARTESIAN_POINT ( 'NONE',  ( -18.60080459091812699, -58.00000000000001421, -15.96763448357468818 ) ) ;
#195 = EDGE_CURVE ( 'NONE', #3780, #2285, #544, .T. ) ;
#196 = CARTESIAN_POINT ( 'NONE',  ( -17.49999999999995737, 57.32797268566768878, 17.79238720338767266 ) ) ;
#197 = CARTESIAN_POINT ( 'NONE',  ( -133.5956814938765547, -105.6834455314666030, -24.08304498270241112 ) ) ;
#198 = CARTESIAN_POINT ( 'NONE',  ( -20.87358558568604039, -82.25259976284390007, 19.54082840237258978 ) ) ;
#199 = DIRECTION ( 'NONE',  ( 0.000000000000000000, 0.000000000000000000, -1.000000000000000000 ) ) ;
#200 = CARTESIAN_POINT ( 'NONE',  ( -22.49999999999994671, 28.51110117481832162, 52.78367529742111230 ) ) ;
#201 = CARTESIAN_POINT ( 'NONE',  ( -72.50842502955205759, -110.6864368251942068, 59.84493695669367241 ) ) ;
#202 = CARTESIAN_POINT ( 'NONE',  ( -22.49999999999995026, -70.28760892717781417, -20.54561624410596821 ) ) ;
#203 = CARTESIAN_POINT ( 'NONE',  ( -84.62608151892870012, -59.96895967449363951, -59.84493695669161184 ) ) ;
#204 = CARTESIAN_POINT ( 'NONE',  ( -39.82050807568870709, -82.00000000000001421, -40.60000000000000853 ) ) ;
#205 = CARTESIAN_POINT ( 'NONE',  ( -22.49999999999995381, -61.56458599506650842, 18.79333964694340864 ) ) ;
#206 = ORIENTED_EDGE ( 'NONE', *, *, #569, .F. ) ;
#207 = CARTESIAN_POINT ( 'NONE',  ( -138.8314228297465718, -64.38780529203114611, 9.997633136094473016 ) ) ;
#208 = CARTESIAN_POINT ( 'NONE',  ( -122.2999999999999403, -1.367288859046764227, -10.69172389294994829 ) ) ;
#209 = PLANE ( 'NONE',  #526 ) ;
#210 = CARTESIAN_POINT ( 'NONE',  ( -46.72001798445816689, -62.98895566028339488, 50.40000000000001990 ) ) ;
#211 = CARTESIAN_POINT ( 'NONE',  ( -19.20378472040522055, 33.15501120599981277, 49.99999999999984368 ) ) ;
#212 = ORIENTED_EDGE ( 'NONE', *, *, #1157, .F. ) ;
#213 = CARTESIAN_POINT ( 'NONE',  ( -30.91196336020453828, -63.09265481846617973, 49.14169520231460808 ) ) ;
#214 = DIRECTION ( 'NONE',  ( 0.7066760308408306379, -0.7071067811865515695, 0.02467767077833600553 ) ) ;
#215 = CARTESIAN_POINT ( 'NONE',  ( -130.1766128924794259, -58.67735608927384305, 32.38754325259495204 ) ) ;
#216 = AXIS2_PLACEMENT_3D ( 'NONE', #2266, #2301, #1378 ) ;
#217 = CARTESIAN_POINT ( 'NONE',  ( -18.64534609143246158, -71.94158431368882134, 5.000000000003547385 ) ) ;
#218 = CARTESIAN_POINT ( 'NONE',  ( -2.183765246294436579, 3.425622854479225765, 62.53485470331568763 ) ) ;
#219 = CARTESIAN_POINT ( 'NONE',  ( -68.73564603563266928, -63.32329594359363512, 59.09311614065302365 ) ) ;
#220 = VECTOR ( 'NONE', #3594, 1000.000000000000000 ) ;
#221 = EDGE_CURVE ( 'NONE', #2020, #3258, #2921, .T. ) ;
#222 = VECTOR ( 'NONE', #246, 1000.000000000000000 ) ;
#223 = ORIENTED_EDGE ( 'NONE', *, *, #1491, .T. ) ;
#224 = CARTESIAN_POINT ( 'NONE',  ( -22.49999999999994671, 0.000000000000000000, 0.000000000000000000 ) ) ;
#225 = CARTESIAN_POINT ( 'NONE',  ( -135.0991168955467856, 31.59999999999999076, 57.67799112485159441 ) ) ;
#226 = CARTESIAN_POINT ( 'NONE',  ( -22.49999999999996092, -61.69704431684876056, 18.76159765764897358 ) ) ;
#227 = VECTOR ( 'NONE', #1085, 1000.000000000000000 ) ;
#228 = ORIENTED_EDGE ( 'NONE', *, *, #491, .T. ) ;
#229 = CARTESIAN_POINT ( 'NONE',  ( -99.37636886232803590, -61.53128204615792640, 56.70400000000024221 ) ) ;
#230 = CYLINDRICAL_SURFACE ( 'NONE', #2061, 9.999999999999998224 ) ;
#231 = DIRECTION ( 'NONE',  ( 1.000000000000000000, -0.000000000000000000, 0.000000000000000000 ) ) ;
#232 = ORIENTED_EDGE ( 'NONE', *, *, #1612, .T. ) ;
#233 = LINE ( 'NONE', #3563, #3383 ) ;
#234 = CARTESIAN_POINT ( 'NONE',  ( -18.81973863597174557, -44.15128184334689365, -40.59999999999999432 ) ) ;
#235 = CARTESIAN_POINT ( 'NONE',  ( -134.5433951454807584, -67.56331899030229238, -24.08304498269926697 ) ) ;
#236 = CARTESIAN_POINT ( 'NONE',  ( -17.00348990276037497, -89.20543552854131519, 5.000000000009569234 ) ) ;
#237 = CARTESIAN_POINT ( 'NONE',  ( -79.42653938456690810, -22.70812273046766094, 62.77779446381808981 ) ) ;
#238 = CARTESIAN_POINT ( 'NONE',  ( -8.491086501036862799, 58.99999999999998579, 37.90999999999964842 ) ) ;
#239 = CARTESIAN_POINT ( 'NONE',  ( -141.4999999999999716, 57.66982458302326364, -51.99999999999996447 ) ) ;
#240 = CARTESIAN_POINT ( 'NONE',  ( -43.79999999999992610, -54.37074296034429466, 48.95147705125540227 ) ) ;
#241 = CARTESIAN_POINT ( 'NONE',  ( -79.47034971041435369, -60.11515251763957224, -59.99999999999964473 ) ) ;
#242 = EDGE_CURVE ( 'NONE', #2020, #2952, #9, .T. ) ;
#243 = EDGE_LOOP ( 'NONE', ( #1843, #2757, #3699, #741, #1163, #1804, #624 ) ) ;
#244 = CARTESIAN_POINT ( 'NONE',  ( -109.0073658462809476, -63.93488232121529080, 52.35702562807716731 ) ) ;
#245 = CARTESIAN_POINT ( 'NONE',  ( -17.49999999999994671, 52.00561989167001542, 62.00000000000000000 ) ) ;
#246 = DIRECTION ( 'NONE',  ( 0.000000000000000000, 0.000000000000000000, -1.000000000000000000 ) ) ;
#247 =( BOUNDED_CURVE ( )  B_SPLINE_CURVE ( 3, ( #2381, #3573, #906, #2088 ),
 .UNSPECIFIED., .F., .F. ) 
 B_SPLINE_CURVE_WITH_KNOTS ( ( 4, 4 ),
 ( 4.712388980384690562, 4.747295565424576758 ),
 .UNSPECIFIED. ) 
 CURVE ( )  GEOMETRIC_REPRESENTATION_ITEM ( )  RATIONAL_B_SPLINE_CURVE ( ( 1.000000000000000000, 0.9998984634375941427, 0.9998984634375941427, 1.000000000000000000 ) ) 
 REPRESENTATION_ITEM ( '' )  );
#248 = EDGE_LOOP ( 'NONE', ( #3303, #604, #1096, #356 ) ) ;
#249 = CARTESIAN_POINT ( 'NONE',  ( -92.24185621617260722, -93.54468118197942772, -58.49600000000133093 ) ) ;
#250 = CARTESIAN_POINT ( 'NONE',  ( -18.04875864791843298, -58.10750430729882510, -14.89236642265502653 ) ) ;
#251 = CARTESIAN_POINT ( 'NONE',  ( -138.8121788659978790, -58.43249115278540984, 9.997633136094638218 ) ) ;
#252 = CARTESIAN_POINT ( 'NONE',  ( -43.79999999999994742, -62.00000000000000000, 61.08158376236702480 ) ) ;
#253 = CARTESIAN_POINT ( 'NONE',  ( -36.29068282007559532, -77.12109510810422819, -42.75473822480875441 ) ) ;
#254 = CARTESIAN_POINT ( 'NONE',  ( -22.05356775521840618, -58.16352515734049433, 21.42207360516580650 ) ) ;
#255 = EDGE_CURVE ( 'NONE', #2786, #1538, #330, .T. ) ;
#256 = CARTESIAN_POINT ( 'NONE',  ( -22.49999999999994671, -62.00000000000001421, 50.00000000000000000 ) ) ;
#257 = CARTESIAN_POINT ( 'NONE',  ( -17.49999999999994671, -46.05589641718277250, -38.54625303038938000 ) ) ;
#258 = FACE_OUTER_BOUND ( 'NONE', #91, .T. ) ;
#259 = EDGE_CURVE ( 'NONE', #2966, #2752, #1451, .T. ) ;
#260 = ORIENTED_EDGE ( 'NONE', *, *, #108, .F. ) ;
#261 = CARTESIAN_POINT ( 'NONE',  ( -106.1707480339392191, -161.2862248108156109, 52.35702562807590255 ) ) ;
#262 = CARTESIAN_POINT ( 'NONE',  ( -78.68201886301032744, 59.86347682224502620, 24.00000000000025224 ) ) ;
#263 = DIRECTION ( 'NONE',  ( -0.9993908270190957621, -0.03489949670250104552, 0.000000000000000000 ) ) ;
#264 = EDGE_CURVE ( 'NONE', #2966, #3350, #1470, .T. ) ;
#265 = VERTEX_POINT ( 'NONE', #1726 ) ;
#266 = CARTESIAN_POINT ( 'NONE',  ( -99.37636886232881750, -61.53128204615768482, -56.70400000000032037 ) ) ;
#267 = CARTESIAN_POINT ( 'NONE',  ( -17.99142271076595634, -58.13743043760376850, -14.76179851608197247 ) ) ;
#268 = CARTESIAN_POINT ( 'NONE',  ( -129.1745147476305817, -104.3856816384739261, -32.38754325259582600 ) ) ;
#269 = DIRECTION ( 'NONE',  ( 0.000000000000000000, -0.000000000000000000, -1.000000000000000000 ) ) ;
#270 = CARTESIAN_POINT ( 'NONE',  ( -56.41939493334079714, -60.76877158497050857, -55.50814291124824962 ) ) ;
#271 = CARTESIAN_POINT ( 'NONE',  ( -22.49999999999994671, 58.99999999999998579, 56.99999999999916866 ) ) ;
#272 = CARTESIAN_POINT ( 'NONE',  ( -22.49999999999994671, -72.00000000000001421, -40.60000000000000853 ) ) ;
#273 = CARTESIAN_POINT ( 'NONE',  ( -51.66356703679226570, 59.80637240619346073, 8.000000000000000000 ) ) ;
#274 = FACE_OUTER_BOUND ( 'NONE', #1982, .T. ) ;
#275 = CARTESIAN_POINT ( 'NONE',  ( -71.62711609595356776, -133.3619361542891681, -59.84493695670084179 ) ) ;
#276 = EDGE_CURVE ( 'NONE', #2189, #446, #3480, .T. ) ;
#277 = AXIS2_PLACEMENT_3D ( 'NONE', #435, #1619, #2811 ) ;
#278 = ORIENTED_EDGE ( 'NONE', *, *, #2391, .F. ) ;
#279 = CARTESIAN_POINT ( 'NONE',  ( -108.9825378422779067, -59.27832258724429693, 52.35702562807701810 ) ) ;
#280 = DIRECTION ( 'NONE',  ( 0.000000000000000000, -0.000000000000000000, 1.000000000000000000 ) ) ;
#281 = CARTESIAN_POINT ( 'NONE',  ( -49.24656946597626472, 47.09149108367997627, 60.89138536552491843 ) ) ;
#282 = ORIENTED_EDGE ( 'NONE', *, *, #2994, .T. ) ;
#283 = CARTESIAN_POINT ( 'NONE',  ( -90.26575862080350987, -63.65026294742803969, -59.09311614065303075 ) ) ;
#284 = CARTESIAN_POINT ( 'NONE',  ( -18.19825057643103960, -58.04438108066219826, -15.56039259102467653 ) ) ;
#285 = CARTESIAN_POINT ( 'NONE',  ( -89.29052863540957219, -92.67836543535857174, 59.09311614065313023 ) ) ;
#286 = EDGE_CURVE ( 'NONE', #3662, #689, #2340, .T. ) ;
#287 = CARTESIAN_POINT ( 'NONE',  ( -127.4803306605770672, -67.30224296900034631, 36.14937136423313291 ) ) ;
#288 = EDGE_LOOP ( 'NONE', ( #3547, #939, #3630 ) ) ;
#289 = CARTESIAN_POINT ( 'NONE',  ( -21.49999999999994671, -59.00000000000001421, -40.60000000000000853 ) ) ;
#290 = CARTESIAN_POINT ( 'NONE',  ( -53.79604931325669526, -118.9477061512733087, -55.50814291125046651 ) ) ;
#291 = CARTESIAN_POINT ( 'NONE',  ( -22.49999999999993605, -60.58059006021699133, -19.32142185352461183 ) ) ;
#292 = LINE ( 'NONE', #2383, #3068 ) ;
#293 = CARTESIAN_POINT ( 'NONE',  ( -17.49999999999995381, -41.93974597973635099, 42.92594315110329006 ) ) ;
#294 = CARTESIAN_POINT ( 'NONE',  ( -77.52106046188606570, -46.08740875771894707, -60.00000000000000000 ) ) ;
#295 = ORIENTED_EDGE ( 'NONE', *, *, #1591, .T. ) ;
#296 = CARTESIAN_POINT ( 'NONE',  ( -82.01297374746823721, -61.64564586811861346, 60.00000000000022737 ) ) ;
#297 = DIRECTION ( 'NONE',  ( -0.03489949670250105246, 0.9993908270190956511, -0.000000000000000000 ) ) ;
#298 = CARTESIAN_POINT ( 'NONE',  ( -21.54500570662847281, 51.85264984513780462, -30.60000000000000853 ) ) ;
#299 = CARTESIAN_POINT ( 'NONE',  ( -28.76408652834722446, -61.55294894600532984, 32.38754325259493072 ) ) ;
#300 = ORIENTED_EDGE ( 'NONE', *, *, #1133, .T. ) ;
#301 = CARTESIAN_POINT ( 'NONE',  ( -81.96934528674734111, -60.04429249584591588, -59.99999999999960920 ) ) ;
#302 = FACE_OUTER_BOUND ( 'NONE', #288, .T. ) ;
#303 = LINE ( 'NONE', #3566, #2010 ) ;
#304 = CARTESIAN_POINT ( 'NONE',  ( -83.68694475089843365, -91.03352160700998752, 59.84493695669483060 ) ) ;
#305 = CARTESIAN_POINT ( 'NONE',  ( -99.36099986721799837, -63.78838780709713774, 56.70399999999987273 ) ) ;
#306 = ORIENTED_EDGE ( 'NONE', *, *, #1862, .T. ) ;
#307 = CARTESIAN_POINT ( 'NONE',  ( -17.49999999999994671, 50.77238316249558636, -32.02284292627840756 ) ) ;
#308 = CARTESIAN_POINT ( 'NONE',  ( -37.72059295225992059, -105.9526717983176667, -45.59999999999883613 ) ) ;
#309 = ADVANCED_FACE ( 'NONE', ( #601 ), #1764, .F. ) ;
#310 = LINE ( 'NONE', #1467, #3554 ) ;
#311 = DIRECTION ( 'NONE',  ( -0.000000000000000000, -0.000000000000000000, 1.000000000000000000 ) ) ;
#312 = B_SPLINE_CURVE_WITH_KNOTS ( 'NONE', 3,
 ( #1068, #1339, #1958, #2186, #1673, #2489, #2570, #1380, #3676, #1008, #3481, #2644, #3806, #2590, #2359, #3552, #1123, #3175, #3230, #2938, #2884, #3194 ),
 .UNSPECIFIED., .F., .F.,
 ( 4, 2, 2, 2, 2, 2, 2, 2, 2, 2, 4 ),
 ( 0.000000000000000000, 0.003971652094143471659, 0.007943304188286943318, 0.01191495628243041498, 0.01390078232950213953, 0.01588660837657385541, 0.01985826047071729758, 0.02382991256486074669, 0.02780156465900420273, 0.02978739070607593770, 0.03177321675314767613 ),
 .UNSPECIFIED. ) ;
#313 = CARTESIAN_POINT ( 'NONE',  ( -18.99098392798341806, -46.00000000000003553, 38.56746345742157445 ) ) ;
#314 = CARTESIAN_POINT ( 'NONE',  ( -77.52106046187604704, -46.08740875771894707, 60.00000000000000000 ) ) ;
#315 = ORIENTED_EDGE ( 'NONE', *, *, #83, .F. ) ;
#316 = CARTESIAN_POINT ( 'NONE',  ( -74.31461790189881356, -60.26134536078550497, 59.84493695669166868 ) ) ;
#317 = CARTESIAN_POINT ( 'NONE',  ( -122.2999999999999687, 0.2487261654357578178, 4.179253492202888332 ) ) ;
#318 = CARTESIAN_POINT ( 'NONE',  ( -18.08419755218423219, -58.09054478476888050, 14.97744098523101997 ) ) ;
#319 = CARTESIAN_POINT ( 'NONE',  ( -22.52217541762606956, -63.42261570061115350, -19.54082840236646135 ) ) ;
#320 = VERTEX_POINT ( 'NONE', #561 ) ;
#321 = CARTESIAN_POINT ( 'NONE',  ( -130.1974734143350361, -64.25668583966186986, -32.38754325259537836 ) ) ;
#322 = CARTESIAN_POINT ( 'NONE',  ( -43.79999999999994031, -61.12659959332454207, 48.23487465639797023 ) ) ;
#323 = CARTESIAN_POINT ( 'NONE',  ( -51.69846653349476640, 60.80576323321255927, 8.000000000000000000 ) ) ;
#324 = CARTESIAN_POINT ( 'NONE',  ( -128.2316774636296373, -141.3716466052650844, 32.38754325259515099 ) ) ;
#325 = VERTEX_POINT ( 'NONE', #1512 ) ;
#326 = CARTESIAN_POINT ( 'NONE',  ( 0.000000000000000000, -58.00000000000000711, 0.000000000000000000 ) ) ;
#327 = CARTESIAN_POINT ( 'NONE',  ( -24.38582304850503490, -62.02520649892011306, -24.08304498269893301 ) ) ;
#328 = CARTESIAN_POINT ( 'NONE',  ( -78.68201886301032744, 59.86347682224502620, -8.000000000000000000 ) ) ;
#329 = CARTESIAN_POINT ( 'NONE',  ( -140.8037082659834880, 57.69413962616586389, 27.71241481559301789 ) ) ;
#330 = LINE ( 'NONE', #1177, #2632 ) ;
#331 = DIRECTION ( 'NONE',  ( 1.000000000000000000, 0.000000000000000000, 0.000000000000000000 ) ) ;
#332 = CARTESIAN_POINT ( 'NONE',  ( -46.10200122890044838, -6.621766851906310869, -60.00000000000001421 ) ) ;
#333 = B_SPLINE_CURVE_WITH_KNOTS ( 'NONE', 3,
 ( #64, #1248, #399, #917, #2118, #2734, #960, #3341, #687, #2715, #2099, #631, #3320, #671, #380, #1811, #3646, #1229, #3005, #3664, #3373, #2436, #978, #344, #2156 ),
 .UNSPECIFIED., .F., .F.,
 ( 4, 2, 2, 2, 2, 2, 2, 2, 2, 1, 2, 2, 4 ),
 ( 0.000000000000000000, 0.001951727304894287007, 0.002927590957341430402, 0.003903454609788574014, 0.005855181914682868610, 0.006831045567130007885, 0.007806909219577146293, 0.009758636524471451731, 0.01073450017691861096, 0.01171036382936577018, 0.01268622748181292940, 0.01366209113426008863, 0.01561381843915440708 ),
 .UNSPECIFIED. ) ;
#334 = EDGE_CURVE ( 'NONE', #3704, #23, #29, .T. ) ;
#335 = VECTOR ( 'NONE', #199, 1000.000000000000000 ) ;
#336 = ORIENTED_EDGE ( 'NONE', *, *, #2857, .F. ) ;
#337 = CARTESIAN_POINT ( 'NONE',  ( -39.40825042350437002, -78.03620799614823511, 45.60000000000320597 ) ) ;
#338 = CARTESIAN_POINT ( 'NONE',  ( -17.98859788283478167, -58.14065501795673185, 15.00387101978174087 ) ) ;
#339 = CARTESIAN_POINT ( 'NONE',  ( -18.45690786841538866, -80.92180409880253933, 9.997633136100704476 ) ) ;
#340 = VECTOR ( 'NONE', #3639, 1000.000000000000000 ) ;
#341 = B_SPLINE_CURVE_WITH_KNOTS ( 'NONE', 3,
 ( #845, #3268, #2009, #577, #905, #291, #883, #1724 ),
 .UNSPECIFIED., .F., .F.,
 ( 4, 2, 2, 4 ),
 ( 0.001772370531444837898, 0.003197351463937130218, 0.003909841930183280065, 0.004622332396429429911 ),
 .UNSPECIFIED. ) ;
#342 = ORIENTED_EDGE ( 'NONE', *, *, #639, .T. ) ;
#343 = CARTESIAN_POINT ( 'NONE',  ( -121.7764831152675384, -58.91554513799383130, -42.75473822480739017 ) ) ;
#344 = CARTESIAN_POINT ( 'NONE',  ( -17.49999999999994316, 52.66555578791108871, 62.00000000000000000 ) ) ;
#345 = DIRECTION ( 'NONE',  ( -0.9993908270190958731, 0.000000000000000000, -0.03489949670250119124 ) ) ;
#346 = VECTOR ( 'NONE', #426, 1000.000000000000000 ) ;
#347 = CARTESIAN_POINT ( 'NONE',  ( -99.33436574756940729, -59.55190037640661416, 56.70399999999961693 ) ) ;
#348 = ORIENTED_EDGE ( 'NONE', *, *, #963, .F. ) ;
#349 = CARTESIAN_POINT ( 'NONE',  ( 40.19121870340892855, -68.64354755737709013, 60.00000000000003553 ) ) ;
#350 = CARTESIAN_POINT ( 'NONE',  ( -18.69889818970572648, -58.00000000000002132, 16.03429142410820774 ) ) ;
#351 = CARTESIAN_POINT ( 'NONE',  ( -22.05388267652888601, -58.16369735801737306, -21.42240215977573214 ) ) ;
#352 = PLANE ( 'NONE',  #829 ) ;
#353 = CARTESIAN_POINT ( 'NONE',  ( -195.7374733421694089, -25.18769437672059652, 59.99999999999998579 ) ) ;
#354 = CARTESIAN_POINT ( 'NONE',  ( -17.49999999999995737, 12.98011056882791259, 58.58301544816019657 ) ) ;
#355 = CARTESIAN_POINT ( 'NONE',  ( -9.648839940974044183, -119.8968908984346768, -59.99999999999999289 ) ) ;
#356 = ORIENTED_EDGE ( 'NONE', *, *, #3232, .F. ) ;
#357 = CARTESIAN_POINT ( 'NONE',  ( -44.09508619827645504, -111.1056675736232648, 50.40000000000858194 ) ) ;
#358 = CARTESIAN_POINT ( 'NONE',  ( -122.2999999999999545, 0.4647942268953044742, 2.038795536624764537 ) ) ;
#359 = CARTESIAN_POINT ( 'NONE',  ( -18.49999999999993250, -58.00000000000002132, 15.90491809182732830 ) ) ;
#360 = CARTESIAN_POINT ( 'NONE',  ( -24.37747373935668094, -62.64965066496765189, -24.08304498269866656 ) ) ;
#361 = EDGE_CURVE ( 'NONE', #3618, #1265, #1070, .T. ) ;
#362 = ORIENTED_EDGE ( 'NONE', *, *, #1628, .T. ) ;
#363 = CARTESIAN_POINT ( 'NONE',  ( -102.5473420195262690, -63.83677718465481377, -55.50814291124847699 ) ) ;
#364 = PLANE ( 'NONE',  #583 ) ;
#365 = CARTESIAN_POINT ( 'NONE',  ( -22.49999999999994671, -72.00000000000001421, 20.93274699105652914 ) ) ;
#366 = CARTESIAN_POINT ( 'NONE',  ( -90.28027615239101067, -61.59119336651515653, 59.09311614065339313 ) ) ;
#367 = ORIENTED_EDGE ( 'NONE', *, *, #3447, .F. ) ;
#368 = CARTESIAN_POINT ( 'NONE',  ( -19.67816696924091957, -57.99999999999998579, 17.34443766167995804 ) ) ;
#369 = FACE_OUTER_BOUND ( 'NONE', #2063, .T. ) ;
#370 = CARTESIAN_POINT ( 'NONE',  ( 9.359795811246449659, -113.8055985327525690, -59.99999999999999289 ) ) ;
#371 = CARTESIAN_POINT ( 'NONE',  ( -17.49999999999993605, -6.244173499317733800, 59.69306094581219213 ) ) ;
#372 = CARTESIAN_POINT ( 'NONE',  ( -75.53563748228104657, -39.32194659011334892, -60.00000000000000711 ) ) ;
#373 = EDGE_CURVE ( 'NONE', #2773, #1265, #292, .T. ) ;
#374 = ORIENTED_EDGE ( 'NONE', *, *, #2193, .T. ) ;
#375 = CARTESIAN_POINT ( 'NONE',  ( -54.25678674139491875, 3.425622854479225765, 63.71825335584291139 ) ) ;
#376 = CARTESIAN_POINT ( 'NONE',  ( -21.86795418280695102, -52.99999999999999289, 29.93318925073964465 ) ) ;
#377 = CARTESIAN_POINT ( 'NONE',  ( -28.86819339006444807, -98.79659275248189942, 36.14937136423756670 ) ) ;
#378 = ORIENTED_EDGE ( 'NONE', *, *, #3309, .T. ) ;
#379 = CARTESIAN_POINT ( 'NONE',  ( -131.7002541906681472, -181.9236986137952385, -24.08304498270869587 ) ) ;
#380 = CARTESIAN_POINT ( 'NONE',  ( -17.49999999999993605, 58.11272978458792693, 59.94568106553549569 ) ) ;
#381 = CARTESIAN_POINT ( 'NONE',  ( -0.2796562552463722762, 52.60743938428822730, 62.60134765447920557 ) ) ;
#382 = ADVANCED_FACE ( 'NONE', ( #907 ), #2394, .T. ) ;
#383 = ORIENTED_EDGE ( 'NONE', *, *, #3466, .T. ) ;
#384 = FACE_OUTER_BOUND ( 'NONE', #2478, .T. ) ;
#385 = CARTESIAN_POINT ( 'NONE',  ( -79.51421207425066484, -61.66210393598081652, -60.00000000000031974 ) ) ;
#386 = CARTESIAN_POINT ( 'NONE',  ( -8.491086501036862799, 58.99999999999998579, 56.99999999999916866 ) ) ;
#387 = CARTESIAN_POINT ( 'NONE',  ( -99.28376528342487006, -66.25999747927247085, -56.70400000000007168 ) ) ;
#388 = CARTESIAN_POINT ( 'NONE',  ( -63.98416934018928970, -20.45797934780360450, 60.00000000000000711 ) ) ;
#389 = CARTESIAN_POINT ( 'NONE',  ( -17.71334825677189428, -46.00000000000003553, 38.50841504505505952 ) ) ;
#390 = CARTESIAN_POINT ( 'NONE',  ( -141.4999999999999432, 56.85773022552570666, 34.85084287429073413 ) ) ;
#391 = ORIENTED_EDGE ( 'NONE', *, *, #1917, .T. ) ;
#392 = LINE ( 'NONE', #1881, #2823 ) ;
#393 = CARTESIAN_POINT ( 'NONE',  ( -18.01802158896073180, -58.12379748110924282, 14.96432422162809672 ) ) ;
#394 = CARTESIAN_POINT ( 'NONE',  ( -26.23988798844019499, -96.67193027218014834, -32.38754325259138511 ) ) ;
#395 = VECTOR ( 'NONE', #3732, 1000.000000000000114 ) ;
#396 = ORIENTED_EDGE ( 'NONE', *, *, #3703, .T. ) ;
#397 = CARTESIAN_POINT ( 'NONE',  ( -118.6947951103145158, -61.40404143190133368, -45.60000000000012932 ) ) ;
#398 = B_SPLINE_CURVE_WITH_KNOTS ( 'NONE', 3,
 ( #3652, #106, #3398, #2798, #2817, #3687, #2235, #1893, #693, #1039, #1910, #1059 ),
 .UNSPECIFIED., .F., .F.,
 ( 4, 2, 2, 2, 2, 4 ),
 ( 0.000000000000000000, 0.0004070273802858538235, 0.0006105410704287806811, 0.0007122979155002555482, 0.0007631763380359930359, 0.0008140547605717304153 ),
 .UNSPECIFIED. ) ;
#399 = CARTESIAN_POINT ( 'NONE',  ( -17.49999999999996092, 61.93536683768447659, 53.31448369371777574 ) ) ;
#400 = VECTOR ( 'NONE', #2885, 1000.000000000000114 ) ;
#401 = CARTESIAN_POINT ( 'NONE',  ( -99.12222906564245761, 29.16796414282319816, 59.14968895339615074 ) ) ;
#402 = AXIS2_PLACEMENT_3D ( 'NONE', #118, #3027, #1285 ) ;
#403 = ORIENTED_EDGE ( 'NONE', *, *, #1912, .F. ) ;
#404 = CARTESIAN_POINT ( 'NONE',  ( -74.35896283630981429, -61.69605893165486776, -59.84493695669239344 ) ) ;
#405 = EDGE_CURVE ( 'NONE', #2677, #2768, #2238, .T. ) ;
#406 = CARTESIAN_POINT ( 'NONE',  ( -17.49999999999994671, 33.15729685942604021, 49.99999999999986500 ) ) ;
#407 = CARTESIAN_POINT ( 'NONE',  ( -93.23541217422723548, -61.57172939373568710, -58.49600000000025091 ) ) ;
#408 = CARTESIAN_POINT ( 'NONE',  ( -13.97404113372461509, -0.07467300649677158231, -60.00000000000000000 ) ) ;
#409 = CARTESIAN_POINT ( 'NONE',  ( -17.49999999999994671, 61.99999999999998579, 62.00000000000000000 ) ) ;
#410 = CARTESIAN_POINT ( 'NONE',  ( -141.4999999999999432, 53.85570278470048322, 42.35461094448759667 ) ) ;
#411 = ORIENTED_EDGE ( 'NONE', *, *, #942, .T. ) ;
#412 = CARTESIAN_POINT ( 'NONE',  ( -78.68201886301032744, 59.86347682224502620, -8.000000000000000000 ) ) ;
#413 = CARTESIAN_POINT ( 'NONE',  ( -196.8332200749122762, -30.49166285340336557, -59.99999999999998579 ) ) ;
#414 = CARTESIAN_POINT ( 'NONE',  ( -31.44119950466660285, -62.75692391958949656, -36.14937136423313291 ) ) ;
#415 = ORIENTED_EDGE ( 'NONE', *, *, #2106, .F. ) ;
#416 = CARTESIAN_POINT ( 'NONE',  ( -121.8163856736250352, -61.38348110800983193, 42.75473822480775254 ) ) ;
#417 = CARTESIAN_POINT ( 'NONE',  ( -17.49999999999994671, 51.99999999999997868, 62.00000000000000000 ) ) ;
#418 = CARTESIAN_POINT ( 'NONE',  ( -13.01852079965836495, 52.16258843194621875, 62.15649670213719702 ) ) ;
#419 = EDGE_CURVE ( 'NONE', #2907, #3140, #770, .T. ) ;
#420 = ORIENTED_EDGE ( 'NONE', *, *, #1398, .T. ) ;
#421 = CARTESIAN_POINT ( 'NONE',  ( -79.42532699350323355, -65.52595886627602795, -60.00000000000001421 ) ) ;
#422 = CARTESIAN_POINT ( 'NONE',  ( -126.5403986997183949, -103.6124783432519649, -36.14937136423726116 ) ) ;
#423 = EDGE_CURVE ( 'NONE', #3197, #673, #2260, .T. ) ;
#424 = CARTESIAN_POINT ( 'NONE',  ( -37.13107300508644926, -63.96261259089769169, 42.75473822480800123 ) ) ;
#425 = CARTESIAN_POINT ( 'NONE',  ( -18.54817214581379048, -119.9875471423228532, -59.99999999999998579 ) ) ;
#426 = DIRECTION ( 'NONE',  ( -0.000000000000000000, -0.000000000000000000, -1.000000000000000000 ) ) ;
#427 = CARTESIAN_POINT ( 'NONE',  ( -46.10200122890044838, -6.621766851906310869, -60.00000000000001421 ) ) ;
#428 = EDGE_CURVE ( 'NONE', #1926, #12, #3190, .T. ) ;
#429 = ORIENTED_EDGE ( 'NONE', *, *, #405, .T. ) ;
#430 = LINE ( 'NONE', #1864, #3749 ) ;
#431 = CARTESIAN_POINT ( 'NONE',  ( -22.37422016078919640, -72.00000000000001421, 47.82759070764652165 ) ) ;
#432 = CARTESIAN_POINT ( 'NONE',  ( -37.16421630556072131, -61.31475989728526343, -42.75473822480732622 ) ) ;
#433 = ORIENTED_EDGE ( 'NONE', *, *, #619, .F. ) ;
#434 = CARTESIAN_POINT ( 'NONE',  ( -130.1173520316460781, -67.39971667168538261, 32.38754325259481703 ) ) ;
#435 = CARTESIAN_POINT ( 'NONE',  ( -81.13564058080298480, 0.000000000000000000, 59.77779446381808981 ) ) ;
#436 = EDGE_LOOP ( 'NONE', ( #915, #3371, #452, #1260, #2275, #2518, #342 ) ) ;
#437 = CARTESIAN_POINT ( 'NONE',  ( -141.4999999999999716, 31.60000000000000142, 57.41379771475583738 ) ) ;
#438 = CARTESIAN_POINT ( 'NONE',  ( -79.42653938456693652, 19.55936843942616932, 62.77779446381808981 ) ) ;
#439 = EDGE_CURVE ( 'NONE', #3173, #2924, #2899, .T. ) ;
#440 = CARTESIAN_POINT ( 'NONE',  ( -17.49999999999993960, 34.96496192449129126, 48.80064952951801160 ) ) ;
#441 = CARTESIAN_POINT ( 'NONE',  ( -90.43765209669200544, -148.5679468601639144, -58.49600000000393862 ) ) ;
#442 = CARTESIAN_POINT ( 'NONE',  ( -56.45406263690982485, -63.13678170636724474, 55.50814291124855515 ) ) ;
#443 = CARTESIAN_POINT ( 'NONE',  ( -22.49999999999994671, -62.00000000000001421, 53.00000000000000711 ) ) ;
#444 = DIRECTION ( 'NONE',  ( -0.03489949670250105246, 0.9993908270190956511, -0.000000000000000000 ) ) ;
#445 = PLANE ( 'NONE',  #1014 ) ;
#446 = VERTEX_POINT ( 'NONE', #443 ) ;
#447 = ORIENTED_EDGE ( 'NONE', *, *, #3092, .T. ) ;
#448 = CARTESIAN_POINT ( 'NONE',  ( -72.79999999999995453, 59.84270390354145519, -54.44822579197177248 ) ) ;
#449 = CARTESIAN_POINT ( 'NONE',  ( -199.2743447095792817, -51.50179901296480267, 59.99999999999997158 ) ) ;
#450 = CARTESIAN_POINT ( 'NONE',  ( -37.72059295225992059, -105.9526717983176667, -45.59999999999883613 ) ) ;
#451 = EDGE_CURVE ( 'NONE', #2773, #2176, #1474, .T. ) ;
#452 = ORIENTED_EDGE ( 'NONE', *, *, #1055, .T. ) ;
#453 = CARTESIAN_POINT ( 'NONE',  ( -136.3894839830011847, -58.50118763781889442, 19.54082840236675622 ) ) ;
#454 = DIRECTION ( 'NONE',  ( 0.000000000000000000, 0.000000000000000000, -1.000000000000000000 ) ) ;
#455 = LINE ( 'NONE', #2910, #3013 ) ;
#456 = VERTEX_POINT ( 'NONE', #2541 ) ;
#457 = CARTESIAN_POINT ( 'NONE',  ( -18.87899132296019289, -58.00000000000000000, -16.18844126104530545 ) ) ;
#458 = CARTESIAN_POINT ( 'NONE',  ( -22.49999999999994671, -53.00000000000001421, 50.00000000000000000 ) ) ;
#459 = VECTOR ( 'NONE', #1532, 1000.000000000000000 ) ;
#460 = CARTESIAN_POINT ( 'NONE',  ( -106.1707480339171639, -161.2862248108165488, -52.35702562807957605 ) ) ;
#461 = CARTESIAN_POINT ( 'NONE',  ( -19.46627418576850843, -63.30965870626258152, 5.000000000000537348 ) ) ;
#462 = CARTESIAN_POINT ( 'NONE',  ( -50.77498691722595936, -30.99999999999997513, 57.73069903194032548 ) ) ;
#463 = AXIS2_PLACEMENT_3D ( 'NONE', #3824, #2903, #1418 ) ;
#464 = CARTESIAN_POINT ( 'NONE',  ( -78.13746809974570340, 6.425622854479225765, 59.88249295392556348 ) ) ;
#465 = CARTESIAN_POINT ( 'NONE',  ( -84.57961109029704971, -65.71647956554572545, 59.84493695669196711 ) ) ;
#466 = AXIS2_PLACEMENT_3D ( 'NONE', #2448, #1823, #969 ) ;
#467 = ORIENTED_EDGE ( 'NONE', *, *, #2750, .T. ) ;
#468 = PRODUCT_DEFINITION ( 'UNKNOWN', '', #1708, #566 ) ;
#469 = LINE ( 'NONE', #776, #3626 ) ;
#470 = CARTESIAN_POINT ( 'NONE',  ( -198.5254042807654002, -41.09263180483732469, -60.00000000000001421 ) ) ;
#471 = CARTESIAN_POINT ( 'NONE',  ( -47.35798013412012608, -113.7433170334238071, -52.35702562808233296 ) ) ;
#472 = EDGE_CURVE ( 'NONE', #478, #728, #484, .T. ) ;
#473 = ORIENTED_EDGE ( 'NONE', *, *, #154, .F. ) ;
#474 = CARTESIAN_POINT ( 'NONE',  ( -121.7195809819206289, -67.08930514165433578, 42.75473822480736885 ) ) ;
#475 = CARTESIAN_POINT ( 'NONE',  ( -18.22210023672072410, -53.00000000000001421, 28.10549833112544604 ) ) ;
#476 = DIRECTION ( 'NONE',  ( -1.000000000000000000, 0.000000000000000000, -0.000000000000000000 ) ) ;
#477 = CARTESIAN_POINT ( 'NONE',  ( -20.86217685087863316, 33.11342527127877844, 49.99999999999984368 ) ) ;
#478 = VERTEX_POINT ( 'NONE', #3746 ) ;
#479 = CARTESIAN_POINT ( 'NONE',  ( -26.66977251129724635, -62.00000000000000711, 50.43016976921421701 ) ) ;
#480 = CARTESIAN_POINT ( 'NONE',  ( -20.63246129776755211, -57.99999999999999289, -18.95858604540053705 ) ) ;
#481 = CARTESIAN_POINT ( 'NONE',  ( -17.49999999999995737, 54.59388471066742454, 24.88254841239130499 ) ) ;
#482 = CARTESIAN_POINT ( 'NONE',  ( -136.5252382652805352, -185.8241063156957296, 4.999999999998220090 ) ) ;
#483 = CARTESIAN_POINT ( 'NONE',  ( -22.55121543782569304, -61.72911739746018611, 19.54082840236673846 ) ) ;
#484 = LINE ( 'NONE', #1395, #1388 ) ;
#485 = CARTESIAN_POINT ( 'NONE',  ( -19.16679169364906343, 18.72964453634669724, 56.99973667235575192 ) ) ;
#486 = CARTESIAN_POINT ( 'NONE',  ( -58.70177998745779746, -83.69951984877482687, 56.70400000000253726 ) ) ;
#487 = LINE ( 'NONE', #1973, #702 ) ;
#488 = CARTESIAN_POINT ( 'NONE',  ( -52.44298705505135416, 5.238381402552395372, 63.72008087478560157 ) ) ;
#489 = DIRECTION ( 'NONE',  ( 0.000000000000000000, 0.000000000000000000, 1.000000000000000000 ) ) ;
#490 = CARTESIAN_POINT ( 'NONE',  ( -73.38973396312428576, -88.01093749610060968, -59.84493695669495850 ) ) ;
#491 = EDGE_CURVE ( 'NONE', #265, #1517, #2860, .T. ) ;
#492 = VERTEX_POINT ( 'NONE', #1084 ) ;
#493 = CARTESIAN_POINT ( 'NONE',  ( -136.4280187812684346, -61.28724173798868691, 19.54082840236690544 ) ) ;
#494 = CARTESIAN_POINT ( 'NONE',  ( -102.1228479482039830, -1.574377145520777788, 59.04490503306554672 ) ) ;
#495 = DIRECTION ( 'NONE',  ( 0.000000000000000000, 0.000000000000000000, 1.000000000000000000 ) ) ;
#496 = CARTESIAN_POINT ( 'NONE',  ( -40.33362903818578360, -61.92016644006034198, 45.60000000000037090 ) ) ;
#497 = CARTESIAN_POINT ( 'NONE',  ( -24.06899984963124339, -70.33989097656758815, -24.44225166750957001 ) ) ;
#498 = EDGE_LOOP ( 'NONE', ( #3123, #2078, #1637, #2646 ) ) ;
#499 = DIRECTION ( 'NONE',  ( 0.000000000000000000, 0.000000000000000000, -1.000000000000000000 ) ) ;
#500 = EDGE_CURVE ( 'NONE', #1517, #839, #3674, .T. ) ;
#501 = CARTESIAN_POINT ( 'NONE',  ( -133.4794374983407295, -183.3619500502645110, -19.54082840237036933 ) ) ;
#502 = CARTESIAN_POINT ( 'NONE',  ( -19.54393191700897248, -62.05709756467405924, 5.000000000000208722 ) ) ;
#503 = CARTESIAN_POINT ( 'NONE',  ( -104.5845044589412396, -31.00000000000002842, 51.73494163039906368 ) ) ;
#504 = CARTESIAN_POINT ( 'NONE',  ( -72.79999999999995453, -63.98115810071546150, -62.00000000000000000 ) ) ;
#505 = CARTESIAN_POINT ( 'NONE',  ( -53.79604931327543937, -118.9477061512659901, 55.50814291125636402 ) ) ;
#506 = PLANE ( 'NONE',  #216 ) ;
#507 = CARTESIAN_POINT ( 'NONE',  ( -79.25440050823725358, -139.5276598968472967, -60.00000000000446931 ) ) ;
#508 = CARTESIAN_POINT ( 'NONE',  ( -17.49999999999995026, -54.30980149306822113, -25.49141357873371305 ) ) ;
#509 = CARTESIAN_POINT ( 'NONE',  ( -76.76436408401993106, -137.5147709221143373, -60.00000000000540012 ) ) ;
#510 = ORIENTED_EDGE ( 'NONE', *, *, #2848, .F. ) ;
#511 = CARTESIAN_POINT ( 'NONE',  ( -101.5574323795504057, -96.27912190342125598, 55.50814291125001887 ) ) ;
#512 = DIRECTION ( 'NONE',  ( 0.7066760308408309710, 0.02467767077833579042, 0.7071067811865511255 ) ) ;
#513 = FACE_OUTER_BOUND ( 'NONE', #3542, .T. ) ;
#514 = CARTESIAN_POINT ( 'NONE',  ( -37.72059295227933973, -105.9526717983102913, 45.60000000000892584 ) ) ;
#515 = CARTESIAN_POINT ( 'NONE',  ( -96.16419101245763557, -31.00000000000000000, -55.59999999999999432 ) ) ;
#516 = ORIENTED_EDGE ( 'NONE', *, *, #2505, .T. ) ;
#517 = CARTESIAN_POINT ( 'NONE',  ( -37.41312141560956661, -62.00000000000001421, 48.43030694993897356 ) ) ;
#518 = CARTESIAN_POINT ( 'NONE',  ( -17.49999999999993605, 55.64388929779503457, -22.43544715285131730 ) ) ;
#519 = CARTESIAN_POINT ( 'NONE',  ( -138.8314228297465718, -64.38780529203114611, 9.997633136094473016 ) ) ;
#520 = AXIS2_PLACEMENT_3D ( 'NONE', #1857, #3121, #454 ) ;
#521 = CARTESIAN_POINT ( 'NONE',  ( -19.53603584573013308, -62.57612617985067516, -4.999999999999547917 ) ) ;
#522 = EDGE_CURVE ( 'NONE', #1701, #3826, #1907, .T. ) ;
#523 = DIRECTION ( 'NONE',  ( -0.03489949670250105246, 0.9993908270190956511, -0.000000000000000000 ) ) ;
#524 = CARTESIAN_POINT ( 'NONE',  ( -51.69846653349476640, 60.80576323321255927, -8.000000000000000000 ) ) ;
#525 = VECTOR ( 'NONE', #2769, 1000.000000000000000 ) ;
#526 = AXIS2_PLACEMENT_3D ( 'NONE', #3181, #1640, #782 ) ;
#527 = LINE ( 'NONE', #2844, #3628 ) ;
#528 = CARTESIAN_POINT ( 'NONE',  ( -43.79999999999996874, -45.79378466916907797, 51.29558220594572049 ) ) ;
#529 = CARTESIAN_POINT ( 'NONE',  ( -68.74814799610972216, -61.73301450544650493, -59.09311614065331497 ) ) ;
#530 = ORIENTED_EDGE ( 'NONE', *, *, #2032, .F. ) ;
#531 = CARTESIAN_POINT ( 'NONE',  ( -98.37489872657434375, -95.34493925434276207, 56.70400000000102381 ) ) ;
#532 = CARTESIAN_POINT ( 'NONE',  ( -22.49999999999994671, 58.99999999999998579, 37.90999999999964842 ) ) ;
#533 = CARTESIAN_POINT ( 'NONE',  ( -24.32857469085904611, -65.00000000000001421, 50.00000000000000000 ) ) ;
#534 = CARTESIAN_POINT ( 'NONE',  ( -40.32378689299266483, -62.89181931194620745, 45.60000000000010800 ) ) ;
#535 = ORIENTED_EDGE ( 'NONE', *, *, #3560, .T. ) ;
#536 = CARTESIAN_POINT ( 'NONE',  ( -76.76436408401993106, -137.5147709221143373, -60.00000000000540012 ) ) ;
#537 = LINE ( 'NONE', #858, #3564 ) ;
#538 = CARTESIAN_POINT ( 'NONE',  ( -134.6426010999954030, -61.29900137304149865, -24.08304498269923144 ) ) ;
#539 = CYLINDRICAL_SURFACE ( 'NONE', #2380, 1.000000000000000888 ) ;
#540 = CARTESIAN_POINT ( 'NONE',  ( -22.52217541762606956, -63.42261570061115350, -19.54082840236646135 ) ) ;
#541 = CARTESIAN_POINT ( 'NONE',  ( -21.87954997855435835, -58.07266758342288426, 21.23318004882075272 ) ) ;
#542 = DIRECTION ( 'NONE',  ( -1.000000000000000000, 0.000000000000000000, 0.000000000000000000 ) ) ;
#543 = EDGE_CURVE ( 'NONE', #2786, #1999, #310, .T. ) ;
#544 = LINE ( 'NONE', #926, #2568 ) ;
#545 = CARTESIAN_POINT ( 'NONE',  ( -17.49999999999993960, -50.19425722787883615, -32.88681551580296514 ) ) ;
#546 = CARTESIAN_POINT ( 'NONE',  ( -122.2999999999999545, -30.99999999999999645, 36.92758970997186907 ) ) ;
#547 = EDGE_CURVE ( 'NONE', #711, #1367, #341, .T. ) ;
#548 = ORIENTED_EDGE ( 'NONE', *, *, #822, .F. ) ;
#549 = CARTESIAN_POINT ( 'NONE',  ( -109.4336419697986997, -163.9238742706104119, 50.40000000000323155 ) ) ;
#550 = CARTESIAN_POINT ( 'NONE',  ( -122.3000000000000540, -4.169262263194639218, -16.49316201553398642 ) ) ;
#551 = FACE_OUTER_BOUND ( 'NONE', #2666, .T. ) ;
#552 = CARTESIAN_POINT ( 'NONE',  ( -37.13107300508644926, -63.96261259089769169, 42.75473822480800123 ) ) ;
#553 = ORIENTED_EDGE ( 'NONE', *, *, #1892, .T. ) ;
#554 = CARTESIAN_POINT ( 'NONE',  ( -91.33975415643230633, -121.0563140210716710, -58.49600000000263833 ) ) ;
#555 = CARTESIAN_POINT ( 'NONE',  ( -18.32502889997112305, -58.01326531034162315, -15.75184058607678317 ) ) ;
#556 = CARTESIAN_POINT ( 'NONE',  ( -134.5433951454810142, -67.56331899030230659, 24.08304498269860972 ) ) ;
#557 = CARTESIAN_POINT ( 'NONE',  ( -79.47034971041482265, -60.11515251763993462, -60.00000000000000000 ) ) ;
#558 = CARTESIAN_POINT ( 'NONE',  ( -39.40825042349752039, -78.03620799615070780, -45.59999999999948983 ) ) ;
#559 = CARTESIAN_POINT ( 'NONE',  ( -22.17698256098240250, -58.25984999213302018, 21.51186332729145434 ) ) ;
#560 = EDGE_CURVE ( 'NONE', #2454, #1104, #708, .T. ) ;
#561 = CARTESIAN_POINT ( 'NONE',  ( -21.49999999999995381, -58.00000000000002842, -20.62547930684886310 ) ) ;
#562 = CARTESIAN_POINT ( 'NONE',  ( -139.8996542337147844, 31.60000000000000853, 57.47703026162101736 ) ) ;
#563 = CARTESIAN_POINT ( 'NONE',  ( -72.79999999999995453, 60.06888144710634236, -30.60000000000002274 ) ) ;
#564 = EDGE_LOOP ( 'NONE', ( #1880, #2777, #2984, #306 ) ) ;
#565 = CARTESIAN_POINT ( 'NONE',  ( -88.39168177028567186, -119.4328944311408236, 59.09311614065313023 ) ) ;
#566 = PRODUCT_DEFINITION_CONTEXT ( 'detailed design', #2824, 'design' ) ;
#567 = CARTESIAN_POINT ( 'NONE',  ( -122.3000000000000256, -13.30932090193236839, -27.05925120397617789 ) ) ;
#568 = CARTESIAN_POINT ( 'NONE',  ( -30.75455018542894692, -63.13060117129538895, 49.17510784940018453 ) ) ;
#569 = EDGE_CURVE ( 'NONE', #1313, #2924, #1589, .T. ) ;
#570 = VERTEX_POINT ( 'NONE', #271 ) ;
#571 = CARTESIAN_POINT ( 'NONE',  ( -81.03388074307389388, -90.25475643646682045, -60.00000000000152767 ) ) ;
#572 = LINE ( 'NONE', #1462, #3629 ) ;
#573 = CARTESIAN_POINT ( 'NONE',  ( -65.78078663702464723, -63.27842197832787718, 58.49600000000002353 ) ) ;
#574 = CARTESIAN_POINT ( 'NONE',  ( -127.5602051517693809, -64.21663497143219956, 36.14937136423316844 ) ) ;
#575 = CARTESIAN_POINT ( 'NONE',  ( -22.49999999999994671, 51.99999999999998579, 37.90999999999965553 ) ) ;
#576 = CARTESIAN_POINT ( 'NONE',  ( -37.13107300508584530, -63.96261259089770590, -42.75473822480745412 ) ) ;
#577 = CARTESIAN_POINT ( 'NONE',  ( -22.49999999999993250, -60.05574574953287481, -19.81093820909927317 ) ) ;
#578 = CARTESIAN_POINT ( 'NONE',  ( -43.79999999999994742, -62.00000000000000000, 61.08158376236702480 ) ) ;
#579 = VECTOR ( 'NONE', #512, 1000.000000000000000 ) ;
#580 = VECTOR ( 'NONE', #3720, 1000.000000000000000 ) ;
#581 = CARTESIAN_POINT ( 'NONE',  ( -122.2999999999999545, 31.60000000000000142, 58.26606225008043793 ) ) ;
#582 = CARTESIAN_POINT ( 'NONE',  ( -0.6157055277265182092, -117.7454323677502117, -60.00000000000001421 ) ) ;
#583 = AXIS2_PLACEMENT_3D ( 'NONE', #1944, #2834, #1013 ) ;
#584 = ORIENTED_EDGE ( 'NONE', *, *, #2008, .F. ) ;
#585 = CARTESIAN_POINT ( 'NONE',  ( -87.49283490516177153, -146.1874234269230897, 59.09311614065313023 ) ) ;
#586 = CARTESIAN_POINT ( 'NONE',  ( -122.2999999999998835, -4.100134444057801808, 16.35148902840921181 ) ) ;
#587 = CARTESIAN_POINT ( 'NONE',  ( -51.66356703679226570, 59.80637240619346073, -8.000000000000000000 ) ) ;
#588 = CARTESIAN_POINT ( 'NONE',  ( -17.00348990276484429, -89.20543552853484925, -4.999999999999357847 ) ) ;
#589 = VECTOR ( 'NONE', #2181, 1000.000000000000000 ) ;
#590 = EDGE_CURVE ( 'NONE', #1680, #929, #150, .T. ) ;
#591 = ORIENTED_EDGE ( 'NONE', *, *, #1415, .T. ) ;
#592 = CARTESIAN_POINT ( 'NONE',  ( -102.5213044874877966, -59.46153345030865722, -55.50814291124820699 ) ) ;
#593 = CARTESIAN_POINT ( 'NONE',  ( -22.49999999999986144, -60.97497593347183198, 19.05053195319285919 ) ) ;
#594 = CARTESIAN_POINT ( 'NONE',  ( -59.64040478921796051, -63.18517108392407522, 56.70399999999997220 ) ) ;
#595 = CARTESIAN_POINT ( 'NONE',  ( -99.73267885479270944, -156.0818356929494257, 55.50814291125328026 ) ) ;
#596 = VERTEX_POINT ( 'NONE', #3227 ) ;
#597 = CARTESIAN_POINT ( 'NONE',  ( -198.5254042807459314, -41.09263180484652622, 59.99999999999999289 ) ) ;
#598 = CARTESIAN_POINT ( 'NONE',  ( -34.60990245005510246, -103.4380601425172870, -42.75473822481136210 ) ) ;
#599 = CARTESIAN_POINT ( 'NONE',  ( -81.24033907091049400, 15.18298216736013373, 62.77596694487537832 ) ) ;
#600 = LINE ( 'NONE', #1489, #220 ) ;
#601 = FACE_OUTER_BOUND ( 'NONE', #1077, .T. ) ;
#602 = CYLINDRICAL_SURFACE ( 'NONE', #3636, 30.00000000000000000 ) ;
#603 = CARTESIAN_POINT ( 'NONE',  ( -187.8563431024983288, 4.611987970291813177, 59.99999999999996447 ) ) ;
#604 = ORIENTED_EDGE ( 'NONE', *, *, #2848, .T. ) ;
#605 = CARTESIAN_POINT ( 'NONE',  ( -56.46541484005870615, -61.81391460007424143, 55.50814291124892463 ) ) ;
#606 = CARTESIAN_POINT ( 'NONE',  ( -141.4999999999999716, -31.00000000000000000, -55.60000000000000142 ) ) ;
#607 = CARTESIAN_POINT ( 'NONE',  ( -17.56326800252159970, -58.63630897221349869, 12.66902691244771617 ) ) ;
#608 = CARTESIAN_POINT ( 'NONE',  ( -28.73330195536099652, -63.65220106086666618, 32.38754325259562705 ) ) ;
#609 = ORIENTED_EDGE ( 'NONE', *, *, #2391, .T. ) ;
#610 = CARTESIAN_POINT ( 'NONE',  ( -84.66946131219128802, -61.62814894030654500, -59.84493695669227264 ) ) ;
#611 = CARTESIAN_POINT ( 'NONE',  ( -81.24033907091049400, -18.33173645840167509, 62.77596694487537832 ) ) ;
#612 = FACE_OUTER_BOUND ( 'NONE', #2324, .T. ) ;
#613 = ADVANCED_BREP_SHAPE_REPRESENTATION ( 'Baffle', ( #1861, #2382 ), #105 ) ;
#614 = CARTESIAN_POINT ( 'NONE',  ( -120.7859958939464775, -101.9233639950089554, 42.75473822480728359 ) ) ;
#615 = ORIENTED_EDGE ( 'NONE', *, *, #1424, .T. ) ;
#616 = CARTESIAN_POINT ( 'NONE',  ( -79.16709278866829891, -54.86808968111181173, 60.00000000000000000 ) ) ;
#617 = CARTESIAN_POINT ( 'NONE',  ( -56.46541484005936695, -61.81391460007441907, -55.50814291124874700 ) ) ;
#618 = CARTESIAN_POINT ( 'NONE',  ( -17.49999999999994671, -53.70770757721698629, 26.73888424879514858 ) ) ;
#619 = EDGE_CURVE ( 'NONE', #1631, #85, #2905, .T. ) ;
#620 = CARTESIAN_POINT ( 'NONE',  ( -141.1518541329917298, 57.68198210459456021, 27.70025729402171422 ) ) ;
#621 = CARTESIAN_POINT ( 'NONE',  ( -54.25678674139491875, 3.425622854479225765, 63.71825335584291139 ) ) ;
#622 = CARTESIAN_POINT ( 'NONE',  ( -17.49999999999993250, 13.71241290877883046, 58.41582070571070773 ) ) ;
#623 = CARTESIAN_POINT ( 'NONE',  ( -55.68217797577246841, -12.71270627532834929, -59.99999999999999289 ) ) ;
#624 = ORIENTED_EDGE ( 'NONE', *, *, #3164, .T. ) ;
#625 = CARTESIAN_POINT ( 'NONE',  ( -63.96294928461243501, -105.9806864525978938, 58.49600000000326361 ) ) ;
#626 = CARTESIAN_POINT ( 'NONE',  ( -122.3000000000000114, -1.347794647756819675, 10.48719562874011402 ) ) ;
#627 = CARTESIAN_POINT ( 'NONE',  ( -17.99305908734608650, -58.13644793990049919, 14.76555863506660415 ) ) ;
#628 = CARTESIAN_POINT ( 'NONE',  ( -20.87358558568173095, -82.25259976284743857, -19.54082840236629792 ) ) ;
#629 = ORIENTED_EDGE ( 'NONE', *, *, #3560, .F. ) ;
#630 = CARTESIAN_POINT ( 'NONE',  ( -109.4336419697829825, -163.9238742706035055, -50.40000000000648583 ) ) ;
#631 = CARTESIAN_POINT ( 'NONE',  ( -17.49999999999992895, 59.52614966277526065, 58.59810783713249549 ) ) ;
#632 = CARTESIAN_POINT ( 'NONE',  ( -17.49999999999994671, 18.72964453634669724, 56.99999999999916866 ) ) ;
#633 = CARTESIAN_POINT ( 'NONE',  ( -112.2029425283986086, -66.73753628708350050, 50.39999999999979963 ) ) ;
#634 = VERTEX_POINT ( 'NONE', #3533 ) ;
#635 = CARTESIAN_POINT ( 'NONE',  ( 40.48143795357433561, -63.51643356373295290, 60.00000000000002842 ) ) ;
#636 = CARTESIAN_POINT ( 'NONE',  ( -27.90216396638705376, -74.65877746463787901, -32.38754325259367306 ) ) ;
#637 = CARTESIAN_POINT ( 'NONE',  ( -22.39545077654358707, -58.54776173019781282, -21.51578886901244658 ) ) ;
#638 = CARTESIAN_POINT ( 'NONE',  ( -51.66356703679226570, 59.80637240619346073, -8.000000000000000000 ) ) ;
#639 = EDGE_CURVE ( 'NONE', #3425, #2652, #2641, .T. ) ;
#640 =( BOUNDED_CURVE ( )  B_SPLINE_CURVE ( 3, ( #1369, #2895, #3432, #764, #2536, #1928, #1984, #2600, #3186, #234, #2257 ),
 .UNSPECIFIED., .F., .F. ) 
 B_SPLINE_CURVE_WITH_KNOTS ( ( 4, 1, 1, 1, 1, 1, 1, 1, 4 ),
 ( 2.860979249076398407E-17, 0.003129630855226125594, 0.006259261710452222564, 0.009388892565678319535, 0.01251852342090441390, 0.01564815427613050827, 0.01877778513135660785, 0.02190741598658270395, 0.02420225178761859289 ),
 .UNSPECIFIED. ) 
 CURVE ( )  GEOMETRIC_REPRESENTATION_ITEM ( )  RATIONAL_B_SPLINE_CURVE ( ( 0.5759408221875070844, 0.5759408221875070844, 0.5759408221875070844, 0.5759408221875070844, 0.5759408221875069733, 0.5759408221875069733, 0.5759408221875069733, 0.5759408221875070844, 0.5759408221875070844, 0.5759408221875070844, 0.5759408221875070844 ) ) 
 REPRESENTATION_ITEM ( '' )  );
#641 = CARTESIAN_POINT ( 'NONE',  ( 9.359795811176397251, -113.8055985327869450, 60.00000000000001421 ) ) ;
#642 = CARTESIAN_POINT ( 'NONE',  ( -17.49999999999994671, -1.781077635749441557, 59.99205485505290625 ) ) ;
#643 = CARTESIAN_POINT ( 'NONE',  ( -70.68066756288415320, -29.48790767680116787, 60.00000000000000711 ) ) ;
#644 = ORIENTED_EDGE ( 'NONE', *, *, #668, .F. ) ;
#645 = CARTESIAN_POINT ( 'NONE',  ( -66.03589326292153316, -128.8421184173095639, 59.09311614065983065 ) ) ;
#646 = CARTESIAN_POINT ( 'NONE',  ( -78.64711936630781963, 58.86408599522593477, 8.000000000000000000 ) ) ;
#647 = CARTESIAN_POINT ( 'NONE',  ( -19.77353372520141050, -53.00000000000001421, 28.69107930501386861 ) ) ;
#648 = CARTESIAN_POINT ( 'NONE',  ( -22.59222318677058539, -62.62253896167432998, -19.54082840236646845 ) ) ;
#649 = VECTOR ( 'NONE', #3125, 1000.000000000000000 ) ;
#650 = VERTEX_POINT ( 'NONE', #2992 ) ;
#651 = CARTESIAN_POINT ( 'NONE',  ( -130.1173520316456518, -67.39971667168536840, -32.38754325259541389 ) ) ;
#652 = AXIS2_PLACEMENT_3D ( 'NONE', #3649, #965, #1566 ) ;
#653 = FACE_OUTER_BOUND ( 'NONE', #2233, .T. ) ;
#654 = CARTESIAN_POINT ( 'NONE',  ( -4.751854132991698343, 62.44517506326894818, 52.45126679307801965 ) ) ;
#655 = CARTESIAN_POINT ( 'NONE',  ( -130.2157292083423101, -61.32815891887351256, 32.38754325259525757 ) ) ;
#656 = ORIENTED_EDGE ( 'NONE', *, *, #3309, .F. ) ;
#657 = FACE_OUTER_BOUND ( 'NONE', #2204, .T. ) ;
#658 = CARTESIAN_POINT ( 'NONE',  ( -78.53833935700879465, -89.52222955155546913, -60.00000000000181188 ) ) ;
#659 = CARTESIAN_POINT ( 'NONE',  ( -8.491086501036862799, -62.00000000000001421, 57.00000000000000000 ) ) ;
#660 = CARTESIAN_POINT ( 'NONE',  ( -9.648839940974044183, -119.8968908984346768, -59.99999999999999289 ) ) ;
#661 = CARTESIAN_POINT ( 'NONE',  ( -17.49999999999994671, -62.00000000000001421, 62.00000000000000000 ) ) ;
#662 = CARTESIAN_POINT ( 'NONE',  ( 39.29980196164922290, -73.74153775340475647, -59.99999999999999289 ) ) ;
#663 = ORIENTED_EDGE ( 'NONE', *, *, #543, .F. ) ;
#664 = CARTESIAN_POINT ( 'NONE',  ( -37.16421630555979760, -61.31475989728524212, 42.75473822480737596 ) ) ;
#665 = DIRECTION ( 'NONE',  ( 1.000000000000000000, 0.000000000000000000, -0.000000000000000000 ) ) ;
#666 = CARTESIAN_POINT ( 'NONE',  ( -72.79999999999995453, 59.39799579344533242, -55.59999999999999432 ) ) ;
#667 = CARTESIAN_POINT ( 'NONE',  ( -19.53603584573031426, -62.57612617985058989, 5.000000000000281553 ) ) ;
#668 = EDGE_CURVE ( 'NONE', #3097, #1631, #2974, .T. ) ;
#669 = ORIENTED_EDGE ( 'NONE', *, *, #255, .F. ) ;
#670 = CARTESIAN_POINT ( 'NONE',  ( -118.6776177634432372, -64.08173957907538920, -45.60000000000006537 ) ) ;
#671 = CARTESIAN_POINT ( 'NONE',  ( -17.49999999999994316, 58.61544367761737107, 59.53197336423861685 ) ) ;
#672 = CARTESIAN_POINT ( 'NONE',  ( -58.48518746632493048, 50.57485744572144171, 60.56876571591238445 ) ) ;
#673 = VERTEX_POINT ( 'NONE', #328 ) ;
#674 = CARTESIAN_POINT ( 'NONE',  ( -79.16709278868789568, -54.86808968111181173, -60.00000000000000000 ) ) ;
#675 = CARTESIAN_POINT ( 'NONE',  ( -76.76436408401993106, -137.5147709221143373, -60.00000000000540012 ) ) ;
#676 = PLANE ( 'NONE',  #520 ) ;
#677 = CARTESIAN_POINT ( 'NONE',  ( -9.648839940999192066, -119.8968908984372490, 60.00000000000001421 ) ) ;
#678 = LINE ( 'NONE', #908, #3386 ) ;
#679 = LINE ( 'NONE', #3366, #340 ) ;
#680 = VERTEX_POINT ( 'NONE', #1488 ) ;
#681 = CARTESIAN_POINT ( 'NONE',  ( -17.49999999999994671, 51.99390455701178837, -40.60000000000000853 ) ) ;
#682 = CARTESIAN_POINT ( 'NONE',  ( -78.59283282688627992, -51.27474891500789766, -60.00000000000000711 ) ) ;
#683 = CARTESIAN_POINT ( 'NONE',  ( -49.06694389960071589, -80.87136540282241981, -52.35702562807890104 ) ) ;
#684 = EDGE_CURVE ( 'NONE', #703, #2971, #2680, .T. ) ;
#685 = ORIENTED_EDGE ( 'NONE', *, *, #3491, .F. ) ;
#686 = CARTESIAN_POINT ( 'NONE',  ( -132.6479678422723509, -143.8035720726309137, -24.08304498270555527 ) ) ;
#687 = CARTESIAN_POINT ( 'NONE',  ( -17.49999999999995381, 60.68279173271693594, 57.00951841404808818 ) ) ;
#688 = CARTESIAN_POINT ( 'NONE',  ( -167.5174105504960664, 56.76127658641718199, 26.77955177584431823 ) ) ;
#689 = VERTEX_POINT ( 'NONE', #983 ) ;
#690 = CARTESIAN_POINT ( 'NONE',  ( 40.19121870338957336, -68.64354755738644087, -60.00000000000001421 ) ) ;
#691 = CARTESIAN_POINT ( 'NONE',  ( -66.03589326290573069, -128.8421184173060965, -59.09311614065263996 ) ) ;
#692 = DIRECTION ( 'NONE',  ( -0.7066760308408381874, -0.02467767077833618594, -0.7071067811865437980 ) ) ;
#693 = CARTESIAN_POINT ( 'NONE',  ( -22.49999999999996803, -61.66379610129619948, -18.76888067888467759 ) ) ;
#694 = CARTESIAN_POINT ( 'NONE',  ( -108.0097348144157934, -98.17309370029236959, -52.35702562807810523 ) ) ;
#695 = CARTESIAN_POINT ( 'NONE',  ( -18.40664145373522942, -119.9927786219668349, 60.00000000000001421 ) ) ;
#696 = CARTESIAN_POINT ( 'NONE',  ( -17.49999999999994671, -72.00000000000001421, -40.60000000000000853 ) ) ;
#697 = CARTESIAN_POINT ( 'NONE',  ( -78.21883569025744976, -49.46461606506705522, -60.00000000000000000 ) ) ;
#698 = ORIENTED_EDGE ( 'NONE', *, *, #1351, .F. ) ;
#699 = CARTESIAN_POINT ( 'NONE',  ( -17.49999999999994671, -59.00000000000001421, 10.84836271680126529 ) ) ;
#700 = CARTESIAN_POINT ( 'NONE',  ( -18.06028562566316609, -58.10184086646749790, 14.99795244607533640 ) ) ;
#701 = CARTESIAN_POINT ( 'NONE',  ( -28.86819339004674134, -98.79659275248179995, -36.14937136423413477 ) ) ;
#702 = VECTOR ( 'NONE', #1087, 1000.000000000000000 ) ;
#703 = VERTEX_POINT ( 'NONE', #2161 ) ;
#704 = CARTESIAN_POINT ( 'NONE',  ( -136.8457955726309763, -146.1151963748642402, 9.997633136090259498 ) ) ;
#705 = CARTESIAN_POINT ( 'NONE',  ( -78.13746809974570340, 6.425622854479229318, 59.88249295392556348 ) ) ;
#706 = VECTOR ( 'NONE', #2444, 1000.000000000000000 ) ;
#707 = CARTESIAN_POINT ( 'NONE',  ( -0.6278021222546154023, 62.58919013290788769, 62.58919013290789479 ) ) ;
#708 = B_SPLINE_CURVE_WITH_KNOTS ( 'NONE', 3,
 ( #2379, #6, #2026, #1431 ),
 .UNSPECIFIED., .F., .F.,
 ( 4, 4 ),
 ( 0.000000000000000000, 0.0008736469027575689524 ),
 .UNSPECIFIED. ) ;
#709 = EDGE_CURVE ( 'NONE', #2507, #3826, #3147, .T. ) ;
#710 = VECTOR ( 'NONE', #903, 1000.000000000000227 ) ;
#711 = VERTEX_POINT ( 'NONE', #49 ) ;
#712 = CARTESIAN_POINT ( 'NONE',  ( 39.64755442112624451, -72.05783497662588388, 60.00000000000000711 ) ) ;
#713 = CARTESIAN_POINT ( 'NONE',  ( -65.78078663702510198, -63.27842197832779192, -58.49599999999971800 ) ) ;
#714 = VECTOR ( 'NONE', #3171, 1000.000000000000000 ) ;
#715 = CARTESIAN_POINT ( 'NONE',  ( -17.49999999999995026, 53.20116913736292474, 27.79975735322893371 ) ) ;
#716 = SURFACE_STYLE_FILL_AREA ( #3380 ) ;
#717 = CARTESIAN_POINT ( 'NONE',  ( -97.46603216970679284, -124.4298810294064168, -56.70400000000350360 ) ) ;
#718 = CARTESIAN_POINT ( 'NONE',  ( -18.75652737341607690, 120.1840550324573513, 59.99999999999998579 ) ) ;
#719 = CARTESIAN_POINT ( 'NONE',  ( -17.49999999999994316, -46.00000000000002842, 38.51209259248404493 ) ) ;
#720 = CARTESIAN_POINT ( 'NONE',  ( -141.5000000000000284, 55.06296665326134843, 39.92892478985440619 ) ) ;
#721 = ORIENTED_EDGE ( 'NONE', *, *, #60, .F. ) ;
#722 = CARTESIAN_POINT ( 'NONE',  ( 40.42943360687582555, -65.35021398252604286, -60.00000000000000711 ) ) ;
#723 = CARTESIAN_POINT ( 'NONE',  ( -40.33362903818620993, -61.92016644006050541, -45.60000000000008669 ) ) ;
#724 = ORIENTED_EDGE ( 'NONE', *, *, #1254, .T. ) ;
#725 = CARTESIAN_POINT ( 'NONE',  ( -136.8457955726283330, -146.1151963748649223, -9.997633136099093321 ) ) ;
#726 = ADVANCED_FACE ( 'NONE', ( #3362 ), #2422, .F. ) ;
#727 = FACE_OUTER_BOUND ( 'NONE', #3284, .T. ) ;
#728 = VERTEX_POINT ( 'NONE', #1568 ) ;
#729 = CARTESIAN_POINT ( 'NONE',  ( -39.82050807568870709, -62.00000000000001421, 47.00000000000000000 ) ) ;
#730 = CARTESIAN_POINT ( 'NONE',  ( -76.92703312651426018, -65.43361302627543807, -59.99999999999997868 ) ) ;
#731 = CARTESIAN_POINT ( 'NONE',  ( -127.4803306605767688, -67.30224296900034631, -36.14937136423366582 ) ) ;
#732 = CARTESIAN_POINT ( 'NONE',  ( -59.65205528617163111, -61.79292582580409032, 56.70400000000032037 ) ) ;
#733 = EDGE_CURVE ( 'NONE', #3520, #1999, #2443, .T. ) ;
#734 = CARTESIAN_POINT ( 'NONE',  ( -109.1908870525149808, -31.00000000000001776, 49.00705263386529253 ) ) ;
#735 = CARTESIAN_POINT ( 'NONE',  ( -17.49999999999994671, -62.00000000000001421, 56.99999999999916866 ) ) ;
#736 = CARTESIAN_POINT ( 'NONE',  ( -141.5000000000000568, 55.58774311550902780, 38.67956900026223366 ) ) ;
#737 = ORIENTED_EDGE ( 'NONE', *, *, #2929, .F. ) ;
#738 = FACE_OUTER_BOUND ( 'NONE', #498, .T. ) ;
#739 = CARTESIAN_POINT ( 'NONE',  ( -21.73382829537247929, -72.00000000000001421, 48.89631099893521338 ) ) ;
#740 = CARTESIAN_POINT ( 'NONE',  ( -46.64771145860797219, -64.31438144546856961, -50.39999999999980673 ) ) ;
#741 = ORIENTED_EDGE ( 'NONE', *, *, #1729, .F. ) ;
#742 = CARTESIAN_POINT ( 'NONE',  ( -135.8934467749442376, -185.3133804030546230, 9.997633136088238004 ) ) ;
#743 = DIRECTION ( 'NONE',  ( 1.000000000000000000, 0.000000000000000000, 0.000000000000000000 ) ) ;
#744 = ORIENTED_EDGE ( 'NONE', *, *, #127, .F. ) ;
#745 = CARTESIAN_POINT ( 'NONE',  ( -78.68201886301032744, 59.86347682224502620, 24.00000000000025224 ) ) ;
#746 = DIRECTION ( 'NONE',  ( 0.000000000000000000, 0.000000000000000000, -1.000000000000000000 ) ) ;
#747 = CARTESIAN_POINT ( 'NONE',  ( -81.90161207208817018, -141.6676056899355558, -59.84493695669585378 ) ) ;
#748 = CARTESIAN_POINT ( 'NONE',  ( -28.73330195536099652, -63.65220106086666618, 32.38754325259562705 ) ) ;
#749 = CARTESIAN_POINT ( 'NONE',  ( -116.1469971822709937, -30.99999999999998224, 43.43333835070475146 ) ) ;
#750 = DIRECTION ( 'NONE',  ( 0.000000000000000000, 0.000000000000000000, 1.000000000000000000 ) ) ;
#751 = DIRECTION ( 'NONE',  ( 0.9993908270190956511, 0.03489949670250119818, -0.000000000000000000 ) ) ;
#752 = EDGE_CURVE ( 'NONE', #3763, #680, #3050, .T. ) ;
#753 = ORIENTED_EDGE ( 'NONE', *, *, #1612, .F. ) ;
#754 = CARTESIAN_POINT ( 'NONE',  ( -145.6738724882448537, -31.00000000000000000, 57.52406974397333528 ) ) ;
#755 = DIRECTION ( 'NONE',  ( -1.000000000000000000, 0.000000000000000000, 0.000000000000000000 ) ) ;
#756 = CARTESIAN_POINT ( 'NONE',  ( -22.49999999999994316, -72.00000000000002842, 47.21185511533582257 ) ) ;
#757 = CARTESIAN_POINT ( 'NONE',  ( -57.83667127131770513, -102.6071194442623664, -56.70400000000061169 ) ) ;
#758 = ORIENTED_EDGE ( 'NONE', *, *, #1509, .T. ) ;
#759 = CARTESIAN_POINT ( 'NONE',  ( -125.6004667388622664, -139.9227137175006135, 36.14937136423214525 ) ) ;
#760 = CARTESIAN_POINT ( 'NONE',  ( -22.45577631542242969, -58.69529821010748805, -21.42737824691524295 ) ) ;
#761 = CARTESIAN_POINT ( 'NONE',  ( -81.13564058080298480, -18.58450097317918903, 62.77779446381808981 ) ) ;
#762 = EDGE_LOOP ( 'NONE', ( #1557, #856, #2718, #2158 ) ) ;
#763 = AXIS2_PLACEMENT_3D ( 'NONE', #1963, #2595, #2611 ) ;
#764 = CARTESIAN_POINT ( 'NONE',  ( -32.79490294531030514, -52.66284759300479124, -40.60000000000001563 ) ) ;
#765 = CARTESIAN_POINT ( 'NONE',  ( -17.49999999999995381, 58.90755294828483102, 11.52246423891752158 ) ) ;
#766 = CARTESIAN_POINT ( 'NONE',  ( -22.49999999999994671, 18.72964453634669724, 56.99999999999916866 ) ) ;
#767 = VECTOR ( 'NONE', #743, 1000.000000000000000 ) ;
#768 = CARTESIAN_POINT ( 'NONE',  ( -90.28027615239163595, -61.59119336651521337, -59.09311614065332208 ) ) ;
#769 = CARTESIAN_POINT ( 'NONE',  ( -22.55121543782608740, -61.72911739746023585, -19.54082840236673491 ) ) ;
#770 = LINE ( 'NONE', #1953, #950 ) ;
#771 = VECTOR ( 'NONE', #1629, 1000.000000000000000 ) ;
#772 = CARTESIAN_POINT ( 'NONE',  ( -72.79999999999998295, 10.39663589928150600, -52.48208326202771445 ) ) ;
#773 = CARTESIAN_POINT ( 'NONE',  ( -81.92362086049254799, -65.61830470627658940, 59.99999999999999289 ) ) ;
#774 = ORIENTED_EDGE ( 'NONE', *, *, #547, .T. ) ;
#775 = VERTEX_POINT ( 'NONE', #475 ) ;
#776 = CARTESIAN_POINT ( 'NONE',  ( -51.15391577023012815, 6.425622854479225765, 60.82477936489308945 ) ) ;
#777 = CARTESIAN_POINT ( 'NONE',  ( -22.11079808242864075, -72.00000000000001421, 48.39842911828505123 ) ) ;
#778 = CARTESIAN_POINT ( 'NONE',  ( -17.49999999999994671, -62.00000000000001421, 62.00000000000000000 ) ) ;
#779 = ORIENTED_EDGE ( 'NONE', *, *, #1275, .T. ) ;
#780 = CARTESIAN_POINT ( 'NONE',  ( -136.5252382652931828, -185.8241063156962412, -5.000000000003546496 ) ) ;
#781 = CARTESIAN_POINT ( 'NONE',  ( -17.49999999999994671, -63.98115810071546150, -40.60000000000000853 ) ) ;
#782 = DIRECTION ( 'NONE',  ( -0.03489949670250105246, 0.9993908270190956511, 0.000000000000000000 ) ) ;
#783 = ADVANCED_FACE ( 'NONE', ( #369 ), #3346, .T. ) ;
#784 = CARTESIAN_POINT ( 'NONE',  ( -114.7536343949404056, -31.00000000000003908, -44.67341447222347028 ) ) ;
#785 = ORIENTED_EDGE ( 'NONE', *, *, #3491, .T. ) ;
#786 = CARTESIAN_POINT ( 'NONE',  ( -27.81120608270287775, -62.00000000000001421, 52.60017814515838808 ) ) ;
#787 = CARTESIAN_POINT ( 'NONE',  ( -18.95937992363993629, -58.00000000000000711, -16.27287243798141247 ) ) ;
#788 = CARTESIAN_POINT ( 'NONE',  ( -136.4091814696650147, -64.35101992934714588, 19.54082840236652174 ) ) ;
#789 = CARTESIAN_POINT ( 'NONE',  ( -24.33680024778495365, -61.67848642406183757, 24.08304498269882998 ) ) ;
#790 = CARTESIAN_POINT ( 'NONE',  ( -115.4797373765783277, -31.00000000000000355, 44.03109180828535330 ) ) ;
#791 = LINE ( 'NONE', #827, #962 ) ;
#792 = CARTESIAN_POINT ( 'NONE',  ( -65.74786520165301340, -60.50425906931264564, 58.49599999999971089 ) ) ;
#793 = ORIENTED_EDGE ( 'NONE', *, *, #2975, .F. ) ;
#794 = CARTESIAN_POINT ( 'NONE',  ( -22.49999999999996447, -64.95884852415055377, -19.24254461345354272 ) ) ;
#795 = CARTESIAN_POINT ( 'NONE',  ( -51.21356254179238476, 6.425622854479241752, 62.53283942285877117 ) ) ;
#796 = CARTESIAN_POINT ( 'NONE',  ( 39.64755442113979456, -72.05783497661239778, -59.99999999999998579 ) ) ;
#797 = DIRECTION ( 'NONE',  ( -0.000000000000000000, 1.000000000000000000, -9.912705577010328508E-16 ) ) ;
#798 = EDGE_LOOP ( 'NONE', ( #3025, #3148, #656, #1150, #1071, #2579, #129, #1347, #1409, #1283, #2428, #1221, #3077, #2698, #3265, #391 ) ) ;
#799 = CARTESIAN_POINT ( 'NONE',  ( -77.00217455811436196, -63.44883555944173992, 59.99999999999984368 ) ) ;
#800 = LINE ( 'NONE', #262, #579 ) ;
#801 = CARTESIAN_POINT ( 'NONE',  ( -22.49999999999994671, -65.00000000000001421, 53.00000000000000711 ) ) ;
#802 = CARTESIAN_POINT ( 'NONE',  ( -44.94596128505384058, -95.50857219757173766, 50.40000000000581082 ) ) ;
#803 = EDGE_CURVE ( 'NONE', #711, #320, #860, .T. ) ;
#804 = ORIENTED_EDGE ( 'NONE', *, *, #3577, .T. ) ;
#805 = CARTESIAN_POINT ( 'NONE',  ( -34.22152260423899151, -62.41838732463160255, 48.39423526648013762 ) ) ;
#806 = CARTESIAN_POINT ( 'NONE',  ( -78.64711936630781963, 58.86408599522593477, 8.000000000000000000 ) ) ;
#807 = CARTESIAN_POINT ( 'NONE',  ( -139.4462435424071884, -58.41451199459304888, -4.999999999999944045 ) ) ;
#808 = CARTESIAN_POINT ( 'NONE',  ( -24.30725884152581884, -63.48859874224971378, 24.08304498269948013 ) ) ;
#809 = CARTESIAN_POINT ( 'NONE',  ( -89.69430182656930128, -31.00000000000001776, 57.76312740123172773 ) ) ;
#810 = CARTESIAN_POINT ( 'NONE',  ( -34.95496643453186181, -58.40203728472860689, -40.60000000000002274 ) ) ;
#811 = ORIENTED_EDGE ( 'NONE', *, *, #3515, .F. ) ;
#812 = CARTESIAN_POINT ( 'NONE',  ( -43.79999999999994031, -56.57483615740260774, 48.62909051864668442 ) ) ;
#813 = CARTESIAN_POINT ( 'NONE',  ( -43.79999999999995453, -33.13291482100511587, 55.45503028135731682 ) ) ;
#814 = CARTESIAN_POINT ( 'NONE',  ( -22.49999999999995737, -61.71346007831485281, 18.75698335997492094 ) ) ;
#815 = ORIENTED_EDGE ( 'NONE', *, *, #51, .F. ) ;
#816 = CARTESIAN_POINT ( 'NONE',  ( -90.23742157410960374, -59.80984787679092562, 59.09311614065281049 ) ) ;
#817 = DIRECTION ( 'NONE',  ( 1.000000000000000000, 0.000000000000000000, 0.000000000000000000 ) ) ;
#818 = CARTESIAN_POINT ( 'NONE',  ( -122.2999999999999545, 29.52348461875495644, 58.34030335726483685 ) ) ;
#819 = ORIENTED_EDGE ( 'NONE', *, *, #752, .F. ) ;
#820 = CARTESIAN_POINT ( 'NONE',  ( -84.65546899558518135, -63.56506229730880619, -59.84493695669183211 ) ) ;
#821 = CARTESIAN_POINT ( 'NONE',  ( -17.99200410779291559, -58.13863317579094314, -14.94787550712277202 ) ) ;
#822 = EDGE_CURVE ( 'NONE', #929, #1215, #3611, .T. ) ;
#823 = CARTESIAN_POINT ( 'NONE',  ( -139.3843798012379125, -67.74225902628958806, -5.000000000000361489 ) ) ;
#824 = FACE_OUTER_BOUND ( 'NONE', #964, .T. ) ;
#825 = CARTESIAN_POINT ( 'NONE',  ( -19.27853434370609520, -72.12744675643671144, -9.997633136091071293 ) ) ;
#826 = DIRECTION ( 'NONE',  ( -0.000000000000000000, -0.000000000000000000, 1.000000000000000000 ) ) ;
#827 = CARTESIAN_POINT ( 'NONE',  ( -22.49999999999994671, 18.72964453634669724, 50.00000000000000000 ) ) ;
#828 = EDGE_CURVE ( 'NONE', #2285, #2189, #3327, .T. ) ;
#829 = AXIS2_PLACEMENT_3D ( 'NONE', #3052, #2197, #2761 ) ;
#830 = CARTESIAN_POINT ( 'NONE',  ( -22.49999999696388286, -61.83418099521208688, -18.70232923514358703 ) ) ;
#831 = CARTESIAN_POINT ( 'NONE',  ( -17.49999999999994671, 51.99999999999998579, 49.99999999999965894 ) ) ;
#832 = CARTESIAN_POINT ( 'NONE',  ( -22.49999999999994316, -61.64720170500837781, 18.77273334810993433 ) ) ;
#833 = AXIS2_PLACEMENT_3D ( 'NONE', #2139, #119, #3394 ) ;
#834 = ORIENTED_EDGE ( 'NONE', *, *, #3588, .F. ) ;
#835 = CARTESIAN_POINT ( 'NONE',  ( -93.14395827591340549, -66.03304834288715597, 58.49599999999995248 ) ) ;
#836 = LINE ( 'NONE', #781, #3196 ) ;
#837 = CARTESIAN_POINT ( 'NONE',  ( -87.29639007326633759, 35.00261726852704669, 59.56265635089541632 ) ) ;
#838 = ADVANCED_FACE ( 'NONE', ( #2742 ), #676, .T. ) ;
#839 = VERTEX_POINT ( 'NONE', #1639 ) ;
#840 = CARTESIAN_POINT ( 'NONE',  ( -22.49999999999994671, -62.00000000000001421, 57.00000000000000000 ) ) ;
#841 = DIRECTION ( 'NONE',  ( -0.9993908270190956511, 0.000000000000000000, -0.03489949670250092062 ) ) ;
#842 = CARTESIAN_POINT ( 'NONE',  ( -138.8504869028073188, -61.27128617681380263, 9.997633136094535189 ) ) ;
#843 = CARTESIAN_POINT ( 'NONE',  ( -79.16709278868789568, -54.86808968111181173, -60.00000000000000000 ) ) ;
#844 = CARTESIAN_POINT ( 'NONE',  ( -30.53628001430186600, -75.43198075986173023, -36.14937136423348107 ) ) ;
#845 = CARTESIAN_POINT ( 'NONE',  ( -22.49999999999994671, -58.99999999999999289, -21.09685175976291660 ) ) ;
#846 = DIRECTION ( 'NONE',  ( 0.000000000000000000, 1.000000000000000000, 0.000000000000000000 ) ) ;
#847 = EDGE_CURVE ( 'NONE', #95, #3679, #3470, .T. ) ;
#848 = DIRECTION ( 'NONE',  ( -1.000000000000000000, -0.000000000000000000, -0.000000000000000000 ) ) ;
#849 = CARTESIAN_POINT ( 'NONE',  ( -17.49999999999996092, -44.03511262106725610, 40.77274190651281316 ) ) ;
#850 = CARTESIAN_POINT ( 'NONE',  ( -22.49999999999994671, 58.99999999999998579, 37.90999999999964842 ) ) ;
#851 = VERTEX_POINT ( 'NONE', #1715 ) ;
#852 = CARTESIAN_POINT ( 'NONE',  ( -116.7382817531639034, -135.0425605764394845, 45.60000000000058407 ) ) ;
#853 = CARTESIAN_POINT ( 'NONE',  ( -122.2999999999998835, -21.23984229277964886, -32.52661789950013826 ) ) ;
#854 = LINE ( 'NONE', #2943, #222 ) ;
#855 = CARTESIAN_POINT ( 'NONE',  ( -36.29068282008306312, -77.12109510810438451, 42.75473822481036734 ) ) ;
#856 = ORIENTED_EDGE ( 'NONE', *, *, #2517, .F. ) ;
#857 = CARTESIAN_POINT ( 'NONE',  ( -79.42532699350323355, -65.52595886627602795, -60.00000000000001421 ) ) ;
#858 = CARTESIAN_POINT ( 'NONE',  ( -81.13564058080298480, 0.000000000000000000, 62.77779446381808981 ) ) ;
#859 = CARTESIAN_POINT ( 'NONE',  ( -68.70327784671651727, -60.42045715848826859, 59.09311614065279628 ) ) ;
#860 = B_SPLINE_CURVE_WITH_KNOTS ( 'NONE', 3,
 ( #2462, #924, #1660, #3651, #760, #637, #1818, #967, #3012, #351, #1531, #2720, #2531, #1874, #1235, #69 ),
 .UNSPECIFIED., .F., .F.,
 ( 4, 2, 2, 2, 2, 2, 2, 4 ),
 ( 1.250926888277100303E-17, 0.0002705827827789934314, 0.0005411655655579742860, 0.0008117483483369552491, 0.001082331131115936212, 0.001352913913894917284, 0.001623496696673898138, 0.002164662262231868521 ),
 .UNSPECIFIED. ) ;
#861 = CARTESIAN_POINT ( 'NONE',  ( -115.8081352158007746, -169.0768700459168201, 45.60000000000099618 ) ) ;
#862 = CARTESIAN_POINT ( 'NONE',  ( -22.49999999999994671, 51.99999999999998579, 49.99999999999965894 ) ) ;
#863 = CARTESIAN_POINT ( 'NONE',  ( -56.97156255518591195, -121.5147190397537571, -56.70400000000093854 ) ) ;
#864 = DIRECTION ( 'NONE',  ( 0.000000000000000000, 0.000000000000000000, 1.000000000000000000 ) ) ;
#865 = LINE ( 'NONE', #1510, #1139 ) ;
#866 = CARTESIAN_POINT ( 'NONE',  ( -39.82050807568870709, -62.00000000000001421, 47.00000000000000000 ) ) ;
#867 = CARTESIAN_POINT ( 'NONE',  ( -17.49999999999994671, -52.39054048950771403, -29.26030962708253824 ) ) ;
#868 = CARTESIAN_POINT ( 'NONE',  ( 32.22930144478402070, -92.43852706129476360, 60.00000000000000711 ) ) ;
#869 = ADVANCED_FACE ( 'NONE', ( #2869 ), #1384, .T. ) ;
#870 = VERTEX_POINT ( 'NONE', #532 ) ;
#871 = CARTESIAN_POINT ( 'NONE',  ( -92.24185621618110531, -93.54468118197858928, 58.49600000000157962 ) ) ;
#872 = CARTESIAN_POINT ( 'NONE',  ( -39.82050807568870709, -82.00000000000001421, 50.00000000000000000 ) ) ;
#873 = DIRECTION ( 'NONE',  ( -0.000000000000000000, -0.000000000000000000, -1.000000000000000000 ) ) ;
#874 = CARTESIAN_POINT ( 'NONE',  ( -21.69788050165620774, -72.83760773172755876, 19.54082840236997853 ) ) ;
#875 = ORIENTED_EDGE ( 'NONE', *, *, #684, .F. ) ;
#876 = CARTESIAN_POINT ( 'NONE',  ( -97.46603216970679284, -124.4298810294064168, -56.70400000000350360 ) ) ;
#877 = CARTESIAN_POINT ( 'NONE',  ( -8.491086501036862799, 51.99999999999998579, 49.99999999999965894 ) ) ;
#878 = CARTESIAN_POINT ( 'NONE',  ( -49.95816157854842743, -60.95198244803481202, 52.35702562807695415 ) ) ;
#879 = CARTESIAN_POINT ( 'NONE',  ( -124.6605347780048874, -176.2329490917507542, 36.14937136423164787 ) ) ;
#880 = VERTEX_POINT ( 'NONE', #245 ) ;
#881 = CARTESIAN_POINT ( 'NONE',  ( -17.49999999999993250, 49.58994662422852429, -33.82716158778571724 ) ) ;
#882 = CARTESIAN_POINT ( 'NONE',  ( -31.45021009422092817, -61.97867698686255977, -36.14937136423350950 ) ) ;
#883 = CARTESIAN_POINT ( 'NONE',  ( -22.49999999999995026, -60.76905219752836729, -19.17518939969757952 ) ) ;
#884 = VECTOR ( 'NONE', #3534, 1000.000000000000000 ) ;
#885 = LINE ( 'NONE', #2358, #2124 ) ;
#886 = VECTOR ( 'NONE', #797, 1000.000000000000000 ) ;
#887 = LINE ( 'NONE', #2128, #1144 ) ;
#888 = CARTESIAN_POINT ( 'NONE',  ( -40.09911658507006393, 119.5667055561336554, 59.99999999999998579 ) ) ;
#889 = VECTOR ( 'NONE', #1481, 1000.000000000000114 ) ;
#890 = EDGE_LOOP ( 'NONE', ( #3391, #1903, #348, #3562 ) ) ;
#891 = CARTESIAN_POINT ( 'NONE',  ( -46.72001798445816689, -62.98895566028339488, 50.40000000000001990 ) ) ;
#892 = CARTESIAN_POINT ( 'NONE',  ( -122.2999999999999829, -6.457120779595059368, 19.98626411467708408 ) ) ;
#893 = CARTESIAN_POINT ( 'NONE',  ( -22.49999999999994671, -72.00000000000001421, -40.60000000000000853 ) ) ;
#894 = CARTESIAN_POINT ( 'NONE',  ( -20.16998182668916328, -62.58575359899071344, -9.997633136094458806 ) ) ;
#895 = ADVANCED_FACE ( 'NONE', ( #2575 ), #3760, .F. ) ;
#896 = ORIENTED_EDGE ( 'NONE', *, *, #2145, .F. ) ;
#897 = DIRECTION ( 'NONE',  ( 0.000000000000000000, 0.000000000000000000, -1.000000000000000000 ) ) ;
#898 = CARTESIAN_POINT ( 'NONE',  ( -18.08179346255949937, -58.09164428436508842, -14.97195653861662024 ) ) ;
#899 = DIRECTION ( 'NONE',  ( -0.03489949670250105246, 0.9993908270190956511, -0.000000000000000000 ) ) ;
#900 = CARTESIAN_POINT ( 'NONE',  ( -75.15856281538130190, -112.1457923070130676, 60.00000000000427036 ) ) ;
#901 = CARTESIAN_POINT ( 'NONE',  ( -99.28376528342539586, -66.25999747927251349, 56.70399999999996510 ) ) ;
#902 = ORIENTED_EDGE ( 'NONE', *, *, #2242, .T. ) ;
#903 = DIRECTION ( 'NONE',  ( 0.9993908270190956511, -0.000000000000000000, 0.03489949670250118430 ) ) ;
#904 = CARTESIAN_POINT ( 'NONE',  ( -31.37032332642943189, -63.74967476355168827, -36.14937136423315422 ) ) ;
#905 = CARTESIAN_POINT ( 'NONE',  ( -22.49999999999993605, -60.22417575346439378, -19.63922823857942745 ) ) ;
#906 = CARTESIAN_POINT ( 'NONE',  ( -81.17054893815215166, -18.50027608222874420, 62.77779446381807560 ) ) ;
#907 = FACE_OUTER_BOUND ( 'NONE', #133, .T. ) ;
#908 = CARTESIAN_POINT ( 'NONE',  ( -50.92468603358572921, -48.66586822920072564, 63.83461287658359851 ) ) ;
#909 = CARTESIAN_POINT ( 'NONE',  ( -70.68066756288284580, -29.48790767679455271, -60.00000000000000711 ) ) ;
#910 = ORIENTED_EDGE ( 'NONE', *, *, #1912, .T. ) ;
#911 = CARTESIAN_POINT ( 'NONE',  ( -49.92142578234160766, -64.43538958752168355, 52.35702562807748706 ) ) ;
#912 = CARTESIAN_POINT ( 'NONE',  ( -122.2999999999999545, -1.724647931190307792, 11.49627525109706738 ) ) ;
#913 = CARTESIAN_POINT ( 'NONE',  ( -18.06601314016112880, -58.09905255704326521, 15.00169190929596930 ) ) ;
#914 = CARTESIAN_POINT ( 'NONE',  ( -19.54393191700917498, -62.05709756467404503, -4.999999999999853451 ) ) ;
#915 = ORIENTED_EDGE ( 'NONE', *, *, #1751, .T. ) ;
#916 = CARTESIAN_POINT ( 'NONE',  ( -106.1707480339171639, -161.2862248108165488, -52.35702562807957605 ) ) ;
#917 = CARTESIAN_POINT ( 'NONE',  ( -17.49999999999995381, 61.74535218167916639, 54.27204012450737736 ) ) ;
#918 = LINE ( 'NONE', #323, #714 ) ;
#919 = ADVANCED_FACE ( 'NONE', ( #1732 ), #230, .T. ) ;
#920 = CARTESIAN_POINT ( 'NONE',  ( -119.8524108059723403, -136.7574228483635750, 42.75473822480719832 ) ) ;
#921 = ORIENTED_EDGE ( 'NONE', *, *, #3661, .F. ) ;
#922 = DIRECTION ( 'NONE',  ( -0.03489949670250120511, 0.9993908270190957621, 0.000000000000000000 ) ) ;
#923 = CARTESIAN_POINT ( 'NONE',  ( -23.48099722013965263, -73.36101357164329784, -24.08304498269751548 ) ) ;
#924 = CARTESIAN_POINT ( 'NONE',  ( -22.49999999999995381, -58.94636455925898133, -21.17024817776456658 ) ) ;
#925 = CARTESIAN_POINT ( 'NONE',  ( -58.71339111725973936, 60.56079666882092027, 50.45480396883355922 ) ) ;
#926 = CARTESIAN_POINT ( 'NONE',  ( -17.49999999999994671, -62.00000000000001421, 57.00000000000000000 ) ) ;
#927 = CARTESIAN_POINT ( 'NONE',  ( -22.49999999999996447, -48.49139222092465218, 36.55749974281174275 ) ) ;
#928 = CARTESIAN_POINT ( 'NONE',  ( -18.75652737338592146, 120.1840550324573513, -59.99999999999998579 ) ) ;
#929 = VERTEX_POINT ( 'NONE', #1094 ) ;
#930 = CARTESIAN_POINT ( 'NONE',  ( -56.38084484507782435, -64.67415272389490610, 55.50814291124876831 ) ) ;
#931 = LINE ( 'NONE', #606, #2374 ) ;
#932 = DIRECTION ( 'NONE',  ( 0.000000000000000000, 1.000000000000000000, 0.000000000000000000 ) ) ;
#933 = CARTESIAN_POINT ( 'NONE',  ( -20.04929066970956342, -91.66759179396558466, -19.54082840236621266 ) ) ;
#934 = ORIENTED_EDGE ( 'NONE', *, *, #733, .T. ) ;
#935 = CARTESIAN_POINT ( 'NONE',  ( -109.0073658462810613, -63.93488232121520554, -52.35702562807730942 ) ) ;
#936 = CARTESIAN_POINT ( 'NONE',  ( -22.49999999999995737, -62.17133802467189696, 18.65529828317915673 ) ) ;
#937 = CARTESIAN_POINT ( 'NONE',  ( -150.4629584006831351, 57.35683117874887671, 57.35683117874889803 ) ) ;
#938 = CARTESIAN_POINT ( 'NONE',  ( -93.22061801941114823, -63.69513691269411737, 58.49599999999981037 ) ) ;
#939 = ORIENTED_EDGE ( 'NONE', *, *, #1065, .T. ) ;
#940 = LINE ( 'NONE', #2479, #1203 ) ;
#941 = CARTESIAN_POINT ( 'NONE',  ( -21.06917474096232468, -58.00000000000002842, 19.79173764759110199 ) ) ;
#942 = EDGE_CURVE ( 'NONE', #2790, #689, #3051, .T. ) ;
#943 = CARTESIAN_POINT ( 'NONE',  ( -54.25678674139491875, 0.000000000000000000, 63.71825335584291139 ) ) ;
#944 =( LENGTH_UNIT ( ) NAMED_UNIT ( * ) SI_UNIT ( .MILLI., .METRE. ) );
#945 = EDGE_CURVE ( 'NONE', #728, #2392, #800, .T. ) ;
#946 = CARTESIAN_POINT ( 'NONE',  ( -9.541440813713995439, 119.8434326089733446, 59.99999999999998579 ) ) ;
#947 = CARTESIAN_POINT ( 'NONE',  ( -17.49999999999993605, -13.62066622841014762, 58.50815490830022014 ) ) ;
#948 = CARTESIAN_POINT ( 'NONE',  ( -24.87397826303462622, -0.1650926711518165557, 60.00000000000000000 ) ) ;
#949 = AXIS2_PLACEMENT_3D ( 'NONE', #1594, #1556, #2203 ) ;
#950 = VECTOR ( 'NONE', #3170, 1000.000000000000000 ) ;
#951 = ORIENTED_EDGE ( 'NONE', *, *, #166, .F. ) ;
#952 = CARTESIAN_POINT ( 'NONE',  ( -65.78078663702464723, -63.27842197832787718, 58.49600000000002353 ) ) ;
#953 = CARTESIAN_POINT ( 'NONE',  ( -81.79362509361504863, -6.559751699487295973, -55.60000000000000853 ) ) ;
#954 = CARTESIAN_POINT ( 'NONE',  ( -22.18522662910571697, -53.00000000000002132, 30.19201604610266543 ) ) ;
#955 = CARTESIAN_POINT ( 'NONE',  ( -20.17793724569302682, -62.05292169514775225, -9.997633136094499662 ) ) ;
#956 = VECTOR ( 'NONE', #311, 1000.000000000000000 ) ;
#957 = ORIENTED_EDGE ( 'NONE', *, *, #1742, .F. ) ;
#958 = CARTESIAN_POINT ( 'NONE',  ( -127.5388508469206812, -58.75215088995481238, -36.14937136423321107 ) ) ;
#959 = AXIS2_PLACEMENT_3D ( 'NONE', #3357, #3084, #1869 ) ;
#960 = CARTESIAN_POINT ( 'NONE',  ( -17.49999999999993960, 61.36500888989937863, 55.52813344204925272 ) ) ;
#961 = CARTESIAN_POINT ( 'NONE',  ( -17.15185413299170136, 52.01824925138032540, 62.01215752157130368 ) ) ;
#962 = VECTOR ( 'NONE', #1971, 1000.000000000000000 ) ;
#963 = EDGE_CURVE ( 'NONE', #176, #2633, #836, .T. ) ;
#964 = EDGE_LOOP ( 'NONE', ( #1404, #1017, #1210, #1585 ) ) ;
#965 = DIRECTION ( 'NONE',  ( 0.000000000000000000, 1.000000000000000000, 0.000000000000000000 ) ) ;
#966 = CARTESIAN_POINT ( 'NONE',  ( -39.22037971954954116, -62.00000000000002132, 47.35652907646689869 ) ) ;
#967 = CARTESIAN_POINT ( 'NONE',  ( -22.24282442143867300, -58.32447369145587146, -21.54194637937414214 ) ) ;
#968 = CARTESIAN_POINT ( 'NONE',  ( 38.65099204287542278, -76.88286150838281685, -59.99999999999999289 ) ) ;
#969 = DIRECTION ( 'NONE',  ( 0.000000000000000000, 0.000000000000000000, 1.000000000000000000 ) ) ;
#970 = CARTESIAN_POINT ( 'NONE',  ( -17.49999999999994671, 61.99999999999998579, 62.00000000000000000 ) ) ;
#971 = ADVANCED_FACE ( 'NONE', ( #3235 ), #1406, .T. ) ;
#972 = VERTEX_POINT ( 'NONE', #1111 ) ;
#973 = CARTESIAN_POINT ( 'NONE',  ( -96.16419101245763557, -31.00000000000000000, -55.59999999999999432 ) ) ;
#974 = CARTESIAN_POINT ( 'NONE',  ( -18.07950123976245749, -58.09270244430094010, 15.00488740907641905 ) ) ;
#975 = CARTESIAN_POINT ( 'NONE',  ( -53.79604931325669526, -118.9477061512733087, -55.50814291125046651 ) ) ;
#976 = ORIENTED_EDGE ( 'NONE', *, *, #1115, .T. ) ;
#977 = CARTESIAN_POINT ( 'NONE',  ( -135.3787982123669735, -106.2068513713820863, -19.54082840236824481 ) ) ;
#978 = CARTESIAN_POINT ( 'NONE',  ( -17.49999999999994671, 53.31831218636303760, 61.93535886867040574 ) ) ;
#979 = CARTESIAN_POINT ( 'NONE',  ( 8.316593633236060157, 62.90153531532833853, 62.90153531532838826 ) ) ;
#980 = ORIENTED_EDGE ( 'NONE', *, *, #560, .T. ) ;
#981 = CARTESIAN_POINT ( 'NONE',  ( -2.148865749591935437, 61.53546387629656067, 0.000000000000000000 ) ) ;
#982 = CARTESIAN_POINT ( 'NONE',  ( -20.63315386932163165, -57.99999999999995737, 18.95988473965837784 ) ) ;
#983 = CARTESIAN_POINT ( 'NONE',  ( -102.1228479482039830, -1.574377145520777788, 59.04490503306554672 ) ) ;
#984 = CARTESIAN_POINT ( 'NONE',  ( -51.21356254179239897, -9.574377145520784893, 62.53283942285875696 ) ) ;
#985 = CARTESIAN_POINT ( 'NONE',  ( -112.2571716719040751, -59.18546903170741302, -50.39999999999963620 ) ) ;
#986 = CARTESIAN_POINT ( 'NONE',  ( 18.24431566402734006, -108.0794983087543955, -59.99999999999997158 ) ) ;
#987 = CARTESIAN_POINT ( 'NONE',  ( -72.79999999999996874, 11.58112318496068482, -51.94760537048007620 ) ) ;
#988 = CARTESIAN_POINT ( 'NONE',  ( -141.5000000000000284, 56.37995416090591760, 36.57546682614677280 ) ) ;
#989 = ORIENTED_EDGE ( 'NONE', *, *, #1799, .T. ) ;
#990 = CARTESIAN_POINT ( 'NONE',  ( -8.491086501036862799, 18.72964453634669724, 50.00000000000000000 ) ) ;
#991 = CARTESIAN_POINT ( 'NONE',  ( -18.14831962778257690, -58.06263455090175540, 15.46078308550877978 ) ) ;
#992 = CARTESIAN_POINT ( 'NONE',  ( -44.94596128504062449, -95.50857219756902339, -50.40000000000014069 ) ) ;
#993 = EDGE_CURVE ( 'NONE', #2863, #2407, #1642, .T. ) ;
#994 = ORIENTED_EDGE ( 'NONE', *, *, #2491, .F. ) ;
#995 = CARTESIAN_POINT ( 'NONE',  ( -129.1745147476305817, -104.3856816384739261, -32.38754325259582600 ) ) ;
#996 = CARTESIAN_POINT ( 'NONE',  ( -78.19711487130798844, 6.425622854479242640, 61.59055301189123099 ) ) ;
#997 = CARTESIAN_POINT ( 'NONE',  ( -35.29841995929280074, -63.56475448994762445, -40.59999999999998721 ) ) ;
#998 = ORIENTED_EDGE ( 'NONE', *, *, #1415, .F. ) ;
#999 = CARTESIAN_POINT ( 'NONE',  ( -27.12528543563351846, -62.00000000000000711, 52.74373635259114224 ) ) ;
#1000 = B_SPLINE_CURVE_WITH_KNOTS ( 'NONE', 3,
 ( #1597, #1634, #3423, #2827, #2865, #1048, #739, #2226, #777, #3389, #431, #2846, #756, #3697 ),
 .UNSPECIFIED., .F., .F.,
 ( 4, 2, 2, 2, 2, 2, 4 ),
 ( 0.000000000000000000, 0.001247936167176113718, 0.002495872334352227436, 0.003119840417940284404, 0.003743808501528340937, 0.004367776585116398338, 0.004991744668704454872 ),
 .UNSPECIFIED. ) ;
#1001 = CARTESIAN_POINT ( 'NONE',  ( -17.49999999999996092, 55.23069662828841331, -23.43439671364939869 ) ) ;
#1002 = CARTESIAN_POINT ( 'NONE',  ( -118.6776177634432372, -64.08173957907538920, -45.60000000000006537 ) ) ;
#1003 = CARTESIAN_POINT ( 'NONE',  ( -35.83542138063642568, -2.414608222093876488, -59.99999999999999289 ) ) ;
#1004 = CARTESIAN_POINT ( 'NONE',  ( -51.69846653349476640, 60.80576323321255927, 8.000000000000000000 ) ) ;
#1005 = CARTESIAN_POINT ( 'NONE',  ( -141.4999999999999716, 57.66982458302326364, 27.68809977245043186 ) ) ;
#1006 = ORIENTED_EDGE ( 'NONE', *, *, #1825, .T. ) ;
#1007 = PLANE ( 'NONE',  #3808 ) ;
#1008 = CARTESIAN_POINT ( 'NONE',  ( -28.75030015425979713, -65.33788953756226192, 32.27430523857500333 ) ) ;
#1009 = CARTESIAN_POINT ( 'NONE',  ( -65.78078663702510198, -63.27842197832779192, -58.49599999999971800 ) ) ;
#1010 = VECTOR ( 'NONE', #2069, 1000.000000000000000 ) ;
#1011 = ORIENTED_EDGE ( 'NONE', *, *, #522, .T. ) ;
#1012 = CARTESIAN_POINT ( 'NONE',  ( -135.3787982123722315, -106.2068513713860796, 19.54082840236652174 ) ) ;
#1013 = DIRECTION ( 'NONE',  ( 1.000000000000000000, 0.000000000000000000, -0.000000000000000000 ) ) ;
#1014 = AXIS2_PLACEMENT_3D ( 'NONE', #970, #126, #2222 ) ;
#1015 = CARTESIAN_POINT ( 'NONE',  ( -100.1666666666671830, 59.11321638868216866, 59.11321638868226103 ) ) ;
#1016 = EDGE_CURVE ( 'NONE', #2368, #1517, #1306, .T. ) ;
#1017 = ORIENTED_EDGE ( 'NONE', *, *, #166, .T. ) ;
#1018 = CARTESIAN_POINT ( 'NONE',  ( -39.82050807568870709, -62.00000000000001421, 47.00000000000000000 ) ) ;
#1019 = CARTESIAN_POINT ( 'NONE',  ( -75.15856281537482175, -112.1457923070107512, -59.99999999999818812 ) ) ;
#1020 = CARTESIAN_POINT ( 'NONE',  ( -78.64711936630781963, 58.86408599522593477, -24.00000000000025224 ) ) ;
#1021 = CARTESIAN_POINT ( 'NONE',  ( -98.37489872656583145, -95.34493925433943673, -56.70400000000179119 ) ) ;
#1022 = CARTESIAN_POINT ( 'NONE',  ( -73.38973396313105013, -88.01093749610025441, 59.84493695669284818 ) ) ;
#1023 = CARTESIAN_POINT ( 'NONE',  ( -101.5637982690473820, 100.5620648289399526, -59.99999999999999289 ) ) ;
#1024 = CARTESIAN_POINT ( 'NONE',  ( -72.79999999999998295, 24.73744214673170561, -43.99430984040534298 ) ) ;
#1025 = CARTESIAN_POINT ( 'NONE',  ( -141.5000000000000284, 54.87430900468218908, 40.34260429011221305 ) ) ;
#1026 = ORIENTED_EDGE ( 'NONE', *, *, #3515, .T. ) ;
#1027 = FACE_OUTER_BOUND ( 'NONE', #1227, .T. ) ;
#1028 = CARTESIAN_POINT ( 'NONE',  ( -79.42245555135399115, -58.42600649774720978, 60.00000000000000000 ) ) ;
#1029 = CARTESIAN_POINT ( 'NONE',  ( -49.99403881015493312, -63.03867656980623480, -52.35702562807704652 ) ) ;
#1030 = ORIENTED_EDGE ( 'NONE', *, *, #942, .F. ) ;
#1031 = CARTESIAN_POINT ( 'NONE',  ( -139.4462435424071884, -58.41451199459304888, -4.999999999999944045 ) ) ;
#1032 =( BOUNDED_CURVE ( )  B_SPLINE_CURVE ( 3, ( #1242, #3600, #953, #1519, #3294, #36 ),
 .UNSPECIFIED., .F., .F. ) 
 B_SPLINE_CURVE_WITH_KNOTS ( ( 4, 1, 1, 4 ),
 ( 6.071532165918824830E-18, 0.01066378840419214893, 0.02577931031625531333, 0.04074075026724512105 ),
 .UNSPECIFIED. ) 
 CURVE ( )  GEOMETRIC_REPRESENTATION_ITEM ( )  RATIONAL_B_SPLINE_CURVE ( ( 0.7268053819467794607, 0.7268053819467794607, 0.7268053819467795718, 0.7268053819467797938, 0.7268053819467796828, 0.7268053819467796828 ) ) 
 REPRESENTATION_ITEM ( '' )  );
#1033 = CARTESIAN_POINT ( 'NONE',  ( -72.79999999999995453, 62.03130265209606620, -55.59999999999999432 ) ) ;
#1034 = CARTESIAN_POINT ( 'NONE',  ( -22.49999999999995381, -59.00000000000000711, 21.09685175975630855 ) ) ;
#1035 = EDGE_LOOP ( 'NONE', ( #3233, #228, #1718, #3454 ) ) ;
#1036 = CARTESIAN_POINT ( 'NONE',  ( -18.69995483789975310, -57.99999999999998579, -16.03504866945909413 ) ) ;
#1037 = EDGE_CURVE ( 'NONE', #2450, #1299, #1032, .T. ) ;
#1038 = CARTESIAN_POINT ( 'NONE',  ( -17.49999999999995381, 59.19023103113459428, -9.968081219386624170 ) ) ;
#1039 = CARTESIAN_POINT ( 'NONE',  ( -22.49999999999996803, -61.69703953999687229, -18.76159873096311870 ) ) ;
#1040 = CARTESIAN_POINT ( 'NONE',  ( -121.7989161221139369, -64.12914116921449192, -42.75473822480769570 ) ) ;
#1041 = CARTESIAN_POINT ( 'NONE',  ( -28.80393124210098321, -62.71687305135984047, 32.38754325259529310 ) ) ;
#1042 = CARTESIAN_POINT ( 'NONE',  ( -77.32775533643784627, -31.00000000000001776, 59.77915894709126832 ) ) ;
#1043 = CARTESIAN_POINT ( 'NONE',  ( -43.11473835501053742, -62.00000000000001421, 47.70631654380237308 ) ) ;
#1044 = CARTESIAN_POINT ( 'NONE',  ( -141.5000000000000000, 51.41770961553253017, 46.10659922734727445 ) ) ;
#1045 = VERTEX_POINT ( 'NONE', #2133 ) ;
#1046 = CARTESIAN_POINT ( 'NONE',  ( -78.64711936630781963, 58.86408599522593477, -24.00000000000025224 ) ) ;
#1047 = PLANE ( 'NONE',  #3501 ) ;
#1048 = CARTESIAN_POINT ( 'NONE',  ( -21.58709309405422871, -72.00000000000002842, 49.04415822883197507 ) ) ;
#1049 = CARTESIAN_POINT ( 'NONE',  ( -65.79301197427362524, -61.75247847822585356, -58.49600000000039302 ) ) ;
#1050 = ORIENTED_EDGE ( 'NONE', *, *, #2198, .T. ) ;
#1051 = CARTESIAN_POINT ( 'NONE',  ( -134.4291178553640123, -144.7844007108312212, 19.54082840236652174 ) ) ;
#1052 = CARTESIAN_POINT ( 'NONE',  ( -35.31074968413040693, -61.36731568667232750, -40.59999999951993743 ) ) ;
#1053 = CARTESIAN_POINT ( 'NONE',  ( -81.24033907091049400, -6.574377145520770682, 62.77596694487537832 ) ) ;
#1054 = CARTESIAN_POINT ( 'NONE',  ( -32.58847363052339574, -64.59057395160546378, -37.57894713067770454 ) ) ;
#1055 = EDGE_CURVE ( 'NONE', #456, #3736, #3336, .T. ) ;
#1056 = EDGE_LOOP ( 'NONE', ( #957, #2739, #615, #591 ) ) ;
#1057 = CARTESIAN_POINT ( 'NONE',  ( -28.59965183181503079, -61.99999999999762679, 50.39750323337867144 ) ) ;
#1058 = CARTESIAN_POINT ( 'NONE',  ( -43.79999999999994031, -60.36464985717908860, 48.25084898209258455 ) ) ;
#1059 = CARTESIAN_POINT ( 'NONE',  ( -22.49999999848191479, -61.73056969535324612, -18.75405147059747790 ) ) ;
#1060 = CARTESIAN_POINT ( 'NONE',  ( -102.5213044874877966, -59.46153345030865722, -55.50814291124820699 ) ) ;
#1061 = CARTESIAN_POINT ( 'NONE',  ( -20.12852055482949254, -61.79781388249377017, -9.997633136094588480 ) ) ;
#1062 = CARTESIAN_POINT ( 'NONE',  ( -55.68217797577246841, -12.71270627532834929, -59.99999999999999289 ) ) ;
#1063 = CARTESIAN_POINT ( 'NONE',  ( -72.79999999999992610, 15.04638494298735729, -50.22850841788706333 ) ) ;
#1064 = CARTESIAN_POINT ( 'NONE',  ( -63.09107607137169538, -126.4615949840643339, 58.49600000000481259 ) ) ;
#1065 = EDGE_CURVE ( 'NONE', #1538, #1299, #931, .T. ) ;
#1066 = CARTESIAN_POINT ( 'NONE',  ( -34.12664521912297744, -58.57315132826507664, 41.49027531741256780 ) ) ;
#1067 = CARTESIAN_POINT ( 'NONE',  ( -83.68694475089387197, -91.03352160700899276, -59.84493695669324609 ) ) ;
#1068 = CARTESIAN_POINT ( 'NONE',  ( -22.49999999999994671, -72.00000000000001421, 20.93274699105652914 ) ) ;
#1069 = CARTESIAN_POINT ( 'NONE',  ( -76.97135413408119575, -60.18601253943318596, -59.99999999999960920 ) ) ;
#1070 =( BOUNDED_CURVE ( )  B_SPLINE_CURVE ( 3, ( #1198, #1218, #2956, #3823 ),
 .UNSPECIFIED., .F., .F. ) 
 B_SPLINE_CURVE_WITH_KNOTS ( ( 4, 4 ),
 ( 3.141592653589783790, 4.677482395344798149 ),
 .UNSPECIFIED. ) 
 CURVE ( )  GEOMETRIC_REPRESENTATION_ITEM ( )  RATIONAL_B_SPLINE_CURVE ( ( 1.000000000000000000, 0.8128932002257664990, 0.8128932002257664990, 1.000000000000000000 ) ) 
 REPRESENTATION_ITEM ( '' )  );
#1071 = ORIENTED_EDGE ( 'NONE', *, *, #1591, .F. ) ;
#1072 = CARTESIAN_POINT ( 'NONE',  ( -118.9188257179981889, -171.5914817017181804, 42.75473822480712016 ) ) ;
#1073 = CARTESIAN_POINT ( 'NONE',  ( -122.2999999999999403, 0.2173632081500005420, -3.873120682920652591 ) ) ;
#1074 = DIRECTION ( 'NONE',  ( -0.9993908270190956511, 0.000000000000000000, -0.03489949670250118430 ) ) ;
#1075 = CARTESIAN_POINT ( 'NONE',  ( -28.99377950291480488, -66.50663539728061835, -32.83339441620133670 ) ) ;
#1076 = VECTOR ( 'NONE', #1783, 1000.000000000000114 ) ;
#1077 = EDGE_LOOP ( 'NONE', ( #3038, #3165, #1440, #1109 ) ) ;
#1078 = CARTESIAN_POINT ( 'NONE',  ( -31.16771348395657881, -62.00000000000001421, 51.54823942036743745 ) ) ;
#1079 = DIRECTION ( 'NONE',  ( -0.03489949670250105246, 0.9993908270190956511, 0.000000000000000000 ) ) ;
#1080 = CARTESIAN_POINT ( 'NONE',  ( -17.49999999999994671, 59.28225459703729427, 9.405372813090306039 ) ) ;
#1081 = AXIS2_PLACEMENT_3D ( 'NONE', #1321, #3721, #476 ) ;
#1082 = CARTESIAN_POINT ( 'NONE',  ( -139.4653688107055416, -64.39743271117109202, -5.000000000000271783 ) ) ;
#1083 = CARTESIAN_POINT ( 'NONE',  ( -18.45690786841015552, -80.92180409880488412, -9.997633136087948458 ) ) ;
#1084 = CARTESIAN_POINT ( 'NONE',  ( -72.79999999999995453, 60.06888144710634236, -51.99999999999999289 ) ) ;
#1085 = DIRECTION ( 'NONE',  ( -0.000000000000000000, -0.000000000000000000, 1.000000000000000000 ) ) ;
#1086 = CARTESIAN_POINT ( 'NONE',  ( -84.65546899558513871, -63.56506229730874225, 59.84493695669172553 ) ) ;
#1087 = DIRECTION ( 'NONE',  ( 0.000000000000000000, 0.000000000000000000, 1.000000000000000000 ) ) ;
#1088 = CARTESIAN_POINT ( 'NONE',  ( -84.66946131219128802, -61.62814894030654500, -59.84493695669227264 ) ) ;
#1089 = CARTESIAN_POINT ( 'NONE',  ( -198.5254042807459314, -41.09263180484652622, 59.99999999999999289 ) ) ;
#1090 = CARTESIAN_POINT ( 'NONE',  ( -75.15856281537482175, -112.1457923070107512, -59.99999999999818812 ) ) ;
#1091 = ADVANCED_FACE ( 'NONE', ( #1788 ), #2113, .F. ) ;
#1092 = ORIENTED_EDGE ( 'NONE', *, *, #3537, .F. ) ;
#1093 = CARTESIAN_POINT ( 'NONE',  ( -132.6479678422798258, -143.8035720726286684, 24.08304498269632887 ) ) ;
#1094 = CARTESIAN_POINT ( 'NONE',  ( -54.25678674139491875, -6.574377145520770682, 63.71825335584291139 ) ) ;
#1095 = SHAPE_DEFINITION_REPRESENTATION ( #3096, #613 ) ;
#1096 = ORIENTED_EDGE ( 'NONE', *, *, #2242, .F. ) ;
#1097 = CARTESIAN_POINT ( 'NONE',  ( -33.73070838460889576, -62.00000000000001421, 50.43185033631868208 ) ) ;
#1098 = DIRECTION ( 'NONE',  ( 0.7073221891495924396, 0.7068913075831589898, 0.000000000000000000 ) ) ;
#1099 = CARTESIAN_POINT ( 'NONE',  ( -136.5252382652931828, -185.8241063156962412, -5.000000000003546496 ) ) ;
#1100 = CARTESIAN_POINT ( 'NONE',  ( -20.16998182668911710, -62.58575359899074186, 9.997633136094956186 ) ) ;
#1101 = CARTESIAN_POINT ( 'NONE',  ( -93.11243556914762109, -31.00000000000000000, 56.76859679596574182 ) ) ;
#1102 = CARTESIAN_POINT ( 'NONE',  ( -141.4999999999999716, 57.66982458302326364, 27.68809977245043186 ) ) ;
#1103 = CARTESIAN_POINT ( 'NONE',  ( -74.27104289671002846, -65.33543816700630202, 59.84493695669203106 ) ) ;
#1104 = VERTEX_POINT ( 'NONE', #2962 ) ;
#1105 = CARTESIAN_POINT ( 'NONE',  ( -81.13564058080298480, 15.43574668213765122, 62.77779446381808981 ) ) ;
#1106 = PLANE ( 'NONE',  #463 ) ;
#1107 = CARTESIAN_POINT ( 'NONE',  ( -77.00217455811433354, -63.44883555944180387, -60.00000000000005684 ) ) ;
#1108 = EDGE_CURVE ( 'NONE', #3350, #2657, #1756, .T. ) ;
#1109 = ORIENTED_EDGE ( 'NONE', *, *, #472, .T. ) ;
#1110 = CARTESIAN_POINT ( 'NONE',  ( -80.14414062567583130, -114.8912081666570515, 60.00000000000162714 ) ) ;
#1111 = CARTESIAN_POINT ( 'NONE',  ( -17.49999999999995381, -58.99999999999530331, -10.84836271682688036 ) ) ;
#1112 = CARTESIAN_POINT ( 'NONE',  ( -17.75813024592674338, -58.32486057524133827, 14.01023801397766810 ) ) ;
#1113 = CARTESIAN_POINT ( 'NONE',  ( -40.28609907351069097, -61.22623765936324958, 45.59999999999974563 ) ) ;
#1114 = CARTESIAN_POINT ( 'NONE',  ( -98.69149342542247894, -31.00000000000001066, -54.64625568282289692 ) ) ;
#1115 = EDGE_CURVE ( 'NONE', #3704, #112, #2052, .T. ) ;
#1116 = ORIENTED_EDGE ( 'NONE', *, *, #3129, .T. ) ;
#1117 = CARTESIAN_POINT ( 'NONE',  ( -90.18937550053297514, -65.92383643957631989, -59.09311614065316576 ) ) ;
#1118 = CARTESIAN_POINT ( 'NONE',  ( -78.13746809974570340, 22.42562285447947446, 59.88249295392556348 ) ) ;
#1119 = CARTESIAN_POINT ( 'NONE',  ( -134.4291178553538657, -144.7844007108232915, -19.54082840236930707 ) ) ;
#1120 = CARTESIAN_POINT ( 'NONE',  ( -21.69788050165620774, -72.83760773172755876, 19.54082840236997853 ) ) ;
#1121 = CARTESIAN_POINT ( 'NONE',  ( -35.29841995929280074, -63.56475448994762445, -40.59999999999998721 ) ) ;
#1122 = CARTESIAN_POINT ( 'NONE',  ( -54.22189964927385120, 3.460531211828397957, 63.71947163994511243 ) ) ;
#1123 = CARTESIAN_POINT ( 'NONE',  ( -35.96254805596293380, -62.35276517578277122, 41.28817326176661595 ) ) ;
#1124 = CARTESIAN_POINT ( 'NONE',  ( -68.66127848647323617, -65.12808129297580706, -59.09311614065313734 ) ) ;
#1125 = EDGE_CURVE ( 'NONE', #1270, #728, #1457, .T. ) ;
#1126 = EDGE_LOOP ( 'NONE', ( #1827, #1485, #793, #151, #415 ) ) ;
#1127 = CARTESIAN_POINT ( 'NONE',  ( -117.6684282905270322, -101.0082511069621489, 45.60000000000017195 ) ) ;
#1128 = DIRECTION ( 'NONE',  ( 0.9993908270190958731, -0.000000000000000000, 0.03489949670250119124 ) ) ;
#1129 = DIRECTION ( 'NONE',  ( -1.000000000000000000, 0.000000000000000000, -0.000000000000000000 ) ) ;
#1130 = ORIENTED_EDGE ( 'NONE', *, *, #1917, .F. ) ;
#1131 = CARTESIAN_POINT ( 'NONE',  ( -93.14395827591290811, -66.03304834288717018, -58.49600000000003064 ) ) ;
#1132 = CARTESIAN_POINT ( 'NONE',  ( -17.98485976688690968, -58.14289343914303032, -14.97695023787446011 ) ) ;
#1133 = EDGE_CURVE ( 'NONE', #95, #596, #3177, .T. ) ;
#1134 = CARTESIAN_POINT ( 'NONE',  ( -136.3284785693804224, -67.62930203194093792, 19.54082840236652174 ) ) ;
#1135 = VECTOR ( 'NONE', #848, 1000.000000000000000 ) ;
#1136 = DIRECTION ( 'NONE',  ( 1.000000000000000000, 0.000000000000000000, 0.000000000000000000 ) ) ;
#1137 = CARTESIAN_POINT ( 'NONE',  ( -40.25207915911632028, -64.07797609506724257, -45.59999999999981668 ) ) ;
#1138 = CARTESIAN_POINT ( 'NONE',  ( -54.22189964927385120, -6.609285502869949092, 63.71947163994511243 ) ) ;
#1139 = VECTOR ( 'NONE', #2027, 1000.000000000000000 ) ;
#1140 = VECTOR ( 'NONE', #897, 1000.000000000000000 ) ;
#1141 = CARTESIAN_POINT ( 'NONE',  ( -17.49999999999994671, -62.00000000000001421, 62.00000000000000000 ) ) ;
#1142 = CARTESIAN_POINT ( 'NONE',  ( -17.49999999999993960, -53.06324770812807401, -28.02135906518623898 ) ) ;
#1143 = CARTESIAN_POINT ( 'NONE',  ( -22.49999999999994671, -61.73056963236760453, 18.75405125479667845 ) ) ;
#1144 = VECTOR ( 'NONE', #3331, 1000.000000000000114 ) ;
#1145 = ORIENTED_EDGE ( 'NONE', *, *, #828, .T. ) ;
#1146 = CARTESIAN_POINT ( 'NONE',  ( -81.92362086049254799, -65.61830470627658940, 59.99999999999999289 ) ) ;
#1147 = CARTESIAN_POINT ( 'NONE',  ( -122.2999999999999545, -0.7021528377315977565, -8.658602302181952481 ) ) ;
#1148 = CARTESIAN_POINT ( 'NONE',  ( -33.32277586022228633, -62.57532154423239490, 48.60991317309127879 ) ) ;
#1149 = CARTESIAN_POINT ( 'NONE',  ( -34.60990245007629085, -103.4380601425177701, 42.75473822481509956 ) ) ;
#1150 = ORIENTED_EDGE ( 'NONE', *, *, #2565, .T. ) ;
#1151 = CARTESIAN_POINT ( 'NONE',  ( -79.50070232821813931, -63.48677944551091201, -59.99999999999985789 ) ) ;
#1152 = CARTESIAN_POINT ( 'NONE',  ( -17.99045273798776634, -58.13954962349856714, -15.01271594797329989 ) ) ;
#1153 = CARTESIAN_POINT ( 'NONE',  ( -139.4844922314914299, -61.26711030728764484, -5.000000000000094147 ) ) ;
#1154 = CARTESIAN_POINT ( 'NONE',  ( -72.79999999999995453, 60.06888144710634236, -30.60000000000002274 ) ) ;
#1155 = CARTESIAN_POINT ( 'NONE',  ( -54.65764782386353460, -100.8565216754805078, -55.50814291124981281 ) ) ;
#1156 = CARTESIAN_POINT ( 'NONE',  ( -48.21246201687684874, -97.30734121811978810, 52.35702562808059923 ) ) ;
#1157 = EDGE_CURVE ( 'NONE', #2971, #492, #1202, .T. ) ;
#1158 = CARTESIAN_POINT ( 'NONE',  ( -17.49999998186538264, -53.00000000000001421, 28.10549833112544604 ) ) ;
#1159 = LINE ( 'NONE', #2993, #459 ) ;
#1160 = CARTESIAN_POINT ( 'NONE',  ( -18.65234975959985775, 0.09825394506722633092, -60.00000000000000000 ) ) ;
#1161 = CARTESIAN_POINT ( 'NONE',  ( -43.79999999999996874, -39.47106207595393812, 53.40031608405615771 ) ) ;
#1162 = CARTESIAN_POINT ( 'NONE',  ( -173.5906365705289147, 33.46271170769777825, -60.00000000000000711 ) ) ;
#1163 = ORIENTED_EDGE ( 'NONE', *, *, #639, .F. ) ;
#1164 = CARTESIAN_POINT ( 'NONE',  ( -81.99923009832139087, -63.52472333158007700, 59.99999999999992184 ) ) ;
#1165 = CARTESIAN_POINT ( 'NONE',  ( -29.62800267287911282, -61.52845225725241107, -34.41407451464137779 ) ) ;
#1166 = CARTESIAN_POINT ( 'NONE',  ( -39.65795937009333016, -62.00000000000002132, 47.04104152170923214 ) ) ;
#1167 = VERTEX_POINT ( 'NONE', #3658 ) ;
#1168 = CARTESIAN_POINT ( 'NONE',  ( -93.22061801941131876, -63.69513691269406053, -58.49599999999991695 ) ) ;
#1169 = DIRECTION ( 'NONE',  ( 0.000000000000000000, 1.000000000000000000, 0.000000000000000000 ) ) ;
#1170 = CARTESIAN_POINT ( 'NONE',  ( -90.26575862080323986, -63.65026294742816049, 59.09311614065313023 ) ) ;
#1171 = ADVANCED_FACE ( 'NONE', ( #2205 ), #1007, .T. ) ;
#1172 = CARTESIAN_POINT ( 'NONE',  ( -127.5782140542793570, -61.34553088509913010, 36.14937136423352371 ) ) ;
#1173 = ORIENTED_EDGE ( 'NONE', *, *, #2491, .T. ) ;
#1174 = CARTESIAN_POINT ( 'NONE',  ( -78.59283282688627992, -51.27474891500789766, -60.00000000000000711 ) ) ;
#1175 = CARTESIAN_POINT ( 'NONE',  ( -21.82847397736809825, -93.10584323043043753, -24.08304498269539096 ) ) ;
#1176 = CARTESIAN_POINT ( 'NONE',  ( -17.49999999999994671, -56.17286063576781885, 21.11226762173148330 ) ) ;
#1177 = CARTESIAN_POINT ( 'NONE',  ( -122.2999999999999545, -30.99999999999999645, -55.60000000000000142 ) ) ;
#1178 = CARTESIAN_POINT ( 'NONE',  ( -17.49999999999993250, -37.51589604356316698, 46.91346099007718351 ) ) ;
#1179 = CARTESIAN_POINT ( 'NONE',  ( -71.05513723354636113, 112.9162159235624188, -60.00000000000001421 ) ) ;
#1180 = EDGE_CURVE ( 'NONE', #1791, #2042, #392, .T. ) ;
#1181 = ORIENTED_EDGE ( 'NONE', *, *, #2261, .F. ) ;
#1182 = CARTESIAN_POINT ( 'NONE',  ( -112.2979652268752346, -61.44617408562862693, 50.40000000000027569 ) ) ;
#1183 = B_SPLINE_CURVE_WITH_KNOTS ( 'NONE', 3,
 ( #1541, #954, #376, #1207, #2710, #93, #647, #2689, #58, #3642, #1224, #2410, #3621, #2729, #37, #3337 ),
 .UNSPECIFIED., .F., .F.,
 ( 4, 2, 2, 2, 2, 2, 2, 4 ),
 ( 0.000000000000000000, 0.001217339205342570212, 0.002434678410685140425, 0.003652017616027710203, 0.004260687218698991190, 0.004412854619366819026, 0.004565022020034646862, 0.004869356821370308605 ),
 .UNSPECIFIED. ) ;
#1184 = CARTESIAN_POINT ( 'NONE',  ( -22.49999999848191479, -61.73056969535324612, -18.75405147059747790 ) ) ;
#1185 = CYLINDRICAL_SURFACE ( 'NONE', #3260, 2.999999999999996447 ) ;
#1186 = CARTESIAN_POINT ( 'NONE',  ( -27.07102597742377625, -85.66535386840925526, 32.38754325260363487 ) ) ;
#1187 = ORIENTED_EDGE ( 'NONE', *, *, #1654, .T. ) ;
#1188 = CARTESIAN_POINT ( 'NONE',  ( -79.25440050823725358, -139.5276598968472967, -60.00000000000446931 ) ) ;
#1189 = CARTESIAN_POINT ( 'NONE',  ( -18.49999999999997158, -58.00000000000002842, -15.90491809182565142 ) ) ;
#1190 = CARTESIAN_POINT ( 'NONE',  ( -35.31074968413040693, -61.36731568667233461, -40.59999999951993743 ) ) ;
#1191 = CARTESIAN_POINT ( 'NONE',  ( -59.65205528617163111, -61.79292582580409032, 56.70400000000032037 ) ) ;
#1192 = CARTESIAN_POINT ( 'NONE',  ( -98.37489872657434375, -95.34493925434276207, 56.70400000000102381 ) ) ;
#1193 = EDGE_LOOP ( 'NONE', ( #3430, #951, #1867, #336 ) ) ;
#1194 = CARTESIAN_POINT ( 'NONE',  ( -78.21883569026275040, -49.46461606506705522, 60.00000000000000000 ) ) ;
#1195 = CARTESIAN_POINT ( 'NONE',  ( -38.56442168787872049, -91.99443989723418724, -45.59999999999916298 ) ) ;
#1196 = CARTESIAN_POINT ( 'NONE',  ( -22.45566830402177061, -58.69499376131683732, 21.42758999860041413 ) ) ;
#1197 = VECTOR ( 'NONE', #3785, 1000.000000000000114 ) ;
#1198 = CARTESIAN_POINT ( 'NONE',  ( -78.13746809974578866, -9.574377145520770682, 59.88249295392556348 ) ) ;
#1199 = COLOUR_RGB ( '',0.7921568627450980005, 0.8196078431372548767, 0.9333333333333333481 ) ;
#1200 = CARTESIAN_POINT ( 'NONE',  ( -17.49999999999994316, -26.18376369199353704, 54.00368297416538610 ) ) ;
#1201 = CARTESIAN_POINT ( 'NONE',  ( -129.6086716155722058, 82.65408575809773595, -59.99999999999997158 ) ) ;
#1202 =( BOUNDED_CURVE ( )  B_SPLINE_CURVE ( 3, ( #130, #448, #1338, #1558 ),
 .UNSPECIFIED., .F., .F. ) 
 B_SPLINE_CURVE_WITH_KNOTS ( ( 4, 4 ),
 ( 2.773324760153153434, 3.141592653589793116 ),
 .UNSPECIFIED. ) 
 CURVE ( )  GEOMETRIC_REPRESENTATION_ITEM ( )  RATIONAL_B_SPLINE_CURVE ( ( 1.000000000000000000, 0.9887301263230200421, 0.9887301263230200421, 1.000000000000000000 ) ) 
 REPRESENTATION_ITEM ( '' )  );
#1203 = VECTOR ( 'NONE', #1586, 1000.000000000000000 ) ;
#1204 = ORIENTED_EDGE ( 'NONE', *, *, #3322, .T. ) ;
#1205 = CARTESIAN_POINT ( 'NONE',  ( -46.68352774892332491, -61.04483600357171014, 50.39999999999969305 ) ) ;
#1206 = CARTESIAN_POINT ( 'NONE',  ( -122.2999999999998550, -3.047716930967958593, 14.44854673285480473 ) ) ;
#1207 = CARTESIAN_POINT ( 'NONE',  ( -21.21489826221942110, -52.99999999999998579, 29.44571340463494025 ) ) ;
#1208 = CARTESIAN_POINT ( 'NONE',  ( -22.65473559876038934, -83.23342840103978801, 24.08304498270494776 ) ) ;
#1209 = ADVANCED_FACE ( 'NONE', ( #738 ), #2168, .F. ) ;
#1210 = ORIENTED_EDGE ( 'NONE', *, *, #2219, .F. ) ;
#1211 = CARTESIAN_POINT ( 'NONE',  ( -130.2157292083423670, -61.32815891887333493, -32.38754325259532862 ) ) ;
#1212 = CARTESIAN_POINT ( 'NONE',  ( -18.07116313989214618, -58.09658805512265900, -15.00473405655847436 ) ) ;
#1213 = CARTESIAN_POINT ( 'NONE',  ( -78.64711936630781963, 58.86408599522593477, 8.000000000000000000 ) ) ;
#1214 = CARTESIAN_POINT ( 'NONE',  ( -111.2798423421986342, -99.13298228159246150, 50.40000000000094360 ) ) ;
#1215 = VERTEX_POINT ( 'NONE', #375 ) ;
#1216 = CARTESIAN_POINT ( 'NONE',  ( -28.80393124210088018, -62.71687305135993995, -32.38754325259491651 ) ) ;
#1217 = CARTESIAN_POINT ( 'NONE',  ( -122.2999999999999545, 31.60000000000000142, 58.26606225008043793 ) ) ;
#1218 = CARTESIAN_POINT ( 'NONE',  ( -78.19711487130798844, -9.574377145520784893, 61.59055301189123099 ) ) ;
#1219 = CARTESIAN_POINT ( 'NONE',  ( -17.49999999999993960, -22.10270181702567527, 55.85909061536636955 ) ) ;
#1220 = CARTESIAN_POINT ( 'NONE',  ( 18.24431566409942818, -108.0794983087116208, 60.00000000000001421 ) ) ;
#1221 = ORIENTED_EDGE ( 'NONE', *, *, #2782, .F. ) ;
#1222 = CARTESIAN_POINT ( 'NONE',  ( -71.62711609597306506, -133.3619361542881450, 59.84493695669448954 ) ) ;
#1223 = CARTESIAN_POINT ( 'NONE',  ( -122.2999999999999403, -7.805797692610337180, 21.66883962405423603 ) ) ;
#1224 = CARTESIAN_POINT ( 'NONE',  ( -18.70289331411141731, -53.00000000000006395, 28.29898622776862638 ) ) ;
#1225 = CARTESIAN_POINT ( 'NONE',  ( -19.53603584573013308, -62.57612617985067516, -4.999999999999547917 ) ) ;
#1226 = ADVANCED_FACE ( 'NONE', ( #3078 ), #1596, .F. ) ;
#1227 = EDGE_LOOP ( 'NONE', ( #2141, #785, #1786, #758, #1560, #910, #3590 ) ) ;
#1228 = CARTESIAN_POINT ( 'NONE',  ( -118.9188257179776969, -171.5914817017137466, -42.75473822481249186 ) ) ;
#1229 = CARTESIAN_POINT ( 'NONE',  ( -17.49999999999994316, 56.43375892731697974, 60.97233507591090529 ) ) ;
#1230 = CARTESIAN_POINT ( 'NONE',  ( 4.192541622498975329, 62.75752024568941323, 52.76361197549847759 ) ) ;
#1231 = ADVANCED_FACE ( 'NONE', ( #2826 ), #2805, .F. ) ;
#1232 = CARTESIAN_POINT ( 'NONE',  ( -96.55716561287225375, -153.5148228044832308, 56.70400000000314833 ) ) ;
#1233 = VERTEX_POINT ( 'NONE', #3039 ) ;
#1234 = CARTESIAN_POINT ( 'NONE',  ( -19.31028385886681775, -57.99999999999997868, 16.74470058424220653 ) ) ;
#1235 = CARTESIAN_POINT ( 'NONE',  ( -21.58319404003828268, -58.00000000000002132, -20.78647807729528196 ) ) ;
#1236 = DIRECTION ( 'NONE',  ( -0.000000000000000000, -0.000000000000000000, -1.000000000000000000 ) ) ;
#1237 = CARTESIAN_POINT ( 'NONE',  ( -153.9786784198986709, 59.91910272670642712, 59.99999999999999289 ) ) ;
#1238 = CARTESIAN_POINT ( 'NONE',  ( -22.49999999999995026, -47.27621314871273484, 38.01322549801781747 ) ) ;
#1239 = CARTESIAN_POINT ( 'NONE',  ( -0.6157055276824332513, -117.7454323677408894, 60.00000000000003553 ) ) ;
#1240 = ORIENTED_EDGE ( 'NONE', *, *, #1654, .F. ) ;
#1241 = CARTESIAN_POINT ( 'NONE',  ( -46.64771145860861168, -64.31438144546868330, 50.40000000000025437 ) ) ;
#1242 = CARTESIAN_POINT ( 'NONE',  ( -72.79999999999995453, 1.960802204827610806, -55.59999999999998721 ) ) ;
#1243 = CARTESIAN_POINT ( 'NONE',  ( -18.07826217032691929, -58.09326406066711002, 14.96380092904801096 ) ) ;
#1244 = CARTESIAN_POINT ( 'NONE',  ( -22.65473559875387366, -83.23342840103687479, -24.08304498269645322 ) ) ;
#1245 = EDGE_CURVE ( 'NONE', #492, #1480, #168, .T. ) ;
#1246 = ORIENTED_EDGE ( 'NONE', *, *, #2315, .T. ) ;
#1247 = CARTESIAN_POINT ( 'NONE',  ( -112.2029425283980828, -66.73753628708348629, -50.40000000000011937 ) ) ;
#1248 = CARTESIAN_POINT ( 'NONE',  ( -17.49999999999995026, 62.00000000000000711, 52.66555238291859098 ) ) ;
#1249 = CARTESIAN_POINT ( 'NONE',  ( -153.8999999999999204, 27.25508223075270564, 57.23680704132559782 ) ) ;
#1250 = CARTESIAN_POINT ( 'NONE',  ( -112.2571716719030661, -59.18546903170754803, 50.39999999999972857 ) ) ;
#1251 = EDGE_LOOP ( 'NONE', ( #232, #3584, #3292, #976 ) ) ;
#1252 = CARTESIAN_POINT ( 'NONE',  ( -74.27104289670964476, -65.33543816700633045, -59.84493695669201685 ) ) ;
#1253 = CARTESIAN_POINT ( 'NONE',  ( -122.2999999999998977, 30.90871358405729197, 58.31557320301457992 ) ) ;
#1254 = EDGE_CURVE ( 'NONE', #673, #1270, #2488, .T. ) ;
#1255 = CARTESIAN_POINT ( 'NONE',  ( 36.78506813787333840, -83.25588115047713700, 60.00000000000005684 ) ) ;
#1256 = PLANE ( 'NONE',  #466 ) ;
#1257 = CARTESIAN_POINT ( 'NONE',  ( -141.5000000000000284, 41.01620342171178635, 54.55065087221681353 ) ) ;
#1258 = STYLED_ITEM ( 'NONE', ( #1606 ), #1861 ) ;
#1259 = VECTOR ( 'NONE', #2321, 1000.000000000000114 ) ;
#1260 = ORIENTED_EDGE ( 'NONE', *, *, #1662, .T. ) ;
#1261 = CARTESIAN_POINT ( 'NONE',  ( -2.288463736401940007, 0.000000000000000000, 65.53302718437296903 ) ) ;
#1262 = CARTESIAN_POINT ( 'NONE',  ( -78.21883569025744976, -49.46461606506705522, -60.00000000000000000 ) ) ;
#1263 = CARTESIAN_POINT ( 'NONE',  ( -17.00348990276037497, -89.20543552854131519, 5.000000000009569234 ) ) ;
#1264 = VECTOR ( 'NONE', #2058, 1000.000000000000000 ) ;
#1265 = VERTEX_POINT ( 'NONE', #2787 ) ;
#1266 = CARTESIAN_POINT ( 'NONE',  ( -127.5602051517691677, -64.21663497143207167, -36.14937136423336028 ) ) ;
#1267 = VECTOR ( 'NONE', #2562, 1000.000000000000227 ) ;
#1268 = DIRECTION ( 'NONE',  ( -0.000000000000000000, 1.000000000000000000, 0.000000000000000000 ) ) ;
#1269 = CARTESIAN_POINT ( 'NONE',  ( -168.5618481515208202, 56.72480402170329938, 56.72480402170328517 ) ) ;
#1270 = VERTEX_POINT ( 'NONE', #113 ) ;
#1271 = CARTESIAN_POINT ( 'NONE',  ( -39.82050807570290374, -62.00000000000000000, 44.99275894678353183 ) ) ;
#1272 = CARTESIAN_POINT ( 'NONE',  ( -36.80239098332135939, -62.00000000000000711, 48.76981638489176163 ) ) ;
#1273 = CARTESIAN_POINT ( 'NONE',  ( -22.49999999999996092, -59.28105416785506776, 20.71224842844957692 ) ) ;
#1274 = CARTESIAN_POINT ( 'NONE',  ( -108.9825378422788162, -59.27832258724419745, -52.35702562807696125 ) ) ;
#1275 = EDGE_CURVE ( 'NONE', #2677, #1941, #1845, .T. ) ;
#1276 = CARTESIAN_POINT ( 'NONE',  ( -78.21883569026275040, -49.46461606506705522, 60.00000000000000000 ) ) ;
#1277 = CARTESIAN_POINT ( 'NONE',  ( -18.56706209226468474, -46.00000000000003553, 38.52018133310613734 ) ) ;
#1278 = CARTESIAN_POINT ( 'NONE',  ( -141.4999999999999432, 57.62874619793191755, 29.50144075315403924 ) ) ;
#1279 = ORIENTED_EDGE ( 'NONE', *, *, #1799, .F. ) ;
#1280 = DIRECTION ( 'NONE',  ( 1.000000000000000000, 0.000000000000000000, 0.000000000000000000 ) ) ;
#1281 = CARTESIAN_POINT ( 'NONE',  ( -79.16709278868789568, -54.86808968111181173, -60.00000000000000000 ) ) ;
#1282 = CARTESIAN_POINT ( 'NONE',  ( -28.80393124210088018, -62.71687305135993995, -32.38754325259491651 ) ) ;
#1283 = ORIENTED_EDGE ( 'NONE', *, *, #3333, .F. ) ;
#1284 = CARTESIAN_POINT ( 'NONE',  ( -138.8504869028076030, -61.27128617681383815, -9.997633136094894013 ) ) ;
#1285 = DIRECTION ( 'NONE',  ( 0.000000000000000000, -1.000000000000000000, 9.912705577010328508E-16 ) ) ;
#1286 = CARTESIAN_POINT ( 'NONE',  ( 8.664739500244300174, 52.91978456670867104, 62.91369283689967062 ) ) ;
#1287 = ORIENTED_EDGE ( 'NONE', *, *, #3397, .T. ) ;
#1288 = LINE ( 'NONE', #3360, #2891 ) ;
#1289 = CARTESIAN_POINT ( 'NONE',  ( -63.96294928458838314, -105.9806864525984906, -58.49600000000653210 ) ) ;
#1290 = CARTESIAN_POINT ( 'NONE',  ( -116.7382817531511279, -135.0425605764440320, -45.60000000000278675 ) ) ;
#1291 = CARTESIAN_POINT ( 'NONE',  ( 32.22930144476326575, -92.43852706128686236, -60.00000000000000711 ) ) ;
#1292 = CARTESIAN_POINT ( 'NONE',  ( -72.79999999999992610, 18.41268876890515926, -48.35819205812167354 ) ) ;
#1293 = CARTESIAN_POINT ( 'NONE',  ( -51.69846653349476640, 60.80576323321255927, 8.000000000000000000 ) ) ;
#1294 = ORIENTED_EDGE ( 'NONE', *, *, #3257, .T. ) ;
#1295 = DIRECTION ( 'NONE',  ( 0.03489949670250119124, 0.000000000000000000, -0.9993908270190957621 ) ) ;
#1296 = CARTESIAN_POINT ( 'NONE',  ( -79.47034971041347262, -60.11515251763993462, 60.00000000000000000 ) ) ;
#1297 = CARTESIAN_POINT ( 'NONE',  ( -56.46541484005936695, -61.81391460007441907, -55.50814291124874700 ) ) ;
#1298 = ADVANCED_FACE ( 'NONE', ( #3714 ), #1047, .F. ) ;
#1299 = VERTEX_POINT ( 'NONE', #973 ) ;
#1300 = CARTESIAN_POINT ( 'NONE',  ( -138.7504931680044251, -67.71882831848351714, -9.997633136095009476 ) ) ;
#1301 = CARTESIAN_POINT ( 'NONE',  ( -22.49999999999993605, -63.26541581200734043, 18.79720003367232195 ) ) ;
#1302 = CARTESIAN_POINT ( 'NONE',  ( -149.4185207996583813, 27.41157893288989911, 57.39330374346279484 ) ) ;
#1303 = ORIENTED_EDGE ( 'NONE', *, *, #2309, .F. ) ;
#1304 = CARTESIAN_POINT ( 'NONE',  ( -38.40406863781414160, -62.00000000000001421, 47.35763313209071157 ) ) ;
#1305 = CARTESIAN_POINT ( 'NONE',  ( -34.97002548693153301, -62.00000000000004263, 49.78844552248384048 ) ) ;
#1306 = B_SPLINE_CURVE_WITH_KNOTS ( 'NONE', 3,
 ( #1996, #1364, #3199, #3792, #853, #2306, #3738, #567, #3504, #2851, #2926, #2017, #3218, #190, #550, #1437, #3811, #208, #1147, #1677, #2326, #3522, #1073, #2942, #2728, #358, #317, #3557, #1540, #626, #912, #3253, #1206, #76, #586, #2345, #2409, #892, #1223, #2388, #2094, #1769, #3275, #2430, #2364, #3828, #3620, #1498, #1806, #2074, #2688, #3000 ),
 .UNSPECIFIED., .F., .F.,
 ( 4, 2, 2, 2, 2, 2, 2, 2, 2, 2, 2, 2, 2, 2, 2, 2, 2, 2, 2, 2, 2, 2, 2, 2, 2, 4 ),
 ( 0.000000000000000000, 0.006396790175457879417, 0.01279358035091575883, 0.01919037052637363738, 0.02238876561410257579, 0.02558716070183151767, 0.03198395087728939795, 0.03518234596501834677, 0.03838074105274728864, 0.04477753122820517934, 0.04637672877206965721, 0.04797592631593412815, 0.05117432140366307697, 0.05757111157912097460, 0.06076950666684991648, 0.06396790175457883754, 0.06716629684230777941, 0.06876549438617225729, 0.07036469193003672129, 0.07676148210549460504, 0.07836067964935908292, 0.07995987719322354692, 0.08315827228095248880, 0.08955506245641035867, 0.09595185263186824243, 0.1023486428073261123 ),
 .UNSPECIFIED. ) ;
#1307 = CARTESIAN_POINT ( 'NONE',  ( -87.49283490513484196, -146.1874234269280066, -59.09311614065782692 ) ) ;
#1308 = CARTESIAN_POINT ( 'NONE',  ( -68.66127848647383303, -65.12808129297583548, 59.09311614065321550 ) ) ;
#1309 = CARTESIAN_POINT ( 'NONE',  ( -55.68217797572571470, -12.71270627533271380, 59.99999999999999289 ) ) ;
#1310 = FACE_OUTER_BOUND ( 'NONE', #1549, .T. ) ;
#1311 = CARTESIAN_POINT ( 'NONE',  ( -17.49999999999994671, -62.00000000000001421, 62.00000000000000000 ) ) ;
#1312 = B_SPLINE_SURFACE_WITH_KNOTS ( 'NONE', 3, 3, ( 
 ( #1974, #1957, #1359, #1672, #3463, #1379, #3754 ),
 ( #2883, #2864, #185, #2845, #2569, #2546, #507 ),
 ( #203, #1088, #2589, #3733, #1067, #3444, #747 ),
 ( #1930, #768, #2520, #3053, #1607, #3381, #1307 ),
 ( #1625, #407, #2539, #123, #2464, #2799, #441 ),
 ( #107, #3363, #3725, #387, #1021, #717, #2818 ),
 ( #1060, #1895, #1569, #3707, #2199, #2236, #2763 ),
 ( #1274, #179, #1352, #1911, #694, #1590, #460 ),
 ( #985, #2500, #2781, #1331, #3653, #3689, #2839 ),
 ( #2162, #1649, #1002, #3435, #140, #1290, #1875 ),
 ( #2482, #3109, #1040, #3071, #3126, #160, #3669 ),
 ( #2179, #3399, #3090, #731, #422, #2217, #3413 ),
 ( #3766, #3744, #3207, #3800, #268, #3783, #1738 ),
 ( #2933, #538, #2296, #235, #197, #1666, #1371 ),
 ( #3475, #3818, #2334, #1412, #2005, #1119, #501 ),
 ( #1685, #2559, #2618, #3492, #3188, #2601, #3168 ),
 ( #807, #1153, #1082, #823, #1951, #1721, #1099 ),
 ( #2258, #2915, #3530, #3151, #1986, #2278, #482 ),
 ( #251, #842, #519, #2023, #3457, #1705, #2858 ),
 ( #2897, #1428, #788, #1134, #2582, #2316, #1393 ),
 ( #3512, #3224, #1968, #556, #1444, #2639, #2875 ),
 ( #215, #655, #3589, #45, #2352, #324, #3029 ),
 ( #84, #1172, #574, #287, #66, #3546, #879 ),
 ( #1548, #1484, #2951, #2738, #614, #920, #2676 ),
 ( #2101, #3241, #2697, #2717, #3302, #1464, #861 ),
 ( #1250, #2438, #2988, #633, #1214, #3264, #2970 ),
 ( #2656, #1528, #2397, #2083, #1505, #2062, #3324 ),
 ( #2041, #2, #1814, #1757, #3008, #22, #595 ),
 ( #347, #1776, #305, #901, #1192, #2375, #1232 ),
 ( #3608, #3568, #938, #3283, #1795, #2418, #2120 ),
 ( #1836, #366, #1170, #3748, #285, #2563, #1463 ),
 ( #1356, #2059, #1086, #465, #304, #1774, #1689 ),
 ( #2969, #2040, #2332, #773, #2587, #2675, #1955 ),
 ( #3833, #2263, #2655, #3461, #2862, #900, #2880 ),
 ( #2843, #3770, #21, #1103, #3528, #201, #183 ),
 ( #859, #3172, #219, #3240, #2351, #1377, #1653 ),
 ( #792, #2543, #573, #3730, #3131, #1397, #1064 ),
 ( #3439, #1191, #594, #1755, #486, #3155, #1972 ),
 ( #3262, #2949, #1670, #3545, #2372, #3567, #505 ),
 ( #878, #2241, #2082, #2756, #2458, #1156, #2650 ),
 ( #2308, #2613, #210, #1386, #3220, #802, #2019 ),
 ( #1113, #496, #534, #1408, #1981, #2289, #514 ),
 ( #3813, #1698, #3524, #552, #855, #3487, #1149 ),
 ( #1717, #2911, #3794, #2928, #1734, #3506, #377 ),
 ( #299, #3296, #2115, #608, #1771, #1186, #1559 ),
 ( #2711, #2390, #3317, #3002, #2749, #1208, #2453 ),
 ( #59, #94, #3255, #1831, #874, #1847, #3041 ),
 ( #2366, #3277, #2135, #38, #2669, #339, #1790 ),
 ( #2964, #1521, #667, #16, #3559, #2054, #1263 ),
 ( #1808, #914, #1225, #1542, #2411, #1479, #588 ),
 ( #3582, #955, #894, #2096, #2076, #3338, #2690 ),
 ( #3602, #2983, #648, #319, #1500, #628, #933 ),
 ( #3622, #3023, #360, #2730, #78, #1244, #2432 ),
 ( #2510, #2807, #1282, #3100, #1937, #2473, #394 ),
 ( #1598, #3118, #414, #3370, #1361, #3390, #701 ),
 ( #432, #2227, #1616, #148, #1883, #3353, #3080 ),
 ( #3677, #723, #1340, #3698, #2528, #3643, #450 ),
 ( #2187, #132, #1902, #740, #2207, #992, #3138 ),
 ( #3061, #1316, #1029, #2789, #683, #115, #471 ),
 ( #3407, #1297, #1921, #1635, #1657, #2490, #975 ),
 ( #2828, #2847, #2152, #170, #1866, #757, #187 ),
 ( #3716, #1049, #1009, #3424, #2170, #1577, #2771 ),
 ( #3660, #529, #2548, #1124, #1693, #3735, #3159 ),
 ( #2591, #1993, #3215, #1712, #490, #2939, #275 ),
 ( #1069, #3789, #1107, #2904, #2571, #1090, #2246 ),
 ( #241, #1959, #2303, #2323, #3446, #1403, #509 ) ),
 .UNSPECIFIED., .T., .F., .F.,
 ( 4, 2, 2, 2, 2, 2, 2, 2, 2, 2, 2, 2, 2, 2, 2, 2, 2, 2, 2, 2, 2, 2, 2, 2, 2, 2, 2, 2, 2, 2, 2, 2, 4 ),
 ( 4, 3, 4 ),
 ( 0.000000000000000000, 0.03124999999999986122, 0.06249999999999972244, 0.09374999999999958367, 0.1249999999999994449, 0.1562499999999993894, 0.1874999999999993339, 0.2187499999999992506, 0.2499999999999991673, 0.2812499999999990563, 0.3124999999999990008, 0.3437499999999988898, 0.3749999999999988343, 0.4062499999999987232, 0.4374999999999986677, 0.4687499999999985567, 0.4999999999999985567, 0.5312499999999985567, 0.5624999999999984457, 0.5937499999999985567, 0.6249999999999986677, 0.6562499999999987788, 0.6874999999999987788, 0.7187499999999988898, 0.7499999999999990008, 0.7812499999999991118, 0.8124999999999991118, 0.8437499999999992228, 0.8749999999999993339, 0.9062499999999994449, 0.9374999999999994449, 0.9687499999999996669, 1.000000000000000000 ),
 ( 0.9486694958060668537, 1.000000000000000000, 1.604037418437329165 ),
 .UNSPECIFIED. ) ;
#1313 = VERTEX_POINT ( 'NONE', #699 ) ;
#1314 = CARTESIAN_POINT ( 'NONE',  ( -17.49999999999994671, 61.99999999999998579, -30.60000000000001563 ) ) ;
#1315 = CARTESIAN_POINT ( 'NONE',  ( 40.48143795357433561, -63.51643356373295290, 60.00000000000002842 ) ) ;
#1316 = CARTESIAN_POINT ( 'NONE',  ( -50.00478624928656046, -61.85646746332625412, -52.35702562807747995 ) ) ;
#1317 = B_SPLINE_CURVE_WITH_KNOTS ( 'NONE', 3,
 ( #1143, #814, #226, #3519, #832, #2014, #205, #3195, #3756, #3231, #3176, #2269 ),
 .UNSPECIFIED., .F., .F.,
 ( 4, 2, 2, 2, 2, 4 ),
 ( 0.000000000000000000, 5.107113008500757781E-05, 0.0001021422601700151556, 0.0002042845203400100909, 0.0004085690406800027803, 0.0008171380813599918996 ),
 .UNSPECIFIED. ) ;
#1318 = ADVANCED_FACE ( 'NONE', ( #2451 ), #3388, .T. ) ;
#1319 = ORIENTED_EDGE ( 'NONE', *, *, #2315, .F. ) ;
#1320 = CARTESIAN_POINT ( 'NONE',  ( -120.7859958939464775, -101.9233639950089554, 42.75473822480728359 ) ) ;
#1321 = CARTESIAN_POINT ( 'NONE',  ( -8.491086501036862799, 18.72964453634669724, 56.99999999999916866 ) ) ;
#1322 = CARTESIAN_POINT ( 'NONE',  ( -23.24589184164071654, -71.16606756911444620, -22.70576973672227794 ) ) ;
#1323 =( BOUNDED_CURVE ( )  B_SPLINE_CURVE ( 3, ( #705, #996, #135, #3299 ),
 .UNSPECIFIED., .F., .F. ) 
 B_SPLINE_CURVE_WITH_KNOTS ( ( 4, 4 ),
 ( 3.141592653589783790, 4.677482395344798149 ),
 .UNSPECIFIED. ) 
 CURVE ( )  GEOMETRIC_REPRESENTATION_ITEM ( )  RATIONAL_B_SPLINE_CURVE ( ( 1.000000000000000000, 0.8128932002257664990, 0.8128932002257664990, 1.000000000000000000 ) ) 
 REPRESENTATION_ITEM ( '' )  );
#1324 = AXIS2_PLACEMENT_3D ( 'NONE', #587, #3219, #1129 ) ;
#1325 = ORIENTED_EDGE ( 'NONE', *, *, #709, .T. ) ;
#1326 = CARTESIAN_POINT ( 'NONE',  ( -38.51071065104308389, -62.00000000002429346, 47.53628221524947861 ) ) ;
#1327 = CARTESIAN_POINT ( 'NONE',  ( -72.79999999999995453, -63.98115810071546150, -40.60000000000000853 ) ) ;
#1328 = CARTESIAN_POINT ( 'NONE',  ( -17.49999999999993605, 59.81600239985412060, -4.624428169999405647 ) ) ;
#1329 = AXIS2_PLACEMENT_3D ( 'NONE', #2586, #2987, #2920 ) ;
#1330 = CARTESIAN_POINT ( 'NONE',  ( -17.49999999999995381, 48.68088139443567286, 35.12363454455937273 ) ) ;
#1331 = CARTESIAN_POINT ( 'NONE',  ( -112.2029425283980828, -66.73753628708348629, -50.40000000000011937 ) ) ;
#1332 = CARTESIAN_POINT ( 'NONE',  ( -27.90216396639238638, -74.65877746463796427, 32.38754325259963451 ) ) ;
#1333 = CARTESIAN_POINT ( 'NONE',  ( -121.1752195329580672, -30.99999999999999645, 38.30885340145772489 ) ) ;
#1334 = CARTESIAN_POINT ( 'NONE',  ( -42.44048719705236294, -61.99999999999998579, 47.18396099194440296 ) ) ;
#1335 = CARTESIAN_POINT ( 'NONE',  ( -122.2999999999999545, -30.99999999999999645, -55.60000000000000142 ) ) ;
#1336 = ORIENTED_EDGE ( 'NONE', *, *, #2125, .T. ) ;
#1337 = CARTESIAN_POINT ( 'NONE',  ( -22.49999999999995381, -63.89685835444050355, -18.96546251760823054 ) ) ;
#1338 = CARTESIAN_POINT ( 'NONE',  ( -72.79999999999995453, 60.06888144710632815, -53.23454779425295413 ) ) ;
#1339 = CARTESIAN_POINT ( 'NONE',  ( -22.94698872708502080, -71.22579281427815090, 21.93321333316125887 ) ) ;
#1340 = CARTESIAN_POINT ( 'NONE',  ( -40.32378689299263641, -62.89181931194603692, -45.59999999999984510 ) ) ;
#1341 = ORIENTED_EDGE ( 'NONE', *, *, #1775, .T. ) ;
#1342 = CARTESIAN_POINT ( 'NONE',  ( -136.4091814696650147, -64.35101992934714588, 19.54082840236652174 ) ) ;
#1343 = CARTESIAN_POINT ( 'NONE',  ( -122.2999999999999545, 29.52348461875495644, 58.34030335726483685 ) ) ;
#1344 = DIRECTION ( 'NONE',  ( 1.000000000000000000, 0.000000000000000000, 0.000000000000000000 ) ) ;
#1345 = PRODUCT_CONTEXT ( 'NONE', #2140, 'mechanical' ) ;
#1346 = EDGE_CURVE ( 'NONE', #2633, #1791, #3694, .T. ) ;
#1347 = ORIENTED_EDGE ( 'NONE', *, *, #1683, .F. ) ;
#1348 = CARTESIAN_POINT ( 'NONE',  ( -25.03838187546649152, -62.00000000000001421, 52.99999999743639023 ) ) ;
#1349 = CARTESIAN_POINT ( 'NONE',  ( -78.64711936630781963, 58.86408599522593477, -8.000000000000000000 ) ) ;
#1350 =( NAMED_UNIT ( * ) SI_UNIT ( $, .STERADIAN. ) SOLID_ANGLE_UNIT ( ) );
#1351 = EDGE_CURVE ( 'NONE', #3425, #3758, #430, .T. ) ;
#1352 = CARTESIAN_POINT ( 'NONE',  ( -109.0073658462810613, -63.93488232121520554, -52.35702562807730942 ) ) ;
#1353 = CARTESIAN_POINT ( 'NONE',  ( -17.00348990276484429, -89.20543552853484925, -4.999999999999357847 ) ) ;
#1354 = CARTESIAN_POINT ( 'NONE',  ( -70.68066756288284580, -29.48790767679455271, -60.00000000000000711 ) ) ;
#1355 = CARTESIAN_POINT ( 'NONE',  ( -78.13746809974570340, -9.574377145520770682, 59.88249295392556348 ) ) ;
#1356 = CARTESIAN_POINT ( 'NONE',  ( -84.62608151892722219, -59.96895967449359688, 59.84493695669161895 ) ) ;
#1357 = ORIENTED_EDGE ( 'NONE', *, *, #1424, .F. ) ;
#1358 = ORIENTED_EDGE ( 'NONE', *, *, #1862, .F. ) ;
#1359 = CARTESIAN_POINT ( 'NONE',  ( -79.50070232821813931, -63.48677944551091201, -59.99999999999985789 ) ) ;
#1360 = CARTESIAN_POINT ( 'NONE',  ( -79.16709278868789568, -54.86808968111181173, -60.00000000000000000 ) ) ;
#1361 = CARTESIAN_POINT ( 'NONE',  ( -30.53628001430186600, -75.43198075986173023, -36.14937136423348107 ) ) ;
#1362 = ORIENTED_EDGE ( 'NONE', *, *, #2320, .F. ) ;
#1363 = CARTESIAN_POINT ( 'NONE',  ( -119.8524108059723403, -136.7574228483635750, 42.75473822480719832 ) ) ;
#1364 = CARTESIAN_POINT ( 'NONE',  ( -122.2999999999999687, -28.96752737315600967, -36.18935989822534083 ) ) ;
#1365 = DIRECTION ( 'NONE',  ( -0.000000000000000000, -1.000000000000000000, -0.000000000000000000 ) ) ;
#1366 = CARTESIAN_POINT ( 'NONE',  ( -111.5424586583880000, -31.00000000000000000, -47.23568469346519549 ) ) ;
#1367 = VERTEX_POINT ( 'NONE', #3696 ) ;
#1368 = CARTESIAN_POINT ( 'NONE',  ( -29.84707184520716083, -62.00000000000001421, 52.02746907985407887 ) ) ;
#1369 = CARTESIAN_POINT ( 'NONE',  ( -34.95496643453186181, -58.40203728472860689, -40.60000000000002274 ) ) ;
#1370 = CARTESIAN_POINT ( 'NONE',  ( -17.49999999999995737, 57.93040051625889220, 15.71596938430546508 ) ) ;
#1371 = CARTESIAN_POINT ( 'NONE',  ( -131.7002541906681472, -181.9236986137952385, -24.08304498270869587 ) ) ;
#1372 = B_SPLINE_CURVE_WITH_KNOTS ( 'NONE', 3,
 ( #3214, #813, #2341, #1161, #1992, #528, #1744, #3518, #240, #1711 ),
 .UNSPECIFIED., .F., .F.,
 ( 4, 2, 2, 2, 4 ),
 ( 1.040834085586084257E-17, 0.006662191185545244566, 0.01332438237109047872, 0.01998657355663571375, 0.02664876474218094704 ),
 .UNSPECIFIED. ) ;
#1373 = CARTESIAN_POINT ( 'NONE',  ( -19.53603584573031426, -62.57612617985058989, 5.000000000000281553 ) ) ;
#1374 = ADVANCED_FACE ( 'NONE', ( #1027 ), #3405, .F. ) ;
#1375 = CARTESIAN_POINT ( 'NONE',  ( -78.64711936630781963, 58.86408599522593477, -8.000000000000000000 ) ) ;
#1376 = LINE ( 'NONE', #735, #3329 ) ;
#1377 = CARTESIAN_POINT ( 'NONE',  ( -66.91102167077229979, -107.6041060425316545, 59.09311614065762797 ) ) ;
#1378 = DIRECTION ( 'NONE',  ( 1.000000000000000000, 0.000000000000000000, 1.010028224731765219E-16 ) ) ;
#1379 = CARTESIAN_POINT ( 'NONE',  ( -77.65135172051436996, -113.5185002368348961, -60.00000000000360956 ) ) ;
#1380 = CARTESIAN_POINT ( 'NONE',  ( -27.72835063524193799, -66.06415114973319191, 30.71614614357817885 ) ) ;
#1381 = FACE_OUTER_BOUND ( 'NONE', #171, .T. ) ;
#1382 = ORIENTED_EDGE ( 'NONE', *, *, #3795, .F. ) ;
#1383 = CARTESIAN_POINT ( 'NONE',  ( -118.6947951103141747, -61.40404143190118447, 45.60000000000012221 ) ) ;
#1384 = CYLINDRICAL_SURFACE ( 'NONE', #2695, 2.999999999999997335 ) ;
#1385 = DIRECTION ( 'NONE',  ( 0.000000000000000000, -0.000000000000000000, 1.000000000000000000 ) ) ;
#1386 = CARTESIAN_POINT ( 'NONE',  ( -46.64771145860861168, -64.31438144546868330, 50.40000000000025437 ) ) ;
#1387 = DIRECTION ( 'NONE',  ( 1.000000000000000000, 0.000000000000000000, 0.000000000000000000 ) ) ;
#1388 = VECTOR ( 'NONE', #523, 1000.000000000000114 ) ;
#1389 = ORIENTED_EDGE ( 'NONE', *, *, #334, .T. ) ;
#1390 = VECTOR ( 'NONE', #751, 1000.000000000000227 ) ;
#1391 = CARTESIAN_POINT ( 'NONE',  ( -21.49999999999995381, -58.00000000000002842, -20.62547930684886310 ) ) ;
#1392 = AXIS2_PLACEMENT_3D ( 'NONE', #801, #1697, #2231 ) ;
#1393 = CARTESIAN_POINT ( 'NONE',  ( -133.4794374983558214, -183.3619500502763344, 19.54082840236652174 ) ) ;
#1394 = CARTESIAN_POINT ( 'NONE',  ( -24.38582304850466542, -62.02520649892024096, 24.08304498269933092 ) ) ;
#1395 = CARTESIAN_POINT ( 'NONE',  ( -102.6324992147661277, 58.02649807436591090, 5.582090318181364697E-15 ) ) ;
#1396 = LINE ( 'NONE', #2674, #2950 ) ;
#1397 = CARTESIAN_POINT ( 'NONE',  ( -63.96294928461243501, -105.9806864525978938, 58.49600000000326361 ) ) ;
#1398 = EDGE_CURVE ( 'NONE', #325, #3097, #1990, .T. ) ;
#1399 = B_SPLINE_CURVE_WITH_KNOTS ( 'NONE', 3,
 ( #2963, #3276, #1716, #607, #1789, #2982, #1112, #2288, #1830, #3295, #627, #1882, #3659, #1243, #318, #2389, #1807, #974, #2134, #913, #700, #3060, #3022, #393, #2095, #2151, #3581, #1520, #1576, #3001, #3369, #338, #2748, #2770, #1865, #991, #3316, #2452, #1499, #359 ),
 .UNSPECIFIED., .F., .F.,
 ( 4, 2, 2, 2, 2, 2, 2, 2, 2, 2, 2, 2, 2, 2, 2, 2, 2, 2, 2, 4 ),
 ( 0.000000000000000000, 0.001393247084223617682, 0.002786494168447235364, 0.003483117710559043012, 0.003831429481614945318, 0.004179741252670848492, 0.004266819195434825261, 0.004310358166816813212, 0.004321242909662310200, 0.004332127652507806320, 0.004353897138198806367, 0.004397436109580799522, 0.004419205595271803906, 0.004440975080962808290, 0.004462744566653813541, 0.004484514052344817925, 0.004528053023726826692, 0.004876364794782884690, 0.005224676565838942688, 0.005572988336895004155 ),
 .UNSPECIFIED. ) ;
#1400 = CARTESIAN_POINT ( 'NONE',  ( -141.4999999999999716, 57.44364703945837647, -54.44822579197176537 ) ) ;
#1401 = CARTESIAN_POINT ( 'NONE',  ( -81.13564058080298480, 3.530321344586743404, 62.77779446381808981 ) ) ;
#1402 = CARTESIAN_POINT ( 'NONE',  ( -138.2993621904390409, 31.59999999999999787, 57.54147309207777994 ) ) ;
#1403 = CARTESIAN_POINT ( 'NONE',  ( -77.65135172051436996, -113.5185002368348961, -60.00000000000360956 ) ) ;
#1404 = ORIENTED_EDGE ( 'NONE', *, *, #2361, .F. ) ;
#1405 = CARTESIAN_POINT ( 'NONE',  ( -91.33975415644881934, -121.0563140210700226, 58.49600000000321387 ) ) ;
#1406 = CYLINDRICAL_SURFACE ( 'NONE', #763, 3.000000000000002665 ) ;
#1407 = FACE_OUTER_BOUND ( 'NONE', #3062, .T. ) ;
#1408 = CARTESIAN_POINT ( 'NONE',  ( -40.25207915911688161, -64.07797609506719994, 45.60000000000034959 ) ) ;
#1409 = ORIENTED_EDGE ( 'NONE', *, *, #3187, .T. ) ;
#1410 = FACE_OUTER_BOUND ( 'NONE', #1675, .T. ) ;
#1411 = PLANE ( 'NONE',  #3073 ) ;
#1412 = CARTESIAN_POINT ( 'NONE',  ( -136.3284785693801098, -67.62930203194086687, -19.54082840236718610 ) ) ;
#1413 = CARTESIAN_POINT ( 'NONE',  ( -19.49445587842017247, -61.81579304068612402, -4.999999999999913847 ) ) ;
#1414 = CARTESIAN_POINT ( 'NONE',  ( -17.49999999999994671, -62.00000000000003553, 37.90999999999976211 ) ) ;
#1415 = EDGE_CURVE ( 'NONE', #3408, #634, #2239, .T. ) ;
#1416 = FACE_OUTER_BOUND ( 'NONE', #2598, .T. ) ;
#1417 = CARTESIAN_POINT ( 'NONE',  ( -54.15208825128741665, 3.530321344586729193, 63.72008087478561578 ) ) ;
#1418 = DIRECTION ( 'NONE',  ( 0.000000000000000000, 0.000000000000000000, 1.000000000000000000 ) ) ;
#1419 = PLANE ( 'NONE',  #3256 ) ;
#1420 = ORIENTED_EDGE ( 'NONE', *, *, #3814, .F. ) ;
#1421 = CARTESIAN_POINT ( 'NONE',  ( -108.0097348144234672, -98.17309370029209958, 52.35702562807672678 ) ) ;
#1422 = DIRECTION ( 'NONE',  ( 0.03489949670250104552, -0.9993908270190956511, 0.000000000000000000 ) ) ;
#1423 = DIRECTION ( 'NONE',  ( -1.000000000000000000, 0.000000000000000000, 0.000000000000000000 ) ) ;
#1424 = EDGE_CURVE ( 'NONE', #1809, #3408, #469, .T. ) ;
#1425 = ORIENTED_EDGE ( 'NONE', *, *, #3779, .T. ) ;
#1426 = CARTESIAN_POINT ( 'NONE',  ( -72.79999999999995453, 28.63652454169244166, -40.60000000000000853 ) ) ;
#1427 = CARTESIAN_POINT ( 'NONE',  ( -78.64711936630781963, 58.86408599522593477, -8.000000000000000000 ) ) ;
#1428 = CARTESIAN_POINT ( 'NONE',  ( -136.4280187812684346, -61.28724173798868691, 19.54082840236690544 ) ) ;
#1429 = PLANE ( 'NONE',  #1884 ) ;
#1430 = CARTESIAN_POINT ( 'NONE',  ( -29.70223670217430367, -87.11428675617176509, -36.14937136423380792 ) ) ;
#1431 = CARTESIAN_POINT ( 'NONE',  ( -43.79999999999994742, -62.00000000000000000, 48.21412307707760903 ) ) ;
#1432 =( BOUNDED_SURFACE ( )  B_SPLINE_SURFACE ( 3, 3, ( 
 ( #3513, #1174, #843, #2024, #557 ),
 ( #2658, #3225, #2953, #2354, #3266 ),
 ( #2934, #24, #597, #1778, #2972 ),
 ( #1194, #2085, #616, #2990, #2159 ),
 ( #2420, #712, #349, #3304, #635 ),
 ( #3344, #3631, #690, #1816, #2399 ),
 ( #2740, #2460, #674, #1890, #1550 ) ),
 .UNSPECIFIED., .T., .F., .F. ) 
 B_SPLINE_SURFACE_WITH_KNOTS ( ( 4, 3, 4 ),
 ( 4, 1, 4 ),
 ( 0.000000000000000000, 0.5000000000000000000, 1.000000000000000000 ),
 ( 0.8365719653596624950, 0.8926207305828646188, 0.9486694958060668537 ),
 .UNSPECIFIED. ) 
 GEOMETRIC_REPRESENTATION_ITEM ( )  RATIONAL_B_SPLINE_SURFACE ( (
 ( 1.000000000000000000, 1.000000000000000000, 1.000000000000000000, 1.000000000000000000, 1.000000000000000000),
 ( 0.3333333333333333703, 0.3333333333333334259, 0.3333333333333333148, 0.3333333333333334259, 0.3333333333333333703),
 ( 0.3333333333333333703, 0.3333333333333334259, 0.3333333333333333148, 0.3333333333333334259, 0.3333333333333333703),
 ( 1.000000000000000000, 1.000000000000000000, 1.000000000000000000, 1.000000000000000000, 1.000000000000000000),
 ( 0.3333333333333333703, 0.3333333333333334259, 0.3333333333333333148, 0.3333333333333334259, 0.3333333333333333703),
 ( 0.3333333333333333703, 0.3333333333333334259, 0.3333333333333333148, 0.3333333333333334259, 0.3333333333333333703),
 ( 1.000000000000000000, 1.000000000000000000, 1.000000000000000000, 1.000000000000000000, 1.000000000000000000) ) ) 
 REPRESENTATION_ITEM ( '' )  SURFACE ( )  );
#1433 = DIRECTION ( 'NONE',  ( 0.000000000000000000, -1.000000000000000000, 0.000000000000000000 ) ) ;
#1434 = CARTESIAN_POINT ( 'NONE',  ( -17.49999999999994316, -58.49514130390659972, -13.59497476063536681 ) ) ;
#1435 = ORIENTED_EDGE ( 'NONE', *, *, #3232, .T. ) ;
#1436 = CARTESIAN_POINT ( 'NONE',  ( -102.5473420195262975, -63.83677718465494166, 55.50814291124824962 ) ) ;
#1437 = CARTESIAN_POINT ( 'NONE',  ( -122.3000000000000398, -3.125064580318485330, -14.60005706723392471 ) ) ;
#1438 = PLANE ( 'NONE',  #2003 ) ;
#1439 = ADVANCED_FACE ( 'NONE', ( #1655 ), #1312, .T. ) ;
#1440 = ORIENTED_EDGE ( 'NONE', *, *, #2125, .F. ) ;
#1441 = CARTESIAN_POINT ( 'NONE',  ( -99.36099986721816890, -63.78838780709737932, -56.70399999999992957 ) ) ;
#1442 = CARTESIAN_POINT ( 'NONE',  ( -17.87528929195354976, -58.21781785992256886, -14.44215731534747960 ) ) ;
#1443 = VECTOR ( 'NONE', #3493, 1000.000000000000000 ) ;
#1444 = CARTESIAN_POINT ( 'NONE',  ( -133.5956814938804200, -105.6834455314654804, 24.08304498269746929 ) ) ;
#1445 = CARTESIAN_POINT ( 'NONE',  ( -17.49999999999993960, 47.66013866490884965, -36.44874111865637900 ) ) ;
#1446 = CARTESIAN_POINT ( 'NONE',  ( -56.38084484507721328, -64.67415272389490610, -55.50814291124851252 ) ) ;
#1447 = CARTESIAN_POINT ( 'NONE',  ( -81.17054893815216587, 15.35152179118721172, 62.77779446381807560 ) ) ;
#1448 = VECTOR ( 'NONE', #1909, 1000.000000000000000 ) ;
#1449 = DIRECTION ( 'NONE',  ( 0.000000000000000000, -0.000000000000000000, 1.000000000000000000 ) ) ;
#1450 = VECTOR ( 'NONE', #2775, 1000.000000000000000 ) ;
#1451 = LINE ( 'NONE', #256, #884 ) ;
#1452 = DIRECTION ( 'NONE',  ( -0.000000000000000000, -1.000000000000000000, -0.000000000000000000 ) ) ;
#1453 = CARTESIAN_POINT ( 'NONE',  ( -78.21883569026275040, -49.46461606506705522, 60.00000000000000000 ) ) ;
#1454 = AXIS2_PLACEMENT_3D ( 'NONE', #2861, #2784, #750 ) ;
#1455 = ORIENTED_EDGE ( 'NONE', *, *, #1398, .F. ) ;
#1456 = CARTESIAN_POINT ( 'NONE',  ( -99.36099986721799837, -63.78838780709713774, 56.70399999999987273 ) ) ;
#1457 = LINE ( 'NONE', #1477, #2886 ) ;
#1458 = CARTESIAN_POINT ( 'NONE',  ( -78.13746809974570340, 6.425622854479229318, 59.88249295392556348 ) ) ;
#1459 = ADVANCED_FACE ( 'NONE', ( #1381 ), #1419, .F. ) ;
#1460 = EDGE_LOOP ( 'NONE', ( #629, #834, #753, #473, #2492, #1777, #3483 ) ) ;
#1461 = CARTESIAN_POINT ( 'NONE',  ( -89.29052863540026408, -92.67836543536022020, -59.09311614065471474 ) ) ;
#1462 = CARTESIAN_POINT ( 'NONE',  ( -81.24033907091050821, 0.000000000000000000, 62.77596694487537832 ) ) ;
#1463 = CARTESIAN_POINT ( 'NONE',  ( -87.49283490516177153, -146.1874234269230897, 59.09311614065313023 ) ) ;
#1464 = CARTESIAN_POINT ( 'NONE',  ( -116.7382817531639034, -135.0425605764394845, 45.60000000000058407 ) ) ;
#1465 = CARTESIAN_POINT ( 'NONE',  ( -8.491086501036862799, -53.00000000000001421, 50.00000000000000000 ) ) ;
#1466 = CARTESIAN_POINT ( 'NONE',  ( -59.56688870358128440, -64.79192025327955662, -56.70399999999996510 ) ) ;
#1467 = CARTESIAN_POINT ( 'NONE',  ( -122.2999999999999545, 31.60000000000000142, -62.00000000000000000 ) ) ;
#1468 = EDGE_CURVE ( 'NONE', #3502, #851, #2284, .T. ) ;
#1469 = CARTESIAN_POINT ( 'NONE',  ( -8.491086501036862799, 18.72964453634669724, 56.99999999999916866 ) ) ;
#1470 = LINE ( 'NONE', #2937, #1135 ) ;
#1471 = CARTESIAN_POINT ( 'NONE',  ( -17.49999999999993605, -54.00640825409519152, -26.12824057067417627 ) ) ;
#1472 = CARTESIAN_POINT ( 'NONE',  ( -13.97404113372461509, -0.07467300649676421320, 60.00000000000000000 ) ) ;
#1473 = B_SPLINE_CURVE_WITH_KNOTS ( 'NONE', 3,
 ( #1391, #2581, #480, #3724, #1622, #2855, #2815, #787, #457, #1036, #194, #1967 ),
 .UNSPECIFIED., .F., .F.,
 ( 4, 2, 2, 2, 2, 4 ),
 ( 0.002180148007176035616, 0.004998328685709577460, 0.006407419024976347514, 0.007111964194609735578, 0.007464236779426430476, 0.007816509364243124508 ),
 .UNSPECIFIED. ) ;
#1474 =( BOUNDED_CURVE ( )  B_SPLINE_CURVE ( 3, ( #1668, #237, #2280, #181 ),
 .UNSPECIFIED., .F., .F. ) 
 B_SPLINE_CURVE_WITH_KNOTS ( ( 4, 4 ),
 ( 4.747295565424576758, 6.283185307179586232 ),
 .UNSPECIFIED. ) 
 CURVE ( )  GEOMETRIC_REPRESENTATION_ITEM ( )  RATIONAL_B_SPLINE_CURVE ( ( 1.000000000000000000, 0.8128932002257674982, 0.8128932002257674982, 1.000000000000000000 ) ) 
 REPRESENTATION_ITEM ( '' )  );
#1475 = VERTEX_POINT ( 'NONE', #3500 ) ;
#1476 = CARTESIAN_POINT ( 'NONE',  ( -79.25440050826746585, -139.5276598968472967, 60.00000000000244427 ) ) ;
#1477 = CARTESIAN_POINT ( 'NONE',  ( -78.68201886301032744, 59.86347682224502620, -24.00000000000025224 ) ) ;
#1478 = DIRECTION ( 'NONE',  ( 0.03489949670250104552, -0.9993908270190956511, 0.000000000000000000 ) ) ;
#1479 = CARTESIAN_POINT ( 'NONE',  ( -17.82441799709938124, -80.57350992111072685, -4.999999999999420019 ) ) ;
#1480 = VERTEX_POINT ( 'NONE', #2866 ) ;
#1481 = DIRECTION ( 'NONE',  ( 0.7066760308408306379, -0.7071067811865513475, 0.02467767077833600553 ) ) ;
#1482 = CARTESIAN_POINT ( 'NONE',  ( -18.03750276631435412, -58.11330235663969290, -14.98095856743920251 ) ) ;
#1483 = LINE ( 'NONE', #238, #3202 ) ;
#1484 = CARTESIAN_POINT ( 'NONE',  ( -121.8163856736250352, -61.38348110800983193, 42.75473822480775254 ) ) ;
#1485 = ORIENTED_EDGE ( 'NONE', *, *, #175, .F. ) ;
#1486 = CARTESIAN_POINT ( 'NONE',  ( -39.82050807568870709, -82.00000000000001421, 47.00000000000000000 ) ) ;
#1487 = CARTESIAN_POINT ( 'NONE',  ( -37.16421630556072131, -61.31475989728526343, -42.75473822480732622 ) ) ;
#1488 = CARTESIAN_POINT ( 'NONE',  ( -22.49999999999995026, 18.72964453634669368, 56.95172226609762589 ) ) ;
#1489 = CARTESIAN_POINT ( 'NONE',  ( -17.49999999999994671, -72.00000000000001421, 50.00000000000000000 ) ) ;
#1490 =( BOUNDED_CURVE ( )  B_SPLINE_CURVE ( 3, ( #3135, #2224, #3443, #3753 ),
 .UNSPECIFIED., .F., .F. ) 
 B_SPLINE_CURVE_WITH_KNOTS ( ( 4, 4 ),
 ( 0.7907427180311024095, 0.8474299890867199592 ),
 .UNSPECIFIED. ) 
 CURVE ( )  GEOMETRIC_REPRESENTATION_ITEM ( )  RATIONAL_B_SPLINE_CURVE ( ( 0.5132797525804952965, 0.5255975845835443305, 0.5464846077858815931, 0.5759408221875069733 ) ) 
 REPRESENTATION_ITEM ( '' )  );
#1491 = EDGE_CURVE ( 'NONE', #650, #2507, #1317, .T. ) ;
#1492 = B_SPLINE_CURVE_WITH_KNOTS ( 'NONE', 3,
 ( #515, #1114, #3182, #2290, #3762, #1366, #1699, #784, #2835, #3488, #2212, #155 ),
 .UNSPECIFIED., .F., .F.,
 ( 4, 2, 2, 2, 2, 4 ),
 ( 0.05323936208620820565, 0.06140187757495234322, 0.06956439306369649467, 0.07364565080806853570, 0.07772690855244057673, 0.08588942404118465879 ),
 .UNSPECIFIED. ) ;
#1493 = CARTESIAN_POINT ( 'NONE',  ( -18.07629351329620704, -52.99362606819636312, 28.10549833105035233 ) ) ;
#1494 = CARTESIAN_POINT ( 'NONE',  ( -22.49999999999994671, 58.99999999999998579, 49.99999999999916866 ) ) ;
#1495 = CARTESIAN_POINT ( 'NONE',  ( -101.5637982690767132, 100.5620648289766308, 59.99999999999997868 ) ) ;
#1496 = ORIENTED_EDGE ( 'NONE', *, *, #3779, .F. ) ;
#1497 = CARTESIAN_POINT ( 'NONE',  ( -65.79301197427322734, -61.75247847822584646, 58.49600000000030775 ) ) ;
#1498 = CARTESIAN_POINT ( 'NONE',  ( -122.2999999999999687, -21.14437377597031187, 32.47346149589395026 ) ) ;
#1499 = CARTESIAN_POINT ( 'NONE',  ( -18.40046292911042514, -57.99999999999997868, 15.84299029791804259 ) ) ;
#1500 = CARTESIAN_POINT ( 'NONE',  ( -21.69788050165390203, -72.83760773172929248, -19.54082840236637963 ) ) ;
#1501 = ORIENTED_EDGE ( 'NONE', *, *, #803, .T. ) ;
#1502 = CARTESIAN_POINT ( 'NONE',  ( -121.7195809819201884, -67.08930514165433578, -42.75473822480782360 ) ) ;
#1503 = CARTESIAN_POINT ( 'NONE',  ( -17.98501880579356893, -58.14279630700980306, -14.95497564515291877 ) ) ;
#1504 = LINE ( 'NONE', #1709, #227 ) ;
#1505 = CARTESIAN_POINT ( 'NONE',  ( -108.0097348144234672, -98.17309370029209958, 52.35702562807672678 ) ) ;
#1506 = ORIENTED_EDGE ( 'NONE', *, *, #3375, .T. ) ;
#1507 = FACE_OUTER_BOUND ( 'NONE', #3604, .T. ) ;
#1508 = CARTESIAN_POINT ( 'NONE',  ( -24.37747373935668094, -62.64965066496765189, -24.08304498269866656 ) ) ;
#1509 = EDGE_CURVE ( 'NONE', #1941, #870, #3465, .T. ) ;
#1510 = CARTESIAN_POINT ( 'NONE',  ( -17.49999999999994671, -46.00000000000001421, 62.00000000000000000 ) ) ;
#1511 = VECTOR ( 'NONE', #3459, 1000.000000000000000 ) ;
#1512 = CARTESIAN_POINT ( 'NONE',  ( -81.13564058080298480, 3.530321344586743404, 62.77779446381808981 ) ) ;
#1513 = VECTOR ( 'NONE', #70, 1000.000000000000227 ) ;
#1514 = CARTESIAN_POINT ( 'NONE',  ( -17.49999999999993960, -0.2975039699989027175, 60.01756215219511859 ) ) ;
#1515 = CARTESIAN_POINT ( 'NONE',  ( -18.65234975959985775, 0.09825394506723371391, 60.00000000000000000 ) ) ;
#1516 = EDGE_CURVE ( 'NONE', #2042, #3343, #3448, .T. ) ;
#1517 = VERTEX_POINT ( 'NONE', #546 ) ;
#1518 = CARTESIAN_POINT ( 'NONE',  ( -49.06694389960922820, -80.87136540282072872, 52.35702562807904314 ) ) ;
#1519 = CARTESIAN_POINT ( 'NONE',  ( -89.99077858763280346, -17.61502669997858916, -55.60000000000000142 ) ) ;
#1520 = CARTESIAN_POINT ( 'NONE',  ( -17.98411911096485838, -58.14331042072950595, 14.95054347691579011 ) ) ;
#1521 = CARTESIAN_POINT ( 'NONE',  ( -19.54393191700897248, -62.05709756467405924, 5.000000000000208722 ) ) ;
#1522 = VECTOR ( 'NONE', #1725, 1000.000000000000000 ) ;
#1523 = ADVANCED_FACE ( 'NONE', ( #258 ), #2367, .T. ) ;
#1524 = ORIENTED_EDGE ( 'NONE', *, *, #560, .F. ) ;
#1525 = CARTESIAN_POINT ( 'NONE',  ( -136.4280187812684062, -61.28724173798850927, -19.54082840236698360 ) ) ;
#1526 = FACE_OUTER_BOUND ( 'NONE', #890, .T. ) ;
#1527 = CARTESIAN_POINT ( 'NONE',  ( -145.9814792003415960, 57.51332788088606662, 57.51332788088608794 ) ) ;
#1528 = CARTESIAN_POINT ( 'NONE',  ( -109.0236378992139379, -61.46774040863540023, 52.35702562807738758 ) ) ;
#1529 = ORIENTED_EDGE ( 'NONE', *, *, #547, .F. ) ;
#1530 = CARTESIAN_POINT ( 'NONE',  ( -18.87748443478504257, -58.00000000000002132, 16.18700426315255214 ) ) ;
#1531 = CARTESIAN_POINT ( 'NONE',  ( -21.99327220133581307, -58.12784623598881240, -21.36277903035569636 ) ) ;
#1532 = DIRECTION ( 'NONE',  ( 1.000000000000000000, -0.000000000000000000, -0.000000000000000000 ) ) ;
#1533 = B_SPLINE_CURVE_WITH_KNOTS ( 'NONE', 3,
 ( #2090, #1841, #72, #927, #1238, #3616 ),
 .UNSPECIFIED., .F., .F.,
 ( 4, 2, 4 ),
 ( 0.002807842240485317487, 0.008500626999956092597, 0.01419341175942686814 ),
 .UNSPECIFIED. ) ;
#1534 = ADVANCED_FACE ( 'NONE', ( #2467 ), #2165, .T. ) ;
#1535 = CARTESIAN_POINT ( 'NONE',  ( -35.83542138060560234, -2.414608222094184686, 59.99999999999999289 ) ) ;
#1536 = CARTESIAN_POINT ( 'NONE',  ( -18.88559381856570951, -46.00000000000004263, 38.55267794878191978 ) ) ;
#1537 = CARTESIAN_POINT ( 'NONE',  ( 18.24431566402734006, -108.0794983087543955, -59.99999999999997158 ) ) ;
#1538 = VERTEX_POINT ( 'NONE', #1335 ) ;
#1539 = CARTESIAN_POINT ( 'NONE',  ( -66.91102167077229979, -107.6041060425316545, 59.09311614065762797 ) ) ;
#1540 = CARTESIAN_POINT ( 'NONE',  ( -122.2999999999999545, -0.6946477624168169163, 8.429876186121500581 ) ) ;
#1541 = CARTESIAN_POINT ( 'NONE',  ( -22.49999999999996447, -52.99999999999999289, 30.45491697821208632 ) ) ;
#1542 = CARTESIAN_POINT ( 'NONE',  ( -19.46627418576845159, -63.30965870626248204, -4.999999999999542588 ) ) ;
#1543 = ADVANCED_FACE ( 'NONE', ( #2822, #1898 ), #445, .T. ) ;
#1544 = ORIENTED_EDGE ( 'NONE', *, *, #684, .T. ) ;
#1545 = CARTESIAN_POINT ( 'NONE',  ( -108.0097348144157934, -98.17309370029236959, -52.35702562807810523 ) ) ;
#1546 = CARTESIAN_POINT ( 'NONE',  ( -22.49999999999993605, -63.90148813315779819, 18.96667283971985540 ) ) ;
#1547 = CARTESIAN_POINT ( 'NONE',  ( -58.48518746632492338, 60.56876571591239866, 50.57485744572142750 ) ) ;
#1548 = CARTESIAN_POINT ( 'NONE',  ( -121.7764831152666289, -58.91554513799386683, 42.75473822480739727 ) ) ;
#1549 = EDGE_LOOP ( 'NONE', ( #3712, #2555, #1908, #548 ) ) ;
#1550 = CARTESIAN_POINT ( 'NONE',  ( -79.47034971041482265, -60.11515251763993462, -60.00000000000000000 ) ) ;
#1551 = CARTESIAN_POINT ( 'NONE',  ( -21.49999999998880540, -58.00000000000006395, 20.62547930682388753 ) ) ;
#1552 = DIRECTION ( 'NONE',  ( -1.000000000000000000, 0.000000000000000000, 0.000000000000000000 ) ) ;
#1553 = SURFACE_STYLE_USAGE ( .BOTH. , #1894 ) ;
#1554 = CARTESIAN_POINT ( 'NONE',  ( 26.01033973955992451, -100.8350614223085415, -59.99999999999999289 ) ) ;
#1555 = CARTESIAN_POINT ( 'NONE',  ( -17.49999999999995026, -4.753201025205466834, 59.82996190417241422 ) ) ;
#1556 = DIRECTION ( 'NONE',  ( 0.000000000000000000, 0.000000000000000000, 1.000000000000000000 ) ) ;
#1557 = ORIENTED_EDGE ( 'NONE', *, *, #2469, .F. ) ;
#1558 = CARTESIAN_POINT ( 'NONE',  ( -72.79999999999995453, 60.06888144710634236, -51.99999999999999289 ) ) ;
#1559 = CARTESIAN_POINT ( 'NONE',  ( -26.23988798845516612, -96.67193027218056045, 32.38754325260764233 ) ) ;
#1560 = ORIENTED_EDGE ( 'NONE', *, *, #3306, .T. ) ;
#1561 = CARTESIAN_POINT ( 'NONE',  ( -136.3894839830018100, -58.50118763781888731, -19.54082840236673491 ) ) ;
#1562 = CARTESIAN_POINT ( 'NONE',  ( -22.49999999999994671, -72.00000000000001421, 20.93274699105652914 ) ) ;
#1563 = CARTESIAN_POINT ( 'NONE',  ( -140.4555623989753030, 27.72457233716428959, 57.70629714773718888 ) ) ;
#1564 = EDGE_CURVE ( 'NONE', #3258, #2285, #679, .T. ) ;
#1565 = ORIENTED_EDGE ( 'NONE', *, *, #3129, .F. ) ;
#1566 = DIRECTION ( 'NONE',  ( 0.000000000000000000, 0.000000000000000000, 1.000000000000000000 ) ) ;
#1567 = CARTESIAN_POINT ( 'NONE',  ( -79.50070232821813931, -63.48677944551091201, -59.99999999999985789 ) ) ;
#1568 = CARTESIAN_POINT ( 'NONE',  ( -102.6673987114686213, 59.02588890138500943, 5.582090318181364697E-15 ) ) ;
#1569 = CARTESIAN_POINT ( 'NONE',  ( -102.5473420195262690, -63.83677718465481377, -55.50814291124847699 ) ) ;
#1570 = CARTESIAN_POINT ( 'NONE',  ( -18.75652737338592146, 120.1840550324573513, -59.99999999999998579 ) ) ;
#1571 = CARTESIAN_POINT ( 'NONE',  ( -17.92667748088333823, -46.00000000000002842, 38.50663250170784124 ) ) ;
#1572 = CARTESIAN_POINT ( 'NONE',  ( -141.4999999999999147, 57.46441555513475663, 31.30913603655374189 ) ) ;
#1573 = VECTOR ( 'NONE', #3116, 1000.000000000000114 ) ;
#1574 = EDGE_LOOP ( 'NONE', ( #980, #3657, #2166, #156, #3043, #55 ) ) ;
#1575 = DIRECTION ( 'NONE',  ( 0.000000000000000000, 1.042804293372779061E-14, 1.000000000000000000 ) ) ;
#1576 = CARTESIAN_POINT ( 'NONE',  ( -17.98426384280933732, -58.14325251362461700, 14.96074461551388879 ) ) ;
#1577 = CARTESIAN_POINT ( 'NONE',  ( -63.96294928458838314, -105.9806864525984906, -58.49600000000653210 ) ) ;
#1578 = AXIS2_PLACEMENT_3D ( 'NONE', #298, #263, #1478 ) ;
#1579 = ORIENTED_EDGE ( 'NONE', *, *, #2731, .T. ) ;
#1580 = CARTESIAN_POINT ( 'NONE',  ( -115.8081352157817889, -169.0768700459236697, -45.60000000000408704 ) ) ;
#1581 = VECTOR ( 'NONE', #3740, 1000.000000000000000 ) ;
#1582 = EDGE_CURVE ( 'NONE', #1631, #2790, #1611, .T. ) ;
#1583 = LINE ( 'NONE', #417, #1450 ) ;
#1584 = CARTESIAN_POINT ( 'NONE',  ( -167.5174105504960664, 26.77955177584431823, 56.76127658641717488 ) ) ;
#1585 = ORIENTED_EDGE ( 'NONE', *, *, #428, .T. ) ;
#1586 = DIRECTION ( 'NONE',  ( -1.000000000000000000, 0.000000000000000000, 0.000000000000000000 ) ) ;
#1587 = CARTESIAN_POINT ( 'NONE',  ( -74.31461790190006411, -60.26134536078553339, -59.84493695669163316 ) ) ;
#1588 = CARTESIAN_POINT ( 'NONE',  ( -17.49999999999994316, 40.00188911960427163, 44.76193702098430549 ) ) ;
#1589 = B_SPLINE_CURVE_WITH_KNOTS ( 'NONE', 3,
 ( #2918, #1760, #3287, #1176, #2066, #2621, #3803, #618, #2044, #1158 ),
 .UNSPECIFIED., .F., .F.,
 ( 4, 2, 2, 2, 4 ),
 ( 0.1058017001328905027, 0.1150521964983594464, 0.1196774446810939113, 0.1219900687724611438, 0.1243026928638283762 ),
 .UNSPECIFIED. ) ;
#1590 = CARTESIAN_POINT ( 'NONE',  ( -107.0902414241664786, -129.7296592555544521, -52.35702562807883709 ) ) ;
#1591 = EDGE_CURVE ( 'NONE', #3258, #880, #2803, .T. ) ;
#1592 = CARTESIAN_POINT ( 'NONE',  ( -193.6931129666374147, -15.29195600705509506, 59.99999999999998579 ) ) ;
#1593 = CYLINDRICAL_SURFACE ( 'NONE', #1454, 2.999999999999995559 ) ;
#1594 = CARTESIAN_POINT ( 'NONE',  ( -18.49999999999994671, -59.00000000000001421, 62.00000000000000000 ) ) ;
#1595 = ORIENTED_EDGE ( 'NONE', *, *, #2008, .T. ) ;
#1596 = PLANE ( 'NONE',  #1879 ) ;
#1597 = CARTESIAN_POINT ( 'NONE',  ( -19.10819289848073765, -72.00000000000001421, 50.00000000000000000 ) ) ;
#1598 = CARTESIAN_POINT ( 'NONE',  ( -31.40184857390734763, -61.47815414532427525, -36.14937136423321817 ) ) ;
#1599 = ORIENTED_EDGE ( 'NONE', *, *, #2198, .F. ) ;
#1600 = CARTESIAN_POINT ( 'NONE',  ( -121.7989161221137948, -64.12914116921436403, 42.75473822480737596 ) ) ;
#1601 = PLANE ( 'NONE',  #959 ) ;
#1602 = PLANE ( 'NONE',  #833 ) ;
#1603 = ORIENTED_EDGE ( 'NONE', *, *, #3246, .F. ) ;
#1604 = CARTESIAN_POINT ( 'NONE',  ( -76.04279797094454807, -88.78970266664309463, -59.99999999999908340 ) ) ;
#1605 = DIRECTION ( 'NONE',  ( -0.03489949670250105246, 0.9993908270190956511, -0.000000000000000000 ) ) ;
#1606 = PRESENTATION_STYLE_ASSIGNMENT (( #1553 ) ) ;
#1607 = CARTESIAN_POINT ( 'NONE',  ( -89.29052863540026408, -92.67836543536022020, -59.09311614065471474 ) ) ;
#1608 = CARTESIAN_POINT ( 'NONE',  ( -45.79683637183122613, -79.91147682152021048, 50.40000000000303260 ) ) ;
#1609 = CARTESIAN_POINT ( 'NONE',  ( -9.541440813713995439, 119.8434326089733446, -59.99999999999999289 ) ) ;
#1610 = CARTESIAN_POINT ( 'NONE',  ( -24.32857469085904611, -62.00000000000001421, 53.00000000000000711 ) ) ;
#1611 = LINE ( 'NONE', #3385, #2247 ) ;
#1612 = EDGE_CURVE ( 'NONE', #112, #3376, #2504, .T. ) ;
#1613 = EDGE_LOOP ( 'NONE', ( #2194, #1645, #2912, #362, #1026 ) ) ;
#1614 = CARTESIAN_POINT ( 'NONE',  ( -17.49999999999994671, 57.85533956111465415, -40.60000000000000142 ) ) ;
#1615 = DIRECTION ( 'NONE',  ( 0.9993908270190956511, 0.03489949670250104552, -0.000000000000000000 ) ) ;
#1616 = CARTESIAN_POINT ( 'NONE',  ( -37.20248853432210723, -62.84441772180725394, -42.75473822480734043 ) ) ;
#1617 = ORIENTED_EDGE ( 'NONE', *, *, #423, .F. ) ;
#1618 = CARTESIAN_POINT ( 'NONE',  ( -135.8934467749402870, -185.3133804030556178, -9.997633136101134355 ) ) ;
#1619 = DIRECTION ( 'NONE',  ( 0.000000000000000000, 1.000000000000000000, 0.000000000000000000 ) ) ;
#1620 = ORIENTED_EDGE ( 'NONE', *, *, #1509, .F. ) ;
#1621 = CARTESIAN_POINT ( 'NONE',  ( -26.58503626896525418, -64.28635607207898772, 49.87186934502408775 ) ) ;
#1622 = CARTESIAN_POINT ( 'NONE',  ( -19.67636461712977081, -58.00000000000003553, -17.34130219074545565 ) ) ;
#1623 = CARTESIAN_POINT ( 'NONE',  ( -17.49999999999995026, 46.67948992638032735, 37.69713619391462345 ) ) ;
#1624 =( NAMED_UNIT ( * ) PLANE_ANGLE_UNIT ( ) SI_UNIT ( $, .RADIAN. ) );
#1625 = CARTESIAN_POINT ( 'NONE',  ( -93.19283421917445764, -59.72604596596651305, -58.49599999999963984 ) ) ;
#1626 = CARTESIAN_POINT ( 'NONE',  ( -54.65764782387623200, -100.8565216754756193, 55.50814291125383448 ) ) ;
#1627 = CARTESIAN_POINT ( 'NONE',  ( -122.2999999999999545, -31.00000000000000000, -62.00000000000000000 ) ) ;
#1628 = EDGE_CURVE ( 'NONE', #2154, #3666, #3183, .T. ) ;
#1629 = DIRECTION ( 'NONE',  ( 0.000000000000000000, 0.000000000000000000, -1.000000000000000000 ) ) ;
#1630 = CARTESIAN_POINT ( 'NONE',  ( -141.4999999999999147, 35.15051661087309753, 56.78224895619779033 ) ) ;
#1631 = VERTEX_POINT ( 'NONE', #2182 ) ;
#1632 = CARTESIAN_POINT ( 'NONE',  ( -22.49999999999993250, -61.94407808114480218, -18.67995199927396044 ) ) ;
#1633 = DIRECTION ( 'NONE',  ( -0.9993908270190956511, 0.000000000000000000, -0.03489949670250118430 ) ) ;
#1634 = CARTESIAN_POINT ( 'NONE',  ( -19.53010760920595246, -72.00000000000001421, 49.99999999999999289 ) ) ;
#1635 = CARTESIAN_POINT ( 'NONE',  ( -56.38084484507721328, -64.67415272389490610, -55.50814291124851252 ) ) ;
#1636 = EDGE_CURVE ( 'NONE', #2863, #3425, #1159, .T. ) ;
#1637 = ORIENTED_EDGE ( 'NONE', *, *, #2994, .F. ) ;
#1638 = CARTESIAN_POINT ( 'NONE',  ( -128.2316774636296373, -141.3716466052650844, 32.38754325259515099 ) ) ;
#1639 = CARTESIAN_POINT ( 'NONE',  ( -43.79999999999994742, -31.00000000000000000, 56.07443270202220020 ) ) ;
#1640 = DIRECTION ( 'NONE',  ( 0.9993908270190957621, 0.03489949670250105940, 0.000000000000000000 ) ) ;
#1641 = EDGE_CURVE ( 'NONE', #839, #2952, #1781, .T. ) ;
#1642 = CIRCLE ( 'NONE', #3688, 30.00000000000000000 ) ;
#1643 = CARTESIAN_POINT ( 'NONE',  ( -27.39360142592706637, -67.60084602490738348, -30.36220576283028905 ) ) ;
#1644 = AXIS2_PLACEMENT_3D ( 'NONE', #2431, #932, #2114 ) ;
#1645 = ORIENTED_EDGE ( 'NONE', *, *, #1848, .T. ) ;
#1646 = FACE_OUTER_BOUND ( 'NONE', #2989, .T. ) ;
#1647 = AXIS2_PLACEMENT_3D ( 'NONE', #3006, #2879, #2100 ) ;
#1648 = CARTESIAN_POINT ( 'NONE',  ( -17.49999999999995381, 49.91150281070954975, 33.34944355832924145 ) ) ;
#1649 = CARTESIAN_POINT ( 'NONE',  ( -118.6947951103145158, -61.40404143190133368, -45.60000000000012932 ) ) ;
#1650 = CARTESIAN_POINT ( 'NONE',  ( -19.54393191700917498, -62.05709756467404503, -4.999999999999853451 ) ) ;
#1651 = CARTESIAN_POINT ( 'NONE',  ( -47.28121080221761474, -30.99999999999999645, 56.93128105621254775 ) ) ;
#1652 = CARTESIAN_POINT ( 'NONE',  ( -8.491086501036862799, 51.99999999999998579, 49.99999999999965894 ) ) ;
#1653 = CARTESIAN_POINT ( 'NONE',  ( -66.03589326292153316, -128.8421184173095639, 59.09311614065983065 ) ) ;
#1654 = EDGE_CURVE ( 'NONE', #3502, #3197, #2338, .T. ) ;
#1655 = FACE_OUTER_BOUND ( 'NONE', #1663, .T. ) ;
#1656 = CARTESIAN_POINT ( 'NONE',  ( -78.21883569026275040, -49.46461606506705522, 60.00000000000000000 ) ) ;
#1657 = CARTESIAN_POINT ( 'NONE',  ( -55.51924633447037394, -82.76533719968770697, -55.50814291124916622 ) ) ;
#1658 = ORIENTED_EDGE ( 'NONE', *, *, #8, .T. ) ;
#1659 = CARTESIAN_POINT ( 'NONE',  ( -134.5433951454810142, -67.56331899030230659, 24.08304498269860972 ) ) ;
#1660 = CARTESIAN_POINT ( 'NONE',  ( -22.49587659943892248, -58.88919677632211602, -21.24005729446318469 ) ) ;
#1661 = LINE ( 'NONE', #191, #42 ) ;
#1662 = EDGE_CURVE ( 'NONE', #3736, #3472, #2107, .T. ) ;
#1663 = EDGE_LOOP ( 'NONE', ( #1772, #3134, #2746, #1524, #584 ) ) ;
#1664 = FACE_OUTER_BOUND ( 'NONE', #2573, .T. ) ;
#1665 = CARTESIAN_POINT ( 'NONE',  ( -17.49999999999995737, 55.03280979665153438, 23.89585143190108951 ) ) ;
#1666 = CARTESIAN_POINT ( 'NONE',  ( -132.6479678422723509, -143.8035720726309137, -24.08304498270555527 ) ) ;
#1667 = CARTESIAN_POINT ( 'NONE',  ( -20.10016081900220541, -63.33308941406848191, 9.997633136095190665 ) ) ;
#1668 = CARTESIAN_POINT ( 'NONE',  ( -81.13564058080298480, -18.58450097317918903, 62.77779446381808981 ) ) ;
#1669 = CARTESIAN_POINT ( 'NONE',  ( -22.49999999999994671, 33.03007000340350174, 49.99999999999985789 ) ) ;
#1670 = CARTESIAN_POINT ( 'NONE',  ( -56.45406263690982485, -63.13678170636724474, 55.50814291124855515 ) ) ;
#1671 = CARTESIAN_POINT ( 'NONE',  ( -22.49999999999993250, -63.26033954088342171, -18.79595777330112227 ) ) ;
#1672 = CARTESIAN_POINT ( 'NONE',  ( -79.42532699350323355, -65.52595886627602795, -60.00000000000001421 ) ) ;
#1673 = CARTESIAN_POINT ( 'NONE',  ( -24.98806812786362030, -68.55842946018093187, 26.04400832303632995 ) ) ;
#1674 = DIRECTION ( 'NONE',  ( 0.000000000000000000, 1.000000000000000000, -0.000000000000000000 ) ) ;
#1675 = EDGE_LOOP ( 'NONE', ( #2544, #1977, #3174, #1425 ) ) ;
#1676 = CARTESIAN_POINT ( 'NONE',  ( -121.7764831152666289, -58.91554513799386683, 42.75473822480739727 ) ) ;
#1677 = CARTESIAN_POINT ( 'NONE',  ( -122.2999999999999829, -0.1316036347230750692, -6.020840643126765812 ) ) ;
#1678 = CARTESIAN_POINT ( 'NONE',  ( -97.98749025326650042, -1.574377145520771348, 62.19114353879287194 ) ) ;
#1679 = CARTESIAN_POINT ( 'NONE',  ( 0.000000000000000000, 0.000000000000000000, 0.000000000000000000 ) ) ;
#1680 = VERTEX_POINT ( 'NONE', #2357 ) ;
#1681 = CARTESIAN_POINT ( 'NONE',  ( -25.44875965053019229, -62.00000000000001421, 50.29379699127864711 ) ) ;
#1682 = CARTESIAN_POINT ( 'NONE',  ( -35.29841995929280074, -63.56475448994762445, -40.59999999999998721 ) ) ;
#1683 = EDGE_CURVE ( 'NONE', #3467, #3780, #865, .T. ) ;
#1684 = CARTESIAN_POINT ( 'NONE',  ( -17.49999999999994316, 59.80379868792939391, 5.130492595466874306 ) ) ;
#1685 = CARTESIAN_POINT ( 'NONE',  ( -138.8121788659981632, -58.43249115278542405, -9.997633136094613349 ) ) ;
#1686 = CARTESIAN_POINT ( 'NONE',  ( -31.37032332642998611, -63.74967476355178064, 36.14937136423387898 ) ) ;
#1687 = CARTESIAN_POINT ( 'NONE',  ( -98.11244604984668172, -31.00000000000000355, 54.85518732170947942 ) ) ;
#1688 = PLANE ( 'NONE',  #1647 ) ;
#1689 = CARTESIAN_POINT ( 'NONE',  ( -81.90161207210122996, -141.6676056899385117, 59.84493695670054336 ) ) ;
#1690 = CARTESIAN_POINT ( 'NONE',  ( -141.4999999999999716, 57.66982458302324943, -53.23454779425292571 ) ) ;
#1691 = CARTESIAN_POINT ( 'NONE',  ( -81.17054893815216587, 3.495434252465674074, 62.77779446381808981 ) ) ;
#1692 = CARTESIAN_POINT ( 'NONE',  ( -17.49999999999994671, -53.00000000000001421, 50.00000000000000000 ) ) ;
#1693 = CARTESIAN_POINT ( 'NONE',  ( -67.78615007861741049, -86.36609366775256547, -59.09311614065296681 ) ) ;
#1694 = VERTEX_POINT ( 'NONE', #2046 ) ;
#1695 = CARTESIAN_POINT ( 'NONE',  ( -100.6450556171715647, -126.1804787981853337, 55.50814291125164601 ) ) ;
#1696 = DIRECTION ( 'NONE',  ( 1.000000000000000000, -0.000000000000000000, 0.000000000000000000 ) ) ;
#1697 = DIRECTION ( 'NONE',  ( -1.000000000000000000, 0.000000000000000000, 0.000000000000000000 ) ) ;
#1698 = CARTESIAN_POINT ( 'NONE',  ( -37.21203847487500838, -61.94072676395185084, 42.75473822480799413 ) ) ;
#1699 = CARTESIAN_POINT ( 'NONE',  ( -112.6379833664520902, -31.00000000000003553, -46.40107918354424044 ) ) ;
#1700 = VECTOR ( 'NONE', #2955, 1000.000000000000000 ) ;
#1701 = VERTEX_POINT ( 'NONE', #2423 ) ;
#1702 = CARTESIAN_POINT ( 'NONE',  ( -29.17132246449618549, -62.00000000000001421, 52.24250252801139993 ) ) ;
#1703 = DIRECTION ( 'NONE',  ( 0.9993908270190957621, 0.03489949670250105940, -0.000000000000000000 ) ) ;
#1704 = AXIS2_PLACEMENT_3D ( 'NONE', #1427, #43, #2617 ) ;
#1705 = CARTESIAN_POINT ( 'NONE',  ( -136.8457955726309763, -146.1151963748642402, 9.997633136090259498 ) ) ;
#1706 = CARTESIAN_POINT ( 'NONE',  ( -31.44119950466667390, -62.75692391958958893, 36.14937136423377240 ) ) ;
#1707 = CARTESIAN_POINT ( 'NONE',  ( -68.44632019475952234, -31.00000000000000711, 60.02595129495372817 ) ) ;
#1708 = PRODUCT_DEFINITION_FORMATION_WITH_SPECIFIED_SOURCE ( 'ANY', '', #3431, .NOT_KNOWN. ) ;
#1709 = CARTESIAN_POINT ( 'NONE',  ( -72.79999999999995453, 60.06888144710634236, -62.00000000000000000 ) ) ;
#1710 = ADVANCED_FACE ( 'NONE', ( #3269 ), #1762, .T. ) ;
#1711 = CARTESIAN_POINT ( 'NONE',  ( -43.79999999999994031, -56.57483615740260063, 48.62909051864668442 ) ) ;
#1712 = CARTESIAN_POINT ( 'NONE',  ( -74.27104289670964476, -65.33543816700633045, -59.84493695669201685 ) ) ;
#1713 = ORIENTED_EDGE ( 'NONE', *, *, #2565, .F. ) ;
#1714 = CARTESIAN_POINT ( 'NONE',  ( -81.96934528674607634, -60.04429249584595141, 59.99999999999964473 ) ) ;
#1715 = CARTESIAN_POINT ( 'NONE',  ( -51.69846653349478771, 60.80576323321255927, -8.000000000000007105 ) ) ;
#1716 = CARTESIAN_POINT ( 'NONE',  ( -17.51024908461377905, -58.82641680875033785, 11.76125864070047733 ) ) ;
#1717 = CARTESIAN_POINT ( 'NONE',  ( -31.40184857390653761, -61.47815414532428946, 36.14937136423330344 ) ) ;
#1718 = ORIENTED_EDGE ( 'NONE', *, *, #500, .T. ) ;
#1719 = CARTESIAN_POINT ( 'NONE',  ( -90.23742157411066955, -59.80984787679080483, -59.09311614065275364 ) ) ;
#1720 = CARTESIAN_POINT ( 'NONE',  ( -141.4999999999999716, -62.00000000000001421, 62.00000000000000000 ) ) ;
#1721 = CARTESIAN_POINT ( 'NONE',  ( -137.4782854439414166, -146.4634905525606996, -5.000000000002485123 ) ) ;
#1722 = CARTESIAN_POINT ( 'NONE',  ( -34.09400448794130511, -61.40181698468818183, 41.05138713511048820 ) ) ;
#1723 = CARTESIAN_POINT ( 'NONE',  ( -20.87358558568173095, -82.25259976284743857, -19.54082840236629792 ) ) ;
#1724 = CARTESIAN_POINT ( 'NONE',  ( -22.49999999999995737, -60.97497593347078038, -19.05053195319856130 ) ) ;
#1725 = DIRECTION ( 'NONE',  ( -0.000000000000000000, -0.000000000000000000, -1.000000000000000000 ) ) ;
#1726 = CARTESIAN_POINT ( 'NONE',  ( -122.2999999999999545, -31.00000000000000000, 58.34030335726483685 ) ) ;
#1727 = CARTESIAN_POINT ( 'NONE',  ( -17.49999999999995381, -58.99999999999530331, -10.84836271682688036 ) ) ;
#1728 = CARTESIAN_POINT ( 'NONE',  ( -72.79999999999995453, 55.92422100822100361, -40.60000000000000853 ) ) ;
#1729 = EDGE_CURVE ( 'NONE', #2652, #3173, #2068, .T. ) ;
#1730 = ORIENTED_EDGE ( 'NONE', *, *, #847, .T. ) ;
#1731 = CARTESIAN_POINT ( 'NONE',  ( -115.8081352158007746, -169.0768700459168201, 45.60000000000099618 ) ) ;
#1732 = FACE_OUTER_BOUND ( 'NONE', #2979, .T. ) ;
#1733 = DIRECTION ( 'NONE',  ( -1.000000000000000000, 0.000000000000000000, 0.000000000000000000 ) ) ;
#1734 = CARTESIAN_POINT ( 'NONE',  ( -30.53628001430814010, -75.43198075986181550, 36.14937136423510822 ) ) ;
#1735 = ORIENTED_EDGE ( 'NONE', *, *, #2361, .T. ) ;
#1736 = LINE ( 'NONE', #3526, #889 ) ;
#1737 = CARTESIAN_POINT ( 'NONE',  ( -18.14714857217291311, -58.06306910307469593, -15.45840303255323178 ) ) ;
#1738 = CARTESIAN_POINT ( 'NONE',  ( -127.2888401796004558, -178.3576115720510131, -32.38754325259664313 ) ) ;
#1739 = CARTESIAN_POINT ( 'NONE',  ( -18.49999999999993250, -58.00000000000002132, 15.90491809182732830 ) ) ;
#1740 = CARTESIAN_POINT ( 'NONE',  ( -49.99403881015493312, -63.03867656980623480, -52.35702562807704652 ) ) ;
#1741 = CARTESIAN_POINT ( 'NONE',  ( -22.47369964287071653, -58.76339887017167030, 21.36887701107656312 ) ) ;
#1742 = EDGE_CURVE ( 'NONE', #1680, #634, #7, .T. ) ;
#1743 = DIRECTION ( 'NONE',  ( -0.000000000000000000, -0.000000000000000000, 1.000000000000000000 ) ) ;
#1744 = CARTESIAN_POINT ( 'NONE',  ( -43.79999999999995453, -47.91001862703330261, 50.62208644668201174 ) ) ;
#1745 = CARTESIAN_POINT ( 'NONE',  ( -35.83542138063642568, -2.414608222093876488, -59.99999999999999289 ) ) ;
#1746 = ORIENTED_EDGE ( 'NONE', *, *, #1037, .T. ) ;
#1747 = CARTESIAN_POINT ( 'NONE',  ( -84.62608151892722219, -59.96895967449359688, 59.84493695669161895 ) ) ;
#1748 = CARTESIAN_POINT ( 'NONE',  ( -22.49999999999994671, -72.00000000000001421, -40.60000000000000853 ) ) ;
#1749 = DIRECTION ( 'NONE',  ( 0.7073221891495913294, -0.7068913075831601001, 0.000000000000000000 ) ) ;
#1750 = CARTESIAN_POINT ( 'NONE',  ( -17.49999999999995737, 57.77722106745495267, -16.27321439925129809 ) ) ;
#1751 = EDGE_CURVE ( 'NONE', #2652, #2657, #600, .T. ) ;
#1752 = ORIENTED_EDGE ( 'NONE', *, *, #149, .F. ) ;
#1753 = CARTESIAN_POINT ( 'NONE',  ( -81.99923009832190246, -63.52472333158007700, -59.99999999999992895 ) ) ;
#1754 = CARTESIAN_POINT ( 'NONE',  ( -17.98836543477003147, -58.14079462680668087, -14.94866843868264183 ) ) ;
#1755 = CARTESIAN_POINT ( 'NONE',  ( -59.56688870358191679, -64.79192025327951399, 56.70400000000017116 ) ) ;
#1756 = CIRCLE ( 'NONE', #98, 23.00000000000000000 ) ;
#1757 = CARTESIAN_POINT ( 'NONE',  ( -102.4698091419292609, -66.37776500865714979, 55.50814291124838462 ) ) ;
#1758 = LINE ( 'NONE', #2317, #710 ) ;
#1759 = CARTESIAN_POINT ( 'NONE',  ( -49.95816157854957851, -60.95198244803481913, -52.35702562807695415 ) ) ;
#1760 = CARTESIAN_POINT ( 'NONE',  ( -17.49999999999995737, -58.44791758561189710, 13.85188869403943102 ) ) ;
#1761 = AXIS2_PLACEMENT_3D ( 'NONE', #1980, #3761, #2273 ) ;
#1762 = PLANE ( 'NONE',  #3323 ) ;
#1763 = VECTOR ( 'NONE', #3478, 1000.000000000000000 ) ;
#1764 = PLANE ( 'NONE',  #3193 ) ;
#1765 = CARTESIAN_POINT ( 'NONE',  ( -17.49999999999995381, -57.80127738811224702, -16.29677361382207224 ) ) ;
#1766 = CARTESIAN_POINT ( 'NONE',  ( 38.65099204287542278, -76.88286150838281685, -59.99999999999999289 ) ) ;
#1767 = ORIENTED_EDGE ( 'NONE', *, *, #2468, .F. ) ;
#1768 = CARTESIAN_POINT ( 'NONE',  ( -84.57961109029704971, -65.71647956554572545, 59.84493695669196711 ) ) ;
#1769 = CARTESIAN_POINT ( 'NONE',  ( -122.2999999999998977, -10.80228879260784680, 24.79702732872997828 ) ) ;
#1770 = CARTESIAN_POINT ( 'NONE',  ( -43.79999999999994742, -31.00000000000000000, 61.08158376236702480 ) ) ;
#1771 = CARTESIAN_POINT ( 'NONE',  ( -27.90216396639238638, -74.65877746463796427, 32.38754325259963451 ) ) ;
#1772 = ORIENTED_EDGE ( 'NONE', *, *, #2554, .F. ) ;
#1773 = CARTESIAN_POINT ( 'NONE',  ( -102.5630093084416927, -61.51029327188711449, -55.50814291124875410 ) ) ;
#1774 = CARTESIAN_POINT ( 'NONE',  ( -82.79427841149983180, -116.3505636484742496, 59.84493695669768698 ) ) ;
#1775 = EDGE_CURVE ( 'NONE', #2474, #2773, #247, .T. ) ;
#1776 = CARTESIAN_POINT ( 'NONE',  ( -99.37636886232803590, -61.53128204615792640, 56.70400000000024221 ) ) ;
#1777 = ORIENTED_EDGE ( 'NONE', *, *, #1125, .F. ) ;
#1778 = CARTESIAN_POINT ( 'NONE',  ( -199.2743447095792817, -51.50179901296480267, 59.99999999999997158 ) ) ;
#1779 = CARTESIAN_POINT ( 'NONE',  ( -40.33362903818620993, -61.92016644006050541, -45.60000000000008669 ) ) ;
#1780 = CARTESIAN_POINT ( 'NONE',  ( -81.13564058080298480, 15.43574668213765122, 62.77779446381808981 ) ) ;
#1781 = LINE ( 'NONE', #2721, #956 ) ;
#1782 = B_SPLINE_CURVE_WITH_KNOTS ( 'NONE', 3,
 ( #406, #440, #3434, #1588, #122, #2481, #1950, #3379, #1623, #1330, #1648, #2838, #715, #481, #1665, #2856, #2558, #196, #1370, #765, #1080, #1684, #2538, #3150, #3107, #2816, #1328, #3705, #1038, #2215, #1750, #2347, #2751, #518, #1001, #3081, #2699, #307, #881, #1445, #2297, #1797, #3243, #2335 ),
 .UNSPECIFIED., .F., .F.,
 ( 4, 2, 2, 2, 2, 2, 2, 2, 2, 2, 2, 2, 2, 2, 2, 2, 2, 2, 2, 2, 2, 4 ),
 ( 0.2251808436512465761, 0.2317193316578892992, 0.2382578196645320501, 0.2415270636678534255, 0.2447963076711748009, 0.2513347956778175796, 0.2578732836844603304, 0.2611425276877816781, 0.2644117716911030813, 0.2709502596977458322, 0.2774887477043885831, 0.2840272357110313894, 0.2872964797143527371, 0.2905657237176740848, 0.2971042117243168912, 0.3036426997309596421, 0.3069119437342809897, 0.3101811877376023929, 0.3167196757442451438, 0.3232581637508878947, 0.3265274077542092979, 0.3297966517575306455 ),
 .UNSPECIFIED. ) ;
#1783 = DIRECTION ( 'NONE',  ( 0.9993908270190956511, -0.000000000000000000, 0.03489949670250104552 ) ) ;
#1784 = CARTESIAN_POINT ( 'NONE',  ( -20.86122457253642182, -46.00000000000002842, 38.96810941943281392 ) ) ;
#1785 = CARTESIAN_POINT ( 'NONE',  ( -63.98416934018928970, -20.45797934780360450, 60.00000000000000711 ) ) ;
#1786 = ORIENTED_EDGE ( 'NONE', *, *, #2167, .T. ) ;
#1787 = CARTESIAN_POINT ( 'NONE',  ( -59.60633367325682030, -60.67840465887254453, 56.70399999999963114 ) ) ;
#1788 = FACE_OUTER_BOUND ( 'NONE', #1035, .T. ) ;
#1789 = CARTESIAN_POINT ( 'NONE',  ( -17.60533944249082339, -58.53543288798289268, 13.12214396543295969 ) ) ;
#1790 = CARTESIAN_POINT ( 'NONE',  ( -17.63528139312198206, -89.71616144116956093, 9.997633136103461382 ) ) ;
#1791 = VERTEX_POINT ( 'NONE', #28 ) ;
#1792 = CARTESIAN_POINT ( 'NONE',  ( -108.9825378422788162, -59.27832258724419745, -52.35702562807696125 ) ) ;
#1793 = FACE_OUTER_BOUND ( 'NONE', #1613, .T. ) ;
#1794 = LINE ( 'NONE', #2396, #2514 ) ;
#1795 = CARTESIAN_POINT ( 'NONE',  ( -92.24185621618110531, -93.54468118197858928, 58.49600000000157962 ) ) ;
#1796 = ORIENTED_EDGE ( 'NONE', *, *, #3034, .F. ) ;
#1797 = CARTESIAN_POINT ( 'NONE',  ( -17.49999999999994316, 45.60706721032533295, -38.98837155783591868 ) ) ;
#1798 = CARTESIAN_POINT ( 'NONE',  ( -56.45406263690972537, -63.13678170636703868, -55.50814291124845568 ) ) ;
#1799 = EDGE_CURVE ( 'NONE', #3666, #3, #2333, .T. ) ;
#1800 = CARTESIAN_POINT ( 'NONE',  ( -81.20545197878941224, 15.26725839711266985, 62.77718522897757225 ) ) ;
#1801 = CARTESIAN_POINT ( 'NONE',  ( -24.87397826302582260, -0.1650926711519140333, -60.00000000000000000 ) ) ;
#1802 = DIRECTION ( 'NONE',  ( -0.000000000000000000, -0.000000000000000000, 1.000000000000000000 ) ) ;
#1803 = CARTESIAN_POINT ( 'NONE',  ( -71.05513723352879651, 112.9162159235525564, 59.99999999999997868 ) ) ;
#1804 = ORIENTED_EDGE ( 'NONE', *, *, #1351, .T. ) ;
#1805 = CARTESIAN_POINT ( 'NONE',  ( -40.32378689299266483, -62.89181931194620745, 45.60000000000010800 ) ) ;
#1806 = CARTESIAN_POINT ( 'NONE',  ( -122.2999999999999545, -23.04100641648663483, 33.49608519179845700 ) ) ;
#1807 = CARTESIAN_POINT ( 'NONE',  ( -18.08466025857069681, -58.09032920178326975, 15.00007316563767290 ) ) ;
#1808 = CARTESIAN_POINT ( 'NONE',  ( -19.49445587842017247, -61.81579304068612402, -4.999999999999913847 ) ) ;
#1809 = VERTEX_POINT ( 'NONE', #1819 ) ;
#1810 = CARTESIAN_POINT ( 'NONE',  ( -112.2979652268759452, -61.44617408562841376, -50.40000000000029701 ) ) ;
#1811 = CARTESIAN_POINT ( 'NONE',  ( -17.49999999999993605, 57.29408935191473518, 60.49367810579587257 ) ) ;
#1812 = FACE_BOUND ( 'NONE', #3509, .T. ) ;
#1813 = ADVANCED_FACE ( 'NONE', ( #3015 ), #352, .T. ) ;
#1814 = CARTESIAN_POINT ( 'NONE',  ( -102.5473420195262975, -63.83677718465494166, 55.50814291124824962 ) ) ;
#1815 = ORIENTED_EDGE ( 'NONE', *, *, #3822, .F. ) ;
#1816 = CARTESIAN_POINT ( 'NONE',  ( 40.42943360687582555, -65.35021398252604286, -60.00000000000000711 ) ) ;
#1817 = CARTESIAN_POINT ( 'NONE',  ( -24.33680024778550788, -61.67848642406188020, -24.08304498269885841 ) ) ;
#1818 = CARTESIAN_POINT ( 'NONE',  ( -22.35164518920695542, -58.46818763993154278, -21.54349334182536424 ) ) ;
#1819 = CARTESIAN_POINT ( 'NONE',  ( -51.15391577023012815, -9.574377145520770682, 60.82477936489309656 ) ) ;
#1820 = CLOSED_SHELL ( 'NONE', ( #2830, #3410, #2055, #3635, #1523, #2210, #3019, #1459, #3719, #3203, #382, #1091, #1543, #2484, #2045, #1439, #895, #2537, #1226, #2808, #3612, #2592, #1298, #2712, #3414, #2614, #783, #1710, #1171, #1374, #2660, #1813, #2028, #838, #2896, #3750, #2877, #919, #2684, #2626, #2274, #309, #726, #2435, #2945, #2077, #3145, #1960, #1318, #1985, #1534, #3282, #3042, #2637, #1209, #2153, #1231, #3529, #3583, #2919, #3014, #2417, #869, #971, #32 ) ) ;
#1821 = CARTESIAN_POINT ( 'NONE',  ( -187.8563431024834074, 4.611987970257688474, -59.99999999999995026 ) ) ;
#1822 = MECHANICAL_DESIGN_GEOMETRIC_PRESENTATION_REPRESENTATION (  '', ( #1258 ), #159 ) ;
#1823 = DIRECTION ( 'NONE',  ( -1.000000000000000000, 0.000000000000000000, 0.000000000000000000 ) ) ;
#1824 = CARTESIAN_POINT ( 'NONE',  ( -18.40664145373523297, -119.9927786219668633, -59.99999999999999289 ) ) ;
#1825 = EDGE_CURVE ( 'NONE', #1809, #1680, #1852, .T. ) ;
#1826 = CIRCLE ( 'NONE', #163, 3.000000000000002665 ) ;
#1827 = ORIENTED_EDGE ( 'NONE', *, *, #439, .T. ) ;
#1828 = CARTESIAN_POINT ( 'NONE',  ( -74.27104289671002846, -65.33543816700630202, 59.84493695669203106 ) ) ;
#1829 = DIRECTION ( 'NONE',  ( -0.7066760308408308600, -0.02467767077833578696, 0.7071067811865512365 ) ) ;
#1830 = CARTESIAN_POINT ( 'NONE',  ( -17.87619739062606072, -58.21708690136572528, 14.44507918014410031 ) ) ;
#1831 = CARTESIAN_POINT ( 'NONE',  ( -22.52217541762637509, -63.42261570061121034, 19.54082840236736374 ) ) ;
#1832 = EDGE_LOOP ( 'NONE', ( #2136, #779, #2809, #74 ) ) ;
#1833 = CARTESIAN_POINT ( 'NONE',  ( -120.7859958939393579, -101.9233639950074775, -42.75473822480937969 ) ) ;
#1834 = PLANE ( 'NONE',  #402 ) ;
#1835 = CARTESIAN_POINT ( 'NONE',  ( -8.885187466325021433, 62.30083588270306194, 52.30692761251212630 ) ) ;
#1836 = CARTESIAN_POINT ( 'NONE',  ( -90.23742157410960374, -59.80984787679092562, 59.09311614065281049 ) ) ;
#1837 = ORIENTED_EDGE ( 'NONE', *, *, #1929, .T. ) ;
#1838 = CARTESIAN_POINT ( 'NONE',  ( -18.60067176216009344, -57.99999999999998579, 15.96755184309036402 ) ) ;
#1839 = CARTESIAN_POINT ( 'NONE',  ( -22.49999999999995737, -60.05920677794438234, 19.80733319688293292 ) ) ;
#1840 = CARTESIAN_POINT ( 'NONE',  ( -40.09911658507006393, 119.5667055561336554, 59.99999999999998579 ) ) ;
#1841 = CARTESIAN_POINT ( 'NONE',  ( -22.49999999999992539, -51.93647292613964339, 32.02647000239156228 ) ) ;
#1842 = CARTESIAN_POINT ( 'NONE',  ( 26.01033973955992451, -100.8350614223085415, -59.99999999999999289 ) ) ;
#1843 = ORIENTED_EDGE ( 'NONE', *, *, #2145, .T. ) ;
#1844 = CARTESIAN_POINT ( 'NONE',  ( -37.20248853432212854, -62.84441772180722552, 42.75473822480779518 ) ) ;
#1845 = LINE ( 'NONE', #3098, #39 ) ;
#1846 = CARTESIAN_POINT ( 'NONE',  ( -24.32857469085904611, -65.00000000000001421, 53.00000000000000711 ) ) ;
#1847 = CARTESIAN_POINT ( 'NONE',  ( -20.87358558568604039, -82.25259976284390007, 19.54082840237258978 ) ) ;
#1848 = EDGE_CURVE ( 'NONE', #703, #1233, #3033, .T. ) ;
#1849 = B_SPLINE_CURVE_WITH_KNOTS ( 'NONE', 3,
 ( #2122, #1838, #350, #1530, #103, #2719, #1234, #368, #3667, #982, #941, #1551 ),
 .UNSPECIFIED., .F., .F.,
 ( 4, 2, 2, 2, 2, 4 ),
 ( 0.001453126455743379997, 0.001810310359762043811, 0.002167494263780707191, 0.002881862071818034818, 0.004310597687892703950, 0.007168068920042028336 ),
 .UNSPECIFIED. ) ;
#1850 = ORIENTED_EDGE ( 'NONE', *, *, #3588, .T. ) ;
#1851 = CARTESIAN_POINT ( 'NONE',  ( -127.2888401796004558, -178.3576115720510131, -32.38754325259664313 ) ) ;
#1852 =( BOUNDED_CURVE ( )  B_SPLINE_CURVE ( 3, ( #3668, #984, #2780, #2178 ),
 .UNSPECIFIED., .F., .F. ) 
 B_SPLINE_CURVE_WITH_KNOTS ( ( 4, 4 ),
 ( 3.141592653589783790, 4.677482395344799926 ),
 .UNSPECIFIED. ) 
 CURVE ( )  GEOMETRIC_REPRESENTATION_ITEM ( )  RATIONAL_B_SPLINE_CURVE ( ( 1.000000000000000000, 0.8128932002257658329, 0.8128932002257658329, 1.000000000000000000 ) ) 
 REPRESENTATION_ITEM ( '' )  );
#1853 = CARTESIAN_POINT ( 'NONE',  ( -141.4999999999999716, -31.00000000000000000, -62.00000000000000000 ) ) ;
#1854 = CARTESIAN_POINT ( 'NONE',  ( -164.0227113013554572, 56.88331417333942852, 56.88331417333942852 ) ) ;
#1855 = ORIENTED_EDGE ( 'NONE', *, *, #3354, .F. ) ;
#1856 = CARTESIAN_POINT ( 'NONE',  ( -38.61685683354595255, -62.00000000000000711, 47.71507860604746298 ) ) ;
#1857 = CARTESIAN_POINT ( 'NONE',  ( -8.491086501036862799, -46.00000000000001421, 57.00000000000000000 ) ) ;
#1858 = CARTESIAN_POINT ( 'NONE',  ( 18.24431566409942818, -108.0794983087116208, 60.00000000000001421 ) ) ;
#1859 = DIRECTION ( 'NONE',  ( 0.7066760308408306379, -0.7071067811865514585, 0.02467767077833600206 ) ) ;
#1860 = CARTESIAN_POINT ( 'NONE',  ( -141.5000000000000284, 54.28363546660425953, 41.56371575164257592 ) ) ;
#1861 = MANIFOLD_SOLID_BREP ( 'Cut-Extrude19', #1820 ) ;
#1862 = EDGE_CURVE ( 'NONE', #40, #1270, #2779, .T. ) ;
#1863 = ORIENTED_EDGE ( 'NONE', *, *, #3419, .T. ) ;
#1864 = CARTESIAN_POINT ( 'NONE',  ( -17.49999999999994671, -63.98115810071546150, -40.60000000000000853 ) ) ;
#1865 = CARTESIAN_POINT ( 'NONE',  ( -18.05961458889547799, -58.10089279890969038, 15.25074562480430274 ) ) ;
#1866 = CARTESIAN_POINT ( 'NONE',  ( -58.70177998744949122, -83.69951984877096152, -56.70400000000029195 ) ) ;
#1867 = ORIENTED_EDGE ( 'NONE', *, *, #803, .F. ) ;
#1868 = CARTESIAN_POINT ( 'NONE',  ( -118.6546003473166735, -59.00406737591579542, -45.59999999999973141 ) ) ;
#1869 = DIRECTION ( 'NONE',  ( 1.000000000000000000, 0.000000000000000000, -0.000000000000000000 ) ) ;
#1870 = CARTESIAN_POINT ( 'NONE',  ( -17.49999999999994671, -44.16883431169772223, -40.60000000000000853 ) ) ;
#1871 = EDGE_CURVE ( 'NONE', #1367, #596, #398, .T. ) ;
#1872 = ORIENTED_EDGE ( 'NONE', *, *, #2469, .T. ) ;
#1873 = CARTESIAN_POINT ( 'NONE',  ( -74.34593566085095517, -63.40849659371311731, -59.84493695669176816 ) ) ;
#1874 = CARTESIAN_POINT ( 'NONE',  ( -21.67352998702524403, -58.00946509168454668, -20.94299820671767520 ) ) ;
#1875 = CARTESIAN_POINT ( 'NONE',  ( -115.8081352157817889, -169.0768700459236697, -45.60000000000408704 ) ) ;
#1876 = CARTESIAN_POINT ( 'NONE',  ( 39.29980196164922290, -73.74153775340475647, -59.99999999999999289 ) ) ;
#1877 = CARTESIAN_POINT ( 'NONE',  ( -22.49999999999994671, 30.81211450254023276, 51.46999511424110096 ) ) ;
#1878 = CARTESIAN_POINT ( 'NONE',  ( -141.5000000000000284, 43.41619677517260811, 53.28024769912423864 ) ) ;
#1879 = AXIS2_PLACEMENT_3D ( 'NONE', #1919, #2185, #3059 ) ;
#1880 = ORIENTED_EDGE ( 'NONE', *, *, #1125, .T. ) ;
#1881 = CARTESIAN_POINT ( 'NONE',  ( -17.49999999999994671, 61.99999999999998579, -30.60000000000001563 ) ) ;
#1882 = CARTESIAN_POINT ( 'NONE',  ( -18.05082659628898867, -58.10646057362428252, 14.89706613652000833 ) ) ;
#1883 = CARTESIAN_POINT ( 'NONE',  ( -36.29068282007559532, -77.12109510810422819, -42.75473822480875441 ) ) ;
#1884 = AXIS2_PLACEMENT_3D ( 'NONE', #1465, #2678, #3548 ) ;
#1885 = ORIENTED_EDGE ( 'NONE', *, *, #1582, .F. ) ;
#1886 = CARTESIAN_POINT ( 'NONE',  ( -127.5602051517693809, -64.21663497143219956, 36.14937136423316844 ) ) ;
#1887 = CARTESIAN_POINT ( 'NONE',  ( -22.49999999999995737, -61.94547451487417078, 18.67964215156328578 ) ) ;
#1888 = DIRECTION ( 'NONE',  ( -1.000000000000000000, 0.000000000000000000, 0.000000000000000000 ) ) ;
#1889 = ORIENTED_EDGE ( 'NONE', *, *, #993, .T. ) ;
#1890 = CARTESIAN_POINT ( 'NONE',  ( -79.42245555134975632, -58.42600649774720978, -60.00000000000000000 ) ) ;
#1891 = CARTESIAN_POINT ( 'NONE',  ( -65.79301197427362524, -61.75247847822585356, -58.49600000000039302 ) ) ;
#1892 = EDGE_CURVE ( 'NONE', #2752, #3771, #2499, .T. ) ;
#1893 = CARTESIAN_POINT ( 'NONE',  ( -22.49999999999995381, -61.64722345889655486, -18.77272832607797426 ) ) ;
#1894 = SURFACE_SIDE_STYLE ('',( #716 ) ) ;
#1895 = CARTESIAN_POINT ( 'NONE',  ( -102.5630093084416927, -61.51029327188711449, -55.50814291124875410 ) ) ;
#1896 = CARTESIAN_POINT ( 'NONE',  ( -0.6157055277265182092, -117.7454323677502117, -60.00000000000001421 ) ) ;
#1897 = CARTESIAN_POINT ( 'NONE',  ( -41.11399153987421329, -62.00000000000000000, 46.11017076702206197 ) ) ;
#1898 = FACE_OUTER_BOUND ( 'NONE', #2609, .T. ) ;
#1899 = EDGE_LOOP ( 'NONE', ( #724, #1358, #278, #137 ) ) ;
#1900 = DIRECTION ( 'NONE',  ( 0.000000000000000000, -0.000000000000000000, -1.000000000000000000 ) ) ;
#1901 = CARTESIAN_POINT ( 'NONE',  ( -78.21883569025744976, -49.46461606506705522, -60.00000000000000000 ) ) ;
#1902 = CARTESIAN_POINT ( 'NONE',  ( -46.72001798445806742, -62.98895566028339488, -50.39999999999979252 ) ) ;
#1903 = ORIENTED_EDGE ( 'NONE', *, *, #3034, .T. ) ;
#1904 = CARTESIAN_POINT ( 'NONE',  ( -139.4653688107059963, -64.39743271117106360, 4.999999999999667821 ) ) ;
#1905 = CYLINDRICAL_SURFACE ( 'NONE', #277, 3.000000000000002665 ) ;
#1906 = CARTESIAN_POINT ( 'NONE',  ( 4.192541622498963783, 52.76361197549844917, 62.75752024568944165 ) ) ;
#1907 = B_SPLINE_CURVE_WITH_KNOTS ( 'NONE', 3,
 ( #3516, #2299, #26, #2661, #541, #3550, #254, #559, #2319, #2936, #3210, #1196, #1741, #3495, #2087, #3572 ),
 .UNSPECIFIED., .F., .F.,
 ( 4, 2, 2, 2, 2, 2, 2, 4 ),
 ( 8.080534861369234444E-16, 0.0005399388080515789973, 0.0008099082120769627875, 0.001079877616102346578, 0.001349847020127730368, 0.001619816424153113941, 0.001889785828178497948, 0.002159755232203881738 ),
 .UNSPECIFIED. ) ;
#1908 = ORIENTED_EDGE ( 'NONE', *, *, #149, .T. ) ;
#1909 = DIRECTION ( 'NONE',  ( -0.000000000000000000, 1.000000000000000000, -0.000000000000000000 ) ) ;
#1910 = CARTESIAN_POINT ( 'NONE',  ( -22.49999999999993960, -61.71343058415468619, -18.75698633585700392 ) ) ;
#1911 = CARTESIAN_POINT ( 'NONE',  ( -108.9292282046651081, -66.61652814503028708, -52.35702562807736626 ) ) ;
#1912 = EDGE_CURVE ( 'NONE', #570, #3763, #3108, .T. ) ;
#1913 = CARTESIAN_POINT ( 'NONE',  ( -68.73564603563266928, -63.32329594359363512, 59.09311614065302365 ) ) ;
#1914 = CARTESIAN_POINT ( 'NONE',  ( -122.2999999999999545, -30.99999999999999645, 36.92758970997186907 ) ) ;
#1915 = CARTESIAN_POINT ( 'NONE',  ( -17.49999999999995026, 18.72964453634670079, 56.99992531913073890 ) ) ;
#1916 = CARTESIAN_POINT ( 'NONE',  ( -35.83542138063642568, -2.414608222093876488, -59.99999999999999289 ) ) ;
#1917 = EDGE_CURVE ( 'NONE', #2907, #176, #1782, .T. ) ;
#1918 = ORIENTED_EDGE ( 'NONE', *, *, #2929, .T. ) ;
#1919 = CARTESIAN_POINT ( 'NONE',  ( -141.4999999999999716, 31.60000000000000142, -62.00000000000000000 ) ) ;
#1920 = CARTESIAN_POINT ( 'NONE',  ( -79.16709278866829891, -54.86808968111181173, 60.00000000000000000 ) ) ;
#1921 = CARTESIAN_POINT ( 'NONE',  ( -56.45406263690972537, -63.13678170636703868, -55.50814291124845568 ) ) ;
#1922 = ORIENTED_EDGE ( 'NONE', *, *, #2261, .T. ) ;
#1923 = CARTESIAN_POINT ( 'NONE',  ( -134.6426010999949199, -61.29900137304137786, 24.08304498269890814 ) ) ;
#1924 = PLANE ( 'NONE',  #3442 ) ;
#1925 = B_SPLINE_CURVE_WITH_KNOTS ( 'NONE', 3,
 ( #3154, #2542, #1024, #2202, #1292, #1063, #3438, #987, #772, #2164, #3365, #3402 ),
 .UNSPECIFIED., .F., .F.,
 ( 4, 2, 2, 2, 2, 4 ),
 ( 0.000000000000000000, 0.007681831707644926240, 0.01536366341528985248, 0.01920457926911232557, 0.02304549512293480040, 0.03072732683057973271 ),
 .UNSPECIFIED. ) ;
#1926 = VERTEX_POINT ( 'NONE', #1739 ) ;
#1927 = CARTESIAN_POINT ( 'NONE',  ( -24.87735943094634550, -64.82331354141005875, 49.99999999999999289 ) ) ;
#1928 = CARTESIAN_POINT ( 'NONE',  ( -28.46652759662660870, -47.82148990582616221, -40.59999999999998721 ) ) ;
#1929 = EDGE_CURVE ( 'NONE', #456, #192, #2944, .T. ) ;
#1930 = CARTESIAN_POINT ( 'NONE',  ( -90.23742157411066955, -59.80984787679080483, -59.09311614065275364 ) ) ;
#1931 = CARTESIAN_POINT ( 'NONE',  ( -20.17793724569303038, -62.05292169514763856, 9.997633136094963291 ) ) ;
#1932 = CARTESIAN_POINT ( 'NONE',  ( -71.99392878152617925, -31.00000000000002487, 60.07851686025210824 ) ) ;
#1933 = FACE_OUTER_BOUND ( 'NONE', #1832, .T. ) ;
#1934 = CARTESIAN_POINT ( 'NONE',  ( -63.98416934016007218, -20.45797934781048966, -60.00000000000000711 ) ) ;
#1935 = CARTESIAN_POINT ( 'NONE',  ( -35.31074968413040693, -61.36731568667233461, -40.59999999951993743 ) ) ;
#1936 = CARTESIAN_POINT ( 'NONE',  ( 40.19121870340892855, -68.64354755737709013, 60.00000000000003553 ) ) ;
#1937 = CARTESIAN_POINT ( 'NONE',  ( -27.90216396638705376, -74.65877746463787901, -32.38754325259367306 ) ) ;
#1938 = EDGE_CURVE ( 'NONE', #265, #3520, #47, .T. ) ;
#1939 = AXIS2_PLACEMENT_3D ( 'NONE', #326, #2377, #269 ) ;
#1940 = VECTOR ( 'NONE', #2561, 1000.000000000000000 ) ;
#1941 = VERTEX_POINT ( 'NONE', #575 ) ;
#1942 = CARTESIAN_POINT ( 'NONE',  ( -139.3843798012379125, -67.74225902628958806, -5.000000000000361489 ) ) ;
#1943 = CARTESIAN_POINT ( 'NONE',  ( -22.49999999999995381, -60.76835856093081389, 19.17560929771318712 ) ) ;
#1944 = CARTESIAN_POINT ( 'NONE',  ( -51.66356703679226570, 59.80637240619346073, 8.000000000000000000 ) ) ;
#1945 = AXIS2_PLACEMENT_3D ( 'NONE', #3739, #1385, #1344 ) ;
#1946 = CARTESIAN_POINT ( 'NONE',  ( -25.89473005845158937, -68.74740189403085822, -27.84976878208688333 ) ) ;
#1947 = ORIENTED_EDGE ( 'NONE', *, *, #543, .T. ) ;
#1948 = CARTESIAN_POINT ( 'NONE',  ( -81.13564058080298480, 15.43574668213765122, 62.77779446381808981 ) ) ;
#1949 = VECTOR ( 'NONE', #1888, 1000.000000000000000 ) ;
#1950 = CARTESIAN_POINT ( 'NONE',  ( -17.49999999999995026, 44.56210205999184382, 40.17909905672832593 ) ) ;
#1951 = CARTESIAN_POINT ( 'NONE',  ( -138.4313326225896503, -107.1028747894251580, -5.000000000001423750 ) ) ;
#1952 = CARTESIAN_POINT ( 'NONE',  ( -34.60990245007629085, -103.4380601425177701, 42.75473822481509956 ) ) ;
#1953 = CARTESIAN_POINT ( 'NONE',  ( -17.49999999999994671, -62.00000000000013500, 50.00000000000084555 ) ) ;
#1954 = CARTESIAN_POINT ( 'NONE',  ( -22.49999999999994671, 23.74504785581993005, 55.10233728368319817 ) ) ;
#1955 = CARTESIAN_POINT ( 'NONE',  ( -79.25440050826746585, -139.5276598968472967, 60.00000000000244427 ) ) ;
#1956 = CARTESIAN_POINT ( 'NONE',  ( -22.49999999848191479, -61.73056969535324612, -18.75405147059747790 ) ) ;
#1957 = CARTESIAN_POINT ( 'NONE',  ( -79.51421207425066484, -61.66210393598081652, -60.00000000000031974 ) ) ;
#1958 = CARTESIAN_POINT ( 'NONE',  ( -23.42497340070848821, -70.51558476427352673, 22.95365408921005468 ) ) ;
#1959 = CARTESIAN_POINT ( 'NONE',  ( -79.51421207425066484, -61.66210393598081652, -60.00000000000031974 ) ) ;
#1960 = ADVANCED_FACE ( 'NONE', ( #824 ), #3531, .F. ) ;
#1961 = VERTEX_POINT ( 'NONE', #862 ) ;
#1962 = CARTESIAN_POINT ( 'NONE',  ( -139.3843798012380262, -67.74225902628954543, 4.999999999999627853 ) ) ;
#1963 = CARTESIAN_POINT ( 'NONE',  ( -81.13564058080298480, 0.000000000000000000, 59.77779446381808981 ) ) ;
#1964 = LINE ( 'NONE', #3681, #767 ) ;
#1965 = ORIENTED_EDGE ( 'NONE', *, *, #1275, .F. ) ;
#1966 = CARTESIAN_POINT ( 'NONE',  ( -32.87038097103522460, -62.65896812835924834, 48.71592516771637094 ) ) ;
#1967 = CARTESIAN_POINT ( 'NONE',  ( -18.49999999999997158, -58.00000000000002842, -15.90491809182565142 ) ) ;
#1968 = CARTESIAN_POINT ( 'NONE',  ( -134.6239309170793774, -64.32390822605434266, 24.08304498269870919 ) ) ;
#1969 = CARTESIAN_POINT ( 'NONE',  ( -22.59222318677072039, -62.62253896167453604, 19.54082840236714347 ) ) ;
#1970 = CARTESIAN_POINT ( 'NONE',  ( -112.0865041408394092, -31.00000000000001421, 46.93876488381816614 ) ) ;
#1971 = DIRECTION ( 'NONE',  ( 0.000000000000000000, 1.000000000000000000, -1.042804293372779061E-14 ) ) ;
#1972 = CARTESIAN_POINT ( 'NONE',  ( -56.97156255520956591, -121.5147190397654668, 56.70400000000726948 ) ) ;
#1973 = CARTESIAN_POINT ( 'NONE',  ( -39.82050807568870709, -62.00000000000001421, 62.00000000000000000 ) ) ;
#1974 = CARTESIAN_POINT ( 'NONE',  ( -79.47034971041435369, -60.11515251763957224, -59.99999999999964473 ) ) ;
#1975 = CARTESIAN_POINT ( 'NONE',  ( -17.49999999999993960, -50.95701679766693104, -31.69182637151497772 ) ) ;
#1976 = CARTESIAN_POINT ( 'NONE',  ( -72.79999999999995453, 60.06888144710634947, -36.45786437626906462 ) ) ;
#1977 = ORIENTED_EDGE ( 'NONE', *, *, #1133, .F. ) ;
#1978 = CARTESIAN_POINT ( 'NONE',  ( -110.3567421559986599, -131.5284282761014367, 50.40000000000208757 ) ) ;
#1979 = DIRECTION ( 'NONE',  ( 0.000000000000000000, 0.000000000000000000, -1.000000000000000000 ) ) ;
#1980 = CARTESIAN_POINT ( 'NONE',  ( -8.491086501036862799, -62.00000000000001421, 57.00000000000000000 ) ) ;
#1981 = CARTESIAN_POINT ( 'NONE',  ( -39.40825042350437002, -78.03620799614823511, 45.60000000000320597 ) ) ;
#1982 = EDGE_LOOP ( 'NONE', ( #3395, #2804, #223, #1325, #3359, #774, #2249, #1658 ) ) ;
#1983 = CARTESIAN_POINT ( 'NONE',  ( -34.55130784321939785, -62.00000000000493117, 49.05188419531049959 ) ) ;
#1984 = CARTESIAN_POINT ( 'NONE',  ( -25.68403192824620263, -46.08093156673091784, -40.60000000000001563 ) ) ;
#1985 = ADVANCED_FACE ( 'NONE', ( #4 ), #539, .T. ) ;
#1986 = CARTESIAN_POINT ( 'NONE',  ( -138.4313326225855292, -107.1028747894249307, 4.999999999999158895 ) ) ;
#1987 = CARTESIAN_POINT ( 'NONE',  ( -23.48099722014310586, -73.36101357164474734, 24.08304498270221217 ) ) ;
#1988 = CARTESIAN_POINT ( 'NONE',  ( -82.67257827515295787, -31.00000000000000355, 59.13743342949742754 ) ) ;
#1989 = DIRECTION ( 'NONE',  ( -0.03489949670250119124, 0.000000000000000000, 0.9993908270190957621 ) ) ;
#1990 =( BOUNDED_CURVE ( )  B_SPLINE_CURVE ( 3, ( #1401, #1691, #3157, #2244 ),
 .UNSPECIFIED., .F., .F. ) 
 B_SPLINE_CURVE_WITH_KNOTS ( ( 4, 4 ),
 ( 4.677482395344798149, 4.712388980384687898 ),
 .UNSPECIFIED. ) 
 CURVE ( )  GEOMETRIC_REPRESENTATION_ITEM ( )  RATIONAL_B_SPLINE_CURVE ( ( 1.000000000000000000, 0.9998984634375940317, 0.9998984634375940317, 1.000000000000000000 ) ) 
 REPRESENTATION_ITEM ( '' )  );
#1991 = CARTESIAN_POINT ( 'NONE',  ( -26.56804951034949269, -60.13460098222751782, 31.45648551645442836 ) ) ;
#1992 = CARTESIAN_POINT ( 'NONE',  ( -43.79999999999996163, -41.57443913040189187, 52.68512746849638262 ) ) ;
#1993 = CARTESIAN_POINT ( 'NONE',  ( -74.35896283630981429, -61.69605893165486776, -59.84493695669239344 ) ) ;
#1994 = ORIENTED_EDGE ( 'NONE', *, *, #3212, .T. ) ;
#1995 = CARTESIAN_POINT ( 'NONE',  ( -76.92703312651455860, -65.43361302627546650, 60.00000000000002842 ) ) ;
#1996 = CARTESIAN_POINT ( 'NONE',  ( -122.2999999999999545, -30.99999999999999645, -36.92758970995156176 ) ) ;
#1997 = CARTESIAN_POINT ( 'NONE',  ( -38.67274008880009006, -62.01623481740259791, 47.28968142914347084 ) ) ;
#1998 =( NAMED_UNIT ( * ) PLANE_ANGLE_UNIT ( ) SI_UNIT ( $, .RADIAN. ) );
#1999 = VERTEX_POINT ( 'NONE', #3570 ) ;
#2000 = CARTESIAN_POINT ( 'NONE',  ( -93.23541217422723548, -61.57172939373568710, -58.49600000000025091 ) ) ;
#2001 = VECTOR ( 'NONE', #297, 1000.000000000000114 ) ;
#2002 = CARTESIAN_POINT ( 'NONE',  ( -17.84327644325063744, -58.24484526341223756, -14.33397695677551020 ) ) ;
#2003 = AXIS2_PLACEMENT_3D ( 'NONE', #2018, #1423, #2668 ) ;
#2004 =( BOUNDED_CURVE ( )  B_SPLINE_CURVE ( 3, ( #2663, #1493, #3247, #2681 ),
 .UNSPECIFIED., .F., .F. ) 
 B_SPLINE_CURVE_WITH_KNOTS ( ( 4, 4 ),
 ( 0.000000000000000000, 1.000000000000000000 ),
 .UNSPECIFIED. ) 
 CURVE ( )  GEOMETRIC_REPRESENTATION_ITEM ( )  RATIONAL_B_SPLINE_CURVE ( ( 0.5309255421637000261, 0.5309255421637000261, 0.5309255421637000261, 0.5309255421637000261 ) ) 
 REPRESENTATION_ITEM ( '' )  );
#2005 = CARTESIAN_POINT ( 'NONE',  ( -135.3787982123669735, -106.2068513713820863, -19.54082840236824481 ) ) ;
#2006 = DIRECTION ( 'NONE',  ( 0.000000000000000000, 0.000000000000000000, 1.000000000000000000 ) ) ;
#2007 = CARTESIAN_POINT ( 'NONE',  ( -22.59222318677058539, -62.62253896167432998, -19.54082840236646845 ) ) ;
#2008 = EDGE_CURVE ( 'NONE', #650, #2454, #2651, .T. ) ;
#2009 = CARTESIAN_POINT ( 'NONE',  ( -22.49999999999993250, -59.57348117343587290, -20.33949103573143447 ) ) ;
#2010 = VECTOR ( 'NONE', #899, 1000.000000000000114 ) ;
#2011 = DIRECTION ( 'NONE',  ( -0.000000000000000000, 0.000000000000000000, -1.000000000000000000 ) ) ;
#2012 = CARTESIAN_POINT ( 'NONE',  ( -22.49999999999994671, -62.61437412081713205, -18.67189253183287434 ) ) ;
#2013 = LINE ( 'NONE', #2048, #2130 ) ;
#2014 = CARTESIAN_POINT ( 'NONE',  ( -22.49999999999992895, -61.59754941758155411, 18.78473452318230486 ) ) ;
#2015 = ORIENTED_EDGE ( 'NONE', *, *, #428, .F. ) ;
#2016 = CARTESIAN_POINT ( 'NONE',  ( -109.0236378992139379, -61.46774040863540023, 52.35702562807738758 ) ) ;
#2017 = CARTESIAN_POINT ( 'NONE',  ( -122.2999999999999829, -7.906090027388521513, -21.78615564019299811 ) ) ;
#2018 = CARTESIAN_POINT ( 'NONE',  ( -22.49999999999994671, 0.000000000000000000, 0.000000000000000000 ) ) ;
#2019 = CARTESIAN_POINT ( 'NONE',  ( -44.09508619827645504, -111.1056675736232648, 50.40000000000858194 ) ) ;
#2020 = VERTEX_POINT ( 'NONE', #252 ) ;
#2021 = CARTESIAN_POINT ( 'NONE',  ( -17.49999999999994671, 44.16583406004269108, -40.60000000000000853 ) ) ;
#2022 = CARTESIAN_POINT ( 'NONE',  ( -18.01692004365733624, -58.12434586868582898, -14.96337512762000443 ) ) ;
#2023 = CARTESIAN_POINT ( 'NONE',  ( -138.7504931680043967, -67.71882831848351714, 9.997633136094300710 ) ) ;
#2024 = CARTESIAN_POINT ( 'NONE',  ( -79.42245555134975632, -58.42600649774720978, -60.00000000000000000 ) ) ;
#2025 = CARTESIAN_POINT ( 'NONE',  ( -46.72001798445806742, -62.98895566028339488, -50.39999999999979252 ) ) ;
#2026 = CARTESIAN_POINT ( 'NONE',  ( -43.79999999999992610, -61.70874501298455783, 48.21592589897940684 ) ) ;
#2027 = DIRECTION ( 'NONE',  ( 0.000000000000000000, 0.000000000000000000, 1.000000000000000000 ) ) ;
#2028 = ADVANCED_FACE ( 'NONE', ( #3285 ), #1429, .T. ) ;
#2029 = DIRECTION ( 'NONE',  ( 0.000000000000000000, 0.000000000000000000, -1.000000000000000000 ) ) ;
#2030 = CARTESIAN_POINT ( 'NONE',  ( -133.4991184887036297, 31.59999999999999076, 57.74904906044238828 ) ) ;
#2031 = CARTESIAN_POINT ( 'NONE',  ( -13.97404113372461509, -0.07467300649677158231, -60.00000000000000000 ) ) ;
#2032 = EDGE_CURVE ( 'NONE', #3404, #929, #1758, .T. ) ;
#2033 = ORIENTED_EDGE ( 'NONE', *, *, #3814, .T. ) ;
#2034 = CARTESIAN_POINT ( 'NONE',  ( -99.73267885479270944, -156.0818356929494257, 55.50814291125328026 ) ) ;
#2035 = DIRECTION ( 'NONE',  ( 0.03489949670250119124, 0.000000000000000000, -0.9993908270190957621 ) ) ;
#2036 = CARTESIAN_POINT ( 'NONE',  ( -34.61040764863982844, -62.36255442297238716, 48.30001826243020702 ) ) ;
#2037 = ORIENTED_EDGE ( 'NONE', *, *, #3397, .F. ) ;
#2038 = CARTESIAN_POINT ( 'NONE',  ( -77.65135172051436996, -113.5185002368348961, -60.00000000000360956 ) ) ;
#2039 = DIRECTION ( 'NONE',  ( 1.000000000000000000, 0.000000000000000000, 0.000000000000000000 ) ) ;
#2040 = CARTESIAN_POINT ( 'NONE',  ( -82.01297374746823721, -61.64564586811861346, 60.00000000000022737 ) ) ;
#2041 = CARTESIAN_POINT ( 'NONE',  ( -102.5213044874863897, -59.46153345030866433, 55.50814291124825672 ) ) ;
#2042 = VERTEX_POINT ( 'NONE', #1154 ) ;
#2043 = CARTESIAN_POINT ( 'NONE',  ( -26.23988798844019499, -96.67193027218014834, -32.38754325259138511 ) ) ;
#2044 = CARTESIAN_POINT ( 'NONE',  ( -17.49999999999996092, -53.36026317943496622, 27.42588346809053945 ) ) ;
#2045 = ADVANCED_FACE ( 'NONE', ( #1507 ), #1432, .T. ) ;
#2046 = CARTESIAN_POINT ( 'NONE',  ( -22.49999999999994671, -46.00000000000001421, 57.00000000000000000 ) ) ;
#2047 = DIRECTION ( 'NONE',  ( 0.7073221891495841129, 0.000000000000000000, 0.7068913075831672055 ) ) ;
#2048 = CARTESIAN_POINT ( 'NONE',  ( -22.49999999999994671, -62.00000000000001421, 57.00000000000000000 ) ) ;
#2049 = CARTESIAN_POINT ( 'NONE',  ( -78.21883569025744976, -49.46461606506705522, -60.00000000000000000 ) ) ;
#2050 = ORIENTED_EDGE ( 'NONE', *, *, #1108, .T. ) ;
#2051 = CARTESIAN_POINT ( 'NONE',  ( -102.5213044874863897, -59.46153345030866433, 55.50814291124825672 ) ) ;
#2052 = LINE ( 'NONE', #646, #2001 ) ;
#2053 = CARTESIAN_POINT ( 'NONE',  ( -38.18261719315434988, -62.03700301608881773, 47.41308521782937646 ) ) ;
#2054 = CARTESIAN_POINT ( 'NONE',  ( -17.82441799709641828, -80.57350992111507537, 5.000000000006558309 ) ) ;
#2055 = ADVANCED_FACE ( 'NONE', ( #384 ), #3591, .T. ) ;
#2056 = ORIENTED_EDGE ( 'NONE', *, *, #1065, .F. ) ;
#2057 = CARTESIAN_POINT ( 'NONE',  ( -96.55716561284775423, -153.5148228044733685, -56.70400000000521601 ) ) ;
#2058 = DIRECTION ( 'NONE',  ( -1.000000000000000000, 0.000000000000000000, 0.000000000000000000 ) ) ;
#2059 = CARTESIAN_POINT ( 'NONE',  ( -84.66946131219053484, -61.62814894030671553, 59.84493695669233659 ) ) ;
#2060 = B_SPLINE_CURVE_WITH_KNOTS ( 'NONE', 3,
 ( #3535, #257, #2664, #545, #1975, #867, #1142, #1471, #508, #2922, #3248, #2606, #3788, #1765, #1434, #1727 ),
 .UNSPECIFIED., .F., .F.,
 ( 4, 2, 2, 2, 2, 2, 2, 4 ),
 ( 0.04996771518434769965, 0.05844948780453980419, 0.06269037411463586340, 0.06693126042473192261, 0.06905170357977995221, 0.07117214673482799570, 0.07541303304492406878, 0.08389480566511622883 ),
 .UNSPECIFIED. ) ;
#2061 = AXIS2_PLACEMENT_3D ( 'NONE', #2551, #2251, #1422 ) ;
#2062 = CARTESIAN_POINT ( 'NONE',  ( -107.0902414241813432, -129.7296592555538552, 52.35702562807631466 ) ) ;
#2063 = EDGE_LOOP ( 'NONE', ( #2348, #2940, #2615, #2998 ) ) ;
#2064 = CARTESIAN_POINT ( 'NONE',  ( -22.49999999999994671, -61.73056963236760453, 18.75405125479667845 ) ) ;
#2065 = CARTESIAN_POINT ( 'NONE',  ( -28.86819339004674134, -98.79659275248179995, -36.14937136423413477 ) ) ;
#2066 = CARTESIAN_POINT ( 'NONE',  ( -17.49999999999995026, -55.61731221282753523, 22.53643147301954741 ) ) ;
#2067 = CIRCLE ( 'NONE', #1392, 3.000000000000002665 ) ;
#2068 = LINE ( 'NONE', #3228, #2506 ) ;
#2069 = DIRECTION ( 'NONE',  ( -0.000000000000000000, 1.000000000000000000, -0.000000000000000000 ) ) ;
#2070 = FACE_OUTER_BOUND ( 'NONE', #2092, .T. ) ;
#2071 = CARTESIAN_POINT ( 'NONE',  ( -40.09911658507759569, 119.5667055561308274, -59.99999999999999289 ) ) ;
#2072 = ORIENTED_EDGE ( 'NONE', *, *, #2339, .T. ) ;
#2073 = CARTESIAN_POINT ( 'NONE',  ( -74.34593566085081306, -63.40849659371311731, 59.84493695669196001 ) ) ;
#2074 = CARTESIAN_POINT ( 'NONE',  ( -122.2999999999999403, -26.95845010293374600, 35.35716546227272516 ) ) ;
#2075 = CARTESIAN_POINT ( 'NONE',  ( -17.49999998186538264, -53.00000000000001421, 28.10549833112544604 ) ) ;
#2076 = CARTESIAN_POINT ( 'NONE',  ( -19.27853434370609520, -72.12744675643671144, -9.997633136091071293 ) ) ;
#2077 = ADVANCED_FACE ( 'NONE', ( #657 ), #2142, .T. ) ;
#2078 = ORIENTED_EDGE ( 'NONE', *, *, #2737, .F. ) ;
#2079 = CARTESIAN_POINT ( 'NONE',  ( -81.92362086049222114, -65.61830470627658940, -60.00000000000005684 ) ) ;
#2080 = CARTESIAN_POINT ( 'NONE',  ( -17.94894091366977662, -58.16429296258982617, -14.65642172153400224 ) ) ;
#2081 = DIRECTION ( 'NONE',  ( -1.000000000000000000, 0.000000000000000000, 0.000000000000000000 ) ) ;
#2082 = CARTESIAN_POINT ( 'NONE',  ( -49.99403881015485496, -63.03867656980632717, 52.35702562807735205 ) ) ;
#2083 = CARTESIAN_POINT ( 'NONE',  ( -108.9292282046655913, -66.61652814503034392, 52.35702562807713178 ) ) ;
#2084 = VERTEX_POINT ( 'NONE', #1271 ) ;
#2085 = CARTESIAN_POINT ( 'NONE',  ( -78.59283282689976602, -51.27474891500789766, 60.00000000000000711 ) ) ;
#2086 = CARTESIAN_POINT ( 'NONE',  ( -35.45029263506534534, -90.27957762531076469, -42.75473822481006181 ) ) ;
#2087 = CARTESIAN_POINT ( 'NONE',  ( -22.49999999999996092, -58.94631871769659881, 21.17031090878892741 ) ) ;
#2088 = CARTESIAN_POINT ( 'NONE',  ( -81.13564058080298480, -18.58450097317918903, 62.77779446381808981 ) ) ;
#2089 = DIRECTION ( 'NONE',  ( 0.9993908270190956511, 0.03489949670250119818, -0.000000000000000000 ) ) ;
#2090 = CARTESIAN_POINT ( 'NONE',  ( -22.49999999999996447, -52.99999999999999289, 30.45491697821208632 ) ) ;
#2091 = CARTESIAN_POINT ( 'NONE',  ( -187.8563431024834074, 4.611987970257688474, -59.99999999999995026 ) ) ;
#2092 = EDGE_LOOP ( 'NONE', ( #3216, #3101, #1496 ) ) ;
#2093 = CARTESIAN_POINT ( 'NONE',  ( -74.35896283630914638, -61.69605893165488197, 59.84493695669223001 ) ) ;
#2094 = CARTESIAN_POINT ( 'NONE',  ( -122.2999999999998977, -10.03105297715486977, 24.03249737488866344 ) ) ;
#2095 = CARTESIAN_POINT ( 'NONE',  ( -18.01291090413151608, -58.12662623110673366, 14.95995917771023187 ) ) ;
#2096 = CARTESIAN_POINT ( 'NONE',  ( -20.10016081900203488, -63.33308941406855297, -9.997633136094194128 ) ) ;
#2097 = ORIENTED_EDGE ( 'NONE', *, *, #2291, .F. ) ;
#2098 = CARTESIAN_POINT ( 'NONE',  ( -100.6450556171630240, -126.1804787981903360, -55.50814291125187339 ) ) ;
#2099 = CARTESIAN_POINT ( 'NONE',  ( -17.49999999999993960, 59.94374667457111627, 58.08874419898435804 ) ) ;
#2100 = DIRECTION ( 'NONE',  ( 0.9993908270190956511, 0.000000000000000000, 0.03489949670250104552 ) ) ;
#2101 = CARTESIAN_POINT ( 'NONE',  ( -118.6546003473156503, -59.00406737591578121, 45.59999999999974563 ) ) ;
#2102 = ORIENTED_EDGE ( 'NONE', *, *, #2975, .T. ) ;
#2103 = FACE_OUTER_BOUND ( 'NONE', #3313, .T. ) ;
#2104 = CARTESIAN_POINT ( 'NONE',  ( -37.20248853432210723, -62.84441772180725394, -42.75473822480734043 ) ) ;
#2105 = CARTESIAN_POINT ( 'NONE',  ( -22.49999999999986144, -60.97497593347183198, 19.05053195319285919 ) ) ;
#2106 = EDGE_CURVE ( 'NONE', #3173, #2752, #940, .T. ) ;
#2107 = LINE ( 'NONE', #272, #3070 ) ;
#2108 = CARTESIAN_POINT ( 'NONE',  ( -17.49999999999995381, -35.15740447513211819, 48.70615189417234348 ) ) ;
#2109 = CARTESIAN_POINT ( 'NONE',  ( -173.5906365705523910, 33.46271170769249181, 59.99999999999998579 ) ) ;
#2110 = B_SPLINE_CURVE_WITH_KNOTS ( 'NONE', 3,
 ( #3692, #3074, #1954, #200, #1877, #1669 ),
 .UNSPECIFIED., .F., .F.,
 ( 4, 2, 4 ),
 ( 0.000000000000000000, 0.007945161588940274217, 0.01589032317788054843 ),
 .UNSPECIFIED. ) ;
#2111 = ORIENTED_EDGE ( 'NONE', *, *, #1751, .F. ) ;
#2112 = CARTESIAN_POINT ( 'NONE',  ( -55.51924633447703172, -82.76533719968526270, 55.50814291125129785 ) ) ;
#2113 = PLANE ( 'NONE',  #2572 ) ;
#2114 = DIRECTION ( 'NONE',  ( 0.000000000000000000, 0.000000000000000000, 1.000000000000000000 ) ) ;
#2115 = CARTESIAN_POINT ( 'NONE',  ( -28.80393124210098321, -62.71687305135984047, 32.38754325259529310 ) ) ;
#2116 = ORIENTED_EDGE ( 'NONE', *, *, #3603, .T. ) ;
#2117 = CARTESIAN_POINT ( 'NONE',  ( -99.73267885478010442, -156.0818356929569006, -55.50814291125350763 ) ) ;
#2118 = CARTESIAN_POINT ( 'NONE',  ( -17.49999999999994316, 61.66638845866231122, 54.58856599162097467 ) ) ;
#2119 = CARTESIAN_POINT ( 'NONE',  ( -0.2796562552463610074, 62.60134765447918426, 52.60743938428824862 ) ) ;
#2120 = CARTESIAN_POINT ( 'NONE',  ( -90.43765209671653338, -148.5679468601614417, 58.49600000000484101 ) ) ;
#2121 = ORIENTED_EDGE ( 'NONE', *, *, #2906, .F. ) ;
#2122 = CARTESIAN_POINT ( 'NONE',  ( -18.49999999999993250, -58.00000000000002132, 15.90491809182732830 ) ) ;
#2123 = DIRECTION ( 'NONE',  ( 0.000000000000000000, 0.000000000000000000, -1.000000000000000000 ) ) ;
#2124 = VECTOR ( 'NONE', #1743, 1000.000000000000000 ) ;
#2125 = EDGE_CURVE ( 'NONE', #478, #1045, #3088, .T. ) ;
#2126 = CARTESIAN_POINT ( 'NONE',  ( -78.21883569025744976, -49.46461606506705522, -60.00000000000000000 ) ) ;
#2127 = AXIS2_PLACEMENT_3D ( 'NONE', #1261, #1295, #1633 ) ;
#2128 = CARTESIAN_POINT ( 'NONE',  ( -51.15391577023012815, -9.574377145520770682, 60.82477936489308945 ) ) ;
#2129 = CARTESIAN_POINT ( 'NONE',  ( 32.22930144476326575, -92.43852706128686236, -60.00000000000000711 ) ) ;
#2130 = VECTOR ( 'NONE', #1452, 1000.000000000000000 ) ;
#2131 = ORIENTED_EDGE ( 'NONE', *, *, #108, .T. ) ;
#2132 = CARTESIAN_POINT ( 'NONE',  ( -38.56442168789185843, -91.99443989722925608, 45.60000000000606946 ) ) ;
#2133 = CARTESIAN_POINT ( 'NONE',  ( -78.64711936630781963, 58.86408599522593477, 24.00000000000025224 ) ) ;
#2134 = CARTESIAN_POINT ( 'NONE',  ( -18.07568639086006357, -58.09447767367699100, 15.00444097821305256 ) ) ;
#2135 = CARTESIAN_POINT ( 'NONE',  ( -20.16998182668911710, -62.58575359899074186, 9.997633136094956186 ) ) ;
#2136 = ORIENTED_EDGE ( 'NONE', *, *, #2608, .T. ) ;
#2137 = CARTESIAN_POINT ( 'NONE',  ( -127.5782140542798544, -61.34553088509914431, -36.14937136423372266 ) ) ;
#2138 = CARTESIAN_POINT ( 'NONE',  ( -22.49999999999993605, -62.83601900859843425, 18.70743819304699329 ) ) ;
#2139 = CARTESIAN_POINT ( 'NONE',  ( -17.49999999999994671, -62.00000000000001421, 62.00000000000000000 ) ) ;
#2140 = APPLICATION_CONTEXT ( 'automotive_design' ) ;
#2141 = ORIENTED_EDGE ( 'NONE', *, *, #3433, .T. ) ;
#2142 = PLANE ( 'NONE',  #3752 ) ;
#2143 = CARTESIAN_POINT ( 'NONE',  ( -64.83482249784087514, -85.49977792113170949, -58.49600000000326361 ) ) ;
#2144 = DIRECTION ( 'NONE',  ( 0.9993908270190956511, 0.03489949670250104552, -0.000000000000000000 ) ) ;
#2145 = EDGE_CURVE ( 'NONE', #972, #1313, #1288, .T. ) ;
#2146 = CARTESIAN_POINT ( 'NONE',  ( -101.5637982690767132, 100.5620648289766308, 59.99999999999997868 ) ) ;
#2147 = CARTESIAN_POINT ( 'NONE',  ( -17.49999999999994671, -30.14980027463886714, 51.89300036803987837 ) ) ;
#2148 = CARTESIAN_POINT ( 'NONE',  ( -141.4999999999999147, 38.54664039800623954, 55.65056342772945897 ) ) ;
#2149 = EDGE_LOOP ( 'NONE', ( #2487, #1145, #1565, #510 ) ) ;
#2150 = CARTESIAN_POINT ( 'NONE',  ( 0.000000000000000000, -72.00000000000001421, 0.000000000000000000 ) ) ;
#2151 = CARTESIAN_POINT ( 'NONE',  ( -18.00224734028524409, -58.13265934186633643, 14.95203902720455602 ) ) ;
#2152 = CARTESIAN_POINT ( 'NONE',  ( -59.64040478921798183, -63.18517108392445181, -56.70399999999993668 ) ) ;
#2153 = ADVANCED_FACE ( 'NONE', ( #2103 ), #2672, .F. ) ;
#2154 = VERTEX_POINT ( 'NONE', #437 ) ;
#2155 = CARTESIAN_POINT ( 'NONE',  ( -134.4291178553538657, -144.7844007108232915, -19.54082840236930707 ) ) ;
#2156 = CARTESIAN_POINT ( 'NONE',  ( -17.49999999999994671, 52.00561989167001542, 62.00000000000000000 ) ) ;
#2157 = CARTESIAN_POINT ( 'NONE',  ( -159.4835744511900657, 57.04182432497555766, 57.04182432497555766 ) ) ;
#2158 = ORIENTED_EDGE ( 'NONE', *, *, #2339, .F. ) ;
#2159 = CARTESIAN_POINT ( 'NONE',  ( -79.47034971041347262, -60.11515251763993462, 60.00000000000000000 ) ) ;
#2160 = CARTESIAN_POINT ( 'NONE',  ( -31.81555934404655517, -62.00000000000001421, 51.28337616365881502 ) ) ;
#2161 = CARTESIAN_POINT ( 'NONE',  ( -141.4999999999999716, 56.99893892936225370, -55.59999999999998721 ) ) ;
#2162 = CARTESIAN_POINT ( 'NONE',  ( -118.6546003473166735, -59.00406737591579542, -45.59999999999973141 ) ) ;
#2163 = CARTESIAN_POINT ( 'NONE',  ( -77.52106046188606570, -46.08740875771894707, -60.00000000000000000 ) ) ;
#2164 = CARTESIAN_POINT ( 'NONE',  ( -72.79999999999998295, 6.822746573408059234, -53.98243583280540747 ) ) ;
#2165 = CYLINDRICAL_SURFACE ( 'NONE', #949, 1.000000000000000888 ) ;
#2166 = ORIENTED_EDGE ( 'NONE', *, *, #242, .T. ) ;
#2167 = EDGE_CURVE ( 'NONE', #1961, #1941, #3510, .T. ) ;
#2168 = CYLINDRICAL_SURFACE ( 'NONE', #2762, 3.000000000000002665 ) ;
#2169 = CYLINDRICAL_SURFACE ( 'NONE', #1644, 2.999999999999995559 ) ;
#2170 = CARTESIAN_POINT ( 'NONE',  ( -64.83482249784087514, -85.49977792113170949, -58.49600000000326361 ) ) ;
#2171 = EDGE_CURVE ( 'NONE', #176, #2726, #2216, .T. ) ;
#2172 = EDGE_LOOP ( 'NONE', ( #663, #3538, #2311, #3569, #3367, #2686, #934 ) ) ;
#2173 = CARTESIAN_POINT ( 'NONE',  ( -112.2571716719040751, -59.18546903170741302, -50.39999999999963620 ) ) ;
#2174 = CARTESIAN_POINT ( 'NONE',  ( -22.49999999999993250, -61.83484187080318151, 18.70200874373625055 ) ) ;
#2175 = CARTESIAN_POINT ( 'NONE',  ( -9.233333333333273885, 62.28867836113176537, 62.28867836113178669 ) ) ;
#2176 = VERTEX_POINT ( 'NONE', #18 ) ;
#2177 = CARTESIAN_POINT ( 'NONE',  ( -22.49999999999994671, -46.00000000000001421, 50.00000000000000000 ) ) ;
#2178 = CARTESIAN_POINT ( 'NONE',  ( -54.15208825128741665, -6.679075635628281660, 63.72008087478561578 ) ) ;
#2179 = CARTESIAN_POINT ( 'NONE',  ( -127.5388508469206812, -58.75215088995481238, -36.14937136423321107 ) ) ;
#2180 = CARTESIAN_POINT ( 'NONE',  ( -46.10200122890044838, -6.621766851906310869, -60.00000000000001421 ) ) ;
#2181 = DIRECTION ( 'NONE',  ( -0.000000000000000000, 1.000000000000000000, -0.000000000000000000 ) ) ;
#2182 = CARTESIAN_POINT ( 'NONE',  ( -81.24033907091049400, 15.18298216736013373, 62.77596694487537832 ) ) ;
#2183 = VECTOR ( 'NONE', #1605, 1000.000000000000114 ) ;
#2184 = EDGE_LOOP ( 'NONE', ( #79, #2459, #2887, #300 ) ) ;
#2185 = DIRECTION ( 'NONE',  ( -0.000000000000000000, 1.000000000000000000, 0.000000000000000000 ) ) ;
#2186 = CARTESIAN_POINT ( 'NONE',  ( -24.44551716337891278, -69.18145854508181003, 25.00879078749496642 ) ) ;
#2187 = CARTESIAN_POINT ( 'NONE',  ( -46.68352774892435519, -61.04483600357167461, -50.39999999999962910 ) ) ;
#2188 = TOROIDAL_SURFACE ( 'NONE', #1945, 23.00000000000000000, 3.000000000000000000 ) ;
#2189 = VERTEX_POINT ( 'NONE', #840 ) ;
#2190 = CARTESIAN_POINT ( 'NONE',  ( -133.4794374983558214, -183.3619500502763344, 19.54082840236652174 ) ) ;
#2191 = DIRECTION ( 'NONE',  ( 0.000000000000000000, 0.000000000000000000, -1.000000000000000000 ) ) ;
#2192 = CARTESIAN_POINT ( 'NONE',  ( -162.9782737003307034, 26.93806192748044737, 56.91978673805331113 ) ) ;
#2193 = EDGE_CURVE ( 'NONE', #40, #478, #233, .T. ) ;
#2194 = ORIENTED_EDGE ( 'NONE', *, *, #60, .T. ) ;
#2195 = CARTESIAN_POINT ( 'NONE',  ( -39.82050807568870709, -62.00000000000001421, 47.00000000000000000 ) ) ;
#2196 = CARTESIAN_POINT ( 'NONE',  ( -79.47034971041435369, -60.11515251763957224, -59.99999999999964473 ) ) ;
#2197 = DIRECTION ( 'NONE',  ( 0.000000000000000000, -0.000000000000000000, 1.000000000000000000 ) ) ;
#2198 = EDGE_CURVE ( 'NONE', #689, #2176, #1736, .T. ) ;
#2199 = CARTESIAN_POINT ( 'NONE',  ( -101.5574323795459577, -96.27912190342377130, -55.50814291125024624 ) ) ;
#2200 = CARTESIAN_POINT ( 'NONE',  ( -67.78615007862306641, -86.36609366775374497, 59.09311614065541818 ) ) ;
#2201 = CARTESIAN_POINT ( 'NONE',  ( -84.44179603493832076, -30.99999999999999645, 58.83955804797488298 ) ) ;
#2202 = CARTESIAN_POINT ( 'NONE',  ( -72.79999999999998295, 20.57724156705457474, -46.98960025656395345 ) ) ;
#2203 = DIRECTION ( 'NONE',  ( 1.000000000000000000, 0.000000000000000000, 0.000000000000000000 ) ) ;
#2204 = EDGE_LOOP ( 'NONE', ( #3003, #1187, #609, #374, #1336, #3204, #1389 ) ) ;
#2205 = FACE_OUTER_BOUND ( 'NONE', #2343, .T. ) ;
#2206 = CARTESIAN_POINT ( 'NONE',  ( -195.7374733421641224, -25.18769437672934686, -59.99999999999999289 ) ) ;
#2207 = CARTESIAN_POINT ( 'NONE',  ( -45.79683637182429834, -79.91147682151878939, -50.39999999999997016 ) ) ;
#2208 = EDGE_LOOP ( 'NONE', ( #1713, #1279, #116, #2707, #3731, #2121 ) ) ;
#2209 = CARTESIAN_POINT ( 'NONE',  ( -136.3284785693804224, -67.62930203194093792, 19.54082840236652174 ) ) ;
#2210 = ADVANCED_FACE ( 'NONE', ( #1410 ), #2564, .T. ) ;
#2211 = LINE ( 'NONE', #2552, #3507 ) ;
#2212 = CARTESIAN_POINT ( 'NONE',  ( -120.5911724648476451, -30.99999999999999645, -39.02608048082623071 ) ) ;
#2213 = ORIENTED_EDGE ( 'NONE', *, *, #3727, .F. ) ;
#2214 = CARTESIAN_POINT ( 'NONE',  ( -122.2999999999999545, -30.99999999999999645, -36.92758970995156176 ) ) ;
#2215 = CARTESIAN_POINT ( 'NONE',  ( -17.49999999999995737, 58.32422665208503076, -14.18381488168507509 ) ) ;
#2216 =( BOUNDED_CURVE ( )  B_SPLINE_CURVE ( 3, ( #2021, #2894, #2369, #3816, #2967, #3238, #1426 ),
 .UNSPECIFIED., .F., .F. ) 
 B_SPLINE_CURVE_WITH_KNOTS ( ( 4, 1, 1, 1, 4 ),
 ( 0.000000000000000000, 0.01348426287331899558, 0.03209954701978673386, 0.05071483116625447041, 0.05793493239316297588 ),
 .UNSPECIFIED. ) 
 CURVE ( )  GEOMETRIC_REPRESENTATION_ITEM ( )  RATIONAL_B_SPLINE_CURVE ( ( 0.5759408221875070844, 0.5759408221875070844, 0.5759408221875070844, 0.5759408221875070844, 0.5759408221875069733, 0.5759408221875069733, 0.5759408221875069733 ) ) 
 REPRESENTATION_ITEM ( '' )  );
#2217 = CARTESIAN_POINT ( 'NONE',  ( -125.6004667388600211, -139.9227137175035693, -36.14937136424084940 ) ) ;
#2218 = CARTESIAN_POINT ( 'NONE',  ( -20.12852055482923674, -61.79781388249371332, 9.997633136094625783 ) ) ;
#2219 = EDGE_CURVE ( 'NONE', #1926, #1701, #1849, .T. ) ;
#2220 = CARTESIAN_POINT ( 'NONE',  ( -61.36509046382909105, -31.00000000000000000, 59.49466606648830691 ) ) ;
#2221 = LINE ( 'NONE', #464, #3508 ) ;
#2222 = DIRECTION ( 'NONE',  ( -0.9993908270190956511, -0.03489949670250104552, 0.000000000000000000 ) ) ;
#2223 = ORIENTED_EDGE ( 'NONE', *, *, #2965, .T. ) ;
#2224 = CARTESIAN_POINT ( 'NONE',  ( -25.18289413176603730, -60.42074545534060803, -27.23230553514630259 ) ) ;
#2225 = DIRECTION ( 'NONE',  ( -0.9993908270190956511, -0.03489949670250104552, 0.000000000000000000 ) ) ;
#2226 = CARTESIAN_POINT ( 'NONE',  ( -21.99529327392036038, -72.00000000000002842, 48.57415192701506612 ) ) ;
#2227 = CARTESIAN_POINT ( 'NONE',  ( -37.21203847487537075, -61.94072676395185084, -42.75473822480780228 ) ) ;
#2228 = ORIENTED_EDGE ( 'NONE', *, *, #1468, .F. ) ;
#2229 = CARTESIAN_POINT ( 'NONE',  ( -127.2888401796214453, -178.3576115720549353, 32.38754325259531441 ) ) ;
#2230 = CARTESIAN_POINT ( 'NONE',  ( -35.29961203441622075, -60.97511711649093513, -40.60000002924778073 ) ) ;
#2231 = DIRECTION ( 'NONE',  ( 0.000000000000000000, 0.000000000000000000, 1.000000000000000000 ) ) ;
#2232 = APPLICATION_PROTOCOL_DEFINITION ( 'draft international standard', 'automotive_design', 1998, #2824 ) ;
#2233 = EDGE_LOOP ( 'NONE', ( #429, #2116, #1620, #1965 ) ) ;
#2234 = DIRECTION ( 'NONE',  ( -0.000000000000000000, -0.000000000000000000, 1.000000000000000000 ) ) ;
#2235 = CARTESIAN_POINT ( 'NONE',  ( -22.49999999999994671, -61.59761184229203224, -18.78471896365038774 ) ) ;
#2236 = CARTESIAN_POINT ( 'NONE',  ( -100.6450556171630240, -126.1804787981903360, -55.50814291125187339 ) ) ;
#2237 = CARTESIAN_POINT ( 'NONE',  ( -19.49445587842008010, -61.81579304068610270, 4.999999999999960920 ) ) ;
#2238 = LINE ( 'NONE', #1414, #3685 ) ;
#2239 =( BOUNDED_CURVE ( )  B_SPLINE_CURVE ( 3, ( #3422, #795, #488, #3136 ),
 .UNSPECIFIED., .F., .F. ) 
 B_SPLINE_CURVE_WITH_KNOTS ( ( 4, 4 ),
 ( 3.141592653589783790, 4.677482395344802590 ),
 .UNSPECIFIED. ) 
 CURVE ( )  GEOMETRIC_REPRESENTATION_ITEM ( )  RATIONAL_B_SPLINE_CURVE ( ( 1.000000000000000000, 0.8128932002257652778, 0.8128932002257652778, 1.000000000000000000 ) ) 
 REPRESENTATION_ITEM ( '' )  );
#2240 = LINE ( 'NONE', #3384, #3142 ) ;
#2241 = CARTESIAN_POINT ( 'NONE',  ( -50.00478624928607019, -61.85646746332626122, 52.35702562807755100 ) ) ;
#2242 = EDGE_CURVE ( 'NONE', #1475, #1694, #2741, .T. ) ;
#2243 = DIRECTION ( 'NONE',  ( 0.000000000000000000, 0.000000000000000000, -1.000000000000000000 ) ) ;
#2244 = CARTESIAN_POINT ( 'NONE',  ( -81.24033907091049400, 3.425622854479225765, 62.77596694487537832 ) ) ;
#2245 = CARTESIAN_POINT ( 'NONE',  ( -78.59283282688627992, -51.27474891500789766, -60.00000000000000711 ) ) ;
#2246 = CARTESIAN_POINT ( 'NONE',  ( -74.27432765980509544, -135.5018819473783935, -59.99999999999729283 ) ) ;
#2247 = VECTOR ( 'NONE', #2745, 1000.000000000000114 ) ;
#2248 = VECTOR ( 'NONE', #2089, 1000.000000000000227 ) ;
#2249 = ORIENTED_EDGE ( 'NONE', *, *, #1871, .T. ) ;
#2250 = CARTESIAN_POINT ( 'NONE',  ( -138.8504869028073188, -61.27128617681380263, 9.997633136094535189 ) ) ;
#2251 = DIRECTION ( 'NONE',  ( -0.9993908270190957621, -0.03489949670250104552, 0.000000000000000000 ) ) ;
#2252 = LINE ( 'NONE', #1033, #3201 ) ;
#2253 = VECTOR ( 'NONE', #841, 1000.000000000000114 ) ;
#2254 = CARTESIAN_POINT ( 'NONE',  ( -25.42323954569281952, -69.14065865803081579, -27.00345202210719364 ) ) ;
#2255 = ORIENTED_EDGE ( 'NONE', *, *, #242, .F. ) ;
#2256 = CARTESIAN_POINT ( 'NONE',  ( -24.32857469085904611, -62.00000000000001421, 50.00000000000000000 ) ) ;
#2257 = CARTESIAN_POINT ( 'NONE',  ( -17.49999999999994671, -44.16883431169772223, -40.60000000000000853 ) ) ;
#2258 = CARTESIAN_POINT ( 'NONE',  ( -139.4462435424072737, -58.41451199459304178, 4.999999999999944933 ) ) ;
#2259 = CARTESIAN_POINT ( 'NONE',  ( -22.60040536723228044, -62.03696613397312376, -19.54082840236682728 ) ) ;
#2260 = LINE ( 'NONE', #1375, #1197 ) ;
#2261 = EDGE_CURVE ( 'NONE', #192, #3411, #2874, .T. ) ;
#2262 = CARTESIAN_POINT ( 'NONE',  ( -78.13746809974578866, -9.574377145520770682, 59.88249295392556348 ) ) ;
#2263 = CARTESIAN_POINT ( 'NONE',  ( -77.01545040103140138, -61.67856200384296983, 60.00000000000029843 ) ) ;
#2264 =( BOUNDED_CURVE ( )  B_SPLINE_CURVE ( 3, ( #3163, #2494, #3701, #1053 ),
 .UNSPECIFIED., .F., .F. ) 
 B_SPLINE_CURVE_WITH_KNOTS ( ( 4, 4 ),
 ( 4.677482395344798149, 4.712388980384687898 ),
 .UNSPECIFIED. ) 
 CURVE ( )  GEOMETRIC_REPRESENTATION_ITEM ( )  RATIONAL_B_SPLINE_CURVE ( ( 1.000000000000000000, 0.9998984634375940317, 0.9998984634375940317, 1.000000000000000000 ) ) 
 REPRESENTATION_ITEM ( '' )  );
#2265 = ORIENTED_EDGE ( 'NONE', *, *, #1491, .F. ) ;
#2266 = CARTESIAN_POINT ( 'NONE',  ( -72.79999999999995453, 62.03130265209606620, -55.59999999999999432 ) ) ;
#2267 = DIRECTION ( 'NONE',  ( 0.000000000000000000, 0.000000000000000000, 1.000000000000000000 ) ) ;
#2268 = CARTESIAN_POINT ( 'NONE',  ( -78.59283282689976602, -51.27474891500789766, 60.00000000000000711 ) ) ;
#2269 = CARTESIAN_POINT ( 'NONE',  ( -22.49999999999986144, -60.97497593347183198, 19.05053195319285919 ) ) ;
#2270 = EDGE_LOOP ( 'NONE', ( #1994, #1173, #2353, #3479, #1579, #3237, #2362 ) ) ;
#2271 = CARTESIAN_POINT ( 'NONE',  ( -131.7002541906792317, -181.9236986137918564, 24.08304498269518845 ) ) ;
#2272 = CARTESIAN_POINT ( 'NONE',  ( -43.79999999999994742, -62.00000000000000000, -62.00000000000000000 ) ) ;
#2273 = DIRECTION ( 'NONE',  ( -1.000000000000000000, 0.000000000000000000, -0.000000000000000000 ) ) ;
#2274 = ADVANCED_FACE ( 'NONE', ( #1664 ), #1411, .F. ) ;
#2275 = ORIENTED_EDGE ( 'NONE', *, *, #2901, .T. ) ;
#2276 = CARTESIAN_POINT ( 'NONE',  ( -27.12527220806001793, -62.00000000000001421, 52.74373869089663458 ) ) ;
#2277 = FACE_OUTER_BOUND ( 'NONE', #1899, .T. ) ;
#2278 = CARTESIAN_POINT ( 'NONE',  ( -137.4782854439330322, -146.4634905525603301, 4.999999999998689937 ) ) ;
#2279 = CARTESIAN_POINT ( 'NONE',  ( -20.17793724569302682, -62.05292169514775225, -9.997633136094499662 ) ) ;
#2280 = CARTESIAN_POINT ( 'NONE',  ( -78.19711487130798844, -25.57437714552100871, 61.59055301189125942 ) ) ;
#2281 = LINE ( 'NONE', #3496, #1763 ) ;
#2282 = CARTESIAN_POINT ( 'NONE',  ( -78.68201886301032744, 59.86347682224502620, 8.000000000000000000 ) ) ;
#2283 = CARTESIAN_POINT ( 'NONE',  ( -43.79999999999994031, -56.57483615740260063, 48.62909051864668442 ) ) ;
#2284 = LINE ( 'NONE', #2607, #400 ) ;
#2285 = VERTEX_POINT ( 'NONE', #3412 ) ;
#2286 = CARTESIAN_POINT ( 'NONE',  ( -76.97135413407991678, -60.18601253943316465, 59.99999999999959499 ) ) ;
#2287 = CARTESIAN_POINT ( 'NONE',  ( -44.86067977499784121, -92.00000000000001421, -40.60000000000000853 ) ) ;
#2288 = CARTESIAN_POINT ( 'NONE',  ( -17.84411773491317987, -58.24411346879135465, 14.33691843086478279 ) ) ;
#2289 = CARTESIAN_POINT ( 'NONE',  ( -38.56442168789185843, -91.99443989722925608, 45.60000000000606946 ) ) ;
#2290 = CARTESIAN_POINT ( 'NONE',  ( -105.9028767766999977, -30.99999999999999289, -51.02046184186709610 ) ) ;
#2291 = EDGE_CURVE ( 'NONE', #3067, #2454, #3751, .T. ) ;
#2292 = ORIENTED_EDGE ( 'NONE', *, *, #3257, .F. ) ;
#2293 = CARTESIAN_POINT ( 'NONE',  ( -93.19283421917445764, -59.72604596596651305, -58.49599999999963984 ) ) ;
#2294 = CARTESIAN_POINT ( 'NONE',  ( -43.79999999999996163, -58.08529235043637584, 48.42885713314310436 ) ) ;
#2295 = B_SPLINE_CURVE_WITH_KNOTS ( 'NONE', 3,
 ( #1121, #2694, #3191, #1190 ),
 .UNSPECIFIED., .F., .F.,
 ( 4, 4 ),
 ( -0.001507775741300455960, 0.0006912364306871793002 ),
 .UNSPECIFIED. ) ;
#2296 = CARTESIAN_POINT ( 'NONE',  ( -134.6239309170794058, -64.32390822605422898, -24.08304498269900051 ) ) ;
#2297 = CARTESIAN_POINT ( 'NONE',  ( -17.49999999999994316, 46.98867757558095093, -37.31083645372089563 ) ) ;
#2298 = CARTESIAN_POINT ( 'NONE',  ( -17.82441799709938124, -80.57350992111072685, -4.999999999999420019 ) ) ;
#2299 = CARTESIAN_POINT ( 'NONE',  ( -21.58314113122109035, -58.00000000000000000, 20.78637568706177774 ) ) ;
#2300 = LINE ( 'NONE', #1213, #1522 ) ;
#2301 = DIRECTION ( 'NONE',  ( -1.010028224731765219E-16, 0.000000000000000000, 1.000000000000000000 ) ) ;
#2302 = CARTESIAN_POINT ( 'NONE',  ( -141.4999999999999716, 31.60000000000000142, 57.41379771475583738 ) ) ;
#2303 = CARTESIAN_POINT ( 'NONE',  ( -79.50070232821813931, -63.48677944551091201, -59.99999999999985789 ) ) ;
#2304 = ORIENTED_EDGE ( 'NONE', *, *, #221, .T. ) ;
#2305 = CARTESIAN_POINT ( 'NONE',  ( -102.5630093084409253, -61.51029327188708606, 55.50814291124886068 ) ) ;
#2306 = CARTESIAN_POINT ( 'NONE',  ( -122.2999999999998977, -17.60135691784895329, -30.29753062768741856 ) ) ;
#2307 = CARTESIAN_POINT ( 'NONE',  ( -36.55421404816694064, -62.14682823955561730, 47.82098336003978289 ) ) ;
#2308 = CARTESIAN_POINT ( 'NONE',  ( -46.68352774892332491, -61.04483600357171014, 50.39999999999969305 ) ) ;
#2309 = EDGE_CURVE ( 'NONE', #1104, #2020, #2873, .T. ) ;
#2310 = VECTOR ( 'NONE', #2144, 1000.000000000000114 ) ;
#2311 = ORIENTED_EDGE ( 'NONE', *, *, #2328, .T. ) ;
#2312 = CARTESIAN_POINT ( 'NONE',  ( -81.90161207208817018, -141.6676056899355558, -59.84493695669585378 ) ) ;
#2313 = VECTOR ( 'NONE', #746, 1000.000000000000000 ) ;
#2314 = CARTESIAN_POINT ( 'NONE',  ( -72.79999999999995453, 1.960802204827610806, -55.59999999999999432 ) ) ;
#2315 = EDGE_CURVE ( 'NONE', #3679, #3758, #640, .T. ) ;
#2316 = CARTESIAN_POINT ( 'NONE',  ( -134.4291178553640123, -144.7844007108312212, 19.54082840236652174 ) ) ;
#2317 = CARTESIAN_POINT ( 'NONE',  ( -2.288463736401940007, -6.574377145520770682, 65.53302718437296903 ) ) ;
#2318 = CARTESIAN_POINT ( 'NONE',  ( -49.92142578234101080, -64.43538958752172618, -52.35702562807718863 ) ) ;
#2319 = CARTESIAN_POINT ( 'NONE',  ( -22.24204106893307653, -58.32356234038152110, 21.54177418738589367 ) ) ;
#2320 = EDGE_CURVE ( 'NONE', #2726, #3343, #3782, .T. ) ;
#2321 = DIRECTION ( 'NONE',  ( -0.7066760308408306379, -0.7071067811865513475, -0.02467767077833600553 ) ) ;
#2322 = CARTESIAN_POINT ( 'NONE',  ( -17.49999999999994316, -46.00000000000002842, 38.51209259248404493 ) ) ;
#2323 = CARTESIAN_POINT ( 'NONE',  ( -79.42532699350323355, -65.52595886627602795, -60.00000000000001421 ) ) ;
#2324 = EDGE_LOOP ( 'NONE', ( #3420, #420, #3598, #1752, #998, #3609 ) ) ;
#2325 = CARTESIAN_POINT ( 'NONE',  ( -81.90161207210122996, -141.6676056899385117, 59.84493695670054336 ) ) ;
#2326 = CARTESIAN_POINT ( 'NONE',  ( -122.2999999999998835, -0.03062697813054447715, -5.488437215791293511 ) ) ;
#2327 = CARTESIAN_POINT ( 'NONE',  ( -27.54219370001046840, -63.99671857716273138, 49.75028398410303510 ) ) ;
#2328 = EDGE_CURVE ( 'NONE', #1538, #2368, #3124, .T. ) ;
#2329 = ORIENTED_EDGE ( 'NONE', *, *, #1516, .F. ) ;
#2330 = CARTESIAN_POINT ( 'NONE',  ( -22.49999999999994671, 51.99999999999998579, 49.99999999999965894 ) ) ;
#2331 = CARTESIAN_POINT ( 'NONE',  ( -17.98757838484200633, -58.14126339657485687, -14.99850847338539062 ) ) ;
#2332 = CARTESIAN_POINT ( 'NONE',  ( -81.99923009832139087, -63.52472333158007700, 59.99999999999992184 ) ) ;
#2333 = B_SPLINE_CURVE_WITH_KNOTS ( 'NONE', 3,
 ( #3288, #620, #329, #2703, #2402, #925, #3308 ),
 .UNSPECIFIED., .F., .F.,
 ( 4, 3, 4 ),
 ( 0.08275248783686159348, 0.08972263379453537802, 0.9149240204843978042 ),
 .UNSPECIFIED. ) ;
#2334 = CARTESIAN_POINT ( 'NONE',  ( -136.4091814696650999, -64.35101992934741588, -19.54082840236709373 ) ) ;
#2335 = CARTESIAN_POINT ( 'NONE',  ( -17.49999999999994671, 44.16583406004269108, -40.60000000000000853 ) ) ;
#2336 = CARTESIAN_POINT ( 'NONE',  ( -59.64040478921798183, -63.18517108392445181, -56.70399999999993668 ) ) ;
#2337 = CARTESIAN_POINT ( 'NONE',  ( -54.25678674139491875, -6.574377145520770682, 63.71825335584291139 ) ) ;
#2338 = LINE ( 'NONE', #638, #1513 ) ;
#2339 = EDGE_CURVE ( 'NONE', #85, #3662, #2625, .T. ) ;
#2340 = LINE ( 'NONE', #3804, #1259 ) ;
#2341 = CARTESIAN_POINT ( 'NONE',  ( -43.79999999999996874, -35.25023185968196771, 54.78504677782227361 ) ) ;
#2342 = CARTESIAN_POINT ( 'NONE',  ( -18.75652737341607690, 120.1840550324573513, 59.99999999999998579 ) ) ;
#2343 = EDGE_LOOP ( 'NONE', ( #3421, #516, #685, #1420 ) ) ;
#2344 = CARTESIAN_POINT ( 'NONE',  ( -108.9292282046655913, -66.61652814503034392, 52.35702562807713178 ) ) ;
#2345 = CARTESIAN_POINT ( 'NONE',  ( -122.2999999999998693, -4.663413221739415526, 17.28075334718863232 ) ) ;
#2346 = CARTESIAN_POINT ( 'NONE',  ( -29.47081484903828752, -63.45445993207143687, 49.42900230748731616 ) ) ;
#2347 = CARTESIAN_POINT ( 'NONE',  ( -17.49999999999995737, 56.78027287147816793, -19.37873233849599686 ) ) ;
#2348 = ORIENTED_EDGE ( 'NONE', *, *, #2782, .T. ) ;
#2349 = DIRECTION ( 'NONE',  ( -0.7066760308408308600, -0.02467767077833578696, 0.7071067811865512365 ) ) ;
#2350 = LINE ( 'NONE', #2986, #2253 ) ;
#2351 = CARTESIAN_POINT ( 'NONE',  ( -67.78615007862306641, -86.36609366775374497, 59.09311614065541818 ) ) ;
#2352 = CARTESIAN_POINT ( 'NONE',  ( -129.1745147476378577, -104.3856816384752335, 32.38754325259498756 ) ) ;
#2353 = ORIENTED_EDGE ( 'NONE', *, *, #2032, .T. ) ;
#2354 = CARTESIAN_POINT ( 'NONE',  ( -199.2743447095754732, -51.50179901296814222, -60.00000000000000711 ) ) ;
#2355 = CARTESIAN_POINT ( 'NONE',  ( -22.65473559875387366, -83.23342840103687479, -24.08304498269645322 ) ) ;
#2356 = CARTESIAN_POINT ( 'NONE',  ( -54.15208825128741665, -6.679075635628281660, 63.72008087478561578 ) ) ;
#2357 = CARTESIAN_POINT ( 'NONE',  ( -54.15208825128741665, -6.679075635628281660, 63.72008087478561578 ) ) ;
#2358 = CARTESIAN_POINT ( 'NONE',  ( -21.49999999999994671, -58.00000000000000711, 22.56276417322071381 ) ) ;
#2359 = CARTESIAN_POINT ( 'NONE',  ( -33.35312091035459758, -63.05346030210137798, 38.36651296813794687 ) ) ;
#2360 = CARTESIAN_POINT ( 'NONE',  ( -153.9786784198801683, 59.91910272668746273, -59.99999999999999289 ) ) ;
#2361 = EDGE_CURVE ( 'NONE', #320, #12, #1473, .T. ) ;
#2362 = ORIENTED_EDGE ( 'NONE', *, *, #1582, .T. ) ;
#2363 = CARTESIAN_POINT ( 'NONE',  ( -49.99403881015485496, -63.03867656980632717, 52.35702562807735205 ) ) ;
#2364 = CARTESIAN_POINT ( 'NONE',  ( -122.2999999999999545, -13.21215188188002898, 26.97791082761449033 ) ) ;
#2365 = CARTESIAN_POINT ( 'NONE',  ( -28.82763302227914437, -63.62902365737313204, 49.54646946846850142 ) ) ;
#2366 = CARTESIAN_POINT ( 'NONE',  ( -20.12852055482923674, -61.79781388249371332, 9.997633136094625783 ) ) ;
#2367 =( BOUNDED_SURFACE ( )  B_SPLINE_SURFACE ( 3, 3, ( 
 ( #2031, #2624, #3807, #1745, #332, #623, #2958, #909, #3617, #294, #2049 ),
 ( #3272, #928, #2071, #1179, #3037, #1201, #2360, #1162, #2091, #73, #3291 ),
 ( #3553, #2342, #888, #1803, #1495, #2385, #2997, #2109, #603, #3825, #2724 ),
 ( #1472, #1515, #948, #2665, #3249, #3312, #1785, #643, #2978, #314, #1453 ),
 ( #2683, #3536, #2706, #1239, #54, #1220, #31, #868, #3576, #2405, #3597 ),
 ( #1824, #3018, #355, #582, #2427, #1537, #1842, #2129, #3332, #1766, #662 ),
 ( #2645, #11, #3418, #1916, #427, #3113, #1934, #3693, #372, #2785, #697 ) ),
 .UNSPECIFIED., .T., .F., .F. ) 
 B_SPLINE_SURFACE_WITH_KNOTS ( ( 4, 3, 4 ),
 ( 4, 1, 1, 1, 1, 1, 1, 1, 4 ),
 ( 0.000000000000000000, 0.5000000000000000000, 1.000000000000000000 ),
 ( 0.000000000000000000, 0.1045714956699578119, 0.2091429913399156237, 0.3137144870098734217, 0.4182859826798312475, 0.5228574783497890177, 0.6274289740197468435, 0.7320004696897046692, 0.8365719653596624950 ),
 .UNSPECIFIED. ) 
 GEOMETRIC_REPRESENTATION_ITEM ( )  RATIONAL_B_SPLINE_SURFACE ( (
 ( 1.000000000000000000, 1.000000000000000000, 1.000000000000000222, 1.000000000000000000, 0.9999999999999997780, 0.9999999999999997780, 0.9999999999999997780, 1.000000000000000000, 1.000000000000000000, 1.000000000000000000, 1.000000000000000000),
 ( 0.3333333333333333703, 0.3333333333333333703, 0.3333333333333333703, 0.3333333333333333148, 0.3333333333333333148, 0.3333333333333334259, 0.3333333333333333148, 0.3333333333333334259, 0.3333333333333333703, 0.3333333333333333703, 0.3333333333333333703),
 ( 0.3333333333333333703, 0.3333333333333333703, 0.3333333333333333703, 0.3333333333333333148, 0.3333333333333333148, 0.3333333333333334259, 0.3333333333333333148, 0.3333333333333334259, 0.3333333333333333703, 0.3333333333333333703, 0.3333333333333333703),
 ( 1.000000000000000000, 1.000000000000000000, 1.000000000000000222, 1.000000000000000000, 0.9999999999999997780, 0.9999999999999997780, 0.9999999999999997780, 1.000000000000000000, 1.000000000000000000, 1.000000000000000000, 1.000000000000000000),
 ( 0.3333333333333333703, 0.3333333333333333703, 0.3333333333333333703, 0.3333333333333333148, 0.3333333333333333148, 0.3333333333333334259, 0.3333333333333333148, 0.3333333333333334259, 0.3333333333333333703, 0.3333333333333333703, 0.3333333333333333703),
 ( 0.3333333333333333703, 0.3333333333333333703, 0.3333333333333333703, 0.3333333333333333148, 0.3333333333333333148, 0.3333333333333334259, 0.3333333333333333148, 0.3333333333333334259, 0.3333333333333333703, 0.3333333333333333703, 0.3333333333333333703),
 ( 1.000000000000000000, 1.000000000000000000, 1.000000000000000222, 1.000000000000000000, 0.9999999999999997780, 0.9999999999999997780, 0.9999999999999997780, 1.000000000000000000, 1.000000000000000000, 1.000000000000000000, 1.000000000000000000) ) ) 
 REPRESENTATION_ITEM ( '' )  SURFACE ( )  );
#2368 = VERTEX_POINT ( 'NONE', #2214 ) ;
#2369 = CARTESIAN_POINT ( 'NONE',  ( -32.16245836114643453, 43.55799760401319531, -40.60000000000000853 ) ) ;
#2370 = CARTESIAN_POINT ( 'NONE',  ( -17.56294354420802861, -58.63723246409580980, -12.66474132933017671 ) ) ;
#2371 = CARTESIAN_POINT ( 'NONE',  ( -78.13746809974570340, 22.42562285447947446, 59.88249295392556348 ) ) ;
#2372 = CARTESIAN_POINT ( 'NONE',  ( -55.51924633447703172, -82.76533719968526270, 55.50814291125129785 ) ) ;
#2373 = AXIS2_PLACEMENT_3D ( 'NONE', #104, #692, #3143 ) ;
#2374 = VECTOR ( 'NONE', #3580, 1000.000000000000000 ) ;
#2375 = CARTESIAN_POINT ( 'NONE',  ( -97.46603216972330586, -124.4298810294129964, 56.70400000000208252 ) ) ;
#2376 = ORIENTED_EDGE ( 'NONE', *, *, #1055, .F. ) ;
#2377 = DIRECTION ( 'NONE',  ( 0.000000000000000000, -1.000000000000000000, 0.000000000000000000 ) ) ;
#2378 = CARTESIAN_POINT ( 'NONE',  ( -48.21246201686042099, -97.30734121812311344, -52.35702562808061344 ) ) ;
#2379 = CARTESIAN_POINT ( 'NONE',  ( -43.79999999999994031, -61.12659959332454207, 48.23487465639797023 ) ) ;
#2380 = AXIS2_PLACEMENT_3D ( 'NONE', #289, #2006, #3208 ) ;
#2381 = CARTESIAN_POINT ( 'NONE',  ( -81.24033907091049400, -18.33173645840167509, 62.77596694487537832 ) ) ;
#2382 = AXIS2_PLACEMENT_3D ( 'NONE', #1679, #2597, #1387 ) ;
#2383 = CARTESIAN_POINT ( 'NONE',  ( -81.13564058080298480, 0.000000000000000000, 62.77779446381808981 ) ) ;
#2384 = CARTESIAN_POINT ( 'NONE',  ( -17.49999999999994671, -27.53122783350168845, 53.32903819235444587 ) ) ;
#2385 = CARTESIAN_POINT ( 'NONE',  ( -129.6086716155508896, 82.65408575804623581, 59.99999999999996447 ) ) ;
#2386 = EDGE_LOOP ( 'NONE', ( #535, #1617, #1240, #102 ) ) ;
#2387 = CARTESIAN_POINT ( 'NONE',  ( -68.70327784671651727, -60.42045715848826859, 59.09311614065279628 ) ) ;
#2388 = CARTESIAN_POINT ( 'NONE',  ( -122.2999999999999545, -9.653394802579640555, 23.64392704951816881 ) ) ;
#2389 = CARTESIAN_POINT ( 'NONE',  ( -18.08497226690390036, -58.09019122351523379, 14.99589348551942791 ) ) ;
#2390 = CARTESIAN_POINT ( 'NONE',  ( -24.38582304850466542, -62.02520649892024096, 24.08304498269933092 ) ) ;
#2391 = EDGE_CURVE ( 'NONE', #3197, #40, #3167, .T. ) ;
#2392 = VERTEX_POINT ( 'NONE', #745 ) ;
#2393 = CARTESIAN_POINT ( 'NONE',  ( -127.4803306605767688, -67.30224296900034631, -36.14937136423366582 ) ) ;
#2394 =( BOUNDED_SURFACE ( )  B_SPLINE_SURFACE ( 3, 3, ( 
 ( #3289, #1160, #1801, #2995, #2704, #52, #2403, #3310, #2502, #2163, #2126 ),
 ( #1609, #1570, #142, #3637, #1023, #2783, #2465, #2801, #1821, #3016, #2425 ),
 ( #946, #718, #1840, #2743, #2146, #2446, #1237, #2764, #3035, #1592, #353 ),
 ( #3093, #3654, #3072, #1535, #3330, #1309, #388, #3347, #109, #124, #1276 ),
 ( #695, #3691, #677, #2722, #641, #1858, #71, #3382, #1255, #3054, #3615 ),
 ( #88, #425, #660, #1896, #370, #986, #1554, #1291, #3364, #968, #1876 ),
 ( #408, #2483, #3670, #1003, #2180, #1062, #3111, #1354, #3128, #3437, #3728 ) ),
 .UNSPECIFIED., .T., .F., .F. ) 
 B_SPLINE_SURFACE_WITH_KNOTS ( ( 4, 3, 4 ),
 ( 4, 1, 1, 1, 1, 1, 1, 1, 4 ),
 ( 0.000000000000000000, 0.5000000000000000000, 1.000000000000000000 ),
 ( 0.000000000000000000, 0.1045714956699578119, 0.2091429913399156237, 0.3137144870098734217, 0.4182859826798312475, 0.5228574783497890177, 0.6274289740197468435, 0.7320004696897046692, 0.8365719653596624950 ),
 .UNSPECIFIED. ) 
 GEOMETRIC_REPRESENTATION_ITEM ( )  RATIONAL_B_SPLINE_SURFACE ( (
 ( 1.000000000000000000, 1.000000000000000000, 1.000000000000000222, 1.000000000000000000, 0.9999999999999997780, 0.9999999999999997780, 0.9999999999999997780, 1.000000000000000000, 1.000000000000000000, 1.000000000000000000, 1.000000000000000000),
 ( 0.3333333333333333703, 0.3333333333333333703, 0.3333333333333333703, 0.3333333333333333148, 0.3333333333333333148, 0.3333333333333334259, 0.3333333333333333148, 0.3333333333333334259, 0.3333333333333333703, 0.3333333333333333703, 0.3333333333333333703),
 ( 0.3333333333333333703, 0.3333333333333333703, 0.3333333333333333703, 0.3333333333333333148, 0.3333333333333333148, 0.3333333333333334259, 0.3333333333333333148, 0.3333333333333334259, 0.3333333333333333703, 0.3333333333333333703, 0.3333333333333333703),
 ( 1.000000000000000000, 1.000000000000000000, 1.000000000000000222, 1.000000000000000000, 0.9999999999999997780, 0.9999999999999997780, 0.9999999999999997780, 1.000000000000000000, 1.000000000000000000, 1.000000000000000000, 1.000000000000000000),
 ( 0.3333333333333333703, 0.3333333333333333703, 0.3333333333333333703, 0.3333333333333333148, 0.3333333333333333148, 0.3333333333333334259, 0.3333333333333333148, 0.3333333333333334259, 0.3333333333333333703, 0.3333333333333333703, 0.3333333333333333703),
 ( 0.3333333333333333703, 0.3333333333333333703, 0.3333333333333333703, 0.3333333333333333148, 0.3333333333333333148, 0.3333333333333334259, 0.3333333333333333148, 0.3333333333333334259, 0.3333333333333333703, 0.3333333333333333703, 0.3333333333333333703),
 ( 1.000000000000000000, 1.000000000000000000, 1.000000000000000222, 1.000000000000000000, 0.9999999999999997780, 0.9999999999999997780, 0.9999999999999997780, 1.000000000000000000, 1.000000000000000000, 1.000000000000000000, 1.000000000000000000) ) ) 
 REPRESENTATION_ITEM ( '' )  SURFACE ( )  );
#2395 = CARTESIAN_POINT ( 'NONE',  ( -17.98466705588842629, -58.14300991825997755, -14.95875291791006134 ) ) ;
#2396 = CARTESIAN_POINT ( 'NONE',  ( -141.4999999999999716, 31.60000000000000142, -55.60000000000000142 ) ) ;
#2397 = CARTESIAN_POINT ( 'NONE',  ( -109.0073658462809476, -63.93488232121529080, 52.35702562807716731 ) ) ;
#2398 = ORIENTED_EDGE ( 'NONE', *, *, #3333, .T. ) ;
#2399 = CARTESIAN_POINT ( 'NONE',  ( 40.48143795357301400, -63.51643356373316607, -60.00000000000000711 ) ) ;
#2400 = CARTESIAN_POINT ( 'NONE',  ( -57.83667127131770513, -102.6071194442623664, -56.70400000000061169 ) ) ;
#2401 = CARTESIAN_POINT ( 'NONE',  ( -22.49999999999995381, -59.00000000000000711, 21.09685175975630855 ) ) ;
#2402 = CARTESIAN_POINT ( 'NONE',  ( -99.23828316693297324, 59.14563625487632947, 29.16391144430354387 ) ) ;
#2403 = CARTESIAN_POINT ( 'NONE',  ( -63.98416934016007218, -20.45797934781048966, -60.00000000000000711 ) ) ;
#2404 = CARTESIAN_POINT ( 'NONE',  ( -17.49999999999995026, 18.72964453634670079, 56.99992531913073890 ) ) ;
#2405 = CARTESIAN_POINT ( 'NONE',  ( 38.65099204288537749, -76.88286150838271737, 60.00000000000001421 ) ) ;
#2406 = B_SPLINE_CURVE_WITH_KNOTS ( 'NONE', 3,
 ( #2485, #1043, #1334, #1897, #3671, #3094 ),
 .UNSPECIFIED., .F., .F.,
 ( 4, 2, 4 ),
 ( 0.2254313570604521144, 0.2279623662105156323, 0.2304933753605791225 ),
 .UNSPECIFIED. ) ;
#2407 = VERTEX_POINT ( 'NONE', #1682 ) ;
#2408 = CARTESIAN_POINT ( 'NONE',  ( -37.21203847487500838, -61.94072676395185084, 42.75473822480799413 ) ) ;
#2409 = CARTESIAN_POINT ( 'NONE',  ( -122.2999999999999545, -4.954676561579193894, 17.73776183837745180 ) ) ;
#2410 = CARTESIAN_POINT ( 'NONE',  ( -18.61045000538846850, -53.00000000000006395, 28.25061397621019665 ) ) ;
#2411 = CARTESIAN_POINT ( 'NONE',  ( -18.64534609143391464, -71.94158431368660445, -4.999999999999481304 ) ) ;
#2412 = B_SPLINE_CURVE_WITH_KNOTS ( 'NONE', 3,
 ( #3505, #2612, #837, #818 ),
 .UNSPECIFIED., .F., .F.,
 ( 4, 4 ),
 ( 0.08507597951559978111, 0.7888438106177784181 ),
 .UNSPECIFIED. ) ;
#2413 = ORIENTED_EDGE ( 'NONE', *, *, #3433, .F. ) ;
#2414 = CARTESIAN_POINT ( 'NONE',  ( -119.8524108059585274, -136.7574228483606191, -42.75473822481093578 ) ) ;
#2415 = CARTESIAN_POINT ( 'NONE',  ( -22.49999999999992539, -68.58118269514552878, 20.14364048098173399 ) ) ;
#2416 = CARTESIAN_POINT ( 'NONE',  ( -8.491086501036862799, 58.99999999999998579, 56.99999999999916866 ) ) ;
#2417 = ADVANCED_FACE ( 'NONE', ( #1646 ), #2837, .T. ) ;
#2418 = CARTESIAN_POINT ( 'NONE',  ( -91.33975415644881934, -121.0563140210700226, 58.49600000000321387 ) ) ;
#2419 = ORIENTED_EDGE ( 'NONE', *, *, #373, .T. ) ;
#2420 = CARTESIAN_POINT ( 'NONE',  ( 39.29980196164388673, -73.74153775341349615, 60.00000000000001421 ) ) ;
#2421 = CARTESIAN_POINT ( 'NONE',  ( -71.62711609595356776, -133.3619361542891681, -59.84493695670084179 ) ) ;
#2422 = PLANE ( 'NONE',  #2373 ) ;
#2423 = CARTESIAN_POINT ( 'NONE',  ( -21.49999999998880540, -58.00000000000006395, 20.62547930682388753 ) ) ;
#2424 = B_SPLINE_CURVE_WITH_KNOTS ( 'NONE', 3,
 ( #1956, #830, #1632, #184, #3772, #2012, #3213, #1671, #3156, #1337, #794, #2881, #2825, #202, #2525 ),
 .UNSPECIFIED., .F., .F.,
 ( 4, 2, 2, 2, 2, 1, 2, 4 ),
 ( 0.000000000000000000, 0.0003363827844105390518, 0.0006727655688210781035, 0.001345531137642113923, 0.002018296706463150285, 0.002691062275284186213, 0.005382124550568250128, 0.01076424910113642219 ),
 .UNSPECIFIED. ) ;
#2425 = CARTESIAN_POINT ( 'NONE',  ( -195.7374733421641224, -25.18769437672934686, -59.99999999999999289 ) ) ;
#2426 = CARTESIAN_POINT ( 'NONE',  ( -22.49999999999994671, -46.00000000000001421, 39.41960072964307926 ) ) ;
#2427 = CARTESIAN_POINT ( 'NONE',  ( 9.359795811246449659, -113.8055985327525690, -59.99999999999999289 ) ) ;
#2428 = ORIENTED_EDGE ( 'NONE', *, *, #3419, .F. ) ;
#2429 = CARTESIAN_POINT ( 'NONE',  ( -40.25207915911688161, -64.07797609506719994, 45.60000000000034959 ) ) ;
#2430 = CARTESIAN_POINT ( 'NONE',  ( -122.2999999999998550, -12.39262902645856457, 26.27558733326100793 ) ) ;
#2431 = CARTESIAN_POINT ( 'NONE',  ( -54.15208825128741665, 0.000000000000000000, 60.72008087478562288 ) ) ;
#2432 = CARTESIAN_POINT ( 'NONE',  ( -21.82847397736809825, -93.10584323043043753, -24.08304498269539096 ) ) ;
#2433 = ORIENTED_EDGE ( 'NONE', *, *, #3466, .F. ) ;
#2434 = CARTESIAN_POINT ( 'NONE',  ( -110.3567421559880160, -131.5284282760968324, -50.40000000000436842 ) ) ;
#2435 = ADVANCED_FACE ( 'NONE', ( #2277 ), #3474, .F. ) ;
#2436 = CARTESIAN_POINT ( 'NONE',  ( -17.49999999999994671, 54.28674561715390467, 61.74204843608936955 ) ) ;
#2437 = CARTESIAN_POINT ( 'NONE',  ( -153.8999999999998920, 57.23680704132557651, 27.25508223075272696 ) ) ;
#2438 = CARTESIAN_POINT ( 'NONE',  ( -112.2979652268752346, -61.44617408562862693, 50.40000000000027569 ) ) ;
#2439 = EDGE_LOOP ( 'NONE', ( #1850, #2228, #744, #1506 ) ) ;
#2440 = DIRECTION ( 'NONE',  ( 0.000000000000000000, 0.000000000000000000, 1.000000000000000000 ) ) ;
#2441 = CARTESIAN_POINT ( 'NONE',  ( -72.50842502953892676, -110.6864368251949031, -59.84493695669790014 ) ) ;
#2442 = CARTESIAN_POINT ( 'NONE',  ( -22.49999999999995737, -59.57632935917761330, 20.33599871362828182 ) ) ;
#2443 = B_SPLINE_CURVE_WITH_KNOTS ( 'NONE', 3,
 ( #1343, #3032, #1253, #1217 ),
 .UNSPECIFIED., .F., .F.,
 ( 4, 4 ),
 ( 1.734723475976807403E-17, 0.002077842118772059345 ),
 .UNSPECIFIED. ) ;
#2444 = DIRECTION ( 'NONE',  ( -0.000000000000000000, -1.000000000000000000, -0.000000000000000000 ) ) ;
#2445 = EDGE_CURVE ( 'NONE', #3408, #2930, #2350, .T. ) ;
#2446 = CARTESIAN_POINT ( 'NONE',  ( -129.6086716155508896, 82.65408575804623581, 59.99999999999996447 ) ) ;
#2447 = VECTOR ( 'NONE', #2234, 1000.000000000000000 ) ;
#2448 = CARTESIAN_POINT ( 'NONE',  ( -17.49999999999994671, -62.00000000000001421, 62.00000000000000000 ) ) ;
#2449 = CARTESIAN_POINT ( 'NONE',  ( -141.5000000000000284, 44.91393477177381044, 52.29604016919240195 ) ) ;
#2450 = VERTEX_POINT ( 'NONE', #2314 ) ;
#2451 = FACE_OUTER_BOUND ( 'NONE', #436, .T. ) ;
#2452 = CARTESIAN_POINT ( 'NONE',  ( -18.32587563592028701, -58.01313238064608413, 15.75281719239724687 ) ) ;
#2453 = CARTESIAN_POINT ( 'NONE',  ( -21.82847397737767636, -93.10584323043481447, 24.08304498270767979 ) ) ;
#2454 = VERTEX_POINT ( 'NONE', #322 ) ;
#2455 = CARTESIAN_POINT ( 'NONE',  ( -134.6426010999954030, -61.29900137304149865, -24.08304498269923144 ) ) ;
#2456 = CARTESIAN_POINT ( 'NONE',  ( -22.49999999999993605, -63.47708154421739835, 18.85524679506900014 ) ) ;
#2457 = CARTESIAN_POINT ( 'NONE',  ( -17.15185413299169070, 62.01215752157128236, 52.01824925138034672 ) ) ;
#2458 = CARTESIAN_POINT ( 'NONE',  ( -49.06694389960922820, -80.87136540282072872, 52.35702562807904314 ) ) ;
#2459 = ORIENTED_EDGE ( 'NONE', *, *, #83, .T. ) ;
#2460 = CARTESIAN_POINT ( 'NONE',  ( -78.59283282688627992, -51.27474891500789766, -60.00000000000000711 ) ) ;
#2461 = CARTESIAN_POINT ( 'NONE',  ( -33.73075051983604311, -62.00000000000001421, 50.43182981174327040 ) ) ;
#2462 = CARTESIAN_POINT ( 'NONE',  ( -22.49999999999994671, -58.99999999999999289, -21.09685175976291660 ) ) ;
#2463 = CARTESIAN_POINT ( 'NONE',  ( -141.4999999999999716, 62.03130265209606620, -55.60000000000000142 ) ) ;
#2464 = CARTESIAN_POINT ( 'NONE',  ( -92.24185621617260722, -93.54468118197942772, -58.49600000000133093 ) ) ;
#2465 = CARTESIAN_POINT ( 'NONE',  ( -153.9786784198801683, 59.91910272668746273, -59.99999999999999289 ) ) ;
#2466 = CARTESIAN_POINT ( 'NONE',  ( -21.68983379682426715, -46.00000000000003553, 39.15982986965278201 ) ) ;
#2467 = FACE_OUTER_BOUND ( 'NONE', #2534, .T. ) ;
#2468 = EDGE_CURVE ( 'NONE', #12, #972, #3614, .T. ) ;
#2469 = EDGE_CURVE ( 'NONE', #325, #85, #537, .T. ) ;
#2470 = ORIENTED_EDGE ( 'NONE', *, *, #51, .T. ) ;
#2471 = DIRECTION ( 'NONE',  ( 0.000000000000000000, 0.000000000000000000, 1.000000000000000000 ) ) ;
#2472 = CARTESIAN_POINT ( 'NONE',  ( -79.42245555134975632, -58.42600649774720978, -60.00000000000000000 ) ) ;
#2473 = CARTESIAN_POINT ( 'NONE',  ( -27.07102597741362260, -85.66535386840901367, -32.38754325259252909 ) ) ;
#2474 = VERTEX_POINT ( 'NONE', #611 ) ;
#2475 = CARTESIAN_POINT ( 'NONE',  ( -118.5985748278897915, -66.97394163748478491, -45.60000000000017195 ) ) ;
#2476 = FACE_OUTER_BOUND ( 'NONE', #1251, .T. ) ;
#2477 = CARTESIAN_POINT ( 'NONE',  ( -22.49999999999996447, -52.99999999999999289, 30.45491697821208632 ) ) ;
#2478 = EDGE_LOOP ( 'NONE', ( #1455, #1872, #433, #644 ) ) ;
#2479 = CARTESIAN_POINT ( 'NONE',  ( -8.491086501036862799, -53.00000000000001421, 50.00000000000000000 ) ) ;
#2480 = CARTESIAN_POINT ( 'NONE',  ( -27.81122250324723311, -62.00000000000001421, 52.60017453829760825 ) ) ;
#2481 = CARTESIAN_POINT ( 'NONE',  ( -17.49999999999995381, 43.83086636804602421, 40.97577770357192861 ) ) ;
#2482 = CARTESIAN_POINT ( 'NONE',  ( -121.7764831152675384, -58.91554513799383130, -42.75473822480739017 ) ) ;
#2483 = CARTESIAN_POINT ( 'NONE',  ( -18.65234975959985775, 0.09825394506722633092, -60.00000000000000000 ) ) ;
#2484 = ADVANCED_FACE ( 'NONE', ( #1793 ), #3832, .F. ) ;
#2485 = CARTESIAN_POINT ( 'NONE',  ( -43.79999999999994742, -62.00000000000000000, 48.21412307707760903 ) ) ;
#2486 = CARTESIAN_POINT ( 'NONE',  ( -141.4999999999999432, 52.47219780851586535, 44.65962166151591362 ) ) ;
#2487 = ORIENTED_EDGE ( 'NONE', *, *, #195, .T. ) ;
#2488 = LINE ( 'NONE', #412, #525 ) ;
#2489 = CARTESIAN_POINT ( 'NONE',  ( -26.14237775290876442, -67.38542356905897179, 28.11842191106260813 ) ) ;
#2490 = CARTESIAN_POINT ( 'NONE',  ( -54.65764782386353460, -100.8565216754805078, -55.50814291124981281 ) ) ;
#2491 = EDGE_CURVE ( 'NONE', #2474, #3404, #572, .T. ) ;
#2492 = ORIENTED_EDGE ( 'NONE', *, *, #945, .F. ) ;
#2493 = CARTESIAN_POINT ( 'NONE',  ( -138.4313326225855292, -107.1028747894249307, 4.999999999999158895 ) ) ;
#2494 = CARTESIAN_POINT ( 'NONE',  ( -81.17054893815216587, -6.644188543507219435, 62.77779446381808981 ) ) ;
#2495 = FACE_OUTER_BOUND ( 'NONE', #2208, .T. ) ;
#2496 = EDGE_LOOP ( 'NONE', ( #2588, #2566, #2050, #2111, #2670, #3119 ) ) ;
#2497 = CARTESIAN_POINT ( 'NONE',  ( -38.61679099671924575, -62.00000000000001421, 47.71511391538545155 ) ) ;
#2498 = CARTESIAN_POINT ( 'NONE',  ( -65.70669571109337426, -65.01886938966492835, -58.49599999999999511 ) ) ;
#2499 = LINE ( 'NONE', #458, #2313 ) ;
#2500 = CARTESIAN_POINT ( 'NONE',  ( -112.2979652268759452, -61.44617408562841376, -50.40000000000029701 ) ) ;
#2501 = CARTESIAN_POINT ( 'NONE',  ( -74.27432765981467355, -135.5018819473818610, 60.00000000000639488 ) ) ;
#2502 = CARTESIAN_POINT ( 'NONE',  ( -75.53563748228104657, -39.32194659011334892, -60.00000000000000711 ) ) ;
#2503 = DIRECTION ( 'NONE',  ( 0.000000000000000000, -1.000000000000000000, 0.000000000000000000 ) ) ;
#2504 = LINE ( 'NONE', #1293, #1390 ) ;
#2505 = EDGE_CURVE ( 'NONE', #3140, #1961, #3544, .T. ) ;
#2506 = VECTOR ( 'NONE', #2643, 1000.000000000000000 ) ;
#2507 = VERTEX_POINT ( 'NONE', #593 ) ;
#2508 = DIRECTION ( 'NONE',  ( -0.000000000000000000, 1.000000000000000000, -0.000000000000000000 ) ) ;
#2509 = CARTESIAN_POINT ( 'NONE',  ( 39.29980196164388673, -73.74153775341349615, 60.00000000000001421 ) ) ;
#2510 = CARTESIAN_POINT ( 'NONE',  ( -28.76408652834795632, -61.55294894600534406, -32.38754325259489519 ) ) ;
#2511 = VECTOR ( 'NONE', #86, 1000.000000000000000 ) ;
#2512 = ORIENTED_EDGE ( 'NONE', *, *, #259, .T. ) ;
#2513 = CARTESIAN_POINT ( 'NONE',  ( -127.5388508469200417, -58.75215088995494028, 36.14937136423327502 ) ) ;
#2514 = VECTOR ( 'NONE', #3587, 1000.000000000000000 ) ;
#2515 = PLANE ( 'NONE',  #1081 ) ;
#2516 = CARTESIAN_POINT ( 'NONE',  ( -22.49999999999994671, -72.00000000000001421, -20.93274699105998948 ) ) ;
#2517 = EDGE_CURVE ( 'NONE', #2930, #325, #1323, .T. ) ;
#2518 = ORIENTED_EDGE ( 'NONE', *, *, #1636, .T. ) ;
#2519 = CARTESIAN_POINT ( 'NONE',  ( -43.79999999999994742, -57.32886756333869727, 48.51880045887867965 ) ) ;
#2520 = CARTESIAN_POINT ( 'NONE',  ( -90.26575862080350987, -63.65026294742803969, -59.09311614065303075 ) ) ;
#2521 = CARTESIAN_POINT ( 'NONE',  ( -19.27853434370879881, -72.12744675643550352, 9.997633136097947570 ) ) ;
#2522 = CARTESIAN_POINT ( 'NONE',  ( -79.10776375923720138, -31.00000000000002842, 59.61642110249624693 ) ) ;
#2523 = CARTESIAN_POINT ( 'NONE',  ( -72.79999999999995453, 50.06278600411813784, -40.60000000000000853 ) ) ;
#2524 = CARTESIAN_POINT ( 'NONE',  ( -141.4999999999999716, 47.01847308760857658, 50.62770605424108084 ) ) ;
#2525 = CARTESIAN_POINT ( 'NONE',  ( -22.49999999999994671, -72.00000000000001421, -20.93274699105998948 ) ) ;
#2526 = CARTESIAN_POINT ( 'NONE',  ( -17.49999999999994671, -65.00000000000001421, 53.00000000000000711 ) ) ;
#2527 = CARTESIAN_POINT ( 'NONE',  ( 40.48143795357301400, -63.51643356373316607, -60.00000000000000711 ) ) ;
#2528 = CARTESIAN_POINT ( 'NONE',  ( -39.40825042349752039, -78.03620799615070780, -45.59999999999948983 ) ) ;
#2529 = EDGE_LOOP ( 'NONE', ( #1006, #3221, #530, #3796, #3105, #1294 ) ) ;
#2530 = CARTESIAN_POINT ( 'NONE',  ( -130.1974734143348940, -64.25668583966178460, 32.38754325259480282 ) ) ;
#2531 = CARTESIAN_POINT ( 'NONE',  ( -21.82661789139999087, -58.05335393717371772, -21.16354663750837162 ) ) ;
#2532 = CARTESIAN_POINT ( 'NONE',  ( -19.10819289848073765, -72.00000000000001421, 50.00000000000000000 ) ) ;
#2533 =( LENGTH_UNIT ( ) NAMED_UNIT ( * ) SI_UNIT ( .MILLI., .METRE. ) );
#2534 = EDGE_LOOP ( 'NONE', ( #1767, #2015, #3648, #896 ) ) ;
#2535 = CARTESIAN_POINT ( 'NONE',  ( -25.73885550522913945, -62.00000000000001421, 52.94350871302339812 ) ) ;
#2536 = CARTESIAN_POINT ( 'NONE',  ( -30.85316346439181245, -50.04837998135194255, -40.60000000000000142 ) ) ;
#2537 = ADVANCED_FACE ( 'NONE', ( #302 ), #2754, .F. ) ;
#2538 = CARTESIAN_POINT ( 'NONE',  ( -17.49999999999994316, 59.95066544160480504, 2.972708145893605991 ) ) ;
#2539 = CARTESIAN_POINT ( 'NONE',  ( -93.22061801941131876, -63.69513691269406053, -58.49599999999991695 ) ) ;
#2540 = CARTESIAN_POINT ( 'NONE',  ( -22.52217541762637509, -63.42261570061121034, 19.54082840236736374 ) ) ;
#2541 = CARTESIAN_POINT ( 'NONE',  ( -22.49999999999994671, -72.00000000000001421, 47.00000000000000000 ) ) ;
#2542 = CARTESIAN_POINT ( 'NONE',  ( -72.79999999999998295, 26.73320079249150538, -42.36778063944408501 ) ) ;
#2543 = CARTESIAN_POINT ( 'NONE',  ( -65.79301197427322734, -61.75247847822584646, 58.49600000000030775 ) ) ;
#2544 = ORIENTED_EDGE ( 'NONE', *, *, #8, .F. ) ;
#2545 = LINE ( 'NONE', #754, #395 ) ;
#2546 = CARTESIAN_POINT ( 'NONE',  ( -80.14414062565556662, -114.8912081666570515, -60.00000000000299849 ) ) ;
#2547 = CARTESIAN_POINT ( 'NONE',  ( -21.54500570662847281, 51.85264984513781883, -40.60000000000000853 ) ) ;
#2548 = CARTESIAN_POINT ( 'NONE',  ( -68.73564603563251296, -63.32329594359369196, -59.09311614065315155 ) ) ;
#2549 = ORIENTED_EDGE ( 'NONE', *, *, #451, .T. ) ;
#2550 = CARTESIAN_POINT ( 'NONE',  ( -139.4462435424072737, -58.41451199459304178, 4.999999999999944933 ) ) ;
#2551 = CARTESIAN_POINT ( 'NONE',  ( -17.15100503297493617, 52.00609172980902883, -51.99999999999999289 ) ) ;
#2552 = CARTESIAN_POINT ( 'NONE',  ( -17.49999999999994671, 58.99999999999998579, 62.00000000000000000 ) ) ;
#2553 =( NAMED_UNIT ( * ) SI_UNIT ( $, .STERADIAN. ) SOLID_ANGLE_UNIT ( ) );
#2554 = EDGE_CURVE ( 'NONE', #3736, #650, #2736, .T. ) ;
#2555 = ORIENTED_EDGE ( 'NONE', *, *, #1742, .T. ) ;
#2556 = CARTESIAN_POINT ( 'NONE',  ( -30.27017468306834402, -63.24921782492580746, 49.27411970988531209 ) ) ;
#2557 = DIRECTION ( 'NONE',  ( -0.000000000000000000, -0.000000000000000000, 1.000000000000000000 ) ) ;
#2558 = CARTESIAN_POINT ( 'NONE',  ( -17.49999999999996092, 56.24752674924192775, 20.87543537543572469 ) ) ;
#2559 = CARTESIAN_POINT ( 'NONE',  ( -138.8504869028076030, -61.27128617681383815, -9.997633136094894013 ) ) ;
#2560 = CARTESIAN_POINT ( 'NONE',  ( -31.40184857390653761, -61.47815414532428946, 36.14937136423330344 ) ) ;
#2561 = DIRECTION ( 'NONE',  ( 0.000000000000000000, 0.000000000000000000, -1.000000000000000000 ) ) ;
#2562 = DIRECTION ( 'NONE',  ( -0.9993908270190956511, -0.03489949670250119818, 0.000000000000000000 ) ) ;
#2563 = CARTESIAN_POINT ( 'NONE',  ( -88.39168177028567186, -119.4328944311408236, 59.09311614065313023 ) ) ;
#2564 = B_SPLINE_SURFACE_WITH_KNOTS ( 'NONE', 3, 3, ( 
 ( #3279, #2913, #1151, #857, #3781, #2038, #536 ),
 ( #301, #2671, #1753, #2079, #571, #2947, #1188 ),
 ( #2616, #610, #820, #2599, #2931, #3222, #2312 ),
 ( #1719, #3259, #283, #1117, #1461, #2653, #3831 ),
 ( #2293, #2000, #1168, #1131, #249, #554, #3205 ),
 ( #3797, #266, #1441, #2634, #3543, #876, #2057 ),
 ( #592, #1773, #363, #3063, #3298, #2098, #2117 ),
 ( #1792, #3004, #935, #3026, #1545, #2753, #916 ),
 ( #2173, #1810, #2733, #1247, #2692, #2434, #630 ),
 ( #1868, #397, #670, #2475, #80, #3624, #1580 ),
 ( #343, #3663, #3585, #1502, #1833, #2414, #1228 ),
 ( #958, #2137, #1266, #2393, #2985, #3340, #3319 ),
 ( #41, #1211, #321, #651, #995, #3372, #1851 ),
 ( #2774, #2455, #3645, #3044, #3605, #686, #379 ),
 ( #1561, #1525, #117, #96, #977, #2155, #2714 ),
 ( #3356, #1284, #63, #1300, #189, #725, #1618 ),
 ( #1031, #3083, #3718, #1942, #3450, #3409, #780 ),
 ( #2550, #2791, #1904, #1962, #2493, #3759, #3680 ),
 ( #3161, #2250, #207, #3700, #2850, #704, #742 ),
 ( #453, #493, #1342, #2209, #1012, #1051, #2190 ),
 ( #3141, #1923, #3120, #1659, #3392, #1093, #2271 ),
 ( #3737, #3102, #2530, #434, #2810, #1638, #2229 ),
 ( #2513, #3426, #1886, #2832, #172, #759, #152 ),
 ( #1676, #416, #1600, #474, #1320, #1363, #1072 ),
 ( #2868, #1383, #134, #2574, #1127, #852, #1731 ),
 ( #3791, #1182, #2941, #2628, #2961, #1978, #549 ),
 ( #279, #2016, #244, #2344, #1421, #3179, #261 ),
 ( #2051, #2305, #1436, #3521, #511, #1695, #2034 ),
 ( #3468, #229, #1456, #3484, #531, #2925, #3503 ),
 ( #3810, #3234, #3539, #835, #871, #1405, #2647 ),
 ( #816, #3251, #2594, #2667, #3776, #565, #585 ),
 ( #1747, #2610, #2888, #1768, #2908, #3217, #2325 ),
 ( #1714, #296, #1164, #1146, #3827, #1110, #1476 ),
 ( #2286, #13, #799, #1995, #3198, #3599, #2501 ),
 ( #316, #2093, #2073, #1828, #1022, #56, #1222 ),
 ( #2387, #3690, #1913, #1308, #2200, #1539, #645 ),
 ( #2727, #1497, #952, #3619, #75, #625, #3579 ),
 ( #1787, #732, #2819, #3274, #3110, #161, #3400 ),
 ( #2999, #605, #442, #930, #2112, #1626, #35 ),
 ( #2708, #3091, #2363, #911, #1518, #3314, #3021 ),
 ( #1205, #3556, #891, #1241, #1608, #3293, #357 ),
 ( #2980, #2687, #1805, #2429, #337, #2132, #3335 ),
 ( #664, #2408, #1844, #424, #2800, #141, #1952 ),
 ( #2560, #180, #1706, #1686, #3784, #2876, #3767 ),
 ( #3458, #3415, #1041, #748, #1332, #2859, #3209 ),
 ( #789, #1394, #2602, #808, #1987, #3745, #3152 ),
 ( #483, #3708, #1969, #2540, #1120, #198, #3169 ),
 ( #2218, #1931, #1100, #1667, #2521, #3127, #3189 ),
 ( #2237, #502, #1373, #461, #217, #2584, #236 ),
 ( #1413, #1650, #521, #2840, #3726, #2298, #1353 ),
 ( #1061, #2279, #3494, #2898, #825, #1083, #3476 ),
 ( #769, #2259, #2007, #540, #3436, #1723, #2917 ),
 ( #1817, #327, #1508, #2973, #923, #2355, #1175 ),
 ( #3549, #2935, #1216, #2700, #636, #3802, #2043 ),
 ( #3571, #882, #2659, #904, #844, #1430, #2065 ),
 ( #1487, #3267, #2104, #576, #253, #2086, #598 ),
 ( #2620, #1779, #2679, #1137, #558, #1195, #308 ),
 ( #2954, #3244, #2025, #25, #3820, #3305, #3286 ),
 ( #1759, #3226, #1740, #2318, #3592, #2378, #3514 ),
 ( #270, #617, #1798, #1446, #2640, #1155, #290 ),
 ( #2991, #48, #2336, #1466, #3532, #2400, #863 ),
 ( #5, #1891, #713, #2498, #2143, #1289, #3011 ),
 ( #3361, #2758, #2797, #3650, #3345, #3610, #691 ),
 ( #1587, #404, #1873, #1252, #3031, #2441, #2421 ),
 ( #3396, #68, #3686, #730, #1604, #1019, #3633 ),
 ( #2196, #385, #1567, #421, #658, #3326, #675 ) ),
 .UNSPECIFIED., .T., .F., .F.,
 ( 4, 2, 2, 2, 2, 2, 2, 2, 2, 2, 2, 2, 2, 2, 2, 2, 2, 2, 2, 2, 2, 2, 2, 2, 2, 2, 2, 2, 2, 2, 2, 2, 4 ),
 ( 4, 3, 4 ),
 ( 0.000000000000000000, 0.03124999999999986122, 0.06249999999999972244, 0.09374999999999958367, 0.1249999999999994449, 0.1562499999999993894, 0.1874999999999993339, 0.2187499999999992506, 0.2499999999999991673, 0.2812499999999990563, 0.3124999999999990008, 0.3437499999999988898, 0.3749999999999988343, 0.4062499999999987232, 0.4374999999999986677, 0.4687499999999985567, 0.4999999999999985567, 0.5312499999999985567, 0.5624999999999984457, 0.5937499999999985567, 0.6249999999999986677, 0.6562499999999987788, 0.6874999999999987788, 0.7187499999999988898, 0.7499999999999990008, 0.7812499999999991118, 0.8124999999999991118, 0.8437499999999992228, 0.8749999999999993339, 0.9062499999999994449, 0.9374999999999994449, 0.9687499999999996669, 1.000000000000000000 ),
 ( 0.9486694958060668537, 1.000000000000000000, 1.604037418437329165 ),
 .UNSPECIFIED. ) ;
#2565 = EDGE_CURVE ( 'NONE', #3, #880, #333, .T. ) ;
#2566 = ORIENTED_EDGE ( 'NONE', *, *, #264, .T. ) ;
#2567 = CARTESIAN_POINT ( 'NONE',  ( -141.4999999999999716, 56.99893892936225370, -55.59999999999998721 ) ) ;
#2568 = VECTOR ( 'NONE', #3270, 1000.000000000000000 ) ;
#2569 = CARTESIAN_POINT ( 'NONE',  ( -81.03388074307389388, -90.25475643646682045, -60.00000000000152767 ) ) ;
#2570 = CARTESIAN_POINT ( 'NONE',  ( -26.75426536764101471, -66.83558434799398640, 29.15762623009860377 ) ) ;
#2571 = CARTESIAN_POINT ( 'NONE',  ( -76.04279797094454807, -88.78970266664309463, -59.99999999999908340 ) ) ;
#2572 = AXIS2_PLACEMENT_3D ( 'NONE', #57, #3540, #280 ) ;
#2573 = EDGE_LOOP ( 'NONE', ( #67, #3278, #921, #396 ) ) ;
#2574 = CARTESIAN_POINT ( 'NONE',  ( -118.5985748278901752, -66.97394163748481333, 45.59999999999976694 ) ) ;
#2575 = FACE_OUTER_BOUND ( 'NONE', #1574, .T. ) ;
#2576 = PLANE ( 'NONE',  #1761 ) ;
#2577 = VECTOR ( 'NONE', #499, 1000.000000000000000 ) ;
#2578 = APPLICATION_PROTOCOL_DEFINITION ( 'draft international standard', 'automotive_design', 1998, #2140 ) ;
#2579 = ORIENTED_EDGE ( 'NONE', *, *, #1564, .T. ) ;
#2580 = CARTESIAN_POINT ( 'NONE',  ( -25.43707847449283221, -64.64449651594863155, 49.97175435693592505 ) ) ;
#2581 = CARTESIAN_POINT ( 'NONE',  ( -21.06875228462180871, -58.00000000000004263, -19.79092010162549187 ) ) ;
#2582 = CARTESIAN_POINT ( 'NONE',  ( -135.3787982123722315, -106.2068513713860796, 19.54082840236652174 ) ) ;
#2583 = B_SPLINE_CURVE_WITH_KNOTS ( 'NONE', 3,
 ( #581, #3499, #2623, #2030, #225, #1402, #562, #2302 ),
 .UNSPECIFIED., .F., .F.,
 ( 4, 2, 2, 4 ),
 ( 0.000000000000000000, 0.009609453091073555386, 0.01441417963661033308, 0.01921890618214711077 ),
 .UNSPECIFIED. ) ;
#2584 = CARTESIAN_POINT ( 'NONE',  ( -17.82441799709641828, -80.57350992111507537, 5.000000000006558309 ) ) ;
#2585 = CARTESIAN_POINT ( 'NONE',  ( -103.0039210117057138, -30.99999999999997868, 52.58200114123655311 ) ) ;
#2586 = CARTESIAN_POINT ( 'NONE',  ( -81.13564058080298480, 0.000000000000000000, 59.77779446381808981 ) ) ;
#2587 = CARTESIAN_POINT ( 'NONE',  ( -81.03388074308419675, -90.25475643646682045, 60.00000000000081002 ) ) ;
#2588 = ORIENTED_EDGE ( 'NONE', *, *, #259, .F. ) ;
#2589 = CARTESIAN_POINT ( 'NONE',  ( -84.65546899558518135, -63.56506229730880619, -59.84493695669183211 ) ) ;
#2590 = CARTESIAN_POINT ( 'NONE',  ( -32.53185254958903982, -63.35534444479577587, 37.37266724634399395 ) ) ;
#2591 = CARTESIAN_POINT ( 'NONE',  ( -74.31461790190006411, -60.26134536078553339, -59.84493695669163316 ) ) ;
#2592 = ADVANCED_FACE ( 'NONE', ( #1526 ), #1601, .F. ) ;
#2593 = ORIENTED_EDGE ( 'NONE', *, *, #1346, .F. ) ;
#2594 = CARTESIAN_POINT ( 'NONE',  ( -90.26575862080323986, -63.65026294742816049, 59.09311614065313023 ) ) ;
#2595 = DIRECTION ( 'NONE',  ( 0.000000000000000000, 1.000000000000000000, 0.000000000000000000 ) ) ;
#2596 = CARTESIAN_POINT ( 'NONE',  ( -39.16428236858667589, -62.00580280150726509, 47.16565998840504648 ) ) ;
#2597 = DIRECTION ( 'NONE',  ( 0.000000000000000000, 0.000000000000000000, 1.000000000000000000 ) ) ;
#2598 = EDGE_LOOP ( 'NONE', ( #383, #62, #2853, #2867, #3242, #1362 ) ) ;
#2599 = CARTESIAN_POINT ( 'NONE',  ( -84.57961109029672286, -65.71647956554571124, -59.84493695669194580 ) ) ;
#2600 = CARTESIAN_POINT ( 'NONE',  ( -22.86946795971390500, -44.87304542566523224, -40.60000000000000142 ) ) ;
#2601 = CARTESIAN_POINT ( 'NONE',  ( -136.8457955726283330, -146.1151963748649223, -9.997633136099093321 ) ) ;
#2602 = CARTESIAN_POINT ( 'NONE',  ( -24.37747373935680884, -62.64965066496749557, 24.08304498269924565 ) ) ;
#2603 = CARTESIAN_POINT ( 'NONE',  ( -99.75785251957377398, -30.99999999999997868, 54.14689866160620824 ) ) ;
#2604 = FACE_OUTER_BOUND ( 'NONE', #3334, .T. ) ;
#2605 = FACE_OUTER_BOUND ( 'NONE', #3741, .T. ) ;
#2606 = CARTESIAN_POINT ( 'NONE',  ( -17.49999999999994316, -55.98476160554116632, -21.59870557671172264 ) ) ;
#2607 = CARTESIAN_POINT ( 'NONE',  ( -51.66356703679226570, 59.80637240619346073, -8.000000000000000000 ) ) ;
#2608 = EDGE_CURVE ( 'NONE', #3140, #2677, #1583, .T. ) ;
#2609 = EDGE_LOOP ( 'NONE', ( #1092, #2871, #811, #989, #378, #3640 ) ) ;
#2610 = CARTESIAN_POINT ( 'NONE',  ( -84.66946131219053484, -61.62814894030671553, 59.84493695669233659 ) ) ;
#2611 = DIRECTION ( 'NONE',  ( 0.000000000000000000, 0.000000000000000000, 1.000000000000000000 ) ) ;
#2612 = CARTESIAN_POINT ( 'NONE',  ( -52.64858233007350208, 50.68301625084090745, 60.77258445848977431 ) ) ;
#2613 = CARTESIAN_POINT ( 'NONE',  ( -46.73045892162476633, -61.87803378633304163, 50.40000000000031122 ) ) ;
#2614 = ADVANCED_FACE ( 'NONE', ( #653 ), #1834, .T. ) ;
#2615 = ORIENTED_EDGE ( 'NONE', *, *, #3306, .F. ) ;
#2616 = CARTESIAN_POINT ( 'NONE',  ( -84.62608151892870012, -59.96895967449363951, -59.84493695669161184 ) ) ;
#2617 = DIRECTION ( 'NONE',  ( -0.03489949670250105246, 0.9993908270190956511, 0.000000000000000000 ) ) ;
#2618 = CARTESIAN_POINT ( 'NONE',  ( -138.8314228297466855, -64.38780529203111769, -9.997633136094835393 ) ) ;
#2619 = CARTESIAN_POINT ( 'NONE',  ( -122.2999999999999545, -30.99999999999999645, 58.34030335726483685 ) ) ;
#2620 = CARTESIAN_POINT ( 'NONE',  ( -40.28609907351177810, -61.22623765936332063, -45.59999999999977405 ) ) ;
#2621 = CARTESIAN_POINT ( 'NONE',  ( -17.49999999999995381, -54.69806578668326580, 24.64882236628806567 ) ) ;
#2622 = CARTESIAN_POINT ( 'NONE',  ( -22.49999999999994671, -62.00000000000001421, 57.00000000000000000 ) ) ;
#2623 = CARTESIAN_POINT ( 'NONE',  ( -128.6993422923077901, 31.59999999999999076, 57.96715709033030350 ) ) ;
#2624 = CARTESIAN_POINT ( 'NONE',  ( -18.65234975959985775, 0.09825394506722633092, -60.00000000000000000 ) ) ;
#2625 =( BOUNDED_CURVE ( )  B_SPLINE_CURVE ( 3, ( #1948, #438, #3456, #1118 ),
 .UNSPECIFIED., .F., .F. ) 
 B_SPLINE_CURVE_WITH_KNOTS ( ( 4, 4 ),
 ( 1.605702911834783420, 3.141592653589802442 ),
 .UNSPECIFIED. ) 
 CURVE ( )  GEOMETRIC_REPRESENTATION_ITEM ( )  RATIONAL_B_SPLINE_CURVE ( ( 1.000000000000000000, 0.8128932002257652778, 0.8128932002257652778, 1.000000000000000000 ) ) 
 REPRESENTATION_ITEM ( '' )  );
#2626 = ADVANCED_FACE ( 'NONE', ( #2476 ), #364, .F. ) ;
#2627 = ORIENTED_EDGE ( 'NONE', *, *, #1929, .F. ) ;
#2628 = CARTESIAN_POINT ( 'NONE',  ( -112.2029425283986086, -66.73753628708350050, 50.39999999999979963 ) ) ;
#2629 = DIRECTION ( 'NONE',  ( -0.000000000000000000, 1.000000000000000000, -0.000000000000000000 ) ) ;
#2630 = LINE ( 'NONE', #15, #2829 ) ;
#2631 = VECTOR ( 'NONE', #2767, 1000.000000000000000 ) ;
#2632 = VECTOR ( 'NONE', #1433, 1000.000000000000000 ) ;
#2633 = VERTEX_POINT ( 'NONE', #174 ) ;
#2634 = CARTESIAN_POINT ( 'NONE',  ( -99.28376528342487006, -66.25999747927247085, -56.70400000000007168 ) ) ;
#2635 = AXIS2_PLACEMENT_3D ( 'NONE', #224, #755, #2267 ) ;
#2636 = CARTESIAN_POINT ( 'NONE',  ( -17.75741878191071876, -58.32564760009127269, -14.00701478989230786 ) ) ;
#2637 = ADVANCED_FACE ( 'NONE', ( #513 ), #2188, .T. ) ;
#2638 = AXIS2_PLACEMENT_3D ( 'NONE', #204, #489, #2788 ) ;
#2639 = CARTESIAN_POINT ( 'NONE',  ( -132.6479678422798258, -143.8035720726286684, 24.08304498269632887 ) ) ;
#2640 = CARTESIAN_POINT ( 'NONE',  ( -55.51924633447037394, -82.76533719968770697, -55.50814291124916622 ) ) ;
#2641 = LINE ( 'NONE', #3821, #3377 ) ;
#2642 = AXIS2_PLACEMENT_3D ( 'NONE', #504, #2081, #3769 ) ;
#2643 = DIRECTION ( 'NONE',  ( 0.000000000000000000, 1.000000000000000000, 0.000000000000000000 ) ) ;
#2644 = CARTESIAN_POINT ( 'NONE',  ( -30.19233236666480025, -64.44960814506006841, 34.34412633689061067 ) ) ;
#2645 = CARTESIAN_POINT ( 'NONE',  ( -13.97404113372461509, -0.07467300649677158231, -60.00000000000000000 ) ) ;
#2646 = ORIENTED_EDGE ( 'NONE', *, *, #264, .F. ) ;
#2647 = CARTESIAN_POINT ( 'NONE',  ( -90.43765209671653338, -148.5679468601614417, 58.49600000000484101 ) ) ;
#2648 = CARTESIAN_POINT ( 'NONE',  ( -35.31074968413040693, -61.36731568667233461, -40.59999999951993743 ) ) ;
#2649 = CYLINDRICAL_SURFACE ( 'NONE', #1578, 9.999999999999998224 ) ;
#2650 = CARTESIAN_POINT ( 'NONE',  ( -47.35798013414447638, -113.7433170334188475, 52.35702562808214822 ) ) ;
#2651 =( BOUNDED_CURVE ( )  B_SPLINE_CURVE ( 3, ( #2064, #3819, #1722, #2916 ),
 .UNSPECIFIED., .F., .F. ) 
 B_SPLINE_CURVE_WITH_KNOTS ( ( 4, 4 ),
 ( 0.2900752303110911146, 0.3760255854565618949 ),
 .UNSPECIFIED. ) 
 CURVE ( )  GEOMETRIC_REPRESENTATION_ITEM ( )  RATIONAL_B_SPLINE_CURVE ( ( 0.5128481926758962084, 0.5312187541573607508, 0.5692892184378430809, 0.6270595855173430877 ) ) 
 REPRESENTATION_ITEM ( '' )  );
#2652 = VERTEX_POINT ( 'NONE', #3452 ) ;
#2653 = CARTESIAN_POINT ( 'NONE',  ( -88.39168177026755302, -119.4328944311441205, -59.09311614065627083 ) ) ;
#2654 = CARTESIAN_POINT ( 'NONE',  ( -18.04779478094893008, -58.10799439898291041, -14.98990986115259183 ) ) ;
#2655 = CARTESIAN_POINT ( 'NONE',  ( -77.00217455811436196, -63.44883555944173992, 59.99999999999984368 ) ) ;
#2656 = CARTESIAN_POINT ( 'NONE',  ( -108.9825378422779067, -59.27832258724429693, 52.35702562807701810 ) ) ;
#2657 = VERTEX_POINT ( 'NONE', #2532 ) ;
#2658 = CARTESIAN_POINT ( 'NONE',  ( -195.7374733421641224, -25.18769437672934686, -59.99999999999999289 ) ) ;
#2659 = CARTESIAN_POINT ( 'NONE',  ( -31.44119950466660285, -62.75692391958949656, -36.14937136423313291 ) ) ;
#2660 = ADVANCED_FACE ( 'NONE', ( #2852 ), #2576, .T. ) ;
#2661 = CARTESIAN_POINT ( 'NONE',  ( -21.82558488842678202, -58.05300994599049602, 21.16213433926473897 ) ) ;
#2662 = DIRECTION ( 'NONE',  ( 0.000000000000000000, 1.000000000000000000, 0.000000000000000000 ) ) ;
#2663 = CARTESIAN_POINT ( 'NONE',  ( -18.22210023672072410, -53.00000000000001421, 28.10549833112544604 ) ) ;
#2664 = CARTESIAN_POINT ( 'NONE',  ( -17.49999999999993605, -47.79957736402732849, -36.36254597302040992 ) ) ;
#2665 = CARTESIAN_POINT ( 'NONE',  ( -35.83542138060560234, -2.414608222094184686, 59.99999999999999289 ) ) ;
#2666 = EDGE_LOOP ( 'NONE', ( #3325, #2072, #2831, #1030, #1885 ) ) ;
#2667 = CARTESIAN_POINT ( 'NONE',  ( -90.18937550053345831, -65.92383643957630568, 59.09311614065313023 ) ) ;
#2668 = DIRECTION ( 'NONE',  ( 0.000000000000000000, 0.000000000000000000, 1.000000000000000000 ) ) ;
#2669 = CARTESIAN_POINT ( 'NONE',  ( -19.27853434370879881, -72.12744675643550352, 9.997633136097947570 ) ) ;
#2670 = ORIENTED_EDGE ( 'NONE', *, *, #1729, .T. ) ;
#2671 = CARTESIAN_POINT ( 'NONE',  ( -82.01297374746900459, -61.64564586811867031, -60.00000000000029843 ) ) ;
#2672 =( BOUNDED_SURFACE ( )  B_SPLINE_SURFACE ( 3, 2, ( 
 ( #177, #2256, #138 ),
 ( #1927, #2854, #1348 ),
 ( #2580, #1681, #2535 ),
 ( #1621, #479, #2276 ),
 ( #3166, #3455, #786 ),
 ( #3723, #1057, #1702 ),
 ( #193, #3684, #1368 ),
 ( #2556, #3742, #1078 ),
 ( #213, #3473, #2872 ),
 ( #1966, #3764, #1097 ),
 ( #805, #1983, #2814 ),
 ( #157, #3185, #517 ),
 ( #1304, #1326, #2497 ),
 ( #1018, #2195, #729 ) ),
 .UNSPECIFIED., .F., .F., .F. ) 
 B_SPLINE_SURFACE_WITH_KNOTS ( ( 4, 2, 2, 2, 2, 2, 4 ),
 ( 3, 3 ),
 ( 3.252606517456513302E-19, 0.002100597419892428607, 0.004201194839784857214, 0.006301792259677285388, 0.008402389679569714429, 0.01260358451935457078, 0.01680477935913942886 ),
 ( 0.000000000000000000, 1.000000000000000000 ),
 .UNSPECIFIED. ) 
 GEOMETRIC_REPRESENTATION_ITEM ( )  RATIONAL_B_SPLINE_SURFACE ( (
 ( 1.000000000000000000, 0.7071067811865475727, 1.000000000000000000),
 ( 1.000000000000000000, 0.7279270141576966724, 1.000000000000000000),
 ( 1.000000000000000000, 0.7480832750876676984, 1.000000000000000000),
 ( 1.000000000000000000, 0.7869680174291241448, 1.000000000000000000),
 ( 1.000000000000000000, 0.8056981509663098118, 1.000000000000000000),
 ( 1.000000000000000000, 0.8414490293037842905, 1.000000000000000000),
 ( 1.000000000000000000, 0.8584988752601778739, 1.000000000000000000),
 ( 1.000000000000000000, 0.8899688868606230319, 1.000000000000000000),
 ( 1.000000000000000000, 0.9044684771779618604, 1.000000000000000000),
 ( 1.000000000000000000, 0.9438545592451732524, 1.000000000000000000),
 ( 1.000000000000000000, 0.9646067424296804749, 1.000000000000000000),
 ( 1.000000000000000000, 0.9927057304571438312, 1.000000000000000000),
 ( 1.000000000000000000, 1.000031663231852441, 1.000000000000000000),
 ( 1.000000000000000000, 1.000000000000000000, 1.000000000000000000) ) ) 
 REPRESENTATION_ITEM ( '' )  SURFACE ( )  );
#2673 = CARTESIAN_POINT ( 'NONE',  ( -18.01871541268518584, -58.12295156614469960, -15.13940729790747675 ) ) ;
#2674 = CARTESIAN_POINT ( 'NONE',  ( -141.4999999999999716, 57.66982458302326364, 62.00000000000000000 ) ) ;
#2675 = CARTESIAN_POINT ( 'NONE',  ( -80.14414062567583130, -114.8912081666570515, 60.00000000000162714 ) ) ;
#2676 = CARTESIAN_POINT ( 'NONE',  ( -118.9188257179981889, -171.5914817017181804, 42.75473822480712016 ) ) ;
#2677 = VERTEX_POINT ( 'NONE', #3144 ) ;
#2678 = DIRECTION ( 'NONE',  ( 0.000000000000000000, 1.000000000000000000, 0.000000000000000000 ) ) ;
#2679 = CARTESIAN_POINT ( 'NONE',  ( -40.32378689299263641, -62.89181931194603692, -45.59999999999984510 ) ) ;
#2680 = LINE ( 'NONE', #173, #2310 ) ;
#2681 = CARTESIAN_POINT ( 'NONE',  ( -17.49999998186538264, -53.00000000000001421, 28.10549833112544604 ) ) ;
#2682 = CARTESIAN_POINT ( 'NONE',  ( -17.49999999999995737, 11.51140467961276137, 58.88939499774338060 ) ) ;
#2683 = CARTESIAN_POINT ( 'NONE',  ( -18.40664145373522942, -119.9927786219668349, 60.00000000000001421 ) ) ;
#2684 = ADVANCED_FACE ( 'NONE', ( #153 ), #209, .F. ) ;
#2685 =( BOUNDED_CURVE ( )  B_SPLINE_CURVE ( 3, ( #812, #1066, #1991, #3192 ),
 .UNSPECIFIED., .F., .F. ) 
 B_SPLINE_CURVE_WITH_KNOTS ( ( 4, 4 ),
 ( 0.6222245104536109350, 0.7092572819689103580 ),
 .UNSPECIFIED. ) 
 CURVE ( )  GEOMETRIC_REPRESENTATION_ITEM ( )  RATIONAL_B_SPLINE_CURVE ( ( 0.6306126058305550064, 0.5713024459001740940, 0.5321914948168180448, 0.5132797525804868588 ) ) 
 REPRESENTATION_ITEM ( '' )  );
#2686 = ORIENTED_EDGE ( 'NONE', *, *, #1938, .T. ) ;
#2687 = CARTESIAN_POINT ( 'NONE',  ( -40.33362903818578360, -61.92016644006034198, 45.60000000000037090 ) ) ;
#2688 = CARTESIAN_POINT ( 'NONE',  ( -122.2999999999999403, -28.96120480834457211, 36.18706343146938309 ) ) ;
#2689 = CARTESIAN_POINT ( 'NONE',  ( -19.18738675070878230, -53.00000000000002132, 28.48283837565240617 ) ) ;
#2690 = CARTESIAN_POINT ( 'NONE',  ( -17.63528139311421228, -89.71616144117304259, -9.997633136084825622 ) ) ;
#2691 = ORIENTED_EDGE ( 'NONE', *, *, #2171, .F. ) ;
#2692 = CARTESIAN_POINT ( 'NONE',  ( -111.2798423421930494, -99.13298228159015935, -50.40000000000224389 ) ) ;
#2693 = CARTESIAN_POINT ( 'NONE',  ( -18.05829499047974451, -58.10153446348923723, -15.24721710638754502 ) ) ;
#2694 = CARTESIAN_POINT ( 'NONE',  ( -35.35076053305424182, -62.63964443541296134, -40.60000000000065512 ) ) ;
#2695 = AXIS2_PLACEMENT_3D ( 'NONE', #2909, #1128, #2035 ) ;
#2696 = AXIS2_PLACEMENT_3D ( 'NONE', #2150, #3351, #1900 ) ;
#2697 = CARTESIAN_POINT ( 'NONE',  ( -118.6776177634430809, -64.08173957907560236, 45.59999999999973141 ) ) ;
#2698 = ORIENTED_EDGE ( 'NONE', *, *, #2608, .F. ) ;
#2699 = CARTESIAN_POINT ( 'NONE',  ( -17.49999999999994671, 52.93457943397019250, -28.30401282971049071 ) ) ;
#2700 = CARTESIAN_POINT ( 'NONE',  ( -28.73330195536048492, -63.65220106086674434, -32.38754325259481703 ) ) ;
#2701 = CARTESIAN_POINT ( 'NONE',  ( -54.18699660863658352, -6.644188543507214995, 63.72008087478561578 ) ) ;
#2702 = AXIS2_PLACEMENT_3D ( 'NONE', #178, #214, #1098 ) ;
#2703 = CARTESIAN_POINT ( 'NONE',  ( -140.4555623989752746, 57.70629714773716046, 27.72457233716431801 ) ) ;
#2704 = CARTESIAN_POINT ( 'NONE',  ( -46.10200122890044838, -6.621766851906310869, -60.00000000000001421 ) ) ;
#2705 = CARTESIAN_POINT ( 'NONE',  ( -17.49999999999993960, 7.098321181203885999, 59.65303846526065001 ) ) ;
#2706 = CARTESIAN_POINT ( 'NONE',  ( -9.648839940999192066, -119.8968908984372490, 60.00000000000001421 ) ) ;
#2707 = ORIENTED_EDGE ( 'NONE', *, *, #3092, .F. ) ;
#2708 = CARTESIAN_POINT ( 'NONE',  ( -49.95816157854842743, -60.95198244803481202, 52.35702562807695415 ) ) ;
#2709 = DIRECTION ( 'NONE',  ( -0.000000000000000000, -0.000000000000000000, -1.000000000000000000 ) ) ;
#2710 = CARTESIAN_POINT ( 'NONE',  ( -20.87784075504320569, -53.00000000000002132, 29.21914135572898630 ) ) ;
#2711 = CARTESIAN_POINT ( 'NONE',  ( -24.33680024778495365, -61.67848642406183757, 24.08304498269882998 ) ) ;
#2712 = ADVANCED_FACE ( 'NONE', ( #3393 ), #2515, .T. ) ;
#2713 = ORIENTED_EDGE ( 'NONE', *, *, #361, .T. ) ;
#2714 = CARTESIAN_POINT ( 'NONE',  ( -133.4794374983407295, -183.3619500502645110, -19.54082840237036933 ) ) ;
#2715 = CARTESIAN_POINT ( 'NONE',  ( -17.49999999999995737, 60.13953334386012983, 57.82412704636505651 ) ) ;
#2716 = CARTESIAN_POINT ( 'NONE',  ( -154.9444376010246742, 57.20033447661167259, 57.20033447661169390 ) ) ;
#2717 = CARTESIAN_POINT ( 'NONE',  ( -118.5985748278901752, -66.97394163748481333, 45.59999999999976694 ) ) ;
#2718 = ORIENTED_EDGE ( 'NONE', *, *, #3354, .T. ) ;
#2719 = CARTESIAN_POINT ( 'NONE',  ( -19.18571128451741714, -57.99999999999997868, 16.54599454359471267 ) ) ;
#2720 = CARTESIAN_POINT ( 'NONE',  ( -21.87990557926991997, -58.07283151286878820, -21.23359782581772137 ) ) ;
#2721 = CARTESIAN_POINT ( 'NONE',  ( -43.79999999999994742, -31.00000000000000000, -62.00000000000000000 ) ) ;
#2722 = CARTESIAN_POINT ( 'NONE',  ( -0.6157055276824332513, -117.7454323677408894, 60.00000000000003553 ) ) ;
#2723 = CARTESIAN_POINT ( 'NONE',  ( -19.82273919499670356, -46.00000000000001421, 38.74283027663072687 ) ) ;
#2724 = CARTESIAN_POINT ( 'NONE',  ( -195.7374733421694089, -25.18769437672059652, 59.99999999999998579 ) ) ;
#2725 = EDGE_CURVE ( 'NONE', #1265, #3404, #2264, .T. ) ;
#2726 = VERTEX_POINT ( 'NONE', #3469 ) ;
#2727 = CARTESIAN_POINT ( 'NONE',  ( -65.74786520165301340, -60.50425906931264564, 58.49599999999971089 ) ) ;
#2728 = CARTESIAN_POINT ( 'NONE',  ( -122.2999999999999403, 0.4534179535232085723, -1.182118499062745798 ) ) ;
#2729 = CARTESIAN_POINT ( 'NONE',  ( -18.43473780051616728, -53.00000000000000000, 28.12997926956515116 ) ) ;
#2730 = CARTESIAN_POINT ( 'NONE',  ( -24.30725884152543159, -63.48859874224974220, -24.08304498269857774 ) ) ;
#2731 = EDGE_CURVE ( 'NONE', #1215, #3097, #1661, .T. ) ;
#2732 = ORIENTED_EDGE ( 'NONE', *, *, #3822, .T. ) ;
#2733 = CARTESIAN_POINT ( 'NONE',  ( -112.2813866719777991, -63.98460323073858547, -50.39999999999993463 ) ) ;
#2734 = CARTESIAN_POINT ( 'NONE',  ( -17.49999999999995026, 61.47648847205612554, 55.21617569461130870 ) ) ;
#2735 = CARTESIAN_POINT ( 'NONE',  ( -140.4555623989752746, 57.70629714773716046, 27.72457233716431801 ) ) ;
#2736 = B_SPLINE_CURVE_WITH_KNOTS ( 'NONE', 3,
 ( #1562, #3606, #2415, #3625, #97, #3064, #1546, #2456, #1301, #2138, #81, #3045, #936, #1887, #2174, #3586 ),
 .UNSPECIFIED., .F., .F.,
 ( 4, 2, 2, 2, 2, 2, 2, 4 ),
 ( -0.01041614997066699945, -0.004999696020551833327, -0.002291469045494249832, -0.001614412301729864149, -0.0009373555579654784670, -0.0002602988142010910499, 7.822955768110179120E-05, 0.0004167579295632946323 ),
 .UNSPECIFIED. ) ;
#2737 = EDGE_CURVE ( 'NONE', #3411, #446, #1964, .T. ) ;
#2738 = CARTESIAN_POINT ( 'NONE',  ( -121.7195809819206289, -67.08930514165433578, 42.75473822480736885 ) ) ;
#2739 = ORIENTED_EDGE ( 'NONE', *, *, #1825, .F. ) ;
#2740 = CARTESIAN_POINT ( 'NONE',  ( -78.21883569025744976, -49.46461606506705522, -60.00000000000000000 ) ) ;
#2741 = LINE ( 'NONE', #2177, #2511 ) ;
#2742 = FACE_OUTER_BOUND ( 'NONE', #248, .T. ) ;
#2743 = CARTESIAN_POINT ( 'NONE',  ( -71.05513723352879651, 112.9162159235525564, 59.99999999999997868 ) ) ;
#2744 = CARTESIAN_POINT ( 'NONE',  ( -17.49999999999993960, 17.31984239396041758, 57.46341918000001669 ) ) ;
#2745 = DIRECTION ( 'NONE',  ( -0.7066760308408306379, -0.7071067811865514585, -0.02467767077833600206 ) ) ;
#2746 = ORIENTED_EDGE ( 'NONE', *, *, #3322, .F. ) ;
#2747 = DIRECTION ( 'NONE',  ( 0.000000000000000000, 0.000000000000000000, -1.000000000000000000 ) ) ;
#2748 = CARTESIAN_POINT ( 'NONE',  ( -17.99153805768903780, -58.13890750467730584, 15.01791793305207712 ) ) ;
#2749 = CARTESIAN_POINT ( 'NONE',  ( -23.48099722014310586, -73.36101357164474734, 24.08304498270221217 ) ) ;
#2750 = EDGE_CURVE ( 'NONE', #2971, #2450, #2252, .T. ) ;
#2751 = CARTESIAN_POINT ( 'NONE',  ( -17.49999999999993250, 56.41819163857372388, -20.40923117462841674 ) ) ;
#2752 = VERTEX_POINT ( 'NONE', #3103 ) ;
#2753 = CARTESIAN_POINT ( 'NONE',  ( -107.0902414241664786, -129.7296592555544521, -52.35702562807883709 ) ) ;
#2754 = PLANE ( 'NONE',  #2765 ) ;
#2755 = LINE ( 'NONE', #2416, #1949 ) ;
#2756 = CARTESIAN_POINT ( 'NONE',  ( -49.92142578234160766, -64.43538958752168355, 52.35702562807748706 ) ) ;
#2757 = ORIENTED_EDGE ( 'NONE', *, *, #569, .T. ) ;
#2758 = CARTESIAN_POINT ( 'NONE',  ( -68.74814799610972216, -61.73301450544650493, -59.09311614065331497 ) ) ;
#2759 = CARTESIAN_POINT ( 'NONE',  ( -22.49999999999994316, -60.22594478077670743, 19.63758460539015616 ) ) ;
#2760 = EDGE_CURVE ( 'NONE', #446, #2966, #2067, .T. ) ;
#2761 = DIRECTION ( 'NONE',  ( 1.000000000000000000, 0.000000000000000000, -0.000000000000000000 ) ) ;
#2762 = AXIS2_PLACEMENT_3D ( 'NONE', #2526, #1280, #2747 ) ;
#2763 = CARTESIAN_POINT ( 'NONE',  ( -99.73267885478010442, -156.0818356929569006, -55.50814291125350763 ) ) ;
#2764 = CARTESIAN_POINT ( 'NONE',  ( -173.5906365705523910, 33.46271170769249181, 59.99999999999998579 ) ) ;
#2765 = AXIS2_PLACEMENT_3D ( 'NONE', #1853, #1268, #2792 ) ;
#2766 = CARTESIAN_POINT ( 'NONE',  ( -17.49999999999993605, 15.88948736787837035, 57.87577303143095975 ) ) ;
#2767 = DIRECTION ( 'NONE',  ( 0.000000000000000000, 1.000000000000000000, 0.000000000000000000 ) ) ;
#2768 = VERTEX_POINT ( 'NONE', #3428 ) ;
#2769 = DIRECTION ( 'NONE',  ( 0.000000000000000000, 0.000000000000000000, -1.000000000000000000 ) ) ;
#2770 = CARTESIAN_POINT ( 'NONE',  ( -18.02042395771320216, -58.12199539547502525, 15.14368311858871508 ) ) ;
#2771 = CARTESIAN_POINT ( 'NONE',  ( -63.09107607133589113, -126.4615949840652860, -58.49600000000980060 ) ) ;
#2772 = B_SPLINE_CURVE_WITH_KNOTS ( 'NONE', 3,
 ( #2322, #2957, #849, #293, #10, #1178, #2108, #3311, #2147, #2384, #1200, #1219, #3017, #947, #3348, #371, #1555, #642, #1514, #3638, #2705, #53, #2682, #354, #622, #2766, #2744, #2404 ),
 .UNSPECIFIED., .F., .F.,
 ( 4, 2, 2, 2, 2, 2, 2, 2, 2, 2, 2, 2, 2, 4 ),
 ( 0.1368906756226165589, 0.1413944828389561981, 0.1458982900552958095, 0.1549059044879750879, 0.1594097117043147271, 0.1639135189206543386, 0.1729211333533336170, 0.1819287477860128677, 0.1864325550023525069, 0.1909363622186921461, 0.1999439766513714245, 0.2021958802595412164, 0.2044477838677110360, 0.2089515910840506752 ),
 .UNSPECIFIED. ) ;
#2773 = VERTEX_POINT ( 'NONE', #761 ) ;
#2774 = CARTESIAN_POINT ( 'NONE',  ( -134.6038991730424641, -58.55181861121730691, -24.08304498269882288 ) ) ;
#2775 = DIRECTION ( 'NONE',  ( 0.000000000000000000, 0.000000000000000000, -1.000000000000000000 ) ) ;
#2776 = CARTESIAN_POINT ( 'NONE',  ( -22.49999999999994671, 18.72964453634669724, 56.99999999999916866 ) ) ;
#2777 = ORIENTED_EDGE ( 'NONE', *, *, #472, .F. ) ;
#2778 = CARTESIAN_POINT ( 'NONE',  ( -31.16774478949389859, -62.00000000000000000, 51.54822719874576364 ) ) ;
#2779 = LINE ( 'NONE', #1020, #2183 ) ;
#2780 = CARTESIAN_POINT ( 'NONE',  ( -52.44298705505137548, -8.387135693593943842, 63.72008087478561578 ) ) ;
#2781 = CARTESIAN_POINT ( 'NONE',  ( -112.2813866719777991, -63.98460323073858547, -50.39999999999993463 ) ) ;
#2782 = EDGE_CURVE ( 'NONE', #2768, #3339, #2211, .T. ) ;
#2783 = CARTESIAN_POINT ( 'NONE',  ( -129.6086716155722058, 82.65408575809773595, -59.99999999999997158 ) ) ;
#2784 = DIRECTION ( 'NONE',  ( 0.000000000000000000, 1.000000000000000000, 0.000000000000000000 ) ) ;
#2785 = CARTESIAN_POINT ( 'NONE',  ( -77.52106046188606570, -46.08740875771894707, -60.00000000000000000 ) ) ;
#2786 = VERTEX_POINT ( 'NONE', #2870 ) ;
#2787 = CARTESIAN_POINT ( 'NONE',  ( -81.13564058080298480, -6.679075635628287877, 62.77779446381808981 ) ) ;
#2788 = DIRECTION ( 'NONE',  ( 1.000000000000000000, 0.000000000000000000, 0.000000000000000000 ) ) ;
#2789 = CARTESIAN_POINT ( 'NONE',  ( -49.92142578234101080, -64.43538958752172618, -52.35702562807718863 ) ) ;
#2790 = VERTEX_POINT ( 'NONE', #1678 ) ;
#2791 = CARTESIAN_POINT ( 'NONE',  ( -139.4844922314909184, -61.26711030728764484, 4.999999999999924505 ) ) ;
#2792 = DIRECTION ( 'NONE',  ( 0.000000000000000000, -0.000000000000000000, 1.000000000000000000 ) ) ;
#2793 = CARTESIAN_POINT ( 'NONE',  ( 3.844395755490721989, 62.74536272411810245, 62.74536272411813798 ) ) ;
#2794 = B_SPLINE_CURVE_WITH_KNOTS ( 'NONE', 3,
 ( #3486, #1166, #3812, #2596, #1997, #2053, #3793, #2307, #2036, #1148, #3778, #568, #2346, #2365, #2327, #3558, #3200, #3254, #533 ),
 .UNSPECIFIED., .F., .F.,
 ( 4, 2, 1, 2, 2, 2, 2, 2, 2, 4 ),
 ( -2.849674417998304411E-05, 0.0004744529115928985421, 0.0009774025673657800537, 0.001983301878911538415, 0.003995100502003075954, 0.008018697748186132818, 0.01003049637127765778, 0.01204229499436918101, 0.01405409361746070597, 0.01606589224055222920 ),
 .UNSPECIFIED. ) ;
#2795 = ORIENTED_EDGE ( 'NONE', *, *, #175, .T. ) ;
#2796 = DIRECTION ( 'NONE',  ( 0.7066760308408309710, 0.02467767077833579042, 0.7071067811865511255 ) ) ;
#2797 = CARTESIAN_POINT ( 'NONE',  ( -68.73564603563251296, -63.32329594359369196, -59.09311614065315155 ) ) ;
#2798 = CARTESIAN_POINT ( 'NONE',  ( -22.49999999999996803, -61.40158456526289399, -18.84191776715961453 ) ) ;
#2799 = CARTESIAN_POINT ( 'NONE',  ( -91.33975415643230633, -121.0563140210716710, -58.49600000000263833 ) ) ;
#2800 = CARTESIAN_POINT ( 'NONE',  ( -36.29068282008306312, -77.12109510810438451, 42.75473822481036734 ) ) ;
#2801 = CARTESIAN_POINT ( 'NONE',  ( -173.5906365705289147, 33.46271170769777825, -60.00000000000000711 ) ) ;
#2802 = DIRECTION ( 'NONE',  ( 0.000000000000000000, -0.000000000000000000, 1.000000000000000000 ) ) ;
#2803 = LINE ( 'NONE', #1311, #2631 ) ;
#2804 = ORIENTED_EDGE ( 'NONE', *, *, #2554, .T. ) ;
#2805 = PLANE ( 'NONE',  #2127 ) ;
#2806 = CARTESIAN_POINT ( 'NONE',  ( 39.29980196164922290, -73.74153775340475647, -59.99999999999999289 ) ) ;
#2807 = CARTESIAN_POINT ( 'NONE',  ( -28.81269494015831256, -61.99604895308818442, -32.38754325259512967 ) ) ;
#2808 = ADVANCED_FACE ( 'NONE', ( #2890 ), #1924, .F. ) ;
#2809 = ORIENTED_EDGE ( 'NONE', *, *, #2167, .F. ) ;
#2810 = CARTESIAN_POINT ( 'NONE',  ( -129.1745147476378577, -104.3856816384752335, 32.38754325259498756 ) ) ;
#2811 = DIRECTION ( 'NONE',  ( 0.000000000000000000, 0.000000000000000000, 1.000000000000000000 ) ) ;
#2812 = CARTESIAN_POINT ( 'NONE',  ( -30.13706359071048624, -65.82560781197244637, -34.44093974594108687 ) ) ;
#2813 = ORIENTED_EDGE ( 'NONE', *, *, #1245, .F. ) ;
#2814 = CARTESIAN_POINT ( 'NONE',  ( -34.96997810250265815, -62.00000000000001421, 49.78847053267865874 ) ) ;
#2815 = CARTESIAN_POINT ( 'NONE',  ( -19.18228723767424526, -58.00000000000001421, -16.54163505694054237 ) ) ;
#2816 = CARTESIAN_POINT ( 'NONE',  ( -17.49999999999994671, 59.88959164353052955, -3.547344584499763975 ) ) ;
#2817 = CARTESIAN_POINT ( 'NONE',  ( -22.49999999999994671, -61.46632596580861474, -18.82095476150037072 ) ) ;
#2818 = CARTESIAN_POINT ( 'NONE',  ( -96.55716561284775423, -153.5148228044733685, -56.70400000000521601 ) ) ;
#2819 = CARTESIAN_POINT ( 'NONE',  ( -59.64040478921796051, -63.18517108392407522, 56.70399999999997220 ) ) ;
#2820 = CARTESIAN_POINT ( 'NONE',  ( -85.32140758477015652, -31.00000000000001421, 58.67405506164588758 ) ) ;
#2821 = CARTESIAN_POINT ( 'NONE',  ( -24.32857469085904611, -65.00000000000001421, 50.00000000000000000 ) ) ;
#2822 = FACE_BOUND ( 'NONE', #1460, .T. ) ;
#2823 = VECTOR ( 'NONE', #2225, 1000.000000000000114 ) ;
#2824 = APPLICATION_CONTEXT ( 'automotive_design' ) ;
#2825 = CARTESIAN_POINT ( 'NONE',  ( -22.49999999999995026, -68.57891020507064184, -20.14310343417482585 ) ) ;
#2826 = FACE_OUTER_BOUND ( 'NONE', #2270, .T. ) ;
#2827 = CARTESIAN_POINT ( 'NONE',  ( -20.73643577426675577, -72.00000000000000000, 49.65078345650451297 ) ) ;
#2828 = CARTESIAN_POINT ( 'NONE',  ( -59.60633367325806375, -60.67840465887265111, -56.70399999999967378 ) ) ;
#2829 = VECTOR ( 'NONE', #873, 1000.000000000000000 ) ;
#2830 = ADVANCED_FACE ( 'NONE', ( #727 ), #1905, .T. ) ;
#2831 = ORIENTED_EDGE ( 'NONE', *, *, #286, .T. ) ;
#2832 = CARTESIAN_POINT ( 'NONE',  ( -127.4803306605770672, -67.30224296900034631, 36.14937136423313291 ) ) ;
#2833 = AXIS2_PLACEMENT_3D ( 'NONE', #1652, #3655, #2802 ) ;
#2834 = DIRECTION ( 'NONE',  ( 0.000000000000000000, 0.000000000000000000, 1.000000000000000000 ) ) ;
#2835 = CARTESIAN_POINT ( 'NONE',  ( -115.7771741209217851, -31.00000000000000355, -43.77833007736560944 ) ) ;
#2836 = ORIENTED_EDGE ( 'NONE', *, *, #709, .F. ) ;
#2837 = CYLINDRICAL_SURFACE ( 'NONE', #2702, 3.000000000000001332 ) ;
#2838 = CARTESIAN_POINT ( 'NONE',  ( -17.49999999999995737, 52.17165423084814790, 29.68750922525210711 ) ) ;
#2839 = CARTESIAN_POINT ( 'NONE',  ( -109.4336419697829825, -163.9238742706035055, -50.40000000000648583 ) ) ;
#2840 = CARTESIAN_POINT ( 'NONE',  ( -19.46627418576845159, -63.30965870626248204, -4.999999999999542588 ) ) ;
#2841 = CARTESIAN_POINT ( 'NONE',  ( -43.79999999999994742, -31.00000000000000000, 56.07443270202220020 ) ) ;
#2842 = LINE ( 'NONE', #3112, #771 ) ;
#2843 = CARTESIAN_POINT ( 'NONE',  ( -74.31461790189881356, -60.26134536078550497, 59.84493695669166868 ) ) ;
#2844 = CARTESIAN_POINT ( 'NONE',  ( -51.66356703679226570, 59.80637240619346073, 8.000000000000000000 ) ) ;
#2845 = CARTESIAN_POINT ( 'NONE',  ( -81.92362086049222114, -65.61830470627658940, -60.00000000000005684 ) ) ;
#2846 = CARTESIAN_POINT ( 'NONE',  ( -22.47362525214822782, -72.00000000000002842, 47.42329693383698697 ) ) ;
#2847 = CARTESIAN_POINT ( 'NONE',  ( -59.65205528617239850, -61.79292582580391269, -56.70400000000022800 ) ) ;
#2848 = EDGE_CURVE ( 'NONE', #3780, #1694, #455, .T. ) ;
#2849 = ORIENTED_EDGE ( 'NONE', *, *, #3447, .T. ) ;
#2850 = CARTESIAN_POINT ( 'NONE',  ( -137.7981443703176865, -106.9170123466738858, 9.997633136092280992 ) ) ;
#2851 = CARTESIAN_POINT ( 'NONE',  ( -122.2999999999999829, -10.88541991178303192, -24.89055128620742963 ) ) ;
#2852 = FACE_OUTER_BOUND ( 'NONE', #2149, .T. ) ;
#2853 = ORIENTED_EDGE ( 'NONE', *, *, #1157, .T. ) ;
#2854 = CARTESIAN_POINT ( 'NONE',  ( -24.86195883026280384, -61.99999999999761968, 50.17172808667720574 ) ) ;
#2855 = CARTESIAN_POINT ( 'NONE',  ( -19.30781937757523536, -58.00000000000002842, -16.74078284808237171 ) ) ;
#2856 = CARTESIAN_POINT ( 'NONE',  ( -17.49999999999996092, 55.85924155913649258, 21.89342250763685627 ) ) ;
#2857 = EDGE_CURVE ( 'NONE', #3826, #711, #854, .T. ) ;
#2858 = CARTESIAN_POINT ( 'NONE',  ( -135.8934467749442376, -185.3133804030546230, 9.997633136088238004 ) ) ;
#2859 = CARTESIAN_POINT ( 'NONE',  ( -27.07102597742377625, -85.66535386840925526, 32.38754325260363487 ) ) ;
#2860 = LINE ( 'NONE', #1627, #335 ) ;
#2861 = CARTESIAN_POINT ( 'NONE',  ( -54.15208825128741665, 0.000000000000000000, 60.72008087478562288 ) ) ;
#2862 = CARTESIAN_POINT ( 'NONE',  ( -76.04279797094793025, -88.78970266664425992, 60.00000000000214584 ) ) ;
#2863 = VERTEX_POINT ( 'NONE', #893 ) ;
#2864 = CARTESIAN_POINT ( 'NONE',  ( -82.01297374746900459, -61.64564586811867031, -60.00000000000029843 ) ) ;
#2865 = CARTESIAN_POINT ( 'NONE',  ( -21.10009775573546520, -72.00000000000001421, 49.44901047113281578 ) ) ;
#2866 = CARTESIAN_POINT ( 'NONE',  ( -141.4999999999999716, 57.66982458302326364, -51.99999999999996447 ) ) ;
#2867 = ORIENTED_EDGE ( 'NONE', *, *, #3537, .T. ) ;
#2868 = CARTESIAN_POINT ( 'NONE',  ( -118.6546003473156503, -59.00406737591578121, 45.59999999999974563 ) ) ;
#2869 = FACE_OUTER_BOUND ( 'NONE', #2529, .T. ) ;
#2870 = CARTESIAN_POINT ( 'NONE',  ( -122.2999999999999545, 31.60000000000000142, -55.60000000000000142 ) ) ;
#2871 = ORIENTED_EDGE ( 'NONE', *, *, #1245, .T. ) ;
#2872 = CARTESIAN_POINT ( 'NONE',  ( -31.81552530291690317, -62.00000000000001421, 51.28339040418622830 ) ) ;
#2873 = LINE ( 'NONE', #3765, #2447 ) ;
#2874 = B_SPLINE_CURVE_WITH_KNOTS ( 'NONE', 3,
 ( #3069, #966, #1856, #3049, #1272, #1305, #2461, #2160, #2778, #121, #139, #2480, #999, #3378, #3089, #3149 ),
 .UNSPECIFIED., .F., .F.,
 ( 4, 2, 2, 2, 2, 2, 2, 4 ),
 ( -2.607680964537011876E-05, 0.002068058629116301377, 0.004162194067877973344, 0.008350464945401323349, 0.01044460038416301050, 0.01253873582292469938, 0.01463287126168638652, 0.01672700670044807367 ),
 .UNSPECIFIED. ) ;
#2875 = CARTESIAN_POINT ( 'NONE',  ( -131.7002541906792317, -181.9236986137918564, 24.08304498269518845 ) ) ;
#2876 = CARTESIAN_POINT ( 'NONE',  ( -29.70223670218629408, -87.11428675617186457, 36.14937136423633746 ) ) ;
#2877 = ADVANCED_FACE ( 'NONE', ( #1407 ), #2649, .T. ) ;
#2878 = DIRECTION ( 'NONE',  ( 0.000000000000000000, 1.000000000000000000, -9.912705577010328508E-16 ) ) ;
#2879 = DIRECTION ( 'NONE',  ( -0.03489949670250105246, 0.000000000000000000, 0.9993908270190957621 ) ) ;
#2880 = CARTESIAN_POINT ( 'NONE',  ( -74.27432765981467355, -135.5018819473818610, 60.00000000000639488 ) ) ;
#2881 = CARTESIAN_POINT ( 'NONE',  ( -22.49999999999994671, -66.02254166822667969, -19.51150771834882747 ) ) ;
#2882 = VECTOR ( 'NONE', #2029, 1000.000000000000000 ) ;
#2883 = CARTESIAN_POINT ( 'NONE',  ( -81.96934528674734111, -60.04429249584591588, -59.99999999999960920 ) ) ;
#2884 = CARTESIAN_POINT ( 'NONE',  ( -39.31695830406546577, -62.00000000000008527, 44.54828467696776784 ) ) ;
#2885 = DIRECTION ( 'NONE',  ( -0.03489949670250105246, 0.9993908270190956511, -0.000000000000000000 ) ) ;
#2886 = VECTOR ( 'NONE', #1829, 999.9999999999998863 ) ;
#2887 = ORIENTED_EDGE ( 'NONE', *, *, #847, .F. ) ;
#2888 = CARTESIAN_POINT ( 'NONE',  ( -84.65546899558513871, -63.56506229730874225, 59.84493695669172553 ) ) ;
#2889 = CARTESIAN_POINT ( 'NONE',  ( -35.06325527439062029, -58.92593289329897743, -40.60000002924778073 ) ) ;
#2890 = FACE_OUTER_BOUND ( 'NONE', #2172, .T. ) ;
#2891 = VECTOR ( 'NONE', #2440, 1000.000000000000000 ) ;
#2892 = CARTESIAN_POINT ( 'NONE',  ( -26.87955048034430305, -67.97772790477073102, -29.52849465948809637 ) ) ;
#2893 = ORIENTED_EDGE ( 'NONE', *, *, #1848, .F. ) ;
#2894 = CARTESIAN_POINT ( 'NONE',  ( -21.94807912551853946, 44.15717881211177342, -40.60000000000000142 ) ) ;
#2895 = CARTESIAN_POINT ( 'NONE',  ( -34.75292945595246863, -57.42459295331879332, -40.60000000000000142 ) ) ;
#2896 = ADVANCED_FACE ( 'NONE', ( #3541 ), #1438, .F. ) ;
#2897 = CARTESIAN_POINT ( 'NONE',  ( -136.3894839830011847, -58.50118763781889442, 19.54082840236675622 ) ) ;
#2898 = CARTESIAN_POINT ( 'NONE',  ( -20.10016081900203488, -63.33308941406855297, -9.997633136094194128 ) ) ;
#2899 = LINE ( 'NONE', #3768, #1940 ) ;
#2900 = FACE_OUTER_BOUND ( 'NONE', #762, .T. ) ;
#2901 = EDGE_CURVE ( 'NONE', #3472, #2863, #2630, .T. ) ;
#2902 = LINE ( 'NONE', #3551, #3805 ) ;
#2903 = DIRECTION ( 'NONE',  ( -1.000000000000000000, -0.000000000000000000, 0.000000000000000000 ) ) ;
#2904 = CARTESIAN_POINT ( 'NONE',  ( -76.92703312651426018, -65.43361302627543807, -59.99999999999997868 ) ) ;
#2905 =( BOUNDED_CURVE ( )  B_SPLINE_CURVE ( 3, ( #599, #1800, #1447, #1780 ),
 .UNSPECIFIED., .F., .F. ) 
 B_SPLINE_CURVE_WITH_KNOTS ( ( 4, 4 ),
 ( 1.570796326794896780, 1.605702911834783420 ),
 .UNSPECIFIED. ) 
 CURVE ( )  GEOMETRIC_REPRESENTATION_ITEM ( )  RATIONAL_B_SPLINE_CURVE ( ( 1.000000000000000000, 0.9998984634375941427, 0.9998984634375941427, 1.000000000000000000 ) ) 
 REPRESENTATION_ITEM ( '' )  );
#2906 = EDGE_CURVE ( 'NONE', #880, #3520, #2412, .T. ) ;
#2907 = VERTEX_POINT ( 'NONE', #2927 ) ;
#2908 = CARTESIAN_POINT ( 'NONE',  ( -83.68694475089843365, -91.03352160700998752, 59.84493695669483060 ) ) ;
#2909 = CARTESIAN_POINT ( 'NONE',  ( -2.183765246294436579, -6.574377145520770682, 62.53485470331568763 ) ) ;
#2910 = CARTESIAN_POINT ( 'NONE',  ( -8.491086501036862799, -46.00000000000001421, 57.00000000000000000 ) ) ;
#2911 = CARTESIAN_POINT ( 'NONE',  ( -31.45021009422058356, -61.97867698686248161, 36.14937136423370134 ) ) ;
#2912 = ORIENTED_EDGE ( 'NONE', *, *, #3678, .T. ) ;
#2913 = CARTESIAN_POINT ( 'NONE',  ( -79.51421207425066484, -61.66210393598081652, -60.00000000000031974 ) ) ;
#2914 = CARTESIAN_POINT ( 'NONE',  ( -18.00734335558938426, -58.12966009612661367, -14.95244513765363159 ) ) ;
#2915 = CARTESIAN_POINT ( 'NONE',  ( -139.4844922314909184, -61.26711030728764484, 4.999999999999924505 ) ) ;
#2916 = CARTESIAN_POINT ( 'NONE',  ( -43.79999999999994031, -61.12659959332454207, 48.23487465639797023 ) ) ;
#2917 = CARTESIAN_POINT ( 'NONE',  ( -20.04929066970956342, -91.66759179396558466, -19.54082840236621266 ) ) ;
#2918 = CARTESIAN_POINT ( 'NONE',  ( -17.49999999999994671, -59.00000000000001421, 10.84836271680126529 ) ) ;
#2919 = ADVANCED_FACE ( 'NONE', ( #551 ), #1185, .T. ) ;
#2920 = DIRECTION ( 'NONE',  ( 0.000000000000000000, 0.000000000000000000, 1.000000000000000000 ) ) ;
#2921 = LINE ( 'NONE', #1141, #1076 ) ;
#2922 = CARTESIAN_POINT ( 'NONE',  ( -17.49999999999995026, -54.89450765766511608, -24.20613559876485610 ) ) ;
#2923 = CARTESIAN_POINT ( 'NONE',  ( -72.79999999999995453, 50.06278600411813784, -40.60000000000000853 ) ) ;
#2924 = VERTEX_POINT ( 'NONE', #2075 ) ;
#2925 = CARTESIAN_POINT ( 'NONE',  ( -97.46603216972330586, -124.4298810294129964, 56.70400000000208252 ) ) ;
#2926 = CARTESIAN_POINT ( 'NONE',  ( -122.2999999999999261, -10.11740737759251907, -24.13439286271565720 ) ) ;
#2927 = CARTESIAN_POINT ( 'NONE',  ( -17.49999999999994671, 33.15729685942604021, 49.99999999999986500 ) ) ;
#2928 = CARTESIAN_POINT ( 'NONE',  ( -31.37032332642998611, -63.74967476355178064, 36.14937136423387898 ) ) ;
#2929 = EDGE_CURVE ( 'NONE', #192, #3350, #2794, .T. ) ;
#2930 = VERTEX_POINT ( 'NONE', #1458 ) ;
#2931 = CARTESIAN_POINT ( 'NONE',  ( -83.68694475089387197, -91.03352160700899276, -59.84493695669324609 ) ) ;
#2932 = CARTESIAN_POINT ( 'NONE',  ( -18.07631681348647135, -58.09417080939018518, -14.95843366735344304 ) ) ;
#2933 = CARTESIAN_POINT ( 'NONE',  ( -134.6038991730424641, -58.55181861121730691, -24.08304498269882288 ) ) ;
#2934 = CARTESIAN_POINT ( 'NONE',  ( -195.7374733421694089, -25.18769437672059652, 59.99999999999998579 ) ) ;
#2935 = CARTESIAN_POINT ( 'NONE',  ( -28.81269494015831256, -61.99604895308818442, -32.38754325259512967 ) ) ;
#2936 = CARTESIAN_POINT ( 'NONE',  ( -22.35144059248061410, -58.46779536566305779, 21.54365004073465428 ) ) ;
#2937 = CARTESIAN_POINT ( 'NONE',  ( -8.491086501036862799, -65.00000000000001421, 50.00000000000000000 ) ) ;
#2938 = CARTESIAN_POINT ( 'NONE',  ( -38.82183766448860496, -62.01898375656629270, 44.09603490103188506 ) ) ;
#2939 = CARTESIAN_POINT ( 'NONE',  ( -72.50842502953892676, -110.6864368251949031, -59.84493695669790014 ) ) ;
#2940 = ORIENTED_EDGE ( 'NONE', *, *, #3727, .T. ) ;
#2941 = CARTESIAN_POINT ( 'NONE',  ( -112.2813866719778844, -63.98460323073840073, 50.39999999999970015 ) ) ;
#2942 = CARTESIAN_POINT ( 'NONE',  ( -122.2999999999999119, 0.3934242289974149154, -2.257469825182004008 ) ) ;
#2943 = CARTESIAN_POINT ( 'NONE',  ( -22.49999999999994671, -59.00000000000001421, -22.56276417323142169 ) ) ;
#2944 = CIRCLE ( 'NONE', #3132, 20.00000000000000000 ) ;
#2945 = ADVANCED_FACE ( 'NONE', ( #3523 ), #3236, .F. ) ;
#2946 = ORIENTED_EDGE ( 'NONE', *, *, #500, .F. ) ;
#2947 = CARTESIAN_POINT ( 'NONE',  ( -80.14414062565556662, -114.8912081666570515, -60.00000000000299849 ) ) ;
#2948 = DIRECTION ( 'NONE',  ( 0.000000000000000000, 0.000000000000000000, -1.000000000000000000 ) ) ;
#2949 = CARTESIAN_POINT ( 'NONE',  ( -56.46541484005870615, -61.81391460007424143, 55.50814291124892463 ) ) ;
#2950 = VECTOR ( 'NONE', #2011, 1000.000000000000000 ) ;
#2951 = CARTESIAN_POINT ( 'NONE',  ( -121.7989161221137948, -64.12914116921436403, 42.75473822480737596 ) ) ;
#2952 = VERTEX_POINT ( 'NONE', #1770 ) ;
#2953 = CARTESIAN_POINT ( 'NONE',  ( -198.5254042807654002, -41.09263180483732469, -60.00000000000001421 ) ) ;
#2954 = CARTESIAN_POINT ( 'NONE',  ( -46.68352774892435519, -61.04483600357167461, -50.39999999999962910 ) ) ;
#2955 = DIRECTION ( 'NONE',  ( 0.000000000000000000, 1.000000000000000000, 0.000000000000000000 ) ) ;
#2956 = CARTESIAN_POINT ( 'NONE',  ( -79.42653938456696494, -8.387135693593947394, 62.77779446381807560 ) ) ;
#2957 = CARTESIAN_POINT ( 'NONE',  ( -17.49999999999993960, -45.03915413498805975, 39.66020279257278958 ) ) ;
#2958 = CARTESIAN_POINT ( 'NONE',  ( -63.98416934016007218, -20.45797934781048966, -60.00000000000000711 ) ) ;
#2959 =( BOUNDED_CURVE ( )  B_SPLINE_CURVE ( 3, ( #239, #1690, #1400, #2567 ),
 .UNSPECIFIED., .F., .F. ) 
 B_SPLINE_CURVE_WITH_KNOTS ( ( 4, 4 ),
 ( 3.141592653589790451, 3.509860547026432798 ),
 .UNSPECIFIED. ) 
 CURVE ( )  GEOMETRIC_REPRESENTATION_ITEM ( )  RATIONAL_B_SPLINE_CURVE ( ( 1.000000000000000000, 0.9887301263230199311, 0.9887301263230199311, 1.000000000000000000 ) ) 
 REPRESENTATION_ITEM ( '' )  );
#2960 = EDGE_LOOP ( 'NONE', ( #145, #1889, #804, #1730, #1246, #698 ) ) ;
#2961 = CARTESIAN_POINT ( 'NONE',  ( -111.2798423421986342, -99.13298228159246150, 50.40000000000094360 ) ) ;
#2962 = CARTESIAN_POINT ( 'NONE',  ( -43.79999999999994742, -62.00000000000000000, 48.21412307707760903 ) ) ;
#2963 = CARTESIAN_POINT ( 'NONE',  ( -17.49999999999994671, -59.00000000000001421, 10.84836271680126529 ) ) ;
#2964 = CARTESIAN_POINT ( 'NONE',  ( -19.49445587842008010, -61.81579304068610270, 4.999999999999960920 ) ) ;
#2965 = EDGE_CURVE ( 'NONE', #1313, #1926, #1399, .T. ) ;
#2966 = VERTEX_POINT ( 'NONE', #114 ) ;
#2967 = CARTESIAN_POINT ( 'NONE',  ( -62.90454287328041261, 34.30784906396864642, -40.60000000000002984 ) ) ;
#2968 = CARTESIAN_POINT ( 'NONE',  ( -17.49999999999995381, -58.99999999999530331, -10.84836271682688036 ) ) ;
#2969 = CARTESIAN_POINT ( 'NONE',  ( -81.96934528674607634, -60.04429249584595141, 59.99999999999964473 ) ) ;
#2970 = CARTESIAN_POINT ( 'NONE',  ( -109.4336419697986997, -163.9238742706104119, 50.40000000000323155 ) ) ;
#2971 = VERTEX_POINT ( 'NONE', #666 ) ;
#2972 = CARTESIAN_POINT ( 'NONE',  ( -199.4221373744012453, -56.71387147154693054, 59.99999999999998579 ) ) ;
#2973 = CARTESIAN_POINT ( 'NONE',  ( -24.30725884152543159, -63.48859874224974220, -24.08304498269857774 ) ) ;
#2974 = LINE ( 'NONE', #3245, #1700 ) ;
#2975 = EDGE_CURVE ( 'NONE', #3771, #775, #1183, .T. ) ;
#2976 = CARTESIAN_POINT ( 'NONE',  ( -78.64711936630781963, 58.86408599522593477, 24.00000000000025224 ) ) ;
#2977 = FACE_OUTER_BOUND ( 'NONE', #798, .T. ) ;
#2978 = CARTESIAN_POINT ( 'NONE',  ( -75.53563748231245256, -39.32194659009265081, 60.00000000000000711 ) ) ;
#2979 = EDGE_LOOP ( 'NONE', ( #875, #721, #2813, #212 ) ) ;
#2980 = CARTESIAN_POINT ( 'NONE',  ( -40.28609907351069097, -61.22623765936324958, 45.59999999999974563 ) ) ;
#2981 = DIRECTION ( 'NONE',  ( 1.000000000000000000, 1.810146235801885715E-15, 0.000000000000000000 ) ) ;
#2982 = CARTESIAN_POINT ( 'NONE',  ( -17.71417045511329391, -58.37828305872702828, 13.78959112234331741 ) ) ;
#2983 = CARTESIAN_POINT ( 'NONE',  ( -22.60040536723228044, -62.03696613397312376, -19.54082840236682728 ) ) ;
#2984 = ORIENTED_EDGE ( 'NONE', *, *, #2193, .F. ) ;
#2985 = CARTESIAN_POINT ( 'NONE',  ( -126.5403986997183949, -103.6124783432519649, -36.14937136423726116 ) ) ;
#2986 = CARTESIAN_POINT ( 'NONE',  ( -51.15391577023012815, 6.425622854479225765, 60.82477936489308945 ) ) ;
#2987 = DIRECTION ( 'NONE',  ( 0.000000000000000000, 1.000000000000000000, 0.000000000000000000 ) ) ;
#2988 = CARTESIAN_POINT ( 'NONE',  ( -112.2813866719778844, -63.98460323073840073, 50.39999999999970015 ) ) ;
#2989 = EDGE_LOOP ( 'NONE', ( #411, #1050, #3489, #3387, #3673 ) ) ;
#2990 = CARTESIAN_POINT ( 'NONE',  ( -79.42245555135399115, -58.42600649774720978, 60.00000000000000000 ) ) ;
#2991 = CARTESIAN_POINT ( 'NONE',  ( -59.60633367325806375, -60.67840465887265111, -56.70399999999967378 ) ) ;
#2992 = CARTESIAN_POINT ( 'NONE',  ( -22.49999999999994671, -61.73056963236760453, 18.75405125479667845 ) ) ;
#2993 = CARTESIAN_POINT ( 'NONE',  ( -17.49999999999994671, -72.00000000000001421, -40.60000000000000853 ) ) ;
#2994 = EDGE_CURVE ( 'NONE', #3350, #3411, #1826, .T. ) ;
#2995 = CARTESIAN_POINT ( 'NONE',  ( -35.83542138063642568, -2.414608222093876488, -59.99999999999999289 ) ) ;
#2996 = LINE ( 'NONE', #409, #346 ) ;
#2997 = CARTESIAN_POINT ( 'NONE',  ( -153.9786784198986709, 59.91910272670642712, 59.99999999999999289 ) ) ;
#2998 = ORIENTED_EDGE ( 'NONE', *, *, #3603, .F. ) ;
#2999 = CARTESIAN_POINT ( 'NONE',  ( -56.41939493333946842, -60.76877158497045173, 55.50814291124822120 ) ) ;
#3000 = CARTESIAN_POINT ( 'NONE',  ( -122.2999999999999545, -30.99999999999999645, 36.92758970997186907 ) ) ;
#3001 = CARTESIAN_POINT ( 'NONE',  ( -17.98460332959452401, -58.14304824442720587, 14.97521265524703082 ) ) ;
#3002 = CARTESIAN_POINT ( 'NONE',  ( -24.30725884152581884, -63.48859874224971378, 24.08304498269948013 ) ) ;
#3003 = ORIENTED_EDGE ( 'NONE', *, *, #127, .T. ) ;
#3004 = CARTESIAN_POINT ( 'NONE',  ( -109.0236378992144495, -61.46774040863547128, -52.35702562807747285 ) ) ;
#3005 = CARTESIAN_POINT ( 'NONE',  ( -17.49999999999995381, 55.84490380569625501, 61.25102343857129483 ) ) ;
#3006 = CARTESIAN_POINT ( 'NONE',  ( -17.49999999999994671, -62.00000000000001421, 62.00000000000000000 ) ) ;
#3007 = PRESENTATION_LAYER_ASSIGNMENT (  '', '', ( #1258 ) ) ;
#3008 = CARTESIAN_POINT ( 'NONE',  ( -101.5574323795504057, -96.27912190342125598, 55.50814291125001887 ) ) ;
#3009 = EDGE_LOOP ( 'NONE', ( #3178, #2549, #2849, #2713 ) ) ;
#3010 = CARTESIAN_POINT ( 'NONE',  ( -78.64711936630781963, 58.86408599522593477, 24.00000000000025224 ) ) ;
#3011 = CARTESIAN_POINT ( 'NONE',  ( -63.09107607133589113, -126.4615949840652860, -58.49600000000980060 ) ) ;
#3012 = CARTESIAN_POINT ( 'NONE',  ( -22.17783556781122556, -58.26059005189546269, -21.51238355090328369 ) ) ;
#3013 = VECTOR ( 'NONE', #1733, 1000.000000000000000 ) ;
#3014 = ADVANCED_FACE ( 'NONE', ( #3352 ), #2169, .T. ) ;
#3015 = FACE_OUTER_BOUND ( 'NONE', #2496, .T. ) ;
#3016 = CARTESIAN_POINT ( 'NONE',  ( -193.6931129666473907, -15.29195600705499736, -59.99999999999999289 ) ) ;
#3017 = CARTESIAN_POINT ( 'NONE',  ( -17.49999999999993960, -19.31733148070221873, 56.88142182992752538 ) ) ;
#3018 = CARTESIAN_POINT ( 'NONE',  ( -18.54817214581379048, -119.9875471423228532, -59.99999999999998579 ) ) ;
#3019 = ADVANCED_FACE ( 'NONE', ( #77 ), #128, .T. ) ;
#3020 = VERTEX_POINT ( 'NONE', #3099 ) ;
#3021 = CARTESIAN_POINT ( 'NONE',  ( -47.35798013414447638, -113.7433170334188475, 52.35702562808214822 ) ) ;
#3022 = CARTESIAN_POINT ( 'NONE',  ( -18.03340722140894670, -58.11545076437744228, 14.97744491252139198 ) ) ;
#3023 = CARTESIAN_POINT ( 'NONE',  ( -24.38582304850503490, -62.02520649892011306, -24.08304498269893301 ) ) ;
#3024 = EDGE_CURVE ( 'NONE', #2657, #456, #1000, .T. ) ;
#3025 = ORIENTED_EDGE ( 'NONE', *, *, #963, .T. ) ;
#3026 = CARTESIAN_POINT ( 'NONE',  ( -108.9292282046651081, -66.61652814503028708, -52.35702562807736626 ) ) ;
#3027 = DIRECTION ( 'NONE',  ( 0.000000000000000000, 9.912705577010328508E-16, 1.000000000000000000 ) ) ;
#3028 = CARTESIAN_POINT ( 'NONE',  ( -13.01852079965835429, 62.15649670213717570, 52.16258843194624006 ) ) ;
#3029 = CARTESIAN_POINT ( 'NONE',  ( -127.2888401796214453, -178.3576115720549353, 32.38754325259531441 ) ) ;
#3030 = ORIENTED_EDGE ( 'NONE', *, *, #1938, .F. ) ;
#3031 = CARTESIAN_POINT ( 'NONE',  ( -73.38973396312428576, -88.01093749610060968, -59.84493695669495850 ) ) ;
#3032 = CARTESIAN_POINT ( 'NONE',  ( -122.2999999999999403, 30.21654118674991096, 58.34030335726487237 ) ) ;
#3033 = LINE ( 'NONE', #2463, #706 ) ;
#3034 = EDGE_CURVE ( 'NONE', #3343, #2633, #3137, .T. ) ;
#3035 = CARTESIAN_POINT ( 'NONE',  ( -187.8563431024983288, 4.611987970291813177, 59.99999999999996447 ) ) ;
#3036 = CARTESIAN_POINT ( 'NONE',  ( -44.86067977499784121, -92.00000000000001421, -40.60000000000000853 ) ) ;
#3037 = CARTESIAN_POINT ( 'NONE',  ( -101.5637982690473820, 100.5620648289399526, -59.99999999999999289 ) ) ;
#3038 = ORIENTED_EDGE ( 'NONE', *, *, #945, .T. ) ;
#3039 = CARTESIAN_POINT ( 'NONE',  ( -141.4999999999999716, 31.60000000000000142, -55.60000000000000142 ) ) ;
#3040 = DIRECTION ( 'NONE',  ( 0.000000000000000000, 0.000000000000000000, -1.000000000000000000 ) ) ;
#3041 = CARTESIAN_POINT ( 'NONE',  ( -20.04929066971587304, -91.66759179396024138, 19.54082840237520102 ) ) ;
#3042 = ADVANCED_FACE ( 'NONE', ( #169 ), #147, .F. ) ;
#3043 = ORIENTED_EDGE ( 'NONE', *, *, #3114, .T. ) ;
#3044 = CARTESIAN_POINT ( 'NONE',  ( -134.5433951454807584, -67.56331899030229238, -24.08304498269926697 ) ) ;
#3045 = CARTESIAN_POINT ( 'NONE',  ( -22.49999999999994671, -62.28548679398154064, 18.65508648100723477 ) ) ;
#3046 = CARTESIAN_POINT ( 'NONE',  ( -99.12222906564241498, 59.14968895339607258, 29.16796414282328342 ) ) ;
#3047 = ORIENTED_EDGE ( 'NONE', *, *, #3706, .F. ) ;
#3048 = DIRECTION ( 'NONE',  ( -0.9993908270190956511, -0.03489949670250119818, 0.000000000000000000 ) ) ;
#3049 = CARTESIAN_POINT ( 'NONE',  ( -37.40869367261589673, -62.00000000000001421, 48.42122419445018977 ) ) ;
#3050 = LINE ( 'NONE', #3593, #3441 ) ;
#3051 =( BOUNDED_CURVE ( )  B_SPLINE_CURVE ( 3, ( #3777, #3451, #3162, #494 ),
 .UNSPECIFIED., .F., .F. ) 
 B_SPLINE_CURVE_WITH_KNOTS ( ( 4, 4 ),
 ( 1.570796326794898334, 3.141592653589800666 ),
 .UNSPECIFIED. ) 
 CURVE ( )  GEOMETRIC_REPRESENTATION_ITEM ( )  RATIONAL_B_SPLINE_CURVE ( ( 1.000000000000000000, 0.8047378541243636052, 0.8047378541243636052, 1.000000000000000000 ) ) 
 REPRESENTATION_ITEM ( '' )  );
#3052 = CARTESIAN_POINT ( 'NONE',  ( -8.491086501036862799, -62.00000000000001421, 50.00000000000000000 ) ) ;
#3053 = CARTESIAN_POINT ( 'NONE',  ( -90.18937550053297514, -65.92383643957631989, -59.09311614065316576 ) ) ;
#3054 = CARTESIAN_POINT ( 'NONE',  ( 38.65099204288537749, -76.88286150838271737, 60.00000000000001421 ) ) ;
#3055 = CARTESIAN_POINT ( 'NONE',  ( -17.49999999999994316, -46.00000000000002842, 38.51209259248404493 ) ) ;
#3056 = CARTESIAN_POINT ( 'NONE',  ( -141.4999999999998863, 57.34196805455543711, 32.20230783477644110 ) ) ;
#3057 = ORIENTED_EDGE ( 'NONE', *, *, #1108, .F. ) ;
#3058 = UNCERTAINTY_MEASURE_WITH_UNIT (LENGTH_MEASURE( 1.000000000000000082E-05 ), #2533, 'distance_accuracy_value', 'NONE');
#3059 = DIRECTION ( 'NONE',  ( 0.000000000000000000, -0.000000000000000000, 1.000000000000000000 ) ) ;
#3060 = CARTESIAN_POINT ( 'NONE',  ( -18.04360528833483102, -58.11013590489951497, 14.98643349237176636 ) ) ;
#3061 = CARTESIAN_POINT ( 'NONE',  ( -49.95816157854957851, -60.95198244803481913, -52.35702562807695415 ) ) ;
#3062 = EDGE_LOOP ( 'NONE', ( #2329, #34, #2593, #1796 ) ) ;
#3063 = CARTESIAN_POINT ( 'NONE',  ( -102.4698091419288772, -66.37776500865723506, -55.50814291124861199 ) ) ;
#3064 = CARTESIAN_POINT ( 'NONE',  ( -22.49999999999995381, -64.11376790562489703, 19.02205384526745746 ) ) ;
#3065 = CARTESIAN_POINT ( 'NONE',  ( -162.9782737003307034, 56.91978673805331113, 26.93806192748045447 ) ) ;
#3066 = EDGE_CURVE ( 'NONE', #3736, #2084, #312, .T. ) ;
#3067 = VERTEX_POINT ( 'NONE', #2283 ) ;
#3068 = VECTOR ( 'NONE', #3574, 1000.000000000000000 ) ;
#3069 = CARTESIAN_POINT ( 'NONE',  ( -39.82050807568870709, -62.00000000000001421, 47.00000000000000000 ) ) ;
#3070 = VECTOR ( 'NONE', #1236, 1000.000000000000000 ) ;
#3071 = CARTESIAN_POINT ( 'NONE',  ( -121.7195809819201884, -67.08930514165433578, -42.75473822480782360 ) ) ;
#3072 = CARTESIAN_POINT ( 'NONE',  ( -24.87397826303462622, -0.1650926711518165557, 60.00000000000000000 ) ) ;
#3073 = AXIS2_PLACEMENT_3D ( 'NONE', #806, #1703, #1079 ) ;
#3074 = CARTESIAN_POINT ( 'NONE',  ( -22.49999999999995381, 21.28002697386144604, 56.10735505052493721 ) ) ;
#3075 = CARTESIAN_POINT ( 'NONE',  ( -141.4999999999999716, 41.42198974367722286, 54.34556283352252137 ) ) ;
#3076 = B_SPLINE_CURVE_WITH_KNOTS ( 'NONE', 3,
 ( #997, #3374, #1054, #2812, #1075, #1643, #2892, #1946, #2254, #497, #1322, #2516 ),
 .UNSPECIFIED., .F., .F.,
 ( 4, 2, 2, 2, 2, 4 ),
 ( -0.01356236501558021057, -0.007291326917254502271, -0.001020288818928793972, 0.002115230230234063646, 0.005250749279396924735, 0.01152178737772264344 ),
 .UNSPECIFIED. ) ;
#3077 = ORIENTED_EDGE ( 'NONE', *, *, #405, .F. ) ;
#3078 = FACE_OUTER_BOUND ( 'NONE', #188, .T. ) ;
#3079 = CARTESIAN_POINT ( 'NONE',  ( -195.7374733421694089, -25.18769437672059652, 59.99999999999998579 ) ) ;
#3080 = CARTESIAN_POINT ( 'NONE',  ( -34.60990245005510246, -103.4380601425172870, -42.75473822481136210 ) ) ;
#3081 = CARTESIAN_POINT ( 'NONE',  ( -17.49999999999996447, 53.91432797884458239, -26.38949531169697238 ) ) ;
#3082 = ORIENTED_EDGE ( 'NONE', *, *, #1016, .F. ) ;
#3083 = CARTESIAN_POINT ( 'NONE',  ( -139.4844922314914299, -61.26711030728764484, -5.000000000000094147 ) ) ;
#3084 = DIRECTION ( 'NONE',  ( 0.000000000000000000, 0.000000000000000000, 1.000000000000000000 ) ) ;
#3085 = CARTESIAN_POINT ( 'NONE',  ( -13.36666666666660497, 62.14433918056587913, 62.14433918056590045 ) ) ;
#3086 =( BOUNDED_CURVE ( )  B_SPLINE_CURVE ( 3, ( #1417, #3787, #1122, #621 ),
 .UNSPECIFIED., .F., .F. ) 
 B_SPLINE_CURVE_WITH_KNOTS ( ( 4, 4 ),
 ( 4.677482395344802590, 4.712388980384689674 ),
 .UNSPECIFIED. ) 
 CURVE ( )  GEOMETRIC_REPRESENTATION_ITEM ( )  RATIONAL_B_SPLINE_CURVE ( ( 1.000000000000000000, 0.9998984634375941427, 0.9998984634375941427, 1.000000000000000000 ) ) 
 REPRESENTATION_ITEM ( '' )  );
#3087 = ORIENTED_EDGE ( 'NONE', *, *, #3164, .F. ) ;
#3088 = LINE ( 'NONE', #3010, #3133 ) ;
#3089 = CARTESIAN_POINT ( 'NONE',  ( -25.03842301889403288, -61.99999999999997868, 52.99999999999998579 ) ) ;
#3090 = CARTESIAN_POINT ( 'NONE',  ( -127.5602051517691677, -64.21663497143207167, -36.14937136423336028 ) ) ;
#3091 = CARTESIAN_POINT ( 'NONE',  ( -50.00478624928607019, -61.85646746332626122, 52.35702562807755100 ) ) ;
#3092 = EDGE_CURVE ( 'NONE', #1999, #2154, #2583, .T. ) ;
#3093 = CARTESIAN_POINT ( 'NONE',  ( -13.97404113372461509, -0.07467300649676421320, 60.00000000000000000 ) ) ;
#3094 = CARTESIAN_POINT ( 'NONE',  ( -39.82050807570290374, -62.00000000000000000, 44.99275894678353183 ) ) ;
#3095 = CARTESIAN_POINT ( 'NONE',  ( -141.4999999999998863, 37.70645158344842685, 55.96212782150512766 ) ) ;
#3096 = PRODUCT_DEFINITION_SHAPE ( 'NONE', 'NONE',  #468 ) ;
#3097 = VERTEX_POINT ( 'NONE', #3774 ) ;
#3098 = CARTESIAN_POINT ( 'NONE',  ( -8.491086501036862799, 51.99999999999998579, 37.90999999999965553 ) ) ;
#3099 = CARTESIAN_POINT ( 'NONE',  ( -22.49999999999994671, 33.03007000340350174, 49.99999999999985789 ) ) ;
#3100 = CARTESIAN_POINT ( 'NONE',  ( -28.73330195536048492, -63.65220106086674434, -32.38754325259481703 ) ) ;
#3101 = ORIENTED_EDGE ( 'NONE', *, *, #2901, .F. ) ;
#3102 = CARTESIAN_POINT ( 'NONE',  ( -130.2157292083423101, -61.32815891887351256, 32.38754325259525757 ) ) ;
#3103 = CARTESIAN_POINT ( 'NONE',  ( -22.49999999999994671, -53.00000000000001421, 50.00000000000000000 ) ) ;
#3104 = CARTESIAN_POINT ( 'NONE',  ( -158.4391368501653119, 27.09657207911657295, 57.07829688968945447 ) ) ;
#3105 = ORIENTED_EDGE ( 'NONE', *, *, #361, .F. ) ;
#3106 = CARTESIAN_POINT ( 'NONE',  ( -43.79999999999994031, -61.12659959332454207, 48.23487465639797023 ) ) ;
#3107 = CARTESIAN_POINT ( 'NONE',  ( -17.49999999999994671, 59.97855331136660340, -1.383746920129239166 ) ) ;
#3108 = LINE ( 'NONE', #766, #649 ) ;
#3109 = CARTESIAN_POINT ( 'NONE',  ( -121.8163856736254331, -61.38348110800976798, -42.75473822480796571 ) ) ;
#3110 = CARTESIAN_POINT ( 'NONE',  ( -58.70177998745779746, -83.69951984877482687, 56.70400000000253726 ) ) ;
#3111 = CARTESIAN_POINT ( 'NONE',  ( -63.98416934016007218, -20.45797934781048966, -60.00000000000000711 ) ) ;
#3112 = CARTESIAN_POINT ( 'NONE',  ( -17.49999999999994671, 18.72964453634669368, 62.00000000000000000 ) ) ;
#3113 = CARTESIAN_POINT ( 'NONE',  ( -55.68217797577246841, -12.71270627532834929, -59.99999999999999289 ) ) ;
#3114 = EDGE_CURVE ( 'NONE', #839, #3067, #1372, .T. ) ;
#3115 = ORIENTED_EDGE ( 'NONE', *, *, #828, .F. ) ;
#3116 = DIRECTION ( 'NONE',  ( -0.9993908270190956511, -0.03489949670250104552, 0.000000000000000000 ) ) ;
#3117 = CARTESIAN_POINT ( 'NONE',  ( 40.42943360687198862, -65.35021398252969504, 60.00000000000001421 ) ) ;
#3118 = CARTESIAN_POINT ( 'NONE',  ( -31.45021009422092817, -61.97867698686255977, -36.14937136423350950 ) ) ;
#3119 = ORIENTED_EDGE ( 'NONE', *, *, #2106, .T. ) ;
#3120 = CARTESIAN_POINT ( 'NONE',  ( -134.6239309170793774, -64.32390822605434266, 24.08304498269870919 ) ) ;
#3121 = DIRECTION ( 'NONE',  ( 0.000000000000000000, -1.000000000000000000, -0.000000000000000000 ) ) ;
#3122 = CARTESIAN_POINT ( 'NONE',  ( -122.2999999999999545, -30.99999999999999645, -62.00000000000000000 ) ) ;
#3123 = ORIENTED_EDGE ( 'NONE', *, *, #2760, .F. ) ;
#3124 = LINE ( 'NONE', #158, #101 ) ;
#3125 = DIRECTION ( 'NONE',  ( -0.000000000000000000, -1.000000000000000000, -0.000000000000000000 ) ) ;
#3126 = CARTESIAN_POINT ( 'NONE',  ( -120.7859958939393579, -101.9233639950074775, -42.75473822480937969 ) ) ;
#3127 = CARTESIAN_POINT ( 'NONE',  ( -18.45690786841538866, -80.92180409880253933, 9.997633136100704476 ) ) ;
#3128 = CARTESIAN_POINT ( 'NONE',  ( -75.53563748228104657, -39.32194659011334892, -60.00000000000000711 ) ) ;
#3129 = EDGE_CURVE ( 'NONE', #1694, #2189, #2013, .T. ) ;
#3130 = CARTESIAN_POINT ( 'NONE',  ( -17.49999999999994671, 58.99999999999998579, 56.99999999999916866 ) ) ;
#3131 = CARTESIAN_POINT ( 'NONE',  ( -64.83482249785318174, -85.49977792113145370, 58.49600000000170752 ) ) ;
#3132 = AXIS2_PLACEMENT_3D ( 'NONE', #1486, #3801, #1136 ) ;
#3133 = VECTOR ( 'NONE', #2796, 1000.000000000000000 ) ;
#3134 = ORIENTED_EDGE ( 'NONE', *, *, #3066, .T. ) ;
#3135 = CARTESIAN_POINT ( 'NONE',  ( -22.49999999999995737, -60.97497593347078038, -19.05053195319856130 ) ) ;
#3136 = CARTESIAN_POINT ( 'NONE',  ( -54.15208825128741665, 3.530321344586729193, 63.72008087478561578 ) ) ;
#3137 = LINE ( 'NONE', #2547, #3328 ) ;
#3138 = CARTESIAN_POINT ( 'NONE',  ( -44.09508619825694353, -111.1056675736192432, -50.40000000000030411 ) ) ;
#3139 = AXIS2_PLACEMENT_3D ( 'NONE', #1720, #2039, #2948 ) ;
#3140 = VERTEX_POINT ( 'NONE', #831 ) ;
#3141 = CARTESIAN_POINT ( 'NONE',  ( -134.6038991730418957, -58.55181861121726428, 24.08304498269879090 ) ) ;
#3142 = VECTOR ( 'NONE', #444, 1000.000000000000114 ) ;
#3143 = DIRECTION ( 'NONE',  ( -0.7073221891495840019, 0.000000000000000000, 0.7068913075831674275 ) ) ;
#3144 = CARTESIAN_POINT ( 'NONE',  ( -17.49999999999994671, 51.99999999999998579, 37.90999999999965553 ) ) ;
#3145 = ADVANCED_FACE ( 'NONE', ( #274 ), #1106, .T. ) ;
#3146 = CARTESIAN_POINT ( 'NONE',  ( -17.49999999999994671, -46.00000000000001421, 57.00000000000000000 ) ) ;
#3147 = B_SPLINE_CURVE_WITH_KNOTS ( 'NONE', 3,
 ( #2105, #1943, #3634, #2759, #1839, #2442, #1273, #2401 ),
 .UNSPECIFIED., .F., .F.,
 ( 4, 2, 2, 4 ),
 ( 3.883921509172530403E-16, 0.0007122908815109348568, 0.001424581763021481352, 0.002849163526042560683 ),
 .UNSPECIFIED. ) ;
#3148 = ORIENTED_EDGE ( 'NONE', *, *, #1346, .T. ) ;
#3149 = CARTESIAN_POINT ( 'NONE',  ( -24.32857469085904611, -62.00000000000001421, 53.00000000000000711 ) ) ;
#3150 = CARTESIAN_POINT ( 'NONE',  ( -17.49999999999994316, 59.99390086057059790, -0.2955936160506572596 ) ) ;
#3151 = CARTESIAN_POINT ( 'NONE',  ( -139.3843798012380262, -67.74225902628954543, 4.999999999999627853 ) ) ;
#3152 = CARTESIAN_POINT ( 'NONE',  ( -21.82847397737767636, -93.10584323043481447, 24.08304498270767979 ) ) ;
#3153 = CARTESIAN_POINT ( 'NONE',  ( -18.49999999999994671, -58.00000000000000711, 0.000000000000000000 ) ) ;
#3154 = CARTESIAN_POINT ( 'NONE',  ( -72.79999999999995453, 28.63652454169243811, -40.60000000000000853 ) ) ;
#3155 = CARTESIAN_POINT ( 'NONE',  ( -57.83667127133368524, -102.6071194442701398, 56.70400000000490337 ) ) ;
#3156 = CARTESIAN_POINT ( 'NONE',  ( -22.49999999999995737, -63.47220050804645552, -18.85395997752788233 ) ) ;
#3157 = CARTESIAN_POINT ( 'NONE',  ( -81.20545197878942645, 3.460531211828406839, 62.77718522897758646 ) ) ;
#3158 = CARTESIAN_POINT ( 'NONE',  ( -199.4221373744012453, -56.71387147154693054, 59.99999999999998579 ) ) ;
#3159 = CARTESIAN_POINT ( 'NONE',  ( -66.03589326290573069, -128.8421184173060965, -59.09311614065263996 ) ) ;
#3160 = ORIENTED_EDGE ( 'NONE', *, *, #2219, .T. ) ;
#3161 = CARTESIAN_POINT ( 'NONE',  ( -138.8121788659978790, -58.43249115278540984, 9.997633136094638218 ) ) ;
#3162 = CARTESIAN_POINT ( 'NONE',  ( -102.1841789037489718, -1.574377145520781340, 60.80119381013513191 ) ) ;
#3163 = CARTESIAN_POINT ( 'NONE',  ( -81.13564058080298480, -6.679075635628287877, 62.77779446381808981 ) ) ;
#3164 = EDGE_CURVE ( 'NONE', #3758, #972, #2060, .T. ) ;
#3165 = ORIENTED_EDGE ( 'NONE', *, *, #3703, .F. ) ;
#3166 = CARTESIAN_POINT ( 'NONE',  ( -27.17331169069207419, -64.10702012513831960, 49.80008907291560405 ) ) ;
#3167 = LINE ( 'NONE', #1349, #2577 ) ;
#3168 = CARTESIAN_POINT ( 'NONE',  ( -135.8934467749402870, -185.3133804030556178, -9.997633136101134355 ) ) ;
#3169 = CARTESIAN_POINT ( 'NONE',  ( -20.04929066971587304, -91.66759179396024138, 19.54082840237520102 ) ) ;
#3170 = DIRECTION ( 'NONE',  ( 0.000000000000000000, 1.000000000000000000, -1.042804293372779061E-14 ) ) ;
#3171 = DIRECTION ( 'NONE',  ( 0.000000000000000000, 0.000000000000000000, -1.000000000000000000 ) ) ;
#3172 = CARTESIAN_POINT ( 'NONE',  ( -68.74814799610889793, -61.73301450544649782, 59.09311614065356366 ) ) ;
#3173 = VERTEX_POINT ( 'NONE', #1692 ) ;
#3174 = ORIENTED_EDGE ( 'NONE', *, *, #3577, .F. ) ;
#3175 = CARTESIAN_POINT ( 'NONE',  ( -37.36851144271621905, -62.14522386301396750, 42.70746172830610021 ) ) ;
#3176 = CARTESIAN_POINT ( 'NONE',  ( -22.49999999999989697, -61.09138851529640846, 18.98006074148312550 ) ) ;
#3177 =( BOUNDED_CURVE ( )  B_SPLINE_CURVE ( 3, ( #2648, #1165, #14, #1184 ),
 .UNSPECIFIED., .F., .F. ) 
 B_SPLINE_CURVE_WITH_KNOTS ( ( 4, 4 ),
 ( 0.1525699440815732610, 0.2099247696894778747 ),
 .UNSPECIFIED. ) 
 CURVE ( )  GEOMETRIC_REPRESENTATION_ITEM ( )  RATIONAL_B_SPLINE_CURVE ( ( 0.5759409263701419368, 0.5461378124172365789, 0.5251069011856996926, 0.5128481926755311671 ) ) 
 REPRESENTATION_ITEM ( '' )  );
#3178 = ORIENTED_EDGE ( 'NONE', *, *, #373, .F. ) ;
#3179 = CARTESIAN_POINT ( 'NONE',  ( -107.0902414241813432, -129.7296592555538552, 52.35702562807631466 ) ) ;
#3180 = CARTESIAN_POINT ( 'NONE',  ( -34.95496643453186181, -58.40203728472859979, -40.60000000000002274 ) ) ;
#3181 = CARTESIAN_POINT ( 'NONE',  ( -51.66356703679226570, 59.80637240619346073, 8.000000000000000000 ) ) ;
#3182 = CARTESIAN_POINT ( 'NONE',  ( -101.1453269523797616, -31.00000000000000000, -53.54091132389897467 ) ) ;
#3183 = B_SPLINE_CURVE_WITH_KNOTS ( 'NONE', 3,
 ( #111, #90, #1630, #3095, #2148, #144, #165, #1257, #3075, #1878, #2449, #2524, #3656, #3349, #3711, #1044, #2486, #410, #1860, #1025, #720, #3403, #736, #988, #390, #3056, #1572, #1278, #3672, #1005 ),
 .UNSPECIFIED., .F., .F.,
 ( 4, 2, 2, 2, 2, 2, 2, 2, 2, 2, 2, 2, 2, 2, 4 ),
 ( 0.000000000000000000, 0.005368247069267100338, 0.008052370603900640966, 0.009394432371217412148, 0.01073649413853418159, 0.01610474120780125071, 0.01878886474243479654, 0.02147298827706833890, 0.02684123534633543751, 0.02952535888096899375, 0.03086742064828575799, 0.03220948241560252223, 0.03757772948486957226, 0.04026185301950309381, 0.04294597655413660148 ),
 .UNSPECIFIED. ) ;
#3184 = ORIENTED_EDGE ( 'NONE', *, *, #2760, .T. ) ;
#3185 = CARTESIAN_POINT ( 'NONE',  ( -37.18186138511291006, -61.99999999999521805, 48.07965035547374555 ) ) ;
#3186 = CARTESIAN_POINT ( 'NONE',  ( -19.58905892805232796, -44.29968013370193347, -40.60000000000000142 ) ) ;
#3187 = EDGE_CURVE ( 'NONE', #3467, #1167, #2772, .T. ) ;
#3188 = CARTESIAN_POINT ( 'NONE',  ( -137.7981443703163791, -106.9170123466742126, -9.997633136097050510 ) ) ;
#3189 = CARTESIAN_POINT ( 'NONE',  ( -17.63528139312198206, -89.71616144116956093, 9.997633136103461382 ) ) ;
#3190 = LINE ( 'NONE', #3153, #1511 ) ;
#3191 = CARTESIAN_POINT ( 'NONE',  ( -35.35381370155372593, -61.89200750602755363, -40.60000000000095355 ) ) ;
#3192 = CARTESIAN_POINT ( 'NONE',  ( -22.49999999999986144, -60.97497593347183198, 19.05053195319285919 ) ) ;
#3193 = AXIS2_PLACEMENT_3D ( 'NONE', #2976, #3517, #2047 ) ;
#3194 = CARTESIAN_POINT ( 'NONE',  ( -39.82050807570290374, -62.00000000000000000, 44.99275894678353183 ) ) ;
#3195 = CARTESIAN_POINT ( 'NONE',  ( -22.49999999999995737, -61.46630841071545603, 18.82096159443936756 ) ) ;
#3196 = VECTOR ( 'NONE', #2629, 1000.000000000000000 ) ;
#3197 = VERTEX_POINT ( 'NONE', #89 ) ;
#3198 = CARTESIAN_POINT ( 'NONE',  ( -76.04279797094793025, -88.78970266664425992, 60.00000000000214584 ) ) ;
#3199 = CARTESIAN_POINT ( 'NONE',  ( -122.2999999999998977, -26.98291610033335175, -35.36666310585516726 ) ) ;
#3200 = CARTESIAN_POINT ( 'NONE',  ( -25.61660539723374086, -64.58732678559411511, 49.96135085048997126 ) ) ;
#3201 = VECTOR ( 'NONE', #1365, 1000.000000000000000 ) ;
#3202 = VECTOR ( 'NONE', #542, 1000.000000000000000 ) ;
#3203 = ADVANCED_FACE ( 'NONE', ( #2977 ), #1256, .F. ) ;
#3204 = ORIENTED_EDGE ( 'NONE', *, *, #3661, .T. ) ;
#3205 = CARTESIAN_POINT ( 'NONE',  ( -90.43765209669200544, -148.5679468601639144, -58.49600000000393862 ) ) ;
#3206 = CARTESIAN_POINT ( 'NONE',  ( -17.51022075291819746, -58.82675991083588229, -11.75949538321639487 ) ) ;
#3207 = CARTESIAN_POINT ( 'NONE',  ( -130.1974734143350361, -64.25668583966186986, -32.38754325259537836 ) ) ;
#3208 = DIRECTION ( 'NONE',  ( 1.000000000000000000, 0.000000000000000000, 0.000000000000000000 ) ) ;
#3209 = CARTESIAN_POINT ( 'NONE',  ( -26.23988798845516612, -96.67193027218056045, 32.38754325260764233 ) ) ;
#3210 = CARTESIAN_POINT ( 'NONE',  ( -22.39541351931527302, -58.54771099684500513, 21.51578988796482506 ) ) ;
#3211 = CYLINDRICAL_SURFACE ( 'NONE', #3263, 2.999999999999997335 ) ;
#3212 = EDGE_CURVE ( 'NONE', #2790, #2474, #678, .T. ) ;
#3213 = CARTESIAN_POINT ( 'NONE',  ( -22.49999999999994316, -62.83107978376466463, -18.70659106953753437 ) ) ;
#3214 = CARTESIAN_POINT ( 'NONE',  ( -43.79999999999994742, -31.00000000000000000, 56.07443270202220020 ) ) ;
#3215 = CARTESIAN_POINT ( 'NONE',  ( -74.34593566085095517, -63.40849659371311731, -59.84493695669176816 ) ) ;
#3216 = ORIENTED_EDGE ( 'NONE', *, *, #993, .F. ) ;
#3217 = CARTESIAN_POINT ( 'NONE',  ( -82.79427841149983180, -116.3505636484742496, 59.84493695669768698 ) ) ;
#3218 = CARTESIAN_POINT ( 'NONE',  ( -122.2999999999999972, -6.554765657461617323, -20.11495130232114192 ) ) ;
#3219 = DIRECTION ( 'NONE',  ( 0.000000000000000000, 0.000000000000000000, -1.000000000000000000 ) ) ;
#3220 = CARTESIAN_POINT ( 'NONE',  ( -45.79683637183122613, -79.91147682152021048, 50.40000000000303260 ) ) ;
#3221 = ORIENTED_EDGE ( 'NONE', *, *, #590, .T. ) ;
#3222 = CARTESIAN_POINT ( 'NONE',  ( -82.79427841149102107, -116.3505636484722601, -59.84493695669455349 ) ) ;
#3223 = CARTESIAN_POINT ( 'NONE',  ( -18.06501437185341175, -58.09953990016121139, -15.00072136770526576 ) ) ;
#3224 = CARTESIAN_POINT ( 'NONE',  ( -134.6426010999949199, -61.29900137304137786, 24.08304498269890814 ) ) ;
#3225 = CARTESIAN_POINT ( 'NONE',  ( -196.8332200749122762, -30.49166285340336557, -59.99999999999998579 ) ) ;
#3226 = CARTESIAN_POINT ( 'NONE',  ( -50.00478624928656046, -61.85646746332625412, -52.35702562807747995 ) ) ;
#3227 = CARTESIAN_POINT ( 'NONE',  ( -22.49999999848191479, -61.73056969535324612, -18.75405147059747790 ) ) ;
#3228 = CARTESIAN_POINT ( 'NONE',  ( -17.49999999999994671, -62.00000000000001421, 50.00000000000000000 ) ) ;
#3229 = CARTESIAN_POINT ( 'NONE',  ( -17.49999999999994671, 44.16583406004269108, -40.60000000000000853 ) ) ;
#3230 = CARTESIAN_POINT ( 'NONE',  ( -37.84810729292808418, -62.09150965385035192, 43.17613192450095738 ) ) ;
#3231 = CARTESIAN_POINT ( 'NONE',  ( -22.49999999999993605, -61.21120753311444673, 18.91638998863218646 ) ) ;
#3232 = EDGE_CURVE ( 'NONE', #3467, #1475, #3300, .T. ) ;
#3233 = ORIENTED_EDGE ( 'NONE', *, *, #61, .T. ) ;
#3234 = CARTESIAN_POINT ( 'NONE',  ( -93.23541217422678073, -61.57172939373579368, 58.49600000000036459 ) ) ;
#3235 = FACE_OUTER_BOUND ( 'NONE', #3009, .T. ) ;
#3236 = PLANE ( 'NONE',  #1324 ) ;
#3237 = ORIENTED_EDGE ( 'NONE', *, *, #668, .T. ) ;
#3238 = CARTESIAN_POINT ( 'NONE',  ( -70.67110154410950429, 29.93553142562487679, -40.60000000000001563 ) ) ;
#3239 = DIRECTION ( 'NONE',  ( 0.000000000000000000, 1.000000000000000000, 0.000000000000000000 ) ) ;
#3240 = CARTESIAN_POINT ( 'NONE',  ( -68.66127848647383303, -65.12808129297583548, 59.09311614065321550 ) ) ;
#3241 = CARTESIAN_POINT ( 'NONE',  ( -118.6947951103141747, -61.40404143190118447, 45.60000000000012221 ) ) ;
#3242 = ORIENTED_EDGE ( 'NONE', *, *, #1516, .T. ) ;
#3243 = CARTESIAN_POINT ( 'NONE',  ( -17.49999999999995737, 44.89625932514935869, -39.80502824482145741 ) ) ;
#3244 = CARTESIAN_POINT ( 'NONE',  ( -46.73045892162528503, -61.87803378633301321, -50.40000000000012648 ) ) ;
#3245 = CARTESIAN_POINT ( 'NONE',  ( -81.24033907091050821, 0.000000000000000000, 62.77596694487537832 ) ) ;
#3246 = EDGE_CURVE ( 'NONE', #3771, #1475, #1533, .T. ) ;
#3247 = CARTESIAN_POINT ( 'NONE',  ( -17.85461359974915041, -52.99290319881518485, 28.10549833105035233 ) ) ;
#3248 = CARTESIAN_POINT ( 'NONE',  ( -17.49999999999995026, -55.17620460656242187, -23.55673212212067114 ) ) ;
#3249 = CARTESIAN_POINT ( 'NONE',  ( -46.10200122895015085, -6.621766851905132256, 60.00000000000001421 ) ) ;
#3250 = ORIENTED_EDGE ( 'NONE', *, *, #2445, .F. ) ;
#3251 = CARTESIAN_POINT ( 'NONE',  ( -90.28027615239101067, -61.59119336651515653, 59.09311614065339313 ) ) ;
#3252 = UNCERTAINTY_MEASURE_WITH_UNIT (LENGTH_MEASURE( 1.000000000000000082E-05 ), #944, 'distance_accuracy_value', 'NONE');
#3253 = CARTESIAN_POINT ( 'NONE',  ( -122.2999999999999119, -2.574602490937594634, 13.47695336627780804 ) ) ;
#3254 = CARTESIAN_POINT ( 'NONE',  ( -24.97404777487336247, -64.79218381133588878, 50.00000000000000711 ) ) ;
#3255 = CARTESIAN_POINT ( 'NONE',  ( -22.59222318677072039, -62.62253896167453604, 19.54082840236714347 ) ) ;
#3256 = AXIS2_PLACEMENT_3D ( 'NONE', #778, #1674, #3482 ) ;
#3257 = EDGE_CURVE ( 'NONE', #3618, #1809, #887, .T. ) ;
#3258 = VERTEX_POINT ( 'NONE', #661 ) ;
#3259 = CARTESIAN_POINT ( 'NONE',  ( -90.28027615239163595, -61.59119336651521337, -59.09311614065332208 ) ) ;
#3260 = AXIS2_PLACEMENT_3D ( 'NONE', #281, #3829, #1749 ) ;
#3261 = CARTESIAN_POINT ( 'NONE',  ( -17.71345774754630042, -58.37917340764345653, -13.78588802418298620 ) ) ;
#3262 = CARTESIAN_POINT ( 'NONE',  ( -56.41939493333946842, -60.76877158497045173, 55.50814291124822120 ) ) ;
#3263 = AXIS2_PLACEMENT_3D ( 'NONE', #218, #345, #1989 ) ;
#3264 = CARTESIAN_POINT ( 'NONE',  ( -110.3567421559986599, -131.5284282761014367, 50.40000000000208757 ) ) ;
#3265 = ORIENTED_EDGE ( 'NONE', *, *, #419, .F. ) ;
#3266 = CARTESIAN_POINT ( 'NONE',  ( -199.4221373744026664, -56.71387147154671737, -60.00000000000000711 ) ) ;
#3267 = CARTESIAN_POINT ( 'NONE',  ( -37.21203847487537075, -61.94072676395185084, -42.75473822480780228 ) ) ;
#3268 = CARTESIAN_POINT ( 'NONE',  ( -22.49999999999994671, -59.28029201101234946, -20.71329138776708589 ) ) ;
#3269 = FACE_OUTER_BOUND ( 'NONE', #120, .T. ) ;
#3270 = DIRECTION ( 'NONE',  ( 0.000000000000000000, -1.000000000000000000, 0.000000000000000000 ) ) ;
#3271 = DIRECTION ( 'NONE',  ( 0.000000000000000000, 0.000000000000000000, 1.000000000000000000 ) ) ;
#3272 = CARTESIAN_POINT ( 'NONE',  ( -9.541440813713995439, 119.8434326089733446, -59.99999999999999289 ) ) ;
#3273 = ORIENTED_EDGE ( 'NONE', *, *, #276, .T. ) ;
#3274 = CARTESIAN_POINT ( 'NONE',  ( -59.56688870358191679, -64.79192025327951399, 56.70400000000017116 ) ) ;
#3275 = CARTESIAN_POINT ( 'NONE',  ( -122.2999999999998977, -11.19625406528271228, 25.17329477237811375 ) ) ;
#3276 = CARTESIAN_POINT ( 'NONE',  ( -17.49999999999994671, -58.91595811052254561, 11.30558068216883427 ) ) ;
#3277 = CARTESIAN_POINT ( 'NONE',  ( -20.17793724569303038, -62.05292169514763856, 9.997633136094963291 ) ) ;
#3278 = ORIENTED_EDGE ( 'NONE', *, *, #1115, .F. ) ;
#3279 = CARTESIAN_POINT ( 'NONE',  ( -79.47034971041435369, -60.11515251763957224, -59.99999999999964473 ) ) ;
#3280 = CARTESIAN_POINT ( 'NONE',  ( -17.60463154669305297, -58.53673676650264213, -13.11644701690998360 ) ) ;
#3281 = CARTESIAN_POINT ( 'NONE',  ( -78.64711936630781963, 58.86408599522593477, 8.000000000000000000 ) ) ;
#3282 = ADVANCED_FACE ( 'NONE', ( #2070 ), #602, .F. ) ;
#3283 = CARTESIAN_POINT ( 'NONE',  ( -93.14395827591340549, -66.03304834288715597, 58.49599999999995248 ) ) ;
#3284 = EDGE_LOOP ( 'NONE', ( #1341, #2419, #3830, #994 ) ) ;
#3285 = FACE_OUTER_BOUND ( 'NONE', #1126, .T. ) ;
#3286 = CARTESIAN_POINT ( 'NONE',  ( -44.09508619825694353, -111.1056675736192432, -50.40000000000030411 ) ) ;
#3287 = CARTESIAN_POINT ( 'NONE',  ( -17.49999999999994316, -57.67162644525808446, 16.79316796444186721 ) ) ;
#3288 = CARTESIAN_POINT ( 'NONE',  ( -141.4999999999999716, 57.66982458302326364, 27.68809977245043186 ) ) ;
#3289 = CARTESIAN_POINT ( 'NONE',  ( -13.97404113372461509, -0.07467300649677158231, -60.00000000000000000 ) ) ;
#3290 = LINE ( 'NONE', #1494, #3757 ) ;
#3291 = CARTESIAN_POINT ( 'NONE',  ( -195.7374733421641224, -25.18769437672934686, -59.99999999999999289 ) ) ;
#3292 = ORIENTED_EDGE ( 'NONE', *, *, #334, .F. ) ;
#3293 = CARTESIAN_POINT ( 'NONE',  ( -44.94596128505384058, -95.50857219757173766, 50.40000000000581082 ) ) ;
#3294 = CARTESIAN_POINT ( 'NONE',  ( -94.39248655670164112, -26.50445508774212655, -55.60000000000000142 ) ) ;
#3295 = CARTESIAN_POINT ( 'NONE',  ( -17.95009930974248391, -58.16352415077950866, 14.65950367393235965 ) ) ;
#3296 = CARTESIAN_POINT ( 'NONE',  ( -28.81269494015807098, -61.99604895308821995, 32.38754325259548494 ) ) ;
#3297 = ORIENTED_EDGE ( 'NONE', *, *, #1037, .F. ) ;
#3298 = CARTESIAN_POINT ( 'NONE',  ( -101.5574323795459577, -96.27912190342377130, -55.50814291125024624 ) ) ;
#3299 = CARTESIAN_POINT ( 'NONE',  ( -81.13564058080298480, 3.530321344586743404, 62.77779446381808981 ) ) ;
#3300 = B_SPLINE_CURVE_WITH_KNOTS ( 'NONE', 3,
 ( #3055, #389, #1571, #110, #1277, #1536, #313, #3596, #30, #3575, #2723, #1784, #2466, #2426 ),
 .UNSPECIFIED., .F., .F.,
 ( 4, 2, 2, 2, 2, 2, 4 ),
 ( 0.0003017279121264928861, 0.0009416296011433512771, 0.001581531290160209614, 0.001901482134668644854, 0.002221432979177080311, 0.002861334668193936046, 0.005420941424261349444 ),
 .UNSPECIFIED. ) ;
#3301 = CARTESIAN_POINT ( 'NONE',  ( -22.49999999999994671, -72.00000000000001421, -20.93274699105998948 ) ) ;
#3302 = CARTESIAN_POINT ( 'NONE',  ( -117.6684282905270322, -101.0082511069621489, 45.60000000000017195 ) ) ;
#3303 = ORIENTED_EDGE ( 'NONE', *, *, #1683, .T. ) ;
#3304 = CARTESIAN_POINT ( 'NONE',  ( 40.42943360687198862, -65.35021398252969504, 60.00000000000001421 ) ) ;
#3305 = CARTESIAN_POINT ( 'NONE',  ( -44.94596128504062449, -95.50857219756902339, -50.40000000000014069 ) ) ;
#3306 = EDGE_CURVE ( 'NONE', #870, #570, #3290, .T. ) ;
#3307 = DIRECTION ( 'NONE',  ( 0.000000000000000000, 0.000000000000000000, -1.000000000000000000 ) ) ;
#3308 = CARTESIAN_POINT ( 'NONE',  ( -17.49999999999994671, 61.99999999999998579, 52.00561989167004384 ) ) ;
#3309 = EDGE_CURVE ( 'NONE', #3, #1791, #2996, .T. ) ;
#3310 = CARTESIAN_POINT ( 'NONE',  ( -70.68066756288284580, -29.48790767679455271, -60.00000000000000711 ) ) ;
#3311 = CARTESIAN_POINT ( 'NONE',  ( -17.49999999999995737, -31.42600750978258262, 51.12961971164877895 ) ) ;
#3312 = CARTESIAN_POINT ( 'NONE',  ( -55.68217797572571470, -12.71270627533271380, 59.99999999999999289 ) ) ;
#3313 = EDGE_LOOP ( 'NONE', ( #1181, #1918, #282 ) ) ;
#3314 = CARTESIAN_POINT ( 'NONE',  ( -48.21246201687684874, -97.30734121811978810, 52.35702562808059923 ) ) ;
#3315 = DIRECTION ( 'NONE',  ( -0.000000000000000000, 0.000000000000000000, -1.000000000000000000 ) ) ;
#3316 = CARTESIAN_POINT ( 'NONE',  ( -18.19955858667163895, -58.04398642820684984, 15.56266475716981112 ) ) ;
#3317 = CARTESIAN_POINT ( 'NONE',  ( -24.37747373935680884, -62.64965066496749557, 24.08304498269924565 ) ) ;
#3318 = ORIENTED_EDGE ( 'NONE', *, *, #2906, .T. ) ;
#3319 = CARTESIAN_POINT ( 'NONE',  ( -124.6605347780016473, -176.2329490917551595, -36.14937136424444475 ) ) ;
#3320 = CARTESIAN_POINT ( 'NONE',  ( -17.49999999999993605, 59.30641662301016481, 58.84050122333710675 ) ) ;
#3321 = CARTESIAN_POINT ( 'NONE',  ( -141.5000000000000284, 57.66982458302326364, 57.66982458302329206 ) ) ;
#3322 = EDGE_CURVE ( 'NONE', #1104, #2084, #2406, .T. ) ;
#3323 = AXIS2_PLACEMENT_3D ( 'NONE', #1469, #2662, #1449 ) ;
#3324 = CARTESIAN_POINT ( 'NONE',  ( -106.1707480339392191, -161.2862248108156109, 52.35702562807590255 ) ) ;
#3325 = ORIENTED_EDGE ( 'NONE', *, *, #619, .T. ) ;
#3326 = CARTESIAN_POINT ( 'NONE',  ( -77.65135172051436996, -113.5185002368348961, -60.00000000000360956 ) ) ;
#3327 = LINE ( 'NONE', #659, #33 ) ;
#3328 = VECTOR ( 'NONE', #1615, 1000.000000000000114 ) ;
#3329 = VECTOR ( 'NONE', #2503, 1000.000000000000000 ) ;
#3330 = CARTESIAN_POINT ( 'NONE',  ( -46.10200122895015085, -6.621766851905132256, 60.00000000000001421 ) ) ;
#3331 = DIRECTION ( 'NONE',  ( 0.9993908270190956511, -0.000000000000000000, 0.03489949670250092062 ) ) ;
#3332 = CARTESIAN_POINT ( 'NONE',  ( 36.78506813792122188, -83.25588115048446980, -59.99999999999995026 ) ) ;
#3333 = EDGE_CURVE ( 'NONE', #3555, #1167, #2842, .T. ) ;
#3334 = EDGE_LOOP ( 'NONE', ( #295, #3318, #3030, #17, #2255, #2304 ) ) ;
#3335 = CARTESIAN_POINT ( 'NONE',  ( -37.72059295227933973, -105.9526717983102913, 45.60000000000892584 ) ) ;
#3336 = LINE ( 'NONE', #1748, #3561 ) ;
#3337 = CARTESIAN_POINT ( 'NONE',  ( -18.22210023672072410, -53.00000000000001421, 28.10549833112544604 ) ) ;
#3338 = CARTESIAN_POINT ( 'NONE',  ( -18.45690786841015552, -80.92180409880488412, -9.997633136087948458 ) ) ;
#3339 = VERTEX_POINT ( 'NONE', #3130 ) ;
#3340 = CARTESIAN_POINT ( 'NONE',  ( -125.6004667388600211, -139.9227137175035693, -36.14937136424084940 ) ) ;
#3341 = CARTESIAN_POINT ( 'NONE',  ( -17.49999999999994316, 60.98934582709233609, 56.43562265433971703 ) ) ;
#3342 = CARTESIAN_POINT ( 'NONE',  ( -4.751854132991709001, 52.45126679307799833, 62.44517506326896950 ) ) ;
#3343 = VERTEX_POINT ( 'NONE', #2523 ) ;
#3344 = CARTESIAN_POINT ( 'NONE',  ( 39.29980196164922290, -73.74153775340475647, -59.99999999999999289 ) ) ;
#3345 = CARTESIAN_POINT ( 'NONE',  ( -67.78615007861741049, -86.36609366775256547, -59.09311614065296681 ) ) ;
#3346 = PLANE ( 'NONE',  #100 ) ;
#3347 = CARTESIAN_POINT ( 'NONE',  ( -70.68066756288415320, -29.48790767680116787, 60.00000000000000711 ) ) ;
#3348 = CARTESIAN_POINT ( 'NONE',  ( -17.49999999999993960, -10.70938070402396569, 59.11258794170502995 ) ) ;
#3349 = CARTESIAN_POINT ( 'NONE',  ( -141.4999999999999432, 49.00287376005007900, 48.79699153827206715 ) ) ;
#3350 = VERTEX_POINT ( 'NONE', #2821 ) ;
#3351 = DIRECTION ( 'NONE',  ( 0.000000000000000000, -1.000000000000000000, 0.000000000000000000 ) ) ;
#3352 = FACE_OUTER_BOUND ( 'NONE', #1056, .T. ) ;
#3353 = CARTESIAN_POINT ( 'NONE',  ( -35.45029263506534534, -90.27957762531076469, -42.75473822481006181 ) ) ;
#3354 = EDGE_CURVE ( 'NONE', #2930, #3662, #2221, .T. ) ;
#3355 = ORIENTED_EDGE ( 'NONE', *, *, #2468, .T. ) ;
#3356 = CARTESIAN_POINT ( 'NONE',  ( -138.8121788659981632, -58.43249115278542405, -9.997633136094613349 ) ) ;
#3357 = CARTESIAN_POINT ( 'NONE',  ( -17.49999999999994671, -63.98115810071546150, -40.60000000000000853 ) ) ;
#3358 = CARTESIAN_POINT ( 'NONE',  ( -158.4391368501653119, 57.07829688968944026, 27.09657207911659071 ) ) ;
#3359 = ORIENTED_EDGE ( 'NONE', *, *, #2857, .T. ) ;
#3360 = CARTESIAN_POINT ( 'NONE',  ( -17.49999999999994671, -59.00000000000001421, 62.00000000000000000 ) ) ;
#3361 = CARTESIAN_POINT ( 'NONE',  ( -68.70327784671802362, -60.42045715848826859, -59.09311614065281759 ) ) ;
#3362 = FACE_OUTER_BOUND ( 'NONE', #564, .T. ) ;
#3363 = CARTESIAN_POINT ( 'NONE',  ( -99.37636886232881750, -61.53128204615768482, -56.70400000000032037 ) ) ;
#3364 = CARTESIAN_POINT ( 'NONE',  ( 36.78506813792122188, -83.25588115048446980, -59.99999999999995026 ) ) ;
#3365 = CARTESIAN_POINT ( 'NONE',  ( -72.79999999999999716, 4.406509229216560186, -54.84952857370965518 ) ) ;
#3366 = CARTESIAN_POINT ( 'NONE',  ( -17.49999999999994671, -62.00000000000001421, 62.00000000000000000 ) ) ;
#3367 = ORIENTED_EDGE ( 'NONE', *, *, #491, .F. ) ;
#3368 = DIRECTION ( 'NONE',  ( -1.000000000000000000, 0.000000000000000000, 0.000000000000000000 ) ) ;
#3369 = CARTESIAN_POINT ( 'NONE',  ( -17.98546517601763028, -58.14252965310136290, 14.98243929413452413 ) ) ;
#3370 = CARTESIAN_POINT ( 'NONE',  ( -31.37032332642943189, -63.74967476355168827, -36.14937136423315422 ) ) ;
#3371 = ORIENTED_EDGE ( 'NONE', *, *, #3024, .T. ) ;
#3372 = CARTESIAN_POINT ( 'NONE',  ( -128.2316774636155117, -141.3716466052624696, -32.38754325259623101 ) ) ;
#3373 = CARTESIAN_POINT ( 'NONE',  ( -17.49999999999993605, 54.60682202123320650, 61.66145554313096966 ) ) ;
#3374 = CARTESIAN_POINT ( 'NONE',  ( -33.89851833742231690, -64.03551613749593230, -39.10751411035358416 ) ) ;
#3375 = EDGE_CURVE ( 'NONE', #23, #3376, #2240, .T. ) ;
#3376 = VERTEX_POINT ( 'NONE', #1004 ) ;
#3377 = VECTOR ( 'NONE', #864, 1000.000000000000000 ) ;
#3378 = CARTESIAN_POINT ( 'NONE',  ( -25.73886222449536731, -62.00000000000001421, 52.94350817716469493 ) ) ;
#3379 = CARTESIAN_POINT ( 'NONE',  ( -17.49999999999995026, 45.98545071033597509, 38.54108676267222222 ) ) ;
#3380 = FILL_AREA_STYLE ('',( #3613 ) ) ;
#3381 = CARTESIAN_POINT ( 'NONE',  ( -88.39168177026755302, -119.4328944311441205, -59.09311614065627083 ) ) ;
#3382 = CARTESIAN_POINT ( 'NONE',  ( 32.22930144478402070, -92.43852706129476360, 60.00000000000000711 ) ) ;
#3383 = VECTOR ( 'NONE', #2349, 999.9999999999998863 ) ;
#3384 = CARTESIAN_POINT ( 'NONE',  ( -51.66356703679226570, 59.80637240619346073, 8.000000000000000000 ) ) ;
#3385 = CARTESIAN_POINT ( 'NONE',  ( -49.35126795608375971, 47.09149108367996917, 63.88955784658219272 ) ) ;
#3386 = VECTOR ( 'NONE', #1859, 1000.000000000000114 ) ;
#3387 = ORIENTED_EDGE ( 'NONE', *, *, #1775, .F. ) ;
#3388 = PLANE ( 'NONE',  #2696 ) ;
#3389 = CARTESIAN_POINT ( 'NONE',  ( -22.30140991472912049, -72.00000000000002842, 48.02254089990702113 ) ) ;
#3390 = CARTESIAN_POINT ( 'NONE',  ( -29.70223670217430367, -87.11428675617176509, -36.14937136423380792 ) ) ;
#3391 = ORIENTED_EDGE ( 'NONE', *, *, #2320, .T. ) ;
#3392 = CARTESIAN_POINT ( 'NONE',  ( -133.5956814938804200, -105.6834455314654804, 24.08304498269746929 ) ) ;
#3393 = FACE_OUTER_BOUND ( 'NONE', #3695, .T. ) ;
#3394 = DIRECTION ( 'NONE',  ( 0.000000000000000000, 0.000000000000000000, 1.000000000000000000 ) ) ;
#3395 = ORIENTED_EDGE ( 'NONE', *, *, #1662, .F. ) ;
#3396 = CARTESIAN_POINT ( 'NONE',  ( -76.97135413408119575, -60.18601253943318596, -59.99999999999960920 ) ) ;
#3397 = EDGE_CURVE ( 'NONE', #680, #1167, #3799, .T. ) ;
#3398 = CARTESIAN_POINT ( 'NONE',  ( -22.49999999999996447, -61.21125260945624547, -18.91636567864033580 ) ) ;
#3399 = CARTESIAN_POINT ( 'NONE',  ( -127.5782140542798544, -61.34553088509914431, -36.14937136423372266 ) ) ;
#3400 = CARTESIAN_POINT ( 'NONE',  ( -56.97156255520956591, -121.5147190397654668, 56.70400000000726948 ) ) ;
#3401 = CARTESIAN_POINT ( 'NONE',  ( -119.9859146340626666, -31.00000000000001066, 39.64305821849816169 ) ) ;
#3402 = CARTESIAN_POINT ( 'NONE',  ( -72.79999999999995453, 1.960802204827610806, -55.59999999999999432 ) ) ;
#3403 = CARTESIAN_POINT ( 'NONE',  ( -141.5000000000000284, 55.41947803816747609, 39.09778611505156221 ) ) ;
#3404 = VERTEX_POINT ( 'NONE', #3417 ) ;
#3405 = PLANE ( 'NONE',  #2635 ) ;
#3406 = CARTESIAN_POINT ( 'NONE',  ( 39.64755442112624451, -72.05783497662588388, 60.00000000000000711 ) ) ;
#3407 = CARTESIAN_POINT ( 'NONE',  ( -56.41939493334079714, -60.76877158497050857, -55.50814291124824962 ) ) ;
#3408 = VERTEX_POINT ( 'NONE', #164 ) ;
#3409 = CARTESIAN_POINT ( 'NONE',  ( -137.4782854439414166, -146.4634905525606996, -5.000000000002485123 ) ) ;
#3410 = ADVANCED_FACE ( 'NONE', ( #1310 ), #1593, .T. ) ;
#3411 = VERTEX_POINT ( 'NONE', #1610 ) ;
#3412 = CARTESIAN_POINT ( 'NONE',  ( -17.49999999999994671, -62.00000000000001421, 57.00000000000000000 ) ) ;
#3413 = CARTESIAN_POINT ( 'NONE',  ( -124.6605347780016473, -176.2329490917551595, -36.14937136424444475 ) ) ;
#3414 = ADVANCED_FACE ( 'NONE', ( #1933 ), #143, .T. ) ;
#3415 = CARTESIAN_POINT ( 'NONE',  ( -28.81269494015807098, -61.99604895308821995, 32.38754325259548494 ) ) ;
#3416 = CARTESIAN_POINT ( 'NONE',  ( -57.83152522592185107, -30.99999999999996447, 59.01423072689395610 ) ) ;
#3417 = CARTESIAN_POINT ( 'NONE',  ( -81.24033907091049400, -6.574377145520770682, 62.77596694487537832 ) ) ;
#3418 = CARTESIAN_POINT ( 'NONE',  ( -24.87397826302582260, -0.1650926711519140333, -60.00000000000000000 ) ) ;
#3419 = EDGE_CURVE ( 'NONE', #3339, #3555, #1376, .T. ) ;
#3420 = ORIENTED_EDGE ( 'NONE', *, *, #2517, .T. ) ;
#3421 = ORIENTED_EDGE ( 'NONE', *, *, #419, .T. ) ;
#3422 = CARTESIAN_POINT ( 'NONE',  ( -51.15391577023012815, 6.425622854479229318, 60.82477936489309656 ) ) ;
#3423 = CARTESIAN_POINT ( 'NONE',  ( -19.94040957859332863, -72.00000000000002842, 49.93028002270150267 ) ) ;
#3424 = CARTESIAN_POINT ( 'NONE',  ( -65.70669571109337426, -65.01886938966492835, -58.49599999999999511 ) ) ;
#3425 = VERTEX_POINT ( 'NONE', #696 ) ;
#3426 = CARTESIAN_POINT ( 'NONE',  ( -127.5782140542793570, -61.34553088509913010, 36.14937136423352371 ) ) ;
#3427 = CARTESIAN_POINT ( 'NONE',  ( -35.22595729721320623, -59.93945214788476505, -40.60000002924778073 ) ) ;
#3428 = CARTESIAN_POINT ( 'NONE',  ( -17.49999999999994671, 58.99999999999998579, 37.90999999999964842 ) ) ;
#3429 = LINE ( 'NONE', #3453, #1581 ) ;
#3430 = ORIENTED_EDGE ( 'NONE', *, *, #522, .F. ) ;
#3431 = PRODUCT ( 'Baffle', 'Baffle', '', ( #1345 ) ) ;
#3432 = CARTESIAN_POINT ( 'NONE',  ( -34.18535960502792648, -55.49599386199714246, -40.59999999999998721 ) ) ;
#3433 = EDGE_CURVE ( 'NONE', #680, #3020, #2110, .T. ) ;
#3434 = CARTESIAN_POINT ( 'NONE',  ( -17.49999999999994316, 36.69461374984941671, 47.51225412449258556 ) ) ;
#3435 = CARTESIAN_POINT ( 'NONE',  ( -118.5985748278897915, -66.97394163748478491, -45.60000000000017195 ) ) ;
#3436 = CARTESIAN_POINT ( 'NONE',  ( -21.69788050165390203, -72.83760773172929248, -19.54082840236637963 ) ) ;
#3437 = CARTESIAN_POINT ( 'NONE',  ( -77.52106046188606570, -46.08740875771894707, -60.00000000000000000 ) ) ;
#3438 = CARTESIAN_POINT ( 'NONE',  ( -72.79999999999994031, 13.90433017475989708, -50.82145591078826641 ) ) ;
#3439 = CARTESIAN_POINT ( 'NONE',  ( -59.60633367325682030, -60.67840465887254453, 56.70399999999963114 ) ) ;
#3440 = VECTOR ( 'NONE', #846, 1000.000000000000000 ) ;
#3441 = VECTOR ( 'NONE', #2123, 1000.000000000000000 ) ;
#3442 = AXIS2_PLACEMENT_3D ( 'NONE', #3122, #231, #2191 ) ;
#3443 = CARTESIAN_POINT ( 'NONE',  ( -29.45578702626450607, -59.53805409459073417, -34.48992968480516197 ) ) ;
#3444 = CARTESIAN_POINT ( 'NONE',  ( -82.79427841149102107, -116.3505636484722601, -59.84493695669455349 ) ) ;
#3445 = CARTESIAN_POINT ( 'NONE',  ( -79.47034971041482265, -60.11515251763993462, -60.00000000000000000 ) ) ;
#3446 = CARTESIAN_POINT ( 'NONE',  ( -78.53833935700879465, -89.52222955155546913, -60.00000000000181188 ) ) ;
#3447 = EDGE_CURVE ( 'NONE', #2176, #3618, #182, .T. ) ;
#3448 =( BOUNDED_CURVE ( )  B_SPLINE_CURVE ( 3, ( #563, #1976, #1728, #2923 ),
 .UNSPECIFIED., .F., .F. ) 
 B_SPLINE_CURVE_WITH_KNOTS ( ( 4, 4 ),
 ( 3.141592653589794448, 4.712388980384689674 ),
 .UNSPECIFIED. ) 
 CURVE ( )  GEOMETRIC_REPRESENTATION_ITEM ( )  RATIONAL_B_SPLINE_CURVE ( ( 1.000000000000000000, 0.8047378541243652705, 0.8047378541243652705, 1.000000000000000000 ) ) 
 REPRESENTATION_ITEM ( '' )  );
#3449 = ORIENTED_EDGE ( 'NONE', *, *, #3024, .F. ) ;
#3450 = CARTESIAN_POINT ( 'NONE',  ( -138.4313326225896503, -107.1028747894251580, -5.000000000001423750 ) ) ;
#3451 = CARTESIAN_POINT ( 'NONE',  ( -100.4712576612419497, -1.574377145520781340, 62.10440846966783823 ) ) ;
#3452 = CARTESIAN_POINT ( 'NONE',  ( -17.49999999999994671, -72.00000000000001421, 50.00000000000000000 ) ) ;
#3453 = CARTESIAN_POINT ( 'NONE',  ( -8.491086501036862799, 18.72964453634669724, 56.99999999999916866 ) ) ;
#3454 = ORIENTED_EDGE ( 'NONE', *, *, #1641, .T. ) ;
#3455 = CARTESIAN_POINT ( 'NONE',  ( -27.30379304102394045, -62.00000000000250822, 50.44988771684102602 ) ) ;
#3456 = CARTESIAN_POINT ( 'NONE',  ( -78.19711487130794580, 22.42562285447950998, 61.59055301189122389 ) ) ;
#3457 = CARTESIAN_POINT ( 'NONE',  ( -137.7981443703176865, -106.9170123466738858, 9.997633136092280992 ) ) ;
#3458 = CARTESIAN_POINT ( 'NONE',  ( -28.76408652834722446, -61.55294894600532984, 32.38754325259493072 ) ) ;
#3459 = DIRECTION ( 'NONE',  ( -0.000000000000000000, -0.000000000000000000, -1.000000000000000000 ) ) ;
#3460 = CARTESIAN_POINT ( 'NONE',  ( -51.66356703679226570, 59.80637240619346073, -8.000000000000000000 ) ) ;
#3461 = CARTESIAN_POINT ( 'NONE',  ( -76.92703312651455860, -65.43361302627546650, 60.00000000000002842 ) ) ;
#3462 = CARTESIAN_POINT ( 'NONE',  ( -18.49999999999997158, -58.00000000000002842, -15.90491809182565142 ) ) ;
#3463 = CARTESIAN_POINT ( 'NONE',  ( -78.53833935700879465, -89.52222955155546913, -60.00000000000181188 ) ) ;
#3464 = CARTESIAN_POINT ( 'NONE',  ( -79.47034971041482265, -60.11515251763993462, -60.00000000000000000 ) ) ;
#3465 = LINE ( 'NONE', #850, #886 ) ;
#3466 = EDGE_CURVE ( 'NONE', #2726, #2450, #1925, .T. ) ;
#3467 = VERTEX_POINT ( 'NONE', #719 ) ;
#3468 = CARTESIAN_POINT ( 'NONE',  ( -99.33436574756940729, -59.55190037640661416, 56.70399999999961693 ) ) ;
#3469 = CARTESIAN_POINT ( 'NONE',  ( -72.79999999999995453, 28.63652454169243811, -40.60000000000000853 ) ) ;
#3470 =( BOUNDED_CURVE ( )  B_SPLINE_CURVE ( 3, ( #1052, #2230, #3427, #2889, #3180 ),
 .UNSPECIFIED., .F., .F. ) 
 B_SPLINE_CURVE_WITH_KNOTS ( ( 4, 1, 4 ),
 ( 0.000000000000000000, 0.001495094347642276708, 0.002990188695284550814 ),
 .UNSPECIFIED. ) 
 CURVE ( )  GEOMETRIC_REPRESENTATION_ITEM ( )  RATIONAL_B_SPLINE_CURVE ( ( 0.5759408223361085488, 0.5759408223361085488, 0.5759408223361085488, 0.5759408223361085488, 0.5759408223361085488 ) ) 
 REPRESENTATION_ITEM ( '' )  );
#3471 = CARTESIAN_POINT ( 'NONE',  ( -17.49999999999994671, 33.15729685942604021, 49.99999999999986500 ) ) ;
#3472 = VERTEX_POINT ( 'NONE', #3301 ) ;
#3473 = CARTESIAN_POINT ( 'NONE',  ( -31.25423925888684806, -62.00000000000247269, 49.97999838209850765 ) ) ;
#3474 = PLANE ( 'NONE',  #1704 ) ;
#3475 = CARTESIAN_POINT ( 'NONE',  ( -136.3894839830018100, -58.50118763781888731, -19.54082840236673491 ) ) ;
#3476 = CARTESIAN_POINT ( 'NONE',  ( -17.63528139311421228, -89.71616144117304259, -9.997633136084825622 ) ) ;
#3477 = CARTESIAN_POINT ( 'NONE',  ( -117.4582527823799154, -31.00000000000000000, 42.20469535160879104 ) ) ;
#3478 = DIRECTION ( 'NONE',  ( -0.000000000000000000, -0.000000000000000000, 1.000000000000000000 ) ) ;
#3479 = ORIENTED_EDGE ( 'NONE', *, *, #822, .T. ) ;
#3480 = LINE ( 'NONE', #2622, #2882 ) ;
#3481 = CARTESIAN_POINT ( 'NONE',  ( -29.10484445542315157, -65.10757392753298234, 32.79454105604197167 ) ) ;
#3482 = DIRECTION ( 'NONE',  ( 0.000000000000000000, 0.000000000000000000, 1.000000000000000000 ) ) ;
#3483 = ORIENTED_EDGE ( 'NONE', *, *, #1254, .F. ) ;
#3484 = CARTESIAN_POINT ( 'NONE',  ( -99.28376528342539586, -66.25999747927251349, 56.70399999999996510 ) ) ;
#3485 = DIRECTION ( 'NONE',  ( 0.000000000000000000, 0.000000000000000000, 1.000000000000000000 ) ) ;
#3486 = CARTESIAN_POINT ( 'NONE',  ( -39.82050807568870709, -62.00000000000001421, 47.00000000000000000 ) ) ;
#3487 = CARTESIAN_POINT ( 'NONE',  ( -35.45029263507967698, -90.27957762531107733, 42.75473822481273345 ) ) ;
#3488 = CARTESIAN_POINT ( 'NONE',  ( -118.7464168292177504, -30.99999999999998934, -41.00067063458204331 ) ) ;
#3489 = ORIENTED_EDGE ( 'NONE', *, *, #451, .F. ) ;
#3490 = CARTESIAN_POINT ( 'NONE',  ( -43.79999999999995453, -59.60369832330395212, 48.29640039567139809 ) ) ;
#3491 = EDGE_CURVE ( 'NONE', #3020, #1961, #791, .T. ) ;
#3492 = CARTESIAN_POINT ( 'NONE',  ( -138.7504931680044251, -67.71882831848351714, -9.997633136095009476 ) ) ;
#3493 = DIRECTION ( 'NONE',  ( -0.000000000000000000, 1.000000000000000000, -0.000000000000000000 ) ) ;
#3494 = CARTESIAN_POINT ( 'NONE',  ( -20.16998182668916328, -62.58575359899071344, -9.997633136094458806 ) ) ;
#3495 = CARTESIAN_POINT ( 'NONE',  ( -22.49587404425588488, -58.88906769118042916, 21.24022760404213628 ) ) ;
#3496 = CARTESIAN_POINT ( 'NONE',  ( -141.4999999999999716, 31.60000000000000142, -62.00000000000000000 ) ) ;
#3497 = ORIENTED_EDGE ( 'NONE', *, *, #286, .F. ) ;
#3498 = AXIS2_PLACEMENT_3D ( 'NONE', #2272, #1696, #1979 ) ;
#3499 = CARTESIAN_POINT ( 'NONE',  ( -125.4997936957109346, 31.59999999999999787, 58.11937049316384218 ) ) ;
#3500 = CARTESIAN_POINT ( 'NONE',  ( -22.49999999999994671, -46.00000000000001421, 39.41960072964307926 ) ) ;
#3501 = AXIS2_PLACEMENT_3D ( 'NONE', #3675, #2471, #665 ) ;
#3502 = VERTEX_POINT ( 'NONE', #3460 ) ;
#3503 = CARTESIAN_POINT ( 'NONE',  ( -96.55716561287225375, -153.5148228044832308, 56.70400000000314833 ) ) ;
#3504 = CARTESIAN_POINT ( 'NONE',  ( -122.2999999999999545, -12.48027029009753086, -26.35226406956653022 ) ) ;
#3505 = CARTESIAN_POINT ( 'NONE',  ( -17.49999999999994671, 52.00561989167001542, 62.00000000000000000 ) ) ;
#3506 = CARTESIAN_POINT ( 'NONE',  ( -29.70223670218629408, -87.11428675617186457, 36.14937136423633746 ) ) ;
#3507 = VECTOR ( 'NONE', #495, 1000.000000000000000 ) ;
#3508 = VECTOR ( 'NONE', #125, 1000.000000000000000 ) ;
#3509 = EDGE_LOOP ( 'NONE', ( #3497, #1855, #3250, #1357, #2292, #367, #1599 ) ) ;
#3510 = LINE ( 'NONE', #2330, #1140 ) ;
#3511 = CARTESIAN_POINT ( 'NONE',  ( -17.98413098209756811, -58.14333242718178951, -14.96964912728157948 ) ) ;
#3512 = CARTESIAN_POINT ( 'NONE',  ( -134.6038991730418957, -58.55181861121726428, 24.08304498269879090 ) ) ;
#3513 = CARTESIAN_POINT ( 'NONE',  ( -78.21883569025744976, -49.46461606506705522, -60.00000000000000000 ) ) ;
#3514 = CARTESIAN_POINT ( 'NONE',  ( -47.35798013412012608, -113.7433170334238071, -52.35702562808233296 ) ) ;
#3515 = EDGE_CURVE ( 'NONE', #3666, #1480, #1396, .T. ) ;
#3516 = CARTESIAN_POINT ( 'NONE',  ( -21.49999999998880540, -58.00000000000006395, 20.62547930682388753 ) ) ;
#3517 = DIRECTION ( 'NONE',  ( -0.7066760308408380764, -0.02467767077833617553, 0.7071067811865440200 ) ) ;
#3518 = CARTESIAN_POINT ( 'NONE',  ( -43.79999999999994031, -52.19628425898014967, 49.44955221220890706 ) ) ;
#3519 = CARTESIAN_POINT ( 'NONE',  ( -22.49999999999995381, -61.66378547041330194, 18.76888303452482631 ) ) ;
#3520 = VERTEX_POINT ( 'NONE', #20 ) ;
#3521 = CARTESIAN_POINT ( 'NONE',  ( -102.4698091419292609, -66.37776500865714979, 55.50814291124838462 ) ) ;
#3522 = CARTESIAN_POINT ( 'NONE',  ( -122.2999999999998977, 0.1440665606667902443, -4.413561228651307289 ) ) ;
#3523 = FACE_OUTER_BOUND ( 'NONE', #2386, .T. ) ;
#3524 = CARTESIAN_POINT ( 'NONE',  ( -37.20248853432212854, -62.84441772180722552, 42.75473822480779518 ) ) ;
#3525 = ORIENTED_EDGE ( 'NONE', *, *, #3066, .F. ) ;
#3526 = CARTESIAN_POINT ( 'NONE',  ( -78.13746809974570340, -25.57437714552101937, 59.88249295392556348 ) ) ;
#3527 = CARTESIAN_POINT ( 'NONE',  ( -18.08535444344235898, -58.09001606280760654, -14.99346899293594504 ) ) ;
#3528 = CARTESIAN_POINT ( 'NONE',  ( -73.38973396313105013, -88.01093749610025441, 59.84493695669284818 ) ) ;
#3529 = ADVANCED_FACE ( 'NONE', ( #2900 ), #3786, .T. ) ;
#3530 = CARTESIAN_POINT ( 'NONE',  ( -139.4653688107059963, -64.39743271117106360, 4.999999999999667821 ) ) ;
#3531 = PLANE ( 'NONE',  #1939 ) ;
#3532 = CARTESIAN_POINT ( 'NONE',  ( -58.70177998744949122, -83.69951984877096152, -56.70400000000029195 ) ) ;
#3533 = CARTESIAN_POINT ( 'NONE',  ( -54.15208825128741665, 3.530321344586729193, 63.72008087478561578 ) ) ;
#3534 = DIRECTION ( 'NONE',  ( 0.000000000000000000, 1.000000000000000000, 0.000000000000000000 ) ) ;
#3535 = CARTESIAN_POINT ( 'NONE',  ( -17.49999999999994671, -44.16883431169772223, -40.60000000000000853 ) ) ;
#3536 = CARTESIAN_POINT ( 'NONE',  ( -18.54817214578362794, -119.9875471423228390, 60.00000000000001421 ) ) ;
#3537 = EDGE_CURVE ( 'NONE', #492, #2042, #1504, .T. ) ;
#3538 = ORIENTED_EDGE ( 'NONE', *, *, #255, .T. ) ;
#3539 = CARTESIAN_POINT ( 'NONE',  ( -93.22061801941114823, -63.69513691269411737, 58.49599999999981037 ) ) ;
#3540 = DIRECTION ( 'NONE',  ( -0.000000000000000000, 1.000000000000000000, 0.000000000000000000 ) ) ;
#3541 = FACE_OUTER_BOUND ( 'NONE', #3623, .T. ) ;
#3542 = EDGE_LOOP ( 'NONE', ( #3449, #3057, #737, #2627 ) ) ;
#3543 = CARTESIAN_POINT ( 'NONE',  ( -98.37489872656583145, -95.34493925433943673, -56.70400000000179119 ) ) ;
#3544 = LINE ( 'NONE', #877, #1264 ) ;
#3545 = CARTESIAN_POINT ( 'NONE',  ( -56.38084484507782435, -64.67415272389490610, 55.50814291124876831 ) ) ;
#3546 = CARTESIAN_POINT ( 'NONE',  ( -125.6004667388622664, -139.9227137175006135, 36.14937136423214525 ) ) ;
#3547 = ORIENTED_EDGE ( 'NONE', *, *, #2328, .F. ) ;
#3548 = DIRECTION ( 'NONE',  ( 0.000000000000000000, -0.000000000000000000, 1.000000000000000000 ) ) ;
#3549 = CARTESIAN_POINT ( 'NONE',  ( -28.76408652834795632, -61.55294894600534406, -32.38754325259489519 ) ) ;
#3550 = CARTESIAN_POINT ( 'NONE',  ( -21.99340704343184782, -58.12790305209387753, 21.36294522865490819 ) ) ;
#3551 = CARTESIAN_POINT ( 'NONE',  ( -78.68201886301032744, 59.86347682224502620, 8.000000000000000000 ) ) ;
#3552 = CARTESIAN_POINT ( 'NONE',  ( -35.06851818971955481, -62.55219664347609410, 40.32423251126833463 ) ) ;
#3553 = CARTESIAN_POINT ( 'NONE',  ( -9.541440813713995439, 119.8434326089733446, 59.99999999999998579 ) ) ;
#3554 = VECTOR ( 'NONE', #826, 1000.000000000000000 ) ;
#3555 = VERTEX_POINT ( 'NONE', #632 ) ;
#3556 = CARTESIAN_POINT ( 'NONE',  ( -46.73045892162476633, -61.87803378633304163, 50.40000000000031122 ) ) ;
#3557 = CARTESIAN_POINT ( 'NONE',  ( -122.2999999999999545, -0.4178930777633677596, 7.379498744944906541 ) ) ;
#3558 = CARTESIAN_POINT ( 'NONE',  ( -26.90069192698054934, -64.18958322534720651, 49.83666396365239137 ) ) ;
#3559 = CARTESIAN_POINT ( 'NONE',  ( -18.64534609143246158, -71.94158431368882134, 5.000000000003547385 ) ) ;
#3560 = EDGE_CURVE ( 'NONE', #851, #673, #44, .T. ) ;
#3561 = VECTOR ( 'NONE', #2709, 1000.000000000000000 ) ;
#3562 = ORIENTED_EDGE ( 'NONE', *, *, #2171, .T. ) ;
#3563 = CARTESIAN_POINT ( 'NONE',  ( -78.64711936630781963, 58.86408599522593477, -24.00000000000025224 ) ) ;
#3564 = VECTOR ( 'NONE', #3239, 1000.000000000000000 ) ;
#3565 = CARTESIAN_POINT ( 'NONE',  ( -18.08451020655066444, -58.09037236944251248, -15.00369314782894570 ) ) ;
#3566 = CARTESIAN_POINT ( 'NONE',  ( -78.64711936630781963, 58.86408599522593477, 24.00000000000025224 ) ) ;
#3567 = CARTESIAN_POINT ( 'NONE',  ( -54.65764782387623200, -100.8565216754756193, 55.50814291125383448 ) ) ;
#3568 = CARTESIAN_POINT ( 'NONE',  ( -93.23541217422678073, -61.57172939373579368, 58.49600000000036459 ) ) ;
#3569 = ORIENTED_EDGE ( 'NONE', *, *, #1016, .T. ) ;
#3570 = CARTESIAN_POINT ( 'NONE',  ( -122.2999999999999545, 31.60000000000000142, 58.26606225008043793 ) ) ;
#3571 = CARTESIAN_POINT ( 'NONE',  ( -31.40184857390734763, -61.47815414532427525, -36.14937136423321817 ) ) ;
#3572 = CARTESIAN_POINT ( 'NONE',  ( -22.49999999999995381, -59.00000000000000711, 21.09685175975630855 ) ) ;
#3573 = CARTESIAN_POINT ( 'NONE',  ( -81.20545197878941224, -18.41601268815420767, 62.77718522897757225 ) ) ;
#3574 = DIRECTION ( 'NONE',  ( 0.000000000000000000, 1.000000000000000000, 0.000000000000000000 ) ) ;
#3575 = CARTESIAN_POINT ( 'NONE',  ( -19.61495334290630410, -46.00000000000000711, 38.69822032050635130 ) ) ;
#3576 = CARTESIAN_POINT ( 'NONE',  ( 36.78506813787333840, -83.25588115047713700, 60.00000000000005684 ) ) ;
#3577 = EDGE_CURVE ( 'NONE', #2407, #95, #2295, .T. ) ;
#3578 = ORIENTED_EDGE ( 'NONE', *, *, #3706, .T. ) ;
#3579 = CARTESIAN_POINT ( 'NONE',  ( -63.09107607137169538, -126.4615949840643339, 58.49600000000481259 ) ) ;
#3580 = DIRECTION ( 'NONE',  ( 1.000000000000000000, 0.000000000000000000, 1.010028224731765219E-16 ) ) ;
#3581 = CARTESIAN_POINT ( 'NONE',  ( -17.99630100456375459, -58.13609175898194792, 14.94661847911979180 ) ) ;
#3582 = CARTESIAN_POINT ( 'NONE',  ( -20.12852055482949254, -61.79781388249377017, -9.997633136094588480 ) ) ;
#3583 = ADVANCED_FACE ( 'NONE', ( #612 ), #3211, .T. ) ;
#3584 = ORIENTED_EDGE ( 'NONE', *, *, #3375, .F. ) ;
#3585 = CARTESIAN_POINT ( 'NONE',  ( -121.7989161221139369, -64.12914116921449192, -42.75473822480769570 ) ) ;
#3586 = CARTESIAN_POINT ( 'NONE',  ( -22.49999999999994671, -61.73056963236760453, 18.75405125479667845 ) ) ;
#3587 = DIRECTION ( 'NONE',  ( 1.000000000000000000, 0.000000000000000000, 1.010028224731765219E-16 ) ) ;
#3588 = EDGE_CURVE ( 'NONE', #3376, #851, #918, .T. ) ;
#3589 = CARTESIAN_POINT ( 'NONE',  ( -130.1974734143348940, -64.25668583966178460, 32.38754325259480282 ) ) ;
#3590 = ORIENTED_EDGE ( 'NONE', *, *, #752, .T. ) ;
#3591 = CYLINDRICAL_SURFACE ( 'NONE', #652, 3.000000000000002665 ) ;
#3592 = CARTESIAN_POINT ( 'NONE',  ( -49.06694389960071589, -80.87136540282241981, -52.35702562807890104 ) ) ;
#3593 = CARTESIAN_POINT ( 'NONE',  ( -22.49999999999994671, 18.72964453634669724, 56.99999999999916866 ) ) ;
#3594 = DIRECTION ( 'NONE',  ( -1.000000000000000000, 0.000000000000000000, 0.000000000000000000 ) ) ;
#3595 = DIRECTION ( 'NONE',  ( -0.000000000000000000, -0.000000000000000000, -1.000000000000000000 ) ) ;
#3596 = CARTESIAN_POINT ( 'NONE',  ( -19.20009209228724600, -46.00000000000002132, 38.60543221886112519 ) ) ;
#3597 = CARTESIAN_POINT ( 'NONE',  ( 39.29980196164388673, -73.74153775341349615, 60.00000000000001421 ) ) ;
#3598 = ORIENTED_EDGE ( 'NONE', *, *, #2731, .F. ) ;
#3599 = CARTESIAN_POINT ( 'NONE',  ( -75.15856281538130190, -112.1457923070130676, 60.00000000000427036 ) ) ;
#3600 = CARTESIAN_POINT ( 'NONE',  ( -75.54121246820119495, -0.4091532250172110752, -55.60000000000000853 ) ) ;
#3601 = DIRECTION ( 'NONE',  ( 1.000000000000000000, -0.000000000000000000, 0.000000000000000000 ) ) ;
#3602 = CARTESIAN_POINT ( 'NONE',  ( -22.55121543782608740, -61.72911739746023585, -19.54082840236673491 ) ) ;
#3603 = EDGE_CURVE ( 'NONE', #2768, #870, #1483, .T. ) ;
#3604 = EDGE_LOOP ( 'NONE', ( #2265, #1595, #2097, #2131 ) ) ;
#3605 = CARTESIAN_POINT ( 'NONE',  ( -133.5956814938765547, -105.6834455314666030, -24.08304498270241112 ) ) ;
#3606 = CARTESIAN_POINT ( 'NONE',  ( -22.49999999999997158, -70.28881862384987755, 20.54588972764592469 ) ) ;
#3607 = CARTESIAN_POINT ( 'NONE',  ( -8.885187466325032091, 52.30692761251210499, 62.30083588270308326 ) ) ;
#3608 = CARTESIAN_POINT ( 'NONE',  ( -93.19283421917315025, -59.72604596596647042, 58.49599999999975353 ) ) ;
#3609 = ORIENTED_EDGE ( 'NONE', *, *, #2445, .T. ) ;
#3610 = CARTESIAN_POINT ( 'NONE',  ( -66.91102167076157059, -107.6041060425293381, -59.09311614065280338 ) ) ;
#3611 = LINE ( 'NONE', #943, #580 ) ;
#3612 = ADVANCED_FACE ( 'NONE', ( #1416 ), #3747, .F. ) ;
#3613 = FILL_AREA_STYLE_COLOUR ( '', #1199 ) ;
#3614 = B_SPLINE_CURVE_WITH_KNOTS ( 'NONE', 3,
 ( #1189, #3798, #555, #284, #1737, #2693, #2673, #1152, #2331, #1132, #3511, #2395, #1503, #1754, #821, #2914, #2022, #1482, #2654, #3223, #1212, #3565, #3527, #898, #2932, #19, #250, #267, #2080, #1442, #2002, #2636, #3261, #3280, #2370, #3206, #3817, #2968 ),
 .UNSPECIFIED., .F., .F.,
 ( 4, 2, 2, 2, 2, 2, 2, 2, 2, 2, 2, 2, 2, 2, 2, 2, 2, 2, 4 ),
 ( 1.471961680016038988E-17, 0.0003465031060566822751, 0.0006930062121133498051, 0.001039509318170017335, 0.001082822206427100668, 0.001104478650555644178, 0.001115306872619913547, 0.001126135094684182700, 0.001169447982941292921, 0.001212760871198403142, 0.001234417315326959445, 0.001256073759455515748, 0.001299386647712623367, 0.001386012424226837738, 0.001732515530283699557, 0.002079018636340561593, 0.002772024848454287399, 0.004158037272681749420, 0.005544049696909211442 ),
 .UNSPECIFIED. ) ;
#3615 = CARTESIAN_POINT ( 'NONE',  ( 39.29980196164388673, -73.74153775341349615, 60.00000000000001421 ) ) ;
#3616 = CARTESIAN_POINT ( 'NONE',  ( -22.49999999999994671, -46.00000000000001421, 39.41960072964307926 ) ) ;
#3617 = CARTESIAN_POINT ( 'NONE',  ( -75.53563748228104657, -39.32194659011334892, -60.00000000000000711 ) ) ;
#3618 = VERTEX_POINT ( 'NONE', #2262 ) ;
#3619 = CARTESIAN_POINT ( 'NONE',  ( -65.70669571109391427, -65.01886938966498519, 58.49600000000015143 ) ) ;
#3620 = CARTESIAN_POINT ( 'NONE',  ( -122.2999999999999545, -17.48931298989931094, 30.22324510075754844 ) ) ;
#3621 = CARTESIAN_POINT ( 'NONE',  ( -18.56736955678145762, -53.00000000000001421, 28.21824813928366638 ) ) ;
#3622 = CARTESIAN_POINT ( 'NONE',  ( -24.33680024778550788, -61.67848642406188020, -24.08304498269885841 ) ) ;
#3623 = EDGE_LOOP ( 'NONE', ( #3775, #902, #1116, #3273, #3184, #2512, #553 ) ) ;
#3624 = CARTESIAN_POINT ( 'NONE',  ( -116.7382817531511279, -135.0425605764440320, -45.60000000000278675 ) ) ;
#3625 = CARTESIAN_POINT ( 'NONE',  ( -22.49999999999993250, -66.02614534333525853, 19.51241024147523007 ) ) ;
#3626 = VECTOR ( 'NONE', #3773, 1000.000000000000000 ) ;
#3627 = CARTESIAN_POINT ( 'NONE',  ( -144.9370415993168706, 27.56807563502709257, 57.54980044559999186 ) ) ;
#3628 = VECTOR ( 'NONE', #2243, 1000.000000000000000 ) ;
#3629 = VECTOR ( 'NONE', #1169, 1000.000000000000000 ) ;
#3630 = ORIENTED_EDGE ( 'NONE', *, *, #3795, .T. ) ;
#3631 = CARTESIAN_POINT ( 'NONE',  ( 39.64755442113979456, -72.05783497661239778, -59.99999999999998579 ) ) ;
#3632 = PRODUCT_RELATED_PRODUCT_CATEGORY ( 'part', '', ( #3431 ) ) ;
#3633 = CARTESIAN_POINT ( 'NONE',  ( -74.27432765980509544, -135.5018819473783935, -59.99999999999729283 ) ) ;
#3634 = CARTESIAN_POINT ( 'NONE',  ( -22.49999999999994671, -60.58043498141420713, 19.32162666839635889 ) ) ;
#3635 = ADVANCED_FACE ( 'NONE', ( #2604, #1812 ), #1688, .T. ) ;
#3636 = AXIS2_PLACEMENT_3D ( 'NONE', #3036, #3271, #331 ) ;
#3637 = CARTESIAN_POINT ( 'NONE',  ( -71.05513723354636113, 112.9162159235624188, -60.00000000000001421 ) ) ;
#3638 = CARTESIAN_POINT ( 'NONE',  ( -17.49999999999993960, 4.145855664175972954, 59.92975956824850670 ) ) ;
#3639 = DIRECTION ( 'NONE',  ( -0.000000000000000000, -0.000000000000000000, -1.000000000000000000 ) ) ;
#3640 = ORIENTED_EDGE ( 'NONE', *, *, #1180, .T. ) ;
#3641 = CARTESIAN_POINT ( 'NONE',  ( -141.4999999999999716, 57.66982458302325654, -51.99999999999999289 ) ) ;
#3642 = CARTESIAN_POINT ( 'NONE',  ( -18.75050441660556189, -53.00000000000001421, 28.31955422558435842 ) ) ;
#3643 = CARTESIAN_POINT ( 'NONE',  ( -38.56442168787872049, -91.99443989723418724, -45.59999999999916298 ) ) ;
#3644 = ORIENTED_EDGE ( 'NONE', *, *, #2737, .T. ) ;
#3645 = CARTESIAN_POINT ( 'NONE',  ( -134.6239309170794058, -64.32390822605422898, -24.08304498269900051 ) ) ;
#3646 = CARTESIAN_POINT ( 'NONE',  ( -17.49999999999993960, 57.01038123050562234, 60.66387197454140079 ) ) ;
#3647 = CARTESIAN_POINT ( 'NONE',  ( -149.4185207996583529, 57.39330374346277353, 27.41157893288992753 ) ) ;
#3648 = ORIENTED_EDGE ( 'NONE', *, *, #2965, .F. ) ;
#3649 = CARTESIAN_POINT ( 'NONE',  ( -81.13564058080298480, 0.000000000000000000, 59.77779446381808981 ) ) ;
#3650 = CARTESIAN_POINT ( 'NONE',  ( -68.66127848647323617, -65.12808129297580706, -59.09311614065313734 ) ) ;
#3651 = CARTESIAN_POINT ( 'NONE',  ( -22.47380550990957815, -58.76388480659391433, -21.36841752531122651 ) ) ;
#3652 = CARTESIAN_POINT ( 'NONE',  ( -22.49999999999995737, -60.97497593347078038, -19.05053195319856130 ) ) ;
#3653 = CARTESIAN_POINT ( 'NONE',  ( -111.2798423421930494, -99.13298228159015935, -50.40000000000224389 ) ) ;
#3654 = CARTESIAN_POINT ( 'NONE',  ( -18.65234975959985775, 0.09825394506723371391, 60.00000000000000000 ) ) ;
#3655 = DIRECTION ( 'NONE',  ( 0.000000000000000000, 1.000000000000000000, 0.000000000000000000 ) ) ;
#3656 = CARTESIAN_POINT ( 'NONE',  ( -141.5000000000000000, 47.69616257197092324, 50.03939465866846348 ) ) ;
#3657 = ORIENTED_EDGE ( 'NONE', *, *, #2309, .T. ) ;
#3658 = CARTESIAN_POINT ( 'NONE',  ( -17.49999999999995026, 18.72964453634670079, 56.99992531913073890 ) ) ;
#3659 = CARTESIAN_POINT ( 'NONE',  ( -18.06271087956457677, -58.10060594411030621, 14.92328758338111605 ) ) ;
#3660 = CARTESIAN_POINT ( 'NONE',  ( -68.70327784671802362, -60.42045715848826859, -59.09311614065281759 ) ) ;
#3661 = EDGE_CURVE ( 'NONE', #1045, #3704, #2300, .T. ) ;
#3662 = VERTEX_POINT ( 'NONE', #2371 ) ;
#3663 = CARTESIAN_POINT ( 'NONE',  ( -121.8163856736254331, -61.38348110800976798, -42.75473822480796571 ) ) ;
#3664 = CARTESIAN_POINT ( 'NONE',  ( -17.49999999999993960, 55.23196317157098179, 61.47108754832698452 ) ) ;
#3665 = CARTESIAN_POINT ( 'NONE',  ( -5.099999999999952571, 62.43301754169765161, 62.43301754169767293 ) ) ;
#3666 = VERTEX_POINT ( 'NONE', #1102 ) ;
#3667 = CARTESIAN_POINT ( 'NONE',  ( -19.92174775702202538, -57.99999999999997158, 17.74530107310526006 ) ) ;
#3668 = CARTESIAN_POINT ( 'NONE',  ( -51.15391577023012815, -9.574377145520770682, 60.82477936489309656 ) ) ;
#3669 = CARTESIAN_POINT ( 'NONE',  ( -118.9188257179776969, -171.5914817017137466, -42.75473822481249186 ) ) ;
#3670 = CARTESIAN_POINT ( 'NONE',  ( -24.87397826302582260, -0.1650926711519140333, -60.00000000000000000 ) ) ;
#3671 = CARTESIAN_POINT ( 'NONE',  ( -40.46173212201414060, -62.00000000000003553, 45.55875580712489636 ) ) ;
#3672 = CARTESIAN_POINT ( 'NONE',  ( -141.4999999999999147, 57.66982458302326364, 28.59569047828713551 ) ) ;
#3673 = ORIENTED_EDGE ( 'NONE', *, *, #3212, .F. ) ;
#3674 = B_SPLINE_CURVE_WITH_KNOTS ( 'NONE', 3,
 ( #1914, #1333, #3401, #3709, #3477, #749, #790, #1970, #734, #503, #2585, #2603, #1687, #1101, #809, #2820, #2201, #1988, #162, #2522, #1042, #1932, #1707, #2220, #3416, #462, #1651, #2841 ),
 .UNSPECIFIED., .F., .F.,
 ( 4, 2, 2, 2, 2, 2, 2, 2, 2, 2, 2, 2, 2, 4 ),
 ( 0.1658771570338379020, 0.1712364977673695721, 0.1739161681341354071, 0.1765958385009012421, 0.1873145199679646100, 0.1926738607014962801, 0.1980332014350279501, 0.2087518829020913458, 0.2114315532688572086, 0.2141112236356230714, 0.2194705643691547969, 0.2301892458362182481, 0.2409079273032817547, 0.2516266087703452059 ),
 .UNSPECIFIED. ) ;
#3675 = CARTESIAN_POINT ( 'NONE',  ( -17.49999999999994671, -63.98115810071546150, -40.60000000000000853 ) ) ;
#3676 = CARTESIAN_POINT ( 'NONE',  ( -28.06243308317777974, -65.81596153747057087, 31.23563757217777948 ) ) ;
#3677 = CARTESIAN_POINT ( 'NONE',  ( -40.28609907351177810, -61.22623765936332063, -45.59999999999977405 ) ) ;
#3678 = EDGE_CURVE ( 'NONE', #1233, #2154, #2281, .T. ) ;
#3679 = VERTEX_POINT ( 'NONE', #810 ) ;
#3680 = CARTESIAN_POINT ( 'NONE',  ( -136.5252382652805352, -185.8241063156957296, 4.999999999998220090 ) ) ;
#3681 = CARTESIAN_POINT ( 'NONE',  ( -17.49999999999994671, -62.00000000000001421, 53.00000000000000711 ) ) ;
#3682 = CARTESIAN_POINT ( 'NONE',  ( -58.83333333333317228, 60.55660819434110209, 60.55660819434108788 ) ) ;
#3683 = ORIENTED_EDGE ( 'NONE', *, *, #3187, .F. ) ;
#3684 = CARTESIAN_POINT ( 'NONE',  ( -29.26504043743530303, -61.99999999999754152, 50.32851388977596940 ) ) ;
#3685 = VECTOR ( 'NONE', #2878, 1000.000000000000000 ) ;
#3686 = CARTESIAN_POINT ( 'NONE',  ( -77.00217455811433354, -63.44883555944180387, -60.00000000000005684 ) ) ;
#3687 = CARTESIAN_POINT ( 'NONE',  ( -22.49999999999994316, -61.56468023775020271, -18.79331410998067753 ) ) ;
#3688 = AXIS2_PLACEMENT_3D ( 'NONE', #2287, #3485, #817 ) ;
#3689 = CARTESIAN_POINT ( 'NONE',  ( -110.3567421559880160, -131.5284282760968324, -50.40000000000436842 ) ) ;
#3690 = CARTESIAN_POINT ( 'NONE',  ( -68.74814799610889793, -61.73301450544649782, 59.09311614065356366 ) ) ;
#3691 = CARTESIAN_POINT ( 'NONE',  ( -18.54817214578362794, -119.9875471423228390, 60.00000000000001421 ) ) ;
#3692 = CARTESIAN_POINT ( 'NONE',  ( -22.49999999999995026, 18.72964453634669368, 56.95172226609762589 ) ) ;
#3693 = CARTESIAN_POINT ( 'NONE',  ( -70.68066756288284580, -29.48790767679455271, -60.00000000000000711 ) ) ;
#3694 =( BOUNDED_CURVE ( )  B_SPLINE_CURVE ( 3, ( #681, #1614, #146, #1314 ),
 .UNSPECIFIED., .F., .F. ) 
 B_SPLINE_CURVE_WITH_KNOTS ( ( 4, 4 ),
 ( 1.570796326794898112, 3.141592653589792672 ),
 .UNSPECIFIED. ) 
 CURVE ( )  GEOMETRIC_REPRESENTATION_ITEM ( )  RATIONAL_B_SPLINE_CURVE ( ( 1.000000000000000000, 0.8047378541243654926, 0.8047378541243654926, 1.000000000000000000 ) ) 
 REPRESENTATION_ITEM ( '' )  );
#3695 = EDGE_LOOP ( 'NONE', ( #1863, #2732, #403, #2213 ) ) ;
#3696 = CARTESIAN_POINT ( 'NONE',  ( -22.49999999999995737, -60.97497593347078038, -19.05053195319856130 ) ) ;
#3697 = CARTESIAN_POINT ( 'NONE',  ( -22.49999999999994671, -72.00000000000001421, 47.00000000000000000 ) ) ;
#3698 = CARTESIAN_POINT ( 'NONE',  ( -40.25207915911632028, -64.07797609506724257, -45.59999999999981668 ) ) ;
#3699 = ORIENTED_EDGE ( 'NONE', *, *, #439, .F. ) ;
#3700 = CARTESIAN_POINT ( 'NONE',  ( -138.7504931680043967, -67.71882831848351714, 9.997633136094300710 ) ) ;
#3701 = CARTESIAN_POINT ( 'NONE',  ( -81.20545197878942645, -6.609285502869951756, 62.77718522897758646 ) ) ;
#3702 = CARTESIAN_POINT ( 'NONE',  ( -22.49999999999994671, 33.03007000340350174, 49.99999999999986500 ) ) ;
#3703 = EDGE_CURVE ( 'NONE', #1045, #2392, #303, .T. ) ;
#3704 = VERTEX_POINT ( 'NONE', #3281 ) ;
#3705 = CARTESIAN_POINT ( 'NONE',  ( -17.49999999999993605, 59.50921139708697183, -7.841744089442645560 ) ) ;
#3706 = EDGE_CURVE ( 'NONE', #1233, #2786, #1794, .T. ) ;
#3707 = CARTESIAN_POINT ( 'NONE',  ( -102.4698091419288772, -66.37776500865723506, -55.50814291124861199 ) ) ;
#3708 = CARTESIAN_POINT ( 'NONE',  ( -22.60040536723204241, -62.03696613397286796, 19.54082840236710794 ) ) ;
#3709 = CARTESIAN_POINT ( 'NONE',  ( -118.1034213520894411, -31.00000000000000355, 41.57250134551736664 ) ) ;
#3710 = CARTESIAN_POINT ( 'NONE',  ( -20.83346950211000959, 18.72964453634669368, 56.98508405031493851 ) ) ;
#3711 = CARTESIAN_POINT ( 'NONE',  ( -141.5000000000000284, 49.63403469121686129, 48.13999947867959150 ) ) ;
#3712 = ORIENTED_EDGE ( 'NONE', *, *, #590, .F. ) ;
#3713 = CARTESIAN_POINT ( 'NONE',  ( -51.66356703679226570, 59.80637240619346073, 8.000000000000000000 ) ) ;
#3714 = FACE_OUTER_BOUND ( 'NONE', #2960, .T. ) ;
#3715 = CARTESIAN_POINT ( 'NONE',  ( -196.8332200749258334, -30.49166285338987947, 59.99999999999996447 ) ) ;
#3716 = CARTESIAN_POINT ( 'NONE',  ( -65.74786520165424974, -60.50425906931263853, -58.49599999999963273 ) ) ;
#3717 = ORIENTED_EDGE ( 'NONE', *, *, #3678, .F. ) ;
#3718 = CARTESIAN_POINT ( 'NONE',  ( -139.4653688107055416, -64.39743271117109202, -5.000000000000271783 ) ) ;
#3719 = ADVANCED_FACE ( 'NONE', ( #136 ), #1602, .F. ) ;
#3720 = DIRECTION ( 'NONE',  ( 0.000000000000000000, 1.000000000000000000, 0.000000000000000000 ) ) ;
#3721 = DIRECTION ( 'NONE',  ( 0.000000000000000000, 0.000000000000000000, -1.000000000000000000 ) ) ;
#3722 = ORIENTED_EDGE ( 'NONE', *, *, #3114, .F. ) ;
#3723 = CARTESIAN_POINT ( 'NONE',  ( -28.38354381653623548, -63.75369837444654308, 49.62125126366933614 ) ) ;
#3724 = CARTESIAN_POINT ( 'NONE',  ( -19.92026840790620312, -58.00000000000002132, -17.74283373761184635 ) ) ;
#3725 = CARTESIAN_POINT ( 'NONE',  ( -99.36099986721816890, -63.78838780709737932, -56.70399999999992957 ) ) ;
#3726 = CARTESIAN_POINT ( 'NONE',  ( -18.64534609143391464, -71.94158431368660445, -4.999999999999481304 ) ) ;
#3727 = EDGE_CURVE ( 'NONE', #3339, #570, #2755, .T. ) ;
#3728 = CARTESIAN_POINT ( 'NONE',  ( -78.21883569025744976, -49.46461606506705522, -60.00000000000000000 ) ) ;
#3729 = CARTESIAN_POINT ( 'NONE',  ( -22.49999999999995026, 18.72964453634669368, 56.95172226609762589 ) ) ;
#3730 = CARTESIAN_POINT ( 'NONE',  ( -65.70669571109391427, -65.01886938966498519, 58.49600000000015143 ) ) ;
#3731 = ORIENTED_EDGE ( 'NONE', *, *, #733, .F. ) ;
#3732 = DIRECTION ( 'NONE',  ( -0.9993908270190956511, -0.000000000000000000, -0.03489949670250104552 ) ) ;
#3733 = CARTESIAN_POINT ( 'NONE',  ( -84.57961109029672286, -65.71647956554571124, -59.84493695669194580 ) ) ;
#3734 = CARTESIAN_POINT ( 'NONE',  ( -79.42245555134975632, -58.42600649774720978, -60.00000000000000000 ) ) ;
#3735 = CARTESIAN_POINT ( 'NONE',  ( -66.91102167076157059, -107.6041060425293381, -59.09311614065280338 ) ) ;
#3736 = VERTEX_POINT ( 'NONE', #365 ) ;
#3737 = CARTESIAN_POINT ( 'NONE',  ( -130.1766128924794259, -58.67735608927384305, 32.38754325259495204 ) ) ;
#3738 = CARTESIAN_POINT ( 'NONE',  ( -122.2999999999999972, -15.84190220575509755, -29.07747159503331957 ) ) ;
#3739 = CARTESIAN_POINT ( 'NONE',  ( -39.82050807568870709, -82.00000000000001421, 47.00000000000000000 ) ) ;
#3740 = DIRECTION ( 'NONE',  ( -1.000000000000000000, 0.000000000000000000, 0.000000000000000000 ) ) ;
#3741 = EDGE_LOOP ( 'NONE', ( #1746, #2056, #669, #3047, #2893, #1544, #467 ) ) ;
#3742 = CARTESIAN_POINT ( 'NONE',  ( -30.58929261437211267, -62.00000000000239453, 50.11872598158858239 ) ) ;
#3743 = CARTESIAN_POINT ( 'NONE',  ( -43.79999999999994031, -56.57483615740260063, 48.62909051864668442 ) ) ;
#3744 = CARTESIAN_POINT ( 'NONE',  ( -130.2157292083423670, -61.32815891887333493, -32.38754325259532862 ) ) ;
#3745 = CARTESIAN_POINT ( 'NONE',  ( -22.65473559876038934, -83.23342840103978801, 24.08304498270494776 ) ) ;
#3746 = CARTESIAN_POINT ( 'NONE',  ( -102.6324992147661277, 58.02649807436591090, 5.582090318181364697E-15 ) ) ;
#3747 = PLANE ( 'NONE',  #2642 ) ;
#3748 = CARTESIAN_POINT ( 'NONE',  ( -90.18937550053345831, -65.92383643957630568, 59.09311614065313023 ) ) ;
#3749 = VECTOR ( 'NONE', #2508, 1000.000000000000000 ) ;
#3750 = ADVANCED_FACE ( 'NONE', ( #2495 ), #27, .T. ) ;
#3751 = B_SPLINE_CURVE_WITH_KNOTS ( 'NONE', 3,
 ( #3743, #2519, #2294, #3490, #1058, #3106 ),
 .UNSPECIFIED., .F., .F.,
 ( 4, 2, 4 ),
 ( 0.000000000000000000, 0.002285247182617482133, 0.004570494365234964267 ),
 .UNSPECIFIED. ) ;
#3752 = AXIS2_PLACEMENT_3D ( 'NONE', #981, #922, #3048 ) ;
#3753 = CARTESIAN_POINT ( 'NONE',  ( -34.95496643453186181, -58.40203728472859979, -40.60000000000002274 ) ) ;
#3754 = CARTESIAN_POINT ( 'NONE',  ( -76.76436408401993106, -137.5147709221143373, -60.00000000000540012 ) ) ;
#3755 = CARTESIAN_POINT ( 'NONE',  ( 40.19121870338957336, -68.64354755738644087, -60.00000000000001421 ) ) ;
#3756 = CARTESIAN_POINT ( 'NONE',  ( -22.49999999999993250, -61.40148922057784375, 18.84195172488080061 ) ) ;
#3757 = VECTOR ( 'NONE', #1802, 1000.000000000000000 ) ;
#3758 = VERTEX_POINT ( 'NONE', #1870 ) ;
#3759 = CARTESIAN_POINT ( 'NONE',  ( -137.4782854439330322, -146.4634905525603301, 4.999999999998689937 ) ) ;
#3760 = PLANE ( 'NONE',  #3498 ) ;
#3761 = DIRECTION ( 'NONE',  ( 0.000000000000000000, 0.000000000000000000, -1.000000000000000000 ) ) ;
#3762 = CARTESIAN_POINT ( 'NONE',  ( -108.2066634120505597, -31.00000000000000711, -49.60550185832012460 ) ) ;
#3763 = VERTEX_POINT ( 'NONE', #2776 ) ;
#3764 = CARTESIAN_POINT ( 'NONE',  ( -33.21319789574754822, -61.99999999999528910, 49.49005020129856547 ) ) ;
#3765 = CARTESIAN_POINT ( 'NONE',  ( -43.79999999999994742, -62.00000000000000000, -62.00000000000000000 ) ) ;
#3766 = CARTESIAN_POINT ( 'NONE',  ( -130.1766128924800512, -58.67735608927378621, -32.38754325259494493 ) ) ;
#3767 = CARTESIAN_POINT ( 'NONE',  ( -28.86819339006444807, -98.79659275248189942, 36.14937136423756670 ) ) ;
#3768 = CARTESIAN_POINT ( 'NONE',  ( -17.49999999999994671, -53.00000000000001421, 62.00000000000000000 ) ) ;
#3769 = DIRECTION ( 'NONE',  ( 0.000000000000000000, 0.000000000000000000, 1.000000000000000000 ) ) ;
#3770 = CARTESIAN_POINT ( 'NONE',  ( -74.35896283630914638, -61.69605893165488197, 59.84493695669223001 ) ) ;
#3771 = VERTEX_POINT ( 'NONE', #2477 ) ;
#3772 = CARTESIAN_POINT ( 'NONE',  ( -22.49999999999995026, -62.28199507613886254, -18.65505759921694917 ) ) ;
#3773 = DIRECTION ( 'NONE',  ( -0.000000000000000000, 1.000000000000000000, -0.000000000000000000 ) ) ;
#3774 = CARTESIAN_POINT ( 'NONE',  ( -81.24033907091049400, 3.425622854479225765, 62.77596694487537832 ) ) ;
#3775 = ORIENTED_EDGE ( 'NONE', *, *, #3246, .T. ) ;
#3776 = CARTESIAN_POINT ( 'NONE',  ( -89.29052863540957219, -92.67836543535857174, 59.09311614065313023 ) ) ;
#3777 = CARTESIAN_POINT ( 'NONE',  ( -97.98749025326650042, -1.574377145520771348, 62.19114353879287194 ) ) ;
#3778 = CARTESIAN_POINT ( 'NONE',  ( -31.39605311687369849, -62.98102860105703371, 49.03846317223884199 ) ) ;
#3779 = EDGE_CURVE ( 'NONE', #2407, #3472, #3076, .T. ) ;
#3780 = VERTEX_POINT ( 'NONE', #3146 ) ;
#3781 = CARTESIAN_POINT ( 'NONE',  ( -78.53833935700879465, -89.52222955155546913, -60.00000000000181188 ) ) ;
#3782 = LINE ( 'NONE', #1327, #1448 ) ;
#3783 = CARTESIAN_POINT ( 'NONE',  ( -128.2316774636155117, -141.3716466052624696, -32.38754325259623101 ) ) ;
#3784 = CARTESIAN_POINT ( 'NONE',  ( -30.53628001430814010, -75.43198075986181550, 36.14937136423510822 ) ) ;
#3785 = DIRECTION ( 'NONE',  ( -0.03489949670250105246, 0.9993908270190956511, -0.000000000000000000 ) ) ;
#3786 = CYLINDRICAL_SURFACE ( 'NONE', #1329, 3.000000000000002665 ) ;
#3787 = CARTESIAN_POINT ( 'NONE',  ( -54.18699660863658352, 3.495434252465663416, 63.72008087478561578 ) ) ;
#3788 = CARTESIAN_POINT ( 'NONE',  ( -17.49999999999995381, -56.47473587802203809, -20.28172152303979558 ) ) ;
#3789 = CARTESIAN_POINT ( 'NONE',  ( -77.01545040103243878, -61.67856200384299115, -60.00000000000003553 ) ) ;
#3790 = ORIENTED_EDGE ( 'NONE', *, *, #221, .F. ) ;
#3791 = CARTESIAN_POINT ( 'NONE',  ( -112.2571716719030661, -59.18546903170754803, 50.39999999999972857 ) ) ;
#3792 = CARTESIAN_POINT ( 'NONE',  ( -122.2999999999998835, -23.11909557378557523, -33.53525325623903086 ) ) ;
#3793 = CARTESIAN_POINT ( 'NONE',  ( -37.20414884981820336, -62.09206568027932605, 47.65873684101463681 ) ) ;
#3794 = CARTESIAN_POINT ( 'NONE',  ( -31.44119950466667390, -62.75692391958958893, 36.14937136423377240 ) ) ;
#3795 = EDGE_CURVE ( 'NONE', #1299, #2368, #1492, .T. ) ;
#3796 = ORIENTED_EDGE ( 'NONE', *, *, #2725, .F. ) ;
#3797 = CARTESIAN_POINT ( 'NONE',  ( -99.33436574757055837, -59.55190037640651468, -56.70399999999963114 ) ) ;
#3798 = CARTESIAN_POINT ( 'NONE',  ( -18.39975948661511040, -58.00000000000002132, -15.84255264547734754 ) ) ;
#3799 = B_SPLINE_CURVE_WITH_KNOTS ( 'NONE', 3,
 ( #3729, #3710, #485, #1915 ),
 .UNSPECIFIED., .F., .F.,
 ( 4, 4 ),
 ( 0.000000000000000000, 0.005000224544054961834 ),
 .UNSPECIFIED. ) ;
#3800 = CARTESIAN_POINT ( 'NONE',  ( -130.1173520316456518, -67.39971667168536840, -32.38754325259541389 ) ) ;
#3801 = DIRECTION ( 'NONE',  ( 0.000000000000000000, -0.000000000000000000, 1.000000000000000000 ) ) ;
#3802 = CARTESIAN_POINT ( 'NONE',  ( -27.07102597741362260, -85.66535386840901367, -32.38754325259252909 ) ) ;
#3803 = CARTESIAN_POINT ( 'NONE',  ( -17.49999999999995026, -54.37679728179098504, 25.35002404846407131 ) ) ;
#3804 = CARTESIAN_POINT ( 'NONE',  ( -78.13746809974570340, 22.42562285447947446, 59.88249295392556348 ) ) ;
#3805 = VECTOR ( 'NONE', #3595, 1000.000000000000000 ) ;
#3806 = CARTESIAN_POINT ( 'NONE',  ( -30.94988208457842305, -64.05397886226054993, 35.36295452115262350 ) ) ;
#3807 = CARTESIAN_POINT ( 'NONE',  ( -24.87397826302582260, -0.1650926711519140333, -60.00000000000000000 ) ) ;
#3808 = AXIS2_PLACEMENT_3D ( 'NONE', #990, #1575, #92 ) ;
#3809 = EDGE_LOOP ( 'NONE', ( #2376, #1837, #815, #3525 ) ) ;
#3810 = CARTESIAN_POINT ( 'NONE',  ( -93.19283421917315025, -59.72604596596647042, 58.49599999999975353 ) ) ;
#3811 = CARTESIAN_POINT ( 'NONE',  ( -122.2999999999999403, -2.649805698899408757, -13.63620299125957835 ) ) ;
#3812 = CARTESIAN_POINT ( 'NONE',  ( -39.49230126088855997, -62.00116191931767418, 47.08286816101659866 ) ) ;
#3813 = CARTESIAN_POINT ( 'NONE',  ( -37.16421630555979760, -61.31475989728524212, 42.75473822480737596 ) ) ;
#3814 = EDGE_CURVE ( 'NONE', #2907, #3020, #1, .T. ) ;
#3815 = ORIENTED_EDGE ( 'NONE', *, *, #276, .F. ) ;
#3816 = CARTESIAN_POINT ( 'NONE',  ( -48.80137480154896679, 40.04382898147737535, -40.60000000000000853 ) ) ;
#3817 = CARTESIAN_POINT ( 'NONE',  ( -17.50000000000030909, -58.91610243602043795, -11.30479549979126475 ) ) ;
#3818 = CARTESIAN_POINT ( 'NONE',  ( -136.4280187812684062, -61.28724173798850927, -19.54082840236698360 ) ) ;
#3819 = CARTESIAN_POINT ( 'NONE',  ( -26.54380295156306602, -61.61590597727413154, 31.04951313788359357 ) ) ;
#3820 = CARTESIAN_POINT ( 'NONE',  ( -45.79683637182429834, -79.91147682151878939, -50.39999999999997016 ) ) ;
#3821 = CARTESIAN_POINT ( 'NONE',  ( -17.49999999999994671, -72.00000000000001421, -40.60000000000000853 ) ) ;
#3822 = EDGE_CURVE ( 'NONE', #3555, #3763, #3429, .T. ) ;
#3823 = CARTESIAN_POINT ( 'NONE',  ( -81.13564058080298480, -6.679075635628287877, 62.77779446381808981 ) ) ;
#3824 = CARTESIAN_POINT ( 'NONE',  ( -22.49999999999994671, -58.00000000000000711, -40.60000000000000853 ) ) ;
#3825 = CARTESIAN_POINT ( 'NONE',  ( -193.6931129666374147, -15.29195600705509506, 59.99999999999998579 ) ) ;
#3826 = VERTEX_POINT ( 'NONE', #1034 ) ;
#3827 = CARTESIAN_POINT ( 'NONE',  ( -81.03388074308419675, -90.25475643646682045, 60.00000000000081002 ) ) ;
#3828 = CARTESIAN_POINT ( 'NONE',  ( -122.2999999999999545, -15.73066896845524631, 28.99597256380322463 ) ) ;
#3829 = DIRECTION ( 'NONE',  ( -0.7066760308408306379, -0.7071067811865515695, -0.02467767077833600553 ) ) ;
#3830 = ORIENTED_EDGE ( 'NONE', *, *, #2725, .T. ) ;
#3831 = CARTESIAN_POINT ( 'NONE',  ( -87.49283490513484196, -146.1874234269280066, -59.09311614065782692 ) ) ;
#3832 = PLANE ( 'NONE',  #3139 ) ;
#3833 = CARTESIAN_POINT ( 'NONE',  ( -76.97135413407991678, -60.18601253943316465, 59.99999999999959499 ) ) ;
ENDSEC;
END-ISO-10303-21;
