ISO-10303-21;
HEADER;
FILE_DESCRIPTION (( 'STEP AP214' ),
    '1' );
FILE_NAME ('Driver Stack Adapter.STEP',
    '2026-08-04T02:17:55',
    ( '' ),
    ( '' ),
    'SwSTEP 2.0',
    'SolidWorks 2025',
    '' );
FILE_SCHEMA (( 'AUTOMOTIVE_DESIGN' ));
ENDSEC;

DATA;
#1 = ORIENTED_EDGE ( 'NONE', *, *, #833, .T. ) ;
#2 = CARTESIAN_POINT ( 'NONE',  ( 25.99999999999998224, -31.04069828269993891, 10.00000000000000000 ) ) ;
#3 = FACE_OUTER_BOUND ( 'NONE', #1236, .T. ) ;
#4 = PRODUCT_DEFINITION_CONTEXT ( 'detailed design', #2044, 'design' ) ;
#5 = PLANE ( 'NONE',  #305 ) ;
#6 = DIRECTION ( 'NONE',  ( 1.000000000000000000, 0.000000000000000000, 0.000000000000000000 ) ) ;
#7 = AXIS2_PLACEMENT_3D ( 'NONE', #1629, #75, #84 ) ;
#8 = ORIENTED_EDGE ( 'NONE', *, *, #1956, .T. ) ;
#9 = ORIENTED_EDGE ( 'NONE', *, *, #480, .T. ) ;
#10 = ORIENTED_EDGE ( 'NONE', *, *, #218, .T. ) ;
#11 = ADVANCED_FACE ( 'NONE', ( #1855 ), #320, .T. ) ;
#12 = DIRECTION ( 'NONE',  ( 0.000000000000000000, 0.000000000000000000, -1.000000000000000000 ) ) ;
#13 = EDGE_CURVE ( 'NONE', #1092, #884, #848, .T. ) ;
#14 = ORIENTED_EDGE ( 'NONE', *, *, #128, .F. ) ;
#15 = CARTESIAN_POINT ( 'NONE',  ( -27.99999999999997868, -28.19059892324148819, 10.00000000000000000 ) ) ;
#16 = FACE_OUTER_BOUND ( 'NONE', #104, .T. ) ;
#17 = CARTESIAN_POINT ( 'NONE',  ( 29.99999999999998224, 64.10215886015718922, 10.00000000000000000 ) ) ;
#18 = LINE ( 'NONE', #870, #1965 ) ;
#19 = ORIENTED_EDGE ( 'NONE', *, *, #1595, .F. ) ;
#20 = VERTEX_POINT ( 'NONE', #678 ) ;
#21 = CARTESIAN_POINT ( 'NONE',  ( 31.99999999999997868, 77.50000000000001421, 10.00000000000000000 ) ) ;
#22 = EDGE_LOOP ( 'NONE', ( #1145, #138, #470, #1321, #700, #94, #1635, #1504, #114, #1041 ) ) ;
#23 = DIRECTION ( 'NONE',  ( -0.000000000000000000, -0.000000000000000000, 1.000000000000000000 ) ) ;
#24 = ADVANCED_FACE ( 'NONE', ( #1354 ), #514, .F. ) ;
#25 = FACE_OUTER_BOUND ( 'NONE', #914, .T. ) ;
#26 = DIRECTION ( 'NONE',  ( -1.000000000000000000, 0.000000000000000000, 0.000000000000000000 ) ) ;
#27 = ORIENTED_EDGE ( 'NONE', *, *, #1846, .T. ) ;
#28 = LINE ( 'NONE', #713, #323 ) ;
#29 = ORIENTED_EDGE ( 'NONE', *, *, #2167, .F. ) ;
#30 = CARTESIAN_POINT ( 'NONE',  ( 27.99999999999997868, -28.19059892324148819, 5.000000000000000000 ) ) ;
#31 = AXIS2_PLACEMENT_3D ( 'NONE', #1588, #1910, #2092 ) ;
#32 = VECTOR ( 'NONE', #507, 1000.000000000000000 ) ;
#33 = ORIENTED_EDGE ( 'NONE', *, *, #439, .F. ) ;
#34 = DIRECTION ( 'NONE',  ( -0.8660254037844388186, -0.4999999999999997224, 0.000000000000000000 ) ) ;
#35 = CARTESIAN_POINT ( 'NONE',  ( 35.99999999999999289, -32.80940107675851181, 5.000000000000000000 ) ) ;
#36 = CIRCLE ( 'NONE', #1675, 2.000000000000001776 ) ;
#37 = AXIS2_PLACEMENT_3D ( 'NONE', #2117, #1923, #1767 ) ;
#38 = EDGE_CURVE ( 'NONE', #972, #71, #264, .T. ) ;
#39 = DIRECTION ( 'NONE',  ( 1.000000000000000000, 0.000000000000000000, 0.000000000000000000 ) ) ;
#40 = CARTESIAN_POINT ( 'NONE',  ( -28.27244219820311244, -18.10990091120536505, 10.00000000000000000 ) ) ;
#41 = ORIENTED_EDGE ( 'NONE', *, *, #912, .T. ) ;
#42 = FACE_OUTER_BOUND ( 'NONE', #842, .T. ) ;
#43 = ORIENTED_EDGE ( 'NONE', *, *, #1731, .T. ) ;
#44 = CARTESIAN_POINT ( 'NONE',  ( 26.00000000000000355, -75.50000000000000000, 10.00000000000000000 ) ) ;
#45 = LINE ( 'NONE', #362, #508 ) ;
#46 = FACE_OUTER_BOUND ( 'NONE', #344, .T. ) ;
#47 = DIRECTION ( 'NONE',  ( 0.000000000000000000, -0.000000000000000000, -1.000000000000000000 ) ) ;
#48 = CARTESIAN_POINT ( 'NONE',  ( -25.99999999999995381, -31.04069828269994247, 0.000000000000000000 ) ) ;
#49 = ORIENTED_EDGE ( 'NONE', *, *, #1260, .F. ) ;
#50 = FACE_OUTER_BOUND ( 'NONE', #546, .T. ) ;
#51 = EDGE_LOOP ( 'NONE', ( #534, #202, #257, #1959 ) ) ;
#52 = ADVANCED_FACE ( 'NONE', ( #497 ), #1172, .F. ) ;
#53 = ADVANCED_FACE ( 'NONE', ( #1519 ), #156, .F. ) ;
#54 = ORIENTED_EDGE ( 'NONE', *, *, #1165, .F. ) ;
#55 = FACE_OUTER_BOUND ( 'NONE', #333, .T. ) ;
#56 = CARTESIAN_POINT ( 'NONE',  ( 32.00000000000000711, -17.10215886015717501, 0.000000000000000000 ) ) ;
#57 = LINE ( 'NONE', #765, #593 ) ;
#58 = CARTESIAN_POINT ( 'NONE',  ( 24.00000000000000000, -77.50000000000000000, 0.000000000000000000 ) ) ;
#59 = DIRECTION ( 'NONE',  ( -1.000000000000000000, 0.000000000000000000, 0.000000000000000000 ) ) ;
#60 = EDGE_LOOP ( 'NONE', ( #1626, #635 ) ) ;
#61 = ORIENTED_EDGE ( 'NONE', *, *, #954, .T. ) ;
#62 = CARTESIAN_POINT ( 'NONE',  ( -30.49999999999997868, -30.50000000000000000, 0.000000000000000000 ) ) ;
#63 = LINE ( 'NONE', #763, #430 ) ;
#64 = CIRCLE ( 'NONE', #570, 1.500000000000001332 ) ;
#65 = VECTOR ( 'NONE', #184, 1000.000000000000000 ) ;
#66 = CARTESIAN_POINT ( 'NONE',  ( -6.315407331574960814, 23.49999999999999289, 10.00000000000000000 ) ) ;
#67 = DIRECTION ( 'NONE',  ( 0.000000000000000000, 0.000000000000000000, 1.000000000000000000 ) ) ;
#68 = AXIS2_PLACEMENT_3D ( 'NONE', #236, #2121, #1451 ) ;
#69 = CARTESIAN_POINT ( 'NONE',  ( 30.49999999999997513, 77.50000000000001421, 0.000000000000000000 ) ) ;
#70 = ORIENTED_EDGE ( 'NONE', *, *, #615, .T. ) ;
#71 = VERTEX_POINT ( 'NONE', #834 ) ;
#72 = AXIS2_PLACEMENT_3D ( 'NONE', #1883, #1216, #193 ) ;
#73 = VERTEX_POINT ( 'NONE', #1864 ) ;
#74 = EDGE_CURVE ( 'NONE', #300, #317, #112, .T. ) ;
#75 = DIRECTION ( 'NONE',  ( -0.000000000000000000, -0.000000000000000000, 1.000000000000000000 ) ) ;
#76 = CARTESIAN_POINT ( 'NONE',  ( 31.99999999999997868, 71.50000000000001421, 0.000000000000000000 ) ) ;
#77 = ADVANCED_FACE ( 'NONE', ( #800 ), #1351, .F. ) ;
#78 = CARTESIAN_POINT ( 'NONE',  ( -37.49999999999999289, 83.00000000000000000, 0.000000000000000000 ) ) ;
#79 = CARTESIAN_POINT ( 'NONE',  ( -31.99999999999997868, 77.50000000000000000, 0.000000000000000000 ) ) ;
#80 = CARTESIAN_POINT ( 'NONE',  ( 29.99999999999998224, 64.10215886015718922, 0.000000000000000000 ) ) ;
#81 = ORIENTED_EDGE ( 'NONE', *, *, #1139, .F. ) ;
#82 = VERTEX_POINT ( 'NONE', #1508 ) ;
#83 = ORIENTED_EDGE ( 'NONE', *, *, #1360, .T. ) ;
#84 = DIRECTION ( 'NONE',  ( -1.000000000000000000, 0.000000000000000000, 0.000000000000000000 ) ) ;
#85 = DIRECTION ( 'NONE',  ( 0.8660254037844390407, -0.4999999999999993339, 0.000000000000000000 ) ) ;
#86 = CIRCLE ( 'NONE', #1848, 2.000000000000000000 ) ;
#87 = CARTESIAN_POINT ( 'NONE',  ( -4.587849529778091018, 24.50774205104816517, 0.000000000000000000 ) ) ;
#88 = CARTESIAN_POINT ( 'NONE',  ( -25.99999999999995381, -30.50000000000000711, 0.000000000000000000 ) ) ;
#89 = EDGE_CURVE ( 'NONE', #2030, #82, #238, .T. ) ;
#90 = DIRECTION ( 'NONE',  ( 1.000000000000000000, 0.000000000000000000, 0.000000000000000000 ) ) ;
#91 = ORIENTED_EDGE ( 'NONE', *, *, #1998, .T. ) ;
#92 = ORIENTED_EDGE ( 'NONE', *, *, #143, .F. ) ;
#93 = CYLINDRICAL_SURFACE ( 'NONE', #2115, 1.500000000000001332 ) ;
#94 = ORIENTED_EDGE ( 'NONE', *, *, #1087, .T. ) ;
#95 = LINE ( 'NONE', #574, #402 ) ;
#96 = CARTESIAN_POINT ( 'NONE',  ( 32.00000000000000711, -24.49999999999998579, 0.000000000000000000 ) ) ;
#97 = CARTESIAN_POINT ( 'NONE',  ( -35.99999999999999289, -32.80940107675851181, 10.00000000000000000 ) ) ;
#98 = CARTESIAN_POINT ( 'NONE',  ( -1.727557801796857584, 11.10990091120536150, 10.00000000000000000 ) ) ;
#99 = VECTOR ( 'NONE', #2043, 1000.000000000000000 ) ;
#100 = EDGE_CURVE ( 'NONE', #169, #1869, #1689, .T. ) ;
#101 = CIRCLE ( 'NONE', #857, 1.500000000000004885 ) ;
#102 = FACE_OUTER_BOUND ( 'NONE', #871, .T. ) ;
#103 = AXIS2_PLACEMENT_3D ( 'NONE', #1615, #1797, #90 ) ;
#104 = EDGE_LOOP ( 'NONE', ( #1133, #1617, #1660, #1854 ) ) ;
#105 = VECTOR ( 'NONE', #1422, 1000.000000000000000 ) ;
#106 = ORIENTED_EDGE ( 'NONE', *, *, #1873, .T. ) ;
#107 = EDGE_LOOP ( 'NONE', ( #2001, #41, #989, #136 ) ) ;
#108 = AXIS2_PLACEMENT_3D ( 'NONE', #1684, #1472, #1481 ) ;
#109 = DIRECTION ( 'NONE',  ( 0.000000000000000000, 0.000000000000000000, -1.000000000000000000 ) ) ;
#110 = CARTESIAN_POINT ( 'NONE',  ( -37.49999999999999289, -85.00000000000000000, 10.00000000000000000 ) ) ;
#111 = PLANE ( 'NONE',  #1383 ) ;
#112 = LINE ( 'NONE', #476, #2211 ) ;
#113 = DIRECTION ( 'NONE',  ( 0.000000000000000000, 1.000000000000000000, 0.000000000000000000 ) ) ;
#114 = ORIENTED_EDGE ( 'NONE', *, *, #1549, .T. ) ;
#115 = ORIENTED_EDGE ( 'NONE', *, *, #1581, .T. ) ;
#116 = EDGE_CURVE ( 'NONE', #2196, #998, #2028, .T. ) ;
#117 = ADVANCED_FACE ( 'NONE', ( #2182 ), #464, .F. ) ;
#118 = VERTEX_POINT ( 'NONE', #2172 ) ;
#119 = LINE ( 'NONE', #1012, #32 ) ;
#120 = CARTESIAN_POINT ( 'NONE',  ( -30.49999999999997868, 77.50000000000000000, 0.000000000000000000 ) ) ;
#121 = CARTESIAN_POINT ( 'NONE',  ( 22.51792600175833670, 77.50000000000000000, 10.00000000000000000 ) ) ;
#122 = VECTOR ( 'NONE', #620, 1000.000000000000000 ) ;
#123 = CARTESIAN_POINT ( 'NONE',  ( 35.99999999999999289, -32.80940107675851181, 10.00000000000000000 ) ) ;
#124 = VERTEX_POINT ( 'NONE', #844 ) ;
#125 = VERTEX_POINT ( 'NONE', #1307 ) ;
#126 = VERTEX_POINT ( 'NONE', #1999 ) ;
#127 = EDGE_CURVE ( 'NONE', #1727, #665, #511, .T. ) ;
#128 = EDGE_CURVE ( 'NONE', #1353, #957, #1852, .T. ) ;
#129 = LINE ( 'NONE', #141, #2149 ) ;
#130 = DIRECTION ( 'NONE',  ( -2.891205793294678326E-16, 1.000000000000000000, 0.000000000000000000 ) ) ;
#131 = PLANE ( 'NONE',  #1881 ) ;
#132 = CARTESIAN_POINT ( 'NONE',  ( 9.974659986866640793E-15, 10.10215886015719100, 10.00000000000000000 ) ) ;
#133 = ORIENTED_EDGE ( 'NONE', *, *, #381, .T. ) ;
#134 = AXIS2_PLACEMENT_3D ( 'NONE', #579, #1763, #365 ) ;
#135 = CIRCLE ( 'NONE', #1135, 2.000000000000001776 ) ;
#136 = ORIENTED_EDGE ( 'NONE', *, *, #548, .T. ) ;
#137 = AXIS2_PLACEMENT_3D ( 'NONE', #1265, #255, #632 ) ;
#138 = ORIENTED_EDGE ( 'NONE', *, *, #1060, .T. ) ;
#139 = AXIS2_PLACEMENT_3D ( 'NONE', #1233, #59, #1066 ) ;
#140 = PLANE ( 'NONE',  #1356 ) ;
#141 = CARTESIAN_POINT ( 'NONE',  ( -1.727557801796856918, 35.89009908879463495, 0.000000000000000000 ) ) ;
#142 = FACE_OUTER_BOUND ( 'NONE', #2069, .T. ) ;
#143 = EDGE_CURVE ( 'NONE', #1380, #920, #644, .T. ) ;
#144 = EDGE_CURVE ( 'NONE', #1580, #1961, #1655, .T. ) ;
#145 = DIRECTION ( 'NONE',  ( 0.000000000000000000, 1.000000000000000000, -0.000000000000000000 ) ) ;
#146 = CARTESIAN_POINT ( 'NONE',  ( 32.00000000000002132, -77.49999999999998579, 10.00000000000000000 ) ) ;
#147 = VERTEX_POINT ( 'NONE', #1484 ) ;
#148 = EDGE_LOOP ( 'NONE', ( #1215, #769, #568, #1377, #944, #906 ) ) ;
#149 = ORIENTED_EDGE ( 'NONE', *, *, #1805, .F. ) ;
#150 = CARTESIAN_POINT ( 'NONE',  ( 1.387778780781445676E-14, 36.89784113984281078, 0.000000000000000000 ) ) ;
#151 = DIRECTION ( 'NONE',  ( -0.000000000000000000, -0.000000000000000000, 1.000000000000000000 ) ) ;
#152 = ORIENTED_EDGE ( 'NONE', *, *, #189, .T. ) ;
#153 = DIRECTION ( 'NONE',  ( -0.000000000000000000, -1.000000000000000000, -0.000000000000000000 ) ) ;
#154 = ADVANCED_FACE ( 'NONE', ( #2010 ), #131, .F. ) ;
#155 = ADVANCED_FACE ( 'NONE', ( #2018 ), #315, .F. ) ;
#156 = PLANE ( 'NONE',  #1516 ) ;
#157 = CYLINDRICAL_SURFACE ( 'NONE', #1641, 1.500000000000001332 ) ;
#158 = ORIENTED_EDGE ( 'NONE', *, *, #1857, .F. ) ;
#159 = VECTOR ( 'NONE', #1239, 1000.000000000000114 ) ;
#160 = LINE ( 'NONE', #1736, #1414 ) ;
#161 = ORIENTED_EDGE ( 'NONE', *, *, #143, .T. ) ;
#162 = VECTOR ( 'NONE', #1875, 1000.000000000000000 ) ;
#163 = LINE ( 'NONE', #44, #1246 ) ;
#164 = EDGE_LOOP ( 'NONE', ( #235, #1274 ) ) ;
#165 = CARTESIAN_POINT ( 'NONE',  ( -30.49999999999997868, 77.50000000000000000, 0.000000000000000000 ) ) ;
#166 = CARTESIAN_POINT ( 'NONE',  ( -4.587849529778091906, 24.50774205104816517, 10.00000000000000000 ) ) ;
#167 = DIRECTION ( 'NONE',  ( 0.000000000000000000, 0.000000000000000000, -1.000000000000000000 ) ) ;
#168 = DIRECTION ( 'NONE',  ( 1.000000000000000000, 0.000000000000000000, 0.000000000000000000 ) ) ;
#169 = VERTEX_POINT ( 'NONE', #1564 ) ;
#170 = EDGE_CURVE ( 'NONE', #972, #1727, #2098, .T. ) ;
#171 = EDGE_LOOP ( 'NONE', ( #459, #1245, #910, #14 ) ) ;
#172 = ORIENTED_EDGE ( 'NONE', *, *, #2009, .F. ) ;
#173 = EDGE_CURVE ( 'NONE', #1869, #2014, #628, .T. ) ;
#174 = EDGE_CURVE ( 'NONE', #1366, #299, #2022, .T. ) ;
#175 = CIRCLE ( 'NONE', #748, 1.999999999999998224 ) ;
#176 = VECTOR ( 'NONE', #1296, 1000.000000000000000 ) ;
#177 = AXIS2_PLACEMENT_3D ( 'NONE', #1916, #537, #346 ) ;
#178 = DIRECTION ( 'NONE',  ( 1.000000000000000000, 0.000000000000000000, 0.000000000000000000 ) ) ;
#179 = CIRCLE ( 'NONE', #7, 1.999999999999998224 ) ;
#180 = VERTEX_POINT ( 'NONE', #1920 ) ;
#181 = CARTESIAN_POINT ( 'NONE',  ( 31.99999999999997868, 64.10215886015718922, 0.000000000000000000 ) ) ;
#182 = DIRECTION ( 'NONE',  ( 0.8637789008984335659, -0.5038710255240860247, 0.000000000000000000 ) ) ;
#183 = LINE ( 'NONE', #1204, #159 ) ;
#184 = DIRECTION ( 'NONE',  ( 0.000000000000000000, -0.000000000000000000, -1.000000000000000000 ) ) ;
#185 = CIRCLE ( 'NONE', #1252, 2.000000000000001776 ) ;
#186 = EDGE_LOOP ( 'NONE', ( #1877, #590, #849, #1309 ) ) ;
#187 = PRODUCT ( 'Driver Stack Adapter', 'Driver Stack Adapter', '', ( #415 ) ) ;
#188 = ORIENTED_EDGE ( 'NONE', *, *, #1179, .T. ) ;
#189 = EDGE_CURVE ( 'NONE', #2086, #2012, #487, .T. ) ;
#190 = EDGE_CURVE ( 'NONE', #1779, #1332, #1544, .T. ) ;
#191 = DIRECTION ( 'NONE',  ( -0.000000000000000000, -0.000000000000000000, 1.000000000000000000 ) ) ;
#192 = VERTEX_POINT ( 'NONE', #553 ) ;
#193 = DIRECTION ( 'NONE',  ( -1.000000000000000000, 0.000000000000000000, 0.000000000000000000 ) ) ;
#194 = DIRECTION ( 'NONE',  ( -2.891205793294678326E-16, 1.000000000000000000, 0.000000000000000000 ) ) ;
#195 = CARTESIAN_POINT ( 'NONE',  ( -22.51792600175834735, 75.50000000000000000, 10.00000000000000000 ) ) ;
#196 = CARTESIAN_POINT ( 'NONE',  ( -37.49999999999999289, -83.00000000000000000, 10.00000000000000000 ) ) ;
#197 = ORIENTED_EDGE ( 'NONE', *, *, #749, .T. ) ;
#198 = LINE ( 'NONE', #2035, #1281 ) ;
#199 = ORIENTED_EDGE ( 'NONE', *, *, #100, .F. ) ;
#200 = CARTESIAN_POINT ( 'NONE',  ( -28.27244219820311244, 65.10990091120535794, 10.00000000000000000 ) ) ;
#201 = EDGE_CURVE ( 'NONE', #623, #1603, #183, .T. ) ;
#202 = ORIENTED_EDGE ( 'NONE', *, *, #231, .T. ) ;
#203 = LINE ( 'NONE', #1189, #683 ) ;
#204 = LINE ( 'NONE', #363, #1349 ) ;
#205 = DIRECTION ( 'NONE',  ( -1.000000000000000000, 0.000000000000000000, -0.000000000000000000 ) ) ;
#206 = CARTESIAN_POINT ( 'NONE',  ( 35.99999999999999289, -32.80940107675851181, 5.000000000000000000 ) ) ;
#207 = ORIENTED_EDGE ( 'NONE', *, *, #1778, .F. ) ;
#208 = CARTESIAN_POINT ( 'NONE',  ( 23.99999999999997868, -31.04069828269993891, 0.000000000000000000 ) ) ;
#209 = EDGE_LOOP ( 'NONE', ( #1701, #1682, #19, #1200 ) ) ;
#210 = CARTESIAN_POINT ( 'NONE',  ( 25.99999999999998224, -30.50000000000000000, 0.000000000000000000 ) ) ;
#211 = CIRCLE ( 'NONE', #859, 1.500000000000001332 ) ;
#212 = VECTOR ( 'NONE', #2132, 1000.000000000000000 ) ;
#213 = ORIENTED_EDGE ( 'NONE', *, *, #1857, .T. ) ;
#214 = CYLINDRICAL_SURFACE ( 'NONE', #1713, 2.000000000000001776 ) ;
#215 = LINE ( 'NONE', #706, #2147 ) ;
#216 = VECTOR ( 'NONE', #368, 1000.000000000000000 ) ;
#217 = CARTESIAN_POINT ( 'NONE',  ( 37.50000000000000711, 85.00000000000000000, 10.00000000000000000 ) ) ;
#218 = EDGE_CURVE ( 'NONE', #406, #367, #1775, .T. ) ;
#219 = FACE_OUTER_BOUND ( 'NONE', #1488, .T. ) ;
#220 = ADVANCED_FACE ( 'NONE', ( #25 ), #2080, .F. ) ;
#221 = ORIENTED_EDGE ( 'NONE', *, *, #1621, .T. ) ;
#222 = AXIS2_PLACEMENT_3D ( 'NONE', #483, #1325, #1156 ) ;
#223 = DIRECTION ( 'NONE',  ( -0.000000000000000000, -0.000000000000000000, 1.000000000000000000 ) ) ;
#224 = ORIENTED_EDGE ( 'NONE', *, *, #1761, .T. ) ;
#225 = CARTESIAN_POINT ( 'NONE',  ( -31.99999999999997868, -77.50000000000000000, 0.000000000000000000 ) ) ;
#226 = DIRECTION ( 'NONE',  ( 0.5038710255240860247, -0.8637789008984334549, -0.000000000000000000 ) ) ;
#227 = DIRECTION ( 'NONE',  ( -0.8637789008984337880, 0.5038710255240856917, 0.000000000000000000 ) ) ;
#228 = DIRECTION ( 'NONE',  ( -0.000000000000000000, -0.000000000000000000, 1.000000000000000000 ) ) ;
#229 = DIRECTION ( 'NONE',  ( -1.000000000000000000, 0.000000000000000000, 0.000000000000000000 ) ) ;
#230 = ORIENTED_EDGE ( 'NONE', *, *, #174, .T. ) ;
#231 = EDGE_CURVE ( 'NONE', #2052, #192, #160, .T. ) ;
#232 = DIRECTION ( 'NONE',  ( 0.000000000000000000, 0.000000000000000000, -1.000000000000000000 ) ) ;
#233 = ORIENTED_EDGE ( 'NONE', *, *, #1732, .T. ) ;
#234 = FACE_OUTER_BOUND ( 'NONE', #2004, .T. ) ;
#235 = ORIENTED_EDGE ( 'NONE', *, *, #1649, .F. ) ;
#236 = CARTESIAN_POINT ( 'NONE',  ( -31.99999999999997868, -35.11880215351701651, 5.000000000000000000 ) ) ;
#237 = CARTESIAN_POINT ( 'NONE',  ( -37.49999999999999289, 83.00000000000000000, 10.00000000000000000 ) ) ;
#238 = CIRCLE ( 'NONE', #1411, 1.500000000000001332 ) ;
#239 = FACE_OUTER_BOUND ( 'NONE', #988, .T. ) ;
#240 = CARTESIAN_POINT ( 'NONE',  ( -4.587849529778097235, 22.49225794895182062, 10.00000000000000000 ) ) ;
#241 = DIRECTION ( 'NONE',  ( -0.8637789008984335659, -0.5038710255240861358, 0.000000000000000000 ) ) ;
#242 = ADVANCED_FACE ( 'NONE', ( #900 ), #1896, .F. ) ;
#243 = EDGE_LOOP ( 'NONE', ( #1639, #1439, #83, #1393 ) ) ;
#244 = ADVANCED_FACE ( 'NONE', ( #1725 ), #888, .F. ) ;
#245 = EDGE_CURVE ( 'NONE', #684, #1346, #86, .T. ) ;
#246 = DIRECTION ( 'NONE',  ( -1.000000000000000000, 0.000000000000000000, 0.000000000000000000 ) ) ;
#247 = LINE ( 'NONE', #1986, #2036 ) ;
#248 = AXIS2_PLACEMENT_3D ( 'NONE', #433, #1474, #942 ) ;
#249 = AXIS2_PLACEMENT_3D ( 'NONE', #993, #1168, #983 ) ;
#250 = CIRCLE ( 'NONE', #1315, 1.500000000000004885 ) ;
#251 = CARTESIAN_POINT ( 'NONE',  ( -23.99999999999995737, -75.50000000000000000, 10.00000000000000000 ) ) ;
#252 = DIRECTION ( 'NONE',  ( 0.000000000000000000, 1.000000000000000000, 0.000000000000000000 ) ) ;
#253 = AXIS2_PLACEMENT_3D ( 'NONE', #1890, #1199, #1540 ) ;
#254 = AXIS2_PLACEMENT_3D ( 'NONE', #208, #1211, #1243 ) ;
#255 = DIRECTION ( 'NONE',  ( 0.000000000000000000, 0.000000000000000000, -1.000000000000000000 ) ) ;
#256 = ORIENTED_EDGE ( 'NONE', *, *, #1357, .F. ) ;
#257 = ORIENTED_EDGE ( 'NONE', *, *, #1006, .F. ) ;
#258 = AXIS2_PLACEMENT_3D ( 'NONE', #1093, #1780, #246 ) ;
#259 = ORIENTED_EDGE ( 'NONE', *, *, #1539, .F. ) ;
#260 = EDGE_CURVE ( 'NONE', #1950, #1343, #1398, .T. ) ;
#261 = DIRECTION ( 'NONE',  ( 0.000000000000000000, 0.000000000000000000, -1.000000000000000000 ) ) ;
#262 = CARTESIAN_POINT ( 'NONE',  ( 33.50000000000002132, -77.49999999999998579, 0.000000000000000000 ) ) ;
#263 = CARTESIAN_POINT ( 'NONE',  ( 37.50000000000000711, -85.00000000000000000, 10.00000000000000000 ) ) ;
#264 = LINE ( 'NONE', #2216, #739 ) ;
#265 = CARTESIAN_POINT ( 'NONE',  ( 24.24548380355521360, 74.49225794895183128, 10.00000000000000000 ) ) ;
#266 = ORIENTED_EDGE ( 'NONE', *, *, #1372, .F. ) ;
#267 = EDGE_LOOP ( 'NONE', ( #1143, #372, #937, #2118, #1438, #213 ) ) ;
#268 = LINE ( 'NONE', #1756, #1531 ) ;
#269 = DIRECTION ( 'NONE',  ( -0.000000000000000000, -0.000000000000000000, -1.000000000000000000 ) ) ;
#270 = LINE ( 'NONE', #262, #2112 ) ;
#271 = EDGE_CURVE ( 'NONE', #1950, #1400, #386, .T. ) ;
#272 = MECHANICAL_DESIGN_GEOMETRIC_PRESENTATION_REPRESENTATION (  '', ( #2135 ), #948 ) ;
#273 = LINE ( 'NONE', #951, #650 ) ;
#274 = CARTESIAN_POINT ( 'NONE',  ( 33.50000000000002132, -77.49999999999998579, 10.00000000000000000 ) ) ;
#275 = AXIS2_PLACEMENT_3D ( 'NONE', #2042, #145, #304 ) ;
#276 = DIRECTION ( 'NONE',  ( 0.000000000000000000, 0.000000000000000000, 1.000000000000000000 ) ) ;
#277 = EDGE_LOOP ( 'NONE', ( #29, #1152, #290, #2174 ) ) ;
#278 = ORIENTED_EDGE ( 'NONE', *, *, #1805, .T. ) ;
#279 = VERTEX_POINT ( 'NONE', #530 ) ;
#280 = DIRECTION ( 'NONE',  ( -0.000000000000000000, -0.000000000000000000, 1.000000000000000000 ) ) ;
#281 = DIRECTION ( 'NONE',  ( -2.891205793294678326E-16, 1.000000000000000000, 0.000000000000000000 ) ) ;
#282 = CARTESIAN_POINT ( 'NONE',  ( -31.99999999999997868, -35.11880215351701651, 5.000000000000000000 ) ) ;
#283 = VECTOR ( 'NONE', #850, 1000.000000000000000 ) ;
#284 = AXIS2_PLACEMENT_3D ( 'NONE', #1327, #295, #1654 ) ;
#285 = EDGE_CURVE ( 'NONE', #2188, #2086, #878, .T. ) ;
#286 = EDGE_CURVE ( 'NONE', #406, #872, #1407, .T. ) ;
#287 = VECTOR ( 'NONE', #896, 1000.000000000000000 ) ;
#288 = DIRECTION ( 'NONE',  ( -1.000000000000000000, 0.000000000000000000, 0.000000000000000000 ) ) ;
#289 = ORIENTED_EDGE ( 'NONE', *, *, #285, .T. ) ;
#290 = ORIENTED_EDGE ( 'NONE', *, *, #1166, .T. ) ;
#291 = ORIENTED_EDGE ( 'NONE', *, *, #638, .T. ) ;
#292 = AXIS2_PLACEMENT_3D ( 'NONE', #1270, #594, #2131 ) ;
#293 = CYLINDRICAL_SURFACE ( 'NONE', #1502, 2.000000000000001776 ) ;
#294 = DIRECTION ( 'NONE',  ( -0.000000000000000000, -0.000000000000000000, 1.000000000000000000 ) ) ;
#295 = DIRECTION ( 'NONE',  ( 0.000000000000000000, 0.000000000000000000, -1.000000000000000000 ) ) ;
#296 = DIRECTION ( 'NONE',  ( -1.000000000000000000, 0.000000000000000000, 0.000000000000000000 ) ) ;
#297 = ORIENTED_EDGE ( 'NONE', *, *, #480, .F. ) ;
#298 = ADVANCED_FACE ( 'NONE', ( #855 ), #5, .F. ) ;
#299 = VERTEX_POINT ( 'NONE', #1976 ) ;
#300 = VERTEX_POINT ( 'NONE', #2113 ) ;
#301 = DIRECTION ( 'NONE',  ( -0.8660254037844387076, 0.4999999999999998890, -0.000000000000000000 ) ) ;
#302 = DIRECTION ( 'NONE',  ( -0.000000000000000000, -1.000000000000000000, -0.000000000000000000 ) ) ;
#303 = LINE ( 'NONE', #2017, #1530 ) ;
#304 = DIRECTION ( 'NONE',  ( 0.000000000000000000, 0.000000000000000000, 1.000000000000000000 ) ) ;
#305 = AXIS2_PLACEMENT_3D ( 'NONE', #687, #2055, #521 ) ;
#306 = CARTESIAN_POINT ( 'NONE',  ( 31.99999999999997868, 77.50000000000001421, 0.000000000000000000 ) ) ;
#307 = VERTEX_POINT ( 'NONE', #788 ) ;
#308 = ORIENTED_EDGE ( 'NONE', *, *, #1305, .T. ) ;
#309 = ORIENTED_EDGE ( 'NONE', *, *, #2136, .T. ) ;
#310 = EDGE_CURVE ( 'NONE', #1961, #367, #1782, .T. ) ;
#311 = EDGE_CURVE ( 'NONE', #680, #1369, #1374, .T. ) ;
#312 = CARTESIAN_POINT ( 'NONE',  ( -31.99999999999997868, 77.50000000000000000, 0.000000000000000000 ) ) ;
#313 = DIRECTION ( 'NONE',  ( 1.000000000000000000, 0.000000000000000000, 0.000000000000000000 ) ) ;
#314 = DIRECTION ( 'NONE',  ( 1.000000000000000000, 0.000000000000000000, 0.000000000000000000 ) ) ;
#315 = CYLINDRICAL_SURFACE ( 'NONE', #701, 1.500000000000001332 ) ;
#316 = DIRECTION ( 'NONE',  ( -1.000000000000000000, 0.000000000000000000, 0.000000000000000000 ) ) ;
#317 = VERTEX_POINT ( 'NONE', #1613 ) ;
#318 = CIRCLE ( 'NONE', #248, 2.000000000000000000 ) ;
#319 = AXIS2_PLACEMENT_3D ( 'NONE', #1506, #1002, #1326 ) ;
#320 = CYLINDRICAL_SURFACE ( 'NONE', #1232, 2.000000000000001776 ) ;
#321 = AXIS2_PLACEMENT_3D ( 'NONE', #1500, #1194, #2019 ) ;
#322 = VERTEX_POINT ( 'NONE', #78 ) ;
#323 = VECTOR ( 'NONE', #891, 1000.000000000000000 ) ;
#324 = CARTESIAN_POINT ( 'NONE',  ( -31.99999999999997868, 64.10215886015718922, 0.000000000000000000 ) ) ;
#325 = CARTESIAN_POINT ( 'NONE',  ( 27.99999999999997868, -28.19059892324148819, 10.00000000000000000 ) ) ;
#326 = EDGE_CURVE ( 'NONE', #1603, #1991, #1773, .T. ) ;
#327 = AXIS2_PLACEMENT_3D ( 'NONE', #551, #1051, #1026 ) ;
#328 = DIRECTION ( 'NONE',  ( 0.8637789008984336769, -0.5038710255240858027, 0.000000000000000000 ) ) ;
#329 = DIRECTION ( 'NONE',  ( -0.000000000000000000, -0.000000000000000000, 1.000000000000000000 ) ) ;
#330 = DIRECTION ( 'NONE',  ( -0.000000000000000000, -0.000000000000000000, 1.000000000000000000 ) ) ;
#331 = ORIENTED_EDGE ( 'NONE', *, *, #1005, .F. ) ;
#332 = VERTEX_POINT ( 'NONE', #908 ) ;
#333 = EDGE_LOOP ( 'NONE', ( #489, #1164, #33, #469 ) ) ;
#334 = DIRECTION ( 'NONE',  ( -0.000000000000000000, 0.000000000000000000, -1.000000000000000000 ) ) ;
#335 = ORIENTED_EDGE ( 'NONE', *, *, #2180, .F. ) ;
#336 = PLANE ( 'NONE',  #643 ) ;
#337 = EDGE_CURVE ( 'NONE', #2046, #680, #57, .T. ) ;
#338 = CARTESIAN_POINT ( 'NONE',  ( 25.99999999999998224, -30.50000000000000000, 0.000000000000000000 ) ) ;
#339 = ADVANCED_FACE ( 'NONE', ( #239 ), #1444, .F. ) ;
#340 = CARTESIAN_POINT ( 'NONE',  ( -4.587849529778097235, 22.49225794895182062, 0.000000000000000000 ) ) ;
#341 = ORIENTED_EDGE ( 'NONE', *, *, #337, .F. ) ;
#342 = VECTOR ( 'NONE', #228, 1000.000000000000000 ) ;
#343 = VERTEX_POINT ( 'NONE', #97 ) ;
#344 = EDGE_LOOP ( 'NONE', ( #1789, #2218, #70, #1046 ) ) ;
#345 = VECTOR ( 'NONE', #329, 1000.000000000000000 ) ;
#346 = DIRECTION ( 'NONE',  ( -0.8660254037844388186, 0.4999999999999997224, 0.000000000000000000 ) ) ;
#347 = ORIENTED_EDGE ( 'NONE', *, *, #912, .F. ) ;
#348 = CARTESIAN_POINT ( 'NONE',  ( 25.99999999999998224, 77.50000000000000000, 0.000000000000000000 ) ) ;
#349 = DIRECTION ( 'NONE',  ( -0.000000000000000000, -0.000000000000000000, 1.000000000000000000 ) ) ;
#350 = MANIFOLD_SOLID_BREP ( 'Cut-Extrude3', #630 ) ;
#351 = DIRECTION ( 'NONE',  ( 0.8660254037844390407, 0.4999999999999993339, -0.000000000000000000 ) ) ;
#352 = CARTESIAN_POINT ( 'NONE',  ( 1.727557801796869574, 35.89009908879463495, 0.000000000000000000 ) ) ;
#353 = ORIENTED_EDGE ( 'NONE', *, *, #311, .T. ) ;
#354 = ADVANCED_FACE ( 'NONE', ( #1435, #1110 ), #1120, .T. ) ;
#355 = ORIENTED_EDGE ( 'NONE', *, *, #1903, .T. ) ;
#356 = CIRCLE ( 'NONE', #1891, 2.000000000000001776 ) ;
#357 = AXIS2_PLACEMENT_3D ( 'NONE', #1436, #1644, #1623 ) ;
#358 =( GEOMETRIC_REPRESENTATION_CONTEXT ( 3 ) GLOBAL_UNCERTAINTY_ASSIGNED_CONTEXT ( ( #1028 ) ) GLOBAL_UNIT_ASSIGNED_CONTEXT ( ( #448, #905, #1103 ) ) REPRESENTATION_CONTEXT ( 'NONE', 'WORKASPACE' ) );
#359 = CARTESIAN_POINT ( 'NONE',  ( 24.00000000000000000, -77.50000000000000000, 10.00000000000000000 ) ) ;
#360 = VECTOR ( 'NONE', #269, 1000.000000000000000 ) ;
#361 = ORIENTED_EDGE ( 'NONE', *, *, #1830, .T. ) ;
#362 = CARTESIAN_POINT ( 'NONE',  ( -33.49999999999997868, 77.50000000000000000, 0.000000000000000000 ) ) ;
#363 = CARTESIAN_POINT ( 'NONE',  ( -31.99999999999997868, 71.50000000000000000, 10.00000000000000000 ) ) ;
#364 = CARTESIAN_POINT ( 'NONE',  ( 35.50000000000000711, 83.00000000000000000, 0.000000000000000000 ) ) ;
#365 = DIRECTION ( 'NONE',  ( 0.000000000000000000, 0.000000000000000000, -1.000000000000000000 ) ) ;
#366 = AXIS2_PLACEMENT_3D ( 'NONE', #1551, #721, #1201 ) ;
#367 = VERTEX_POINT ( 'NONE', #1599 ) ;
#368 = DIRECTION ( 'NONE',  ( -0.000000000000000000, -1.000000000000000000, -0.000000000000000000 ) ) ;
#369 = EDGE_CURVE ( 'NONE', #1670, #1416, #1409, .T. ) ;
#370 = ORIENTED_EDGE ( 'NONE', *, *, #1494, .F. ) ;
#371 = PLANE ( 'NONE',  #1825 ) ;
#372 = ORIENTED_EDGE ( 'NONE', *, *, #1927, .T. ) ;
#373 = CARTESIAN_POINT ( 'NONE',  ( 27.99999999999997868, -28.19059892324148819, 5.000000000000000000 ) ) ;
#374 = DIRECTION ( 'NONE',  ( 0.4999999999999993339, -0.8660254037844390407, 0.000000000000000000 ) ) ;
#375 = CARTESIAN_POINT ( 'NONE',  ( -25.99999999999998224, 77.50000000000000000, 0.000000000000000000 ) ) ;
#376 = CARTESIAN_POINT ( 'NONE',  ( 30.50000000000001776, -77.49999999999998579, 10.00000000000000000 ) ) ;
#377 = VERTEX_POINT ( 'NONE', #87 ) ;
#378 = DIRECTION ( 'NONE',  ( 0.000000000000000000, 0.000000000000000000, 1.000000000000000000 ) ) ;
#379 = ORIENTED_EDGE ( 'NONE', *, *, #1191, .T. ) ;
#380 = CARTESIAN_POINT ( 'NONE',  ( -31.99999999999997868, 71.50000000000000000, 0.000000000000000000 ) ) ;
#381 = EDGE_CURVE ( 'NONE', #1369, #904, #743, .T. ) ;
#382 = EDGE_CURVE ( 'NONE', #1901, #82, #608, .T. ) ;
#383 = ORIENTED_EDGE ( 'NONE', *, *, #1648, .T. ) ;
#384 = CARTESIAN_POINT ( 'NONE',  ( 35.50000000000000711, -85.00000000000000000, 10.00000000000000000 ) ) ;
#385 = LINE ( 'NONE', #722, #785 ) ;
#386 = LINE ( 'NONE', #2065, #1158 ) ;
#387 = CARTESIAN_POINT ( 'NONE',  ( -35.49999999999999289, -85.00000000000000000, 10.00000000000000000 ) ) ;
#388 = ORIENTED_EDGE ( 'NONE', *, *, #38, .T. ) ;
#389 = LINE ( 'NONE', #919, #2039 ) ;
#390 = ORIENTED_EDGE ( 'NONE', *, *, #2051, .F. ) ;
#391 = CARTESIAN_POINT ( 'NONE',  ( 35.50000000000000711, -83.00000000000000000, 10.00000000000000000 ) ) ;
#392 = ORIENTED_EDGE ( 'NONE', *, *, #952, .T. ) ;
#393 = AXIS2_PLACEMENT_3D ( 'NONE', #1737, #889, #1064 ) ;
#394 = CIRCLE ( 'NONE', #1491, 2.000000000000000000 ) ;
#395 = CARTESIAN_POINT ( 'NONE',  ( 31.99999999999997868, 77.50000000000001421, 0.000000000000000000 ) ) ;
#396 = DIRECTION ( 'NONE',  ( -0.000000000000000000, -0.000000000000000000, 1.000000000000000000 ) ) ;
#397 = CIRCLE ( 'NONE', #1968, 1.500000000000001332 ) ;
#398 = EDGE_CURVE ( 'NONE', #884, #20, #273, .T. ) ;
#399 = CARTESIAN_POINT ( 'NONE',  ( -35.99999999999999289, -28.19059892324149530, 5.000000000000000000 ) ) ;
#400 = FACE_OUTER_BOUND ( 'NONE', #425, .T. ) ;
#401 = EDGE_LOOP ( 'NONE', ( #1822, #1882, #478, #1289 ) ) ;
#402 = VECTOR ( 'NONE', #773, 1000.000000000000114 ) ;
#403 = DIRECTION ( 'NONE',  ( 0.5038710255240860247, -0.8637789008984334549, 0.000000000000000000 ) ) ;
#404 = ORIENTED_EDGE ( 'NONE', *, *, #2168, .T. ) ;
#405 = DIRECTION ( 'NONE',  ( -1.000000000000000000, 0.000000000000000000, 0.000000000000000000 ) ) ;
#406 = VERTEX_POINT ( 'NONE', #1465 ) ;
#407 = DIRECTION ( 'NONE',  ( -0.000000000000000000, -0.000000000000000000, 1.000000000000000000 ) ) ;
#408 = DIRECTION ( 'NONE',  ( -0.000000000000000000, -0.000000000000000000, 1.000000000000000000 ) ) ;
#409 = ADVANCED_FACE ( 'NONE', ( #1419 ), #214, .F. ) ;
#410 = DIRECTION ( 'NONE',  ( 0.000000000000000000, 0.000000000000000000, -1.000000000000000000 ) ) ;
#411 = EDGE_CURVE ( 'NONE', #1758, #1705, #203, .T. ) ;
#412 = EDGE_CURVE ( 'NONE', #422, #343, #885, .T. ) ;
#413 = DIRECTION ( 'NONE',  ( -0.000000000000000000, -0.000000000000000000, 1.000000000000000000 ) ) ;
#414 = VERTEX_POINT ( 'NONE', #1709 ) ;
#415 = PRODUCT_CONTEXT ( 'NONE', #1930, 'mechanical' ) ;
#416 = ORIENTED_EDGE ( 'NONE', *, *, #1446, .F. ) ;
#417 = CYLINDRICAL_SURFACE ( 'NONE', #258, 2.000000000000001776 ) ;
#418 = PLANE ( 'NONE',  #1821 ) ;
#419 = DIRECTION ( 'NONE',  ( 0.000000000000000000, 0.000000000000000000, 1.000000000000000000 ) ) ;
#420 = DIRECTION ( 'NONE',  ( 0.000000000000000000, -0.000000000000000000, -1.000000000000000000 ) ) ;
#421 = DIRECTION ( 'NONE',  ( -4.429081215259933175E-16, 1.000000000000000000, 0.000000000000000000 ) ) ;
#422 = VERTEX_POINT ( 'NONE', #1928 ) ;
#423 = EDGE_CURVE ( 'NONE', #1486, #782, #45, .T. ) ;
#424 = EDGE_CURVE ( 'NONE', #904, #2046, #2116, .T. ) ;
#425 = EDGE_LOOP ( 'NONE', ( #1696, #659, #1013, #737 ) ) ;
#426 = VERTEX_POINT ( 'NONE', #685 ) ;
#427 = CARTESIAN_POINT ( 'NONE',  ( 24.00000000000000000, -75.50000000000000000, 10.00000000000000000 ) ) ;
#428 = CARTESIAN_POINT ( 'NONE',  ( -35.99999999999999289, -32.80940107675851181, 10.00000000000000000 ) ) ;
#429 = CIRCLE ( 'NONE', #995, 1.500000000000001332 ) ;
#430 = VECTOR ( 'NONE', #961, 1000.000000000000000 ) ;
#431 = VECTOR ( 'NONE', #2183, 1000.000000000000114 ) ;
#432 =( NAMED_UNIT ( * ) PLANE_ANGLE_UNIT ( ) SI_UNIT ( $, .RADIAN. ) );
#433 = CARTESIAN_POINT ( 'NONE',  ( 6.315407331574978578, 23.49999999999999645, 10.00000000000000000 ) ) ;
#434 = VECTOR ( 'NONE', #583, 1000.000000000000000 ) ;
#435 = AXIS2_PLACEMENT_3D ( 'NONE', #2150, #445, #1476 ) ;
#436 = LINE ( 'NONE', #2162, #1391 ) ;
#437 = ORIENTED_EDGE ( 'NONE', *, *, #310, .F. ) ;
#438 = ORIENTED_EDGE ( 'NONE', *, *, #38, .F. ) ;
#439 = EDGE_CURVE ( 'NONE', #1424, #307, #1014, .T. ) ;
#440 = EDGE_LOOP ( 'NONE', ( #1843, #2164, #404, #92 ) ) ;
#441 = LINE ( 'NONE', #1292, #1575 ) ;
#442 = DIRECTION ( 'NONE',  ( 0.000000000000000000, 0.000000000000000000, -1.000000000000000000 ) ) ;
#443 = CARTESIAN_POINT ( 'NONE',  ( -31.99999999999997868, 71.50000000000000000, 0.000000000000000000 ) ) ;
#444 = LINE ( 'NONE', #263, #2223 ) ;
#445 = DIRECTION ( 'NONE',  ( 0.000000000000000000, 0.000000000000000000, -1.000000000000000000 ) ) ;
#446 = VERTEX_POINT ( 'NONE', #165 ) ;
#447 = ORIENTED_EDGE ( 'NONE', *, *, #337, .T. ) ;
#448 =( LENGTH_UNIT ( ) NAMED_UNIT ( * ) SI_UNIT ( .MILLI., .METRE. ) );
#449 = VERTEX_POINT ( 'NONE', #852 ) ;
#450 = CYLINDRICAL_SURFACE ( 'NONE', #933, 1.500000000000001332 ) ;
#451 = DIRECTION ( 'NONE',  ( -0.000000000000000000, -0.000000000000000000, 1.000000000000000000 ) ) ;
#452 = EDGE_CURVE ( 'NONE', #957, #1603, #1035, .T. ) ;
#453 = ADVANCED_FACE ( 'NONE', ( #1734 ), #1528, .F. ) ;
#454 = AXIS2_PLACEMENT_3D ( 'NONE', #375, #1909, #1218 ) ;
#455 = DIRECTION ( 'NONE',  ( -1.000000000000000000, 1.476360405086644556E-16, 0.000000000000000000 ) ) ;
#456 = DIRECTION ( 'NONE',  ( -0.000000000000000000, -0.000000000000000000, -1.000000000000000000 ) ) ;
#457 = VERTEX_POINT ( 'NONE', #2 ) ;
#458 = AXIS2_PLACEMENT_3D ( 'NONE', #217, #1375, #47 ) ;
#459 = ORIENTED_EDGE ( 'NONE', *, *, #1034, .F. ) ;
#460 = ORIENTED_EDGE ( 'NONE', *, *, #1037, .F. ) ;
#461 = CYLINDRICAL_SURFACE ( 'NONE', #2157, 1.500000000000001332 ) ;
#462 = LINE ( 'NONE', #2200, #675 ) ;
#463 = FACE_BOUND ( 'NONE', #1969, .T. ) ;
#464 = CYLINDRICAL_SURFACE ( 'NONE', #1019, 1.999999999999998224 ) ;
#465 = CIRCLE ( 'NONE', #2224, 1.500000000000004885 ) ;
#466 = CARTESIAN_POINT ( 'NONE',  ( -27.99999999999997868, -28.19059892324148819, 5.000000000000000000 ) ) ;
#467 = VECTOR ( 'NONE', #751, 1000.000000000000000 ) ;
#468 = ORIENTED_EDGE ( 'NONE', *, *, #128, .T. ) ;
#469 = ORIENTED_EDGE ( 'NONE', *, *, #1703, .T. ) ;
#470 = ORIENTED_EDGE ( 'NONE', *, *, #1077, .T. ) ;
#471 = CIRCLE ( 'NONE', #292, 2.000000000000001776 ) ;
#472 = CARTESIAN_POINT ( 'NONE',  ( -33.49999999999997868, -30.50000000000000000, 0.000000000000000000 ) ) ;
#473 = CARTESIAN_POINT ( 'NONE',  ( -25.72755780179682361, -30.03295623165178085, 0.000000000000000000 ) ) ;
#474 = DIRECTION ( 'NONE',  ( 1.000000000000000000, 0.000000000000000000, 0.000000000000000000 ) ) ;
#475 = EDGE_CURVE ( 'NONE', #1185, #73, #1226, .T. ) ;
#476 = CARTESIAN_POINT ( 'NONE',  ( 31.99999999999997868, -25.88119784648298705, 5.000000000000000000 ) ) ;
#477 = CARTESIAN_POINT ( 'NONE',  ( 25.99999999999998224, -31.04069828269993891, 0.000000000000000000 ) ) ;
#478 = ORIENTED_EDGE ( 'NONE', *, *, #1016, .F. ) ;
#479 = ADVANCED_FACE ( 'NONE', ( #2089 ), #1362, .F. ) ;
#480 = EDGE_CURVE ( 'NONE', #1009, #406, #1829, .T. ) ;
#481 = VERTEX_POINT ( 'NONE', #181 ) ;
#482 = ORIENTED_EDGE ( 'NONE', *, *, #201, .F. ) ;
#483 = CARTESIAN_POINT ( 'NONE',  ( 32.00000000000000711, -30.49999999999999289, 5.000000000000000000 ) ) ;
#484 = FACE_OUTER_BOUND ( 'NONE', #440, .T. ) ;
#485 = CARTESIAN_POINT ( 'NONE',  ( -31.99999999999997868, 77.50000000000000000, 10.00000000000000000 ) ) ;
#486 = DIRECTION ( 'NONE',  ( -0.5038710255240858027, 0.8637789008984336769, 0.000000000000000000 ) ) ;
#487 = CIRCLE ( 'NONE', #558, 1.999999999999998224 ) ;
#488 = DIRECTION ( 'NONE',  ( -0.000000000000000000, -0.000000000000000000, 1.000000000000000000 ) ) ;
#489 = ORIENTED_EDGE ( 'NONE', *, *, #2180, .T. ) ;
#490 = ORIENTED_EDGE ( 'NONE', *, *, #424, .F. ) ;
#491 = PRODUCT_RELATED_PRODUCT_CATEGORY ( 'part', '', ( #187 ) ) ;
#492 = ADVANCED_FACE ( 'NONE', ( #867 ), #1542, .F. ) ;
#493 = VERTEX_POINT ( 'NONE', #15 ) ;
#494 = CARTESIAN_POINT ( 'NONE',  ( 31.99999999999997868, -35.11880215351701651, 10.00000000000000000 ) ) ;
#495 = CARTESIAN_POINT ( 'NONE',  ( 31.99999999999997868, -35.11880215351701651, 5.000000000000000000 ) ) ;
#496 = DIRECTION ( 'NONE',  ( 1.000000000000000000, 0.000000000000000000, 0.000000000000000000 ) ) ;
#497 = FACE_OUTER_BOUND ( 'NONE', #1799, .T. ) ;
#498 = DIRECTION ( 'NONE',  ( -1.000000000000000000, 0.000000000000000000, 0.000000000000000000 ) ) ;
#499 = ORIENTED_EDGE ( 'NONE', *, *, #711, .F. ) ;
#500 = CIRCLE ( 'NONE', #1101, 2.000000000000001776 ) ;
#501 = AXIS2_PLACEMENT_3D ( 'NONE', #652, #831, #2213 ) ;
#502 = ORIENTED_EDGE ( 'NONE', *, *, #1017, .F. ) ;
#503 = CIRCLE ( 'NONE', #607, 2.000000000000000000 ) ;
#504 = ORIENTED_EDGE ( 'NONE', *, *, #598, .F. ) ;
#505 = EDGE_CURVE ( 'NONE', #1332, #1458, #696, .T. ) ;
#506 = CARTESIAN_POINT ( 'NONE',  ( -22.51792600175834735, 77.50000000000000000, 0.000000000000000000 ) ) ;
#507 = DIRECTION ( 'NONE',  ( -0.8660254037844387076, -0.4999999999999998890, 0.000000000000000000 ) ) ;
#508 = VECTOR ( 'NONE', #730, 1000.000000000000000 ) ;
#509 = ORIENTED_EDGE ( 'NONE', *, *, #100, .T. ) ;
#510 = DIRECTION ( 'NONE',  ( -0.000000000000000000, -0.000000000000000000, 1.000000000000000000 ) ) ;
#511 = LINE ( 'NONE', #1141, #1695 ) ;
#512 = DIRECTION ( 'NONE',  ( 0.000000000000000000, 0.000000000000000000, -1.000000000000000000 ) ) ;
#513 = EDGE_LOOP ( 'NONE', ( #2082, #133, #2156, #468 ) ) ;
#514 = CYLINDRICAL_SURFACE ( 'NONE', #1919, 1.999999999999998224 ) ;
#515 = EDGE_LOOP ( 'NONE', ( #1081, #1241, #851, #1471 ) ) ;
#516 = LINE ( 'NONE', #380, #1425 ) ;
#517 = EDGE_LOOP ( 'NONE', ( #2040, #1527 ) ) ;
#518 = DIRECTION ( 'NONE',  ( 0.000000000000000000, 0.000000000000000000, -1.000000000000000000 ) ) ;
#519 = DIRECTION ( 'NONE',  ( -1.000000000000000000, 0.000000000000000000, 0.000000000000000000 ) ) ;
#520 = EDGE_CURVE ( 'NONE', #815, #1950, #2062, .T. ) ;
#521 = DIRECTION ( 'NONE',  ( 0.8660254037844390407, -0.4999999999999993339, 0.000000000000000000 ) ) ;
#522 = CARTESIAN_POINT ( 'NONE',  ( 32.00000000000000711, -30.49999999999999289, 0.000000000000000000 ) ) ;
#523 = ORIENTED_EDGE ( 'NONE', *, *, #873, .T. ) ;
#524 = ORIENTED_EDGE ( 'NONE', *, *, #666, .F. ) ;
#525 = LINE ( 'NONE', #2071, #1604 ) ;
#526 = ORIENTED_EDGE ( 'NONE', *, *, #1688, .F. ) ;
#527 = CARTESIAN_POINT ( 'NONE',  ( 31.99999999999997868, -35.11880215351701651, 5.000000000000000000 ) ) ;
#528 = DIRECTION ( 'NONE',  ( -0.5038710255240859137, 0.8637789008984334549, -0.000000000000000000 ) ) ;
#529 = EDGE_CURVE ( 'NONE', #1310, #1810, #471, .T. ) ;
#530 = CARTESIAN_POINT ( 'NONE',  ( -22.51792600175834735, 77.50000000000000000, 0.000000000000000000 ) ) ;
#531 = PLANE ( 'NONE',  #31 ) ;
#532 = ORIENTED_EDGE ( 'NONE', *, *, #1470, .F. ) ;
#533 = CIRCLE ( 'NONE', #1784, 1.500000000000004885 ) ;
#534 = ORIENTED_EDGE ( 'NONE', *, *, #1718, .F. ) ;
#535 = VECTOR ( 'NONE', #1815, 1000.000000000000000 ) ;
#536 = CIRCLE ( 'NONE', #1787, 1.500000000000004885 ) ;
#537 = DIRECTION ( 'NONE',  ( 0.4999999999999997224, 0.8660254037844388186, 0.000000000000000000 ) ) ;
#538 = ORIENTED_EDGE ( 'NONE', *, *, #1434, .T. ) ;
#539 = CARTESIAN_POINT ( 'NONE',  ( -31.99999999999997868, -35.11880215351701651, 5.000000000000000000 ) ) ;
#540 = CARTESIAN_POINT ( 'NONE',  ( 37.50000000000000711, -83.00000000000000000, 10.00000000000000000 ) ) ;
#541 = DIRECTION ( 'NONE',  ( 0.000000000000000000, 0.000000000000000000, -1.000000000000000000 ) ) ;
#542 = FACE_OUTER_BOUND ( 'NONE', #1079, .T. ) ;
#543 = CIRCLE ( 'NONE', #1794, 2.000000000000000000 ) ;
#544 = ORIENTED_EDGE ( 'NONE', *, *, #423, .T. ) ;
#545 = LINE ( 'NONE', #1080, #1753 ) ;
#546 = EDGE_LOOP ( 'NONE', ( #2105, #1291, #1917, #1231 ) ) ;
#547 = EDGE_CURVE ( 'NONE', #126, #457, #441, .T. ) ;
#548 = EDGE_CURVE ( 'NONE', #1114, #73, #1610, .T. ) ;
#549 = DIRECTION ( 'NONE',  ( -0.000000000000000000, -0.000000000000000000, 1.000000000000000000 ) ) ;
#550 = ORIENTED_EDGE ( 'NONE', *, *, #1790, .T. ) ;
#551 = CARTESIAN_POINT ( 'NONE',  ( -22.51792600175834735, 75.50000000000000000, 10.00000000000000000 ) ) ;
#552 = CARTESIAN_POINT ( 'NONE',  ( -31.99999999999997868, -35.11880215351701651, 5.000000000000000000 ) ) ;
#553 = CARTESIAN_POINT ( 'NONE',  ( 4.315407331574978578, 23.49999999999999645, 0.000000000000000000 ) ) ;
#554 = CARTESIAN_POINT ( 'NONE',  ( 31.99999999999997868, -35.11880215351701651, 10.00000000000000000 ) ) ;
#555 = VERTEX_POINT ( 'NONE', #1118 ) ;
#556 = PLANE ( 'NONE',  #139 ) ;
#557 = ORIENTED_EDGE ( 'NONE', *, *, #1818, .F. ) ;
#558 = AXIS2_PLACEMENT_3D ( 'NONE', #17, #1578, #708 ) ;
#559 = EDGE_CURVE ( 'NONE', #2086, #125, #95, .T. ) ;
#560 = VECTOR ( 'NONE', #1150, 1000.000000000000000 ) ;
#561 = FACE_OUTER_BOUND ( 'NONE', #1333, .T. ) ;
#562 = DIRECTION ( 'NONE',  ( 0.000000000000000000, -1.000000000000000000, 0.000000000000000000 ) ) ;
#563 = CARTESIAN_POINT ( 'NONE',  ( -31.99999999999997868, 77.50000000000000000, 0.000000000000000000 ) ) ;
#564 = DIRECTION ( 'NONE',  ( -1.000000000000000000, 0.000000000000000000, 0.000000000000000000 ) ) ;
#565 = DIRECTION ( 'NONE',  ( 0.000000000000000000, 0.000000000000000000, -1.000000000000000000 ) ) ;
#566 = ORIENTED_EDGE ( 'NONE', *, *, #1360, .F. ) ;
#567 = CARTESIAN_POINT ( 'NONE',  ( -31.99999999999997868, -25.88119784648298705, 5.000000000000000000 ) ) ;
#568 = ORIENTED_EDGE ( 'NONE', *, *, #615, .F. ) ;
#569 = ORIENTED_EDGE ( 'NONE', *, *, #587, .T. ) ;
#570 = AXIS2_PLACEMENT_3D ( 'NONE', #563, #1075, #1744 ) ;
#571 = AXIS2_PLACEMENT_3D ( 'NONE', #2102, #565, #229 ) ;
#572 = EDGE_CURVE ( 'NONE', #1380, #1223, #1866, .T. ) ;
#573 = CIRCLE ( 'NONE', #645, 1.500000000000004885 ) ;
#574 = CARTESIAN_POINT ( 'NONE',  ( 31.99999999999997868, 71.50000000000001421, 10.00000000000000000 ) ) ;
#575 = CARTESIAN_POINT ( 'NONE',  ( 31.99999999999997868, -35.11880215351701651, 5.000000000000000000 ) ) ;
#576 = EDGE_CURVE ( 'NONE', #680, #2128, #1107, .T. ) ;
#577 = EDGE_CURVE ( 'NONE', #779, #1722, #1074, .T. ) ;
#578 = DIRECTION ( 'NONE',  ( 0.000000000000000000, 0.000000000000000000, 1.000000000000000000 ) ) ;
#579 = CARTESIAN_POINT ( 'NONE',  ( -27.99999999999997868, -32.80940107675851891, 5.000000000000000000 ) ) ;
#580 = VECTOR ( 'NONE', #1490, 1000.000000000000000 ) ;
#581 = LINE ( 'NONE', #1254, #105 ) ;
#582 = ORIENTED_EDGE ( 'NONE', *, *, #694, .T. ) ;
#583 = DIRECTION ( 'NONE',  ( -0.000000000000000000, -0.000000000000000000, 1.000000000000000000 ) ) ;
#584 = ORIENTED_EDGE ( 'NONE', *, *, #2179, .T. ) ;
#585 = CARTESIAN_POINT ( 'NONE',  ( -23.99999999999995737, -77.50000000000000000, 10.00000000000000000 ) ) ;
#586 = DIRECTION ( 'NONE',  ( 0.8660254037844390407, -0.4999999999999993339, 0.000000000000000000 ) ) ;
#587 = EDGE_CURVE ( 'NONE', #279, #872, #179, .T. ) ;
#588 = DIRECTION ( 'NONE',  ( -1.000000000000000000, 0.000000000000000000, 0.000000000000000000 ) ) ;
#589 = DIRECTION ( 'NONE',  ( -0.000000000000000000, 0.000000000000000000, 1.000000000000000000 ) ) ;
#590 = ORIENTED_EDGE ( 'NONE', *, *, #694, .F. ) ;
#591 = VERTEX_POINT ( 'NONE', #1962 ) ;
#592 = ORIENTED_EDGE ( 'NONE', *, *, #1432, .F. ) ;
#593 = VECTOR ( 'NONE', #578, 1000.000000000000000 ) ;
#594 = DIRECTION ( 'NONE',  ( 0.000000000000000000, 0.000000000000000000, -1.000000000000000000 ) ) ;
#595 = CARTESIAN_POINT ( 'NONE',  ( 30.50000000000000355, -30.49999999999999289, 5.000000000000000000 ) ) ;
#596 = SURFACE_STYLE_USAGE ( .BOTH. , #2133 ) ;
#597 = CARTESIAN_POINT ( 'NONE',  ( -27.99999999999997868, -32.80940107675851891, 10.00000000000000000 ) ) ;
#598 = EDGE_CURVE ( 'NONE', #126, #2128, #756, .T. ) ;
#599 = CARTESIAN_POINT ( 'NONE',  ( 35.99999999999999289, -28.19059892324149530, 10.00000000000000000 ) ) ;
#600 = ORIENTED_EDGE ( 'NONE', *, *, #1304, .T. ) ;
#601 = ORIENTED_EDGE ( 'NONE', *, *, #1873, .F. ) ;
#602 = CARTESIAN_POINT ( 'NONE',  ( 1.727557801796869574, 11.10990091120536682, 10.00000000000000000 ) ) ;
#603 = DIRECTION ( 'NONE',  ( 0.5038710255240862468, -0.8637789008984334549, 0.000000000000000000 ) ) ;
#604 = CARTESIAN_POINT ( 'NONE',  ( -33.49999999999997868, -77.50000000000000000, 0.000000000000000000 ) ) ;
#605 = AXIS2_PLACEMENT_3D ( 'NONE', #2067, #1253, #26 ) ;
#606 = CIRCLE ( 'NONE', #822, 1.500000000000004885 ) ;
#607 = AXIS2_PLACEMENT_3D ( 'NONE', #1853, #488, #997 ) ;
#608 = LINE ( 'NONE', #1283, #342 ) ;
#609 = DIRECTION ( 'NONE',  ( 0.000000000000000000, 0.000000000000000000, -1.000000000000000000 ) ) ;
#610 = CIRCLE ( 'NONE', #719, 1.500000000000001332 ) ;
#611 = CARTESIAN_POINT ( 'NONE',  ( -30.49999999999997868, -77.50000000000000000, 0.000000000000000000 ) ) ;
#612 = ORIENTED_EDGE ( 'NONE', *, *, #411, .F. ) ;
#613 = AXIS2_PLACEMENT_3D ( 'NONE', #395, #1083, #1417 ) ;
#614 = VERTEX_POINT ( 'NONE', #1802 ) ;
#615 = EDGE_CURVE ( 'NONE', #1310, #1416, #783, .T. ) ;
#616 = CARTESIAN_POINT ( 'NONE',  ( 30.50000000000000355, -30.49999999999999289, 0.000000000000000000 ) ) ;
#617 = ORIENTED_EDGE ( 'NONE', *, *, #382, .T. ) ;
#618 = PLANE ( 'NONE',  #68 ) ;
#619 = DIRECTION ( 'NONE',  ( -1.000000000000000000, -0.000000000000000000, -0.000000000000000000 ) ) ;
#620 = DIRECTION ( 'NONE',  ( -1.000000000000000000, -0.000000000000000000, -0.000000000000000000 ) ) ;
#621 = FACE_OUTER_BOUND ( 'NONE', #1395, .T. ) ;
#622 = CARTESIAN_POINT ( 'NONE',  ( -30.49999999999997868, 77.50000000000000000, 10.00000000000000000 ) ) ;
#623 = VERTEX_POINT ( 'NONE', #1585 ) ;
#624 = VERTEX_POINT ( 'NONE', #1619 ) ;
#625 = ORIENTED_EDGE ( 'NONE', *, *, #116, .F. ) ;
#626 = CARTESIAN_POINT ( 'NONE',  ( -37.49999999999999289, -83.00000000000000000, 10.00000000000000000 ) ) ;
#627 = DIRECTION ( 'NONE',  ( -0.000000000000000000, -0.000000000000000000, 1.000000000000000000 ) ) ;
#628 = CIRCLE ( 'NONE', #771, 2.000000000000001776 ) ;
#629 = LINE ( 'NONE', #1977, #1671 ) ;
#630 = CLOSED_SHELL ( 'NONE', ( #1480, #1633, #1945, #1195, #1582, #2206, #707, #1983, #155, #244, #2095, #52, #1222, #1331, #1567, #777, #2165, #1237, #1609, #2084, #1766, #806, #339, #1497, #154, #1415, #1384, #53, #863, #220, #1592, #1565, #1659, #1676, #1455, #2123, #11, #1662, #1404, #24, #693, #409, #940, #2021, #1972, #492, #1128, #764, #1947, #77, #726, #117, #1403, #1702, #1899, #970, #479, #2192, #453, #354, #641, #298, #242, #2108, #2068, #1359 ) ) ;
#631 = CARTESIAN_POINT ( 'NONE',  ( -22.51792600175834735, 75.50000000000000000, 0.000000000000000000 ) ) ;
#632 = DIRECTION ( 'NONE',  ( -1.000000000000000000, 0.000000000000000000, 0.000000000000000000 ) ) ;
#633 = ORIENTED_EDGE ( 'NONE', *, *, #475, .T. ) ;
#634 = ORIENTED_EDGE ( 'NONE', *, *, #833, .F. ) ;
#635 = ORIENTED_EDGE ( 'NONE', *, *, #1731, .F. ) ;
#636 = CARTESIAN_POINT ( 'NONE',  ( 27.99999999999997868, -32.80940107675851891, 10.00000000000000000 ) ) ;
#637 = LINE ( 'NONE', #1860, #2222 ) ;
#638 = EDGE_CURVE ( 'NONE', #902, #555, #1462, .T. ) ;
#639 = FACE_BOUND ( 'NONE', #1324, .T. ) ;
#640 = EDGE_CURVE ( 'NONE', #1299, #779, #185, .T. ) ;
#641 = ADVANCED_FACE ( 'NONE', ( #55 ), #618, .F. ) ;
#642 = VECTOR ( 'NONE', #1431, 1000.000000000000000 ) ;
#643 = AXIS2_PLACEMENT_3D ( 'NONE', #1665, #811, #1872 ) ;
#644 = LINE ( 'NONE', #976, #345 ) ;
#645 = AXIS2_PLACEMENT_3D ( 'NONE', #1071, #1525, #1574 ) ;
#646 = LINE ( 'NONE', #1485, #431 ) ;
#647 = ORIENTED_EDGE ( 'NONE', *, *, #640, .T. ) ;
#648 = ORIENTED_EDGE ( 'NONE', *, *, #1835, .T. ) ;
#649 = ORIENTED_EDGE ( 'NONE', *, *, #1998, .F. ) ;
#650 = VECTOR ( 'NONE', #1631, 1000.000000000000000 ) ;
#651 = DIRECTION ( 'NONE',  ( -1.000000000000000000, 0.000000000000000000, 0.000000000000000000 ) ) ;
#652 = CARTESIAN_POINT ( 'NONE',  ( -23.99999999999995026, -31.04069828269994247, 0.000000000000000000 ) ) ;
#653 = DIRECTION ( 'NONE',  ( 0.000000000000000000, 0.000000000000000000, 1.000000000000000000 ) ) ;
#654 = EDGE_CURVE ( 'NONE', #1058, #1616, #741, .T. ) ;
#655 = DIRECTION ( 'NONE',  ( 1.000000000000000000, 0.000000000000000000, 0.000000000000000000 ) ) ;
#656 = LINE ( 'NONE', #1183, #787 ) ;
#657 = EDGE_LOOP ( 'NONE', ( #1681, #671, #861, #256 ) ) ;
#658 = ORIENTED_EDGE ( 'NONE', *, *, #1621, .F. ) ;
#659 = ORIENTED_EDGE ( 'NONE', *, *, #2033, .F. ) ;
#660 = DIRECTION ( 'NONE',  ( -1.000000000000000000, 0.000000000000000000, 0.000000000000000000 ) ) ;
#661 = FACE_OUTER_BOUND ( 'NONE', #702, .T. ) ;
#662 = CARTESIAN_POINT ( 'NONE',  ( -1.727557801796856696, 35.89009908879463495, 0.000000000000000000 ) ) ;
#663 = DIRECTION ( 'NONE',  ( 0.8637789008984336769, 0.5038710255240858027, 0.000000000000000000 ) ) ;
#664 = LINE ( 'NONE', #1690, #1070 ) ;
#665 = VERTEX_POINT ( 'NONE', #2143 ) ;
#666 = EDGE_CURVE ( 'NONE', #624, #591, #915, .T. ) ;
#667 = ORIENTED_EDGE ( 'NONE', *, *, #1357, .T. ) ;
#668 = ORIENTED_EDGE ( 'NONE', *, *, #2064, .T. ) ;
#669 = CARTESIAN_POINT ( 'NONE',  ( 25.99999999999998224, -31.04069828269993891, 0.000000000000000000 ) ) ;
#670 = LINE ( 'NONE', #1870, #1170 ) ;
#671 = ORIENTED_EDGE ( 'NONE', *, *, #709, .F. ) ;
#672 = FACE_BOUND ( 'NONE', #2142, .T. ) ;
#673 = DIRECTION ( 'NONE',  ( 0.000000000000000000, 0.000000000000000000, 1.000000000000000000 ) ) ;
#674 = DIRECTION ( 'NONE',  ( -1.000000000000000000, 0.000000000000000000, 0.000000000000000000 ) ) ;
#675 = VECTOR ( 'NONE', #313, 1000.000000000000000 ) ;
#676 = ORIENTED_EDGE ( 'NONE', *, *, #2050, .F. ) ;
#677 = VECTOR ( 'NONE', #1598, 1000.000000000000114 ) ;
#678 = CARTESIAN_POINT ( 'NONE',  ( -31.99999999999997868, -25.88119784648298705, 10.00000000000000000 ) ) ;
#679 = VECTOR ( 'NONE', #113, 1000.000000000000000 ) ;
#680 = VERTEX_POINT ( 'NONE', #585 ) ;
#681 = EDGE_CURVE ( 'NONE', #876, #1980, #1258, .T. ) ;
#682 = DIRECTION ( 'NONE',  ( -0.8660254037844388186, -0.4999999999999997224, -0.000000000000000000 ) ) ;
#683 = VECTOR ( 'NONE', #1893, 1000.000000000000000 ) ;
#684 = VERTEX_POINT ( 'NONE', #1951 ) ;
#685 = CARTESIAN_POINT ( 'NONE',  ( -33.49999999999997868, -30.50000000000000000, 0.000000000000000000 ) ) ;
#686 = DIRECTION ( 'NONE',  ( -1.000000000000000000, 0.000000000000000000, 0.000000000000000000 ) ) ;
#687 = CARTESIAN_POINT ( 'NONE',  ( -35.99999999999999289, -32.80940107675851181, 5.000000000000000000 ) ) ;
#688 = CARTESIAN_POINT ( 'NONE',  ( 37.50000000000000711, -85.00000000000000000, 10.00000000000000000 ) ) ;
#689 = ORIENTED_EDGE ( 'NONE', *, *, #1984, .T. ) ;
#690 = EDGE_LOOP ( 'NONE', ( #278, #569, #1186, #2024, #1833, #633, #550 ) ) ;
#691 = ORIENTED_EDGE ( 'NONE', *, *, #1957, .F. ) ;
#692 = CARTESIAN_POINT ( 'NONE',  ( -23.99999999999995737, -77.50000000000000000, 0.000000000000000000 ) ) ;
#693 = ADVANCED_FACE ( 'NONE', ( #1280 ), #417, .F. ) ;
#694 = EDGE_CURVE ( 'NONE', #2012, #481, #1001, .T. ) ;
#695 = ORIENTED_EDGE ( 'NONE', *, *, #2083, .F. ) ;
#696 = LINE ( 'NONE', #384, #1433 ) ;
#697 = CYLINDRICAL_SURFACE ( 'NONE', #1747, 2.000000000000001776 ) ;
#698 = DIRECTION ( 'NONE',  ( -1.000000000000000000, 0.000000000000000000, 0.000000000000000000 ) ) ;
#699 = LINE ( 'NONE', #1376, #1277 ) ;
#700 = ORIENTED_EDGE ( 'NONE', *, *, #2167, .T. ) ;
#701 = AXIS2_PLACEMENT_3D ( 'NONE', #1679, #1053, #39 ) ;
#702 = EDGE_LOOP ( 'NONE', ( #827, #1288, #2093, #524 ) ) ;
#703 = CARTESIAN_POINT ( 'NONE',  ( 31.99999999999997868, 77.50000000000001421, 0.000000000000000000 ) ) ;
#704 = ORIENTED_EDGE ( 'NONE', *, *, #1446, .T. ) ;
#705 = DIRECTION ( 'NONE',  ( 0.8660254037844391517, 0.4999999999999992228, 0.000000000000000000 ) ) ;
#706 = CARTESIAN_POINT ( 'NONE',  ( 32.00000000000000711, -24.49999999999998579, 10.00000000000000000 ) ) ;
#707 = ADVANCED_FACE ( 'NONE', ( #1663 ), #461, .F. ) ;
#708 = DIRECTION ( 'NONE',  ( -1.000000000000000000, 0.000000000000000000, 0.000000000000000000 ) ) ;
#709 = EDGE_CURVE ( 'NONE', #1742, #1366, #2199, .T. ) ;
#710 = FACE_BOUND ( 'NONE', #1450, .T. ) ;
#711 = EDGE_CURVE ( 'NONE', #728, #1343, #1513, .T. ) ;
#712 = ORIENTED_EDGE ( 'NONE', *, *, #1342, .F. ) ;
#713 = CARTESIAN_POINT ( 'NONE',  ( -27.99999999999997868, -32.80940107675851891, 5.000000000000000000 ) ) ;
#714 = CIRCLE ( 'NONE', #1137, 1.500000000000001332 ) ;
#715 = ORIENTED_EDGE ( 'NONE', *, *, #1845, .T. ) ;
#716 = CIRCLE ( 'NONE', #1031, 1.999999999999998224 ) ;
#717 = AXIS2_PLACEMENT_3D ( 'NONE', #688, #316, #1173 ) ;
#718 = CARTESIAN_POINT ( 'NONE',  ( 4.315407331574978578, 23.49999999999999645, 10.00000000000000000 ) ) ;
#719 = AXIS2_PLACEMENT_3D ( 'NONE', #982, #1838, #1412 ) ;
#720 = ORIENTED_EDGE ( 'NONE', *, *, #271, .F. ) ;
#721 = DIRECTION ( 'NONE',  ( 1.000000000000000000, 0.000000000000000000, 0.000000000000000000 ) ) ;
#722 = CARTESIAN_POINT ( 'NONE',  ( 33.50000000000000711, -30.49999999999999289, 0.000000000000000000 ) ) ;
#723 = DIRECTION ( 'NONE',  ( 0.000000000000000000, 0.000000000000000000, -1.000000000000000000 ) ) ;
#724 = FACE_BOUND ( 'NONE', #1650, .T. ) ;
#725 = ORIENTED_EDGE ( 'NONE', *, *, #1688, .T. ) ;
#726 = ADVANCED_FACE ( 'NONE', ( #1814 ), #293, .F. ) ;
#727 = DIRECTION ( 'NONE',  ( -0.000000000000000000, 0.000000000000000000, 1.000000000000000000 ) ) ;
#728 = VERTEX_POINT ( 'NONE', #636 ) ;
#729 = CYLINDRICAL_SURFACE ( 'NONE', #1712, 1.500000000000001332 ) ;
#730 = DIRECTION ( 'NONE',  ( -0.000000000000000000, -0.000000000000000000, 1.000000000000000000 ) ) ;
#731 = CARTESIAN_POINT ( 'NONE',  ( 22.51792600175833670, 75.50000000000000000, 0.000000000000000000 ) ) ;
#732 = DIRECTION ( 'NONE',  ( 0.000000000000000000, -0.000000000000000000, 1.000000000000000000 ) ) ;
#733 = LINE ( 'NONE', #387, #65 ) ;
#734 = ORIENTED_EDGE ( 'NONE', *, *, #923, .T. ) ;
#735 = CARTESIAN_POINT ( 'NONE',  ( -35.49999999999999289, 83.00000000000000000, 0.000000000000000000 ) ) ;
#736 = EDGE_CURVE ( 'NONE', #457, #1155, #2025, .T. ) ;
#737 = ORIENTED_EDGE ( 'NONE', *, *, #969, .F. ) ;
#738 = AXIS2_PLACEMENT_3D ( 'NONE', #66, #1095, #941 ) ;
#739 = VECTOR ( 'NONE', #1018, 1000.000000000000000 ) ;
#740 = ORIENTED_EDGE ( 'NONE', *, *, #2066, .T. ) ;
#741 = LINE ( 'NONE', #1759, #1426 ) ;
#742 = CARTESIAN_POINT ( 'NONE',  ( 35.50000000000000711, 83.00000000000000000, 10.00000000000000000 ) ) ;
#743 = LINE ( 'NONE', #1453, #1301 ) ;
#744 = FACE_BOUND ( 'NONE', #803, .T. ) ;
#745 = FACE_OUTER_BOUND ( 'NONE', #1708, .T. ) ;
#746 = ORIENTED_EDGE ( 'NONE', *, *, #1956, .F. ) ;
#747 = CARTESIAN_POINT ( 'NONE',  ( 31.99999999999997868, -25.88119784648298705, 5.000000000000000000 ) ) ;
#748 = AXIS2_PLACEMENT_3D ( 'NONE', #1803, #442, #1119 ) ;
#749 = EDGE_CURVE ( 'NONE', #1573, #1936, #1144, .T. ) ;
#750 = VECTOR ( 'NONE', #682, 1000.000000000000114 ) ;
#751 = DIRECTION ( 'NONE',  ( -0.000000000000000000, -0.000000000000000000, 1.000000000000000000 ) ) ;
#752 = VECTOR ( 'NONE', #1147, 1000.000000000000000 ) ;
#753 = LINE ( 'NONE', #110, #1206 ) ;
#754 = FILL_AREA_STYLE_COLOUR ( '', #1230 ) ;
#755 = CYLINDRICAL_SURFACE ( 'NONE', #1067, 2.000000000000001776 ) ;
#756 = CIRCLE ( 'NONE', #1537, 2.000000000000001776 ) ;
#757 = DIRECTION ( 'NONE',  ( -0.000000000000000000, -0.000000000000000000, -1.000000000000000000 ) ) ;
#758 = EDGE_LOOP ( 'NONE', ( #392, #1898, #1618, #971 ) ) ;
#759 = ORIENTED_EDGE ( 'NONE', *, *, #1984, .F. ) ;
#760 = CARTESIAN_POINT ( 'NONE',  ( -31.99999999999997868, -35.11880215351701651, 10.00000000000000000 ) ) ;
#761 = ORIENTED_EDGE ( 'NONE', *, *, #173, .F. ) ;
#762 = DIRECTION ( 'NONE',  ( -4.429081215259933175E-16, 1.000000000000000000, 0.000000000000000000 ) ) ;
#763 = CARTESIAN_POINT ( 'NONE',  ( -24.24548380355521360, 74.49225794895183128, 10.00000000000000000 ) ) ;
#764 = ADVANCED_FACE ( 'NONE', ( #1849 ), #2015, .F. ) ;
#765 = CARTESIAN_POINT ( 'NONE',  ( -23.99999999999995737, -77.50000000000000000, 10.00000000000000000 ) ) ;
#766 = FACE_OUTER_BOUND ( 'NONE', #1125, .T. ) ;
#767 = CARTESIAN_POINT ( 'NONE',  ( 6.315407331574978578, 23.49999999999999645, 0.000000000000000000 ) ) ;
#768 = EDGE_LOOP ( 'NONE', ( #1982, #740, #2176, #289 ) ) ;
#769 = ORIENTED_EDGE ( 'NONE', *, *, #369, .T. ) ;
#770 = EDGE_LOOP ( 'NONE', ( #924, #1323, #1524, #9, #10, #437, #1593 ) ) ;
#771 = AXIS2_PLACEMENT_3D ( 'NONE', #1886, #1192, #698 ) ;
#772 = VECTOR ( 'NONE', #2219, 1000.000000000000114 ) ;
#773 = DIRECTION ( 'NONE',  ( -0.5038710255240855806, -0.8637789008984336769, 0.000000000000000000 ) ) ;
#774 = DIRECTION ( 'NONE',  ( -0.000000000000000000, -0.000000000000000000, 1.000000000000000000 ) ) ;
#775 = CARTESIAN_POINT ( 'NONE',  ( -31.99999999999997868, -77.50000000000000000, 10.00000000000000000 ) ) ;
#776 = EDGE_CURVE ( 'NONE', #180, #300, #1312, .T. ) ;
#777 = ADVANCED_FACE ( 'NONE', ( #1858 ), #450, .F. ) ;
#778 = CARTESIAN_POINT ( 'NONE',  ( -27.99999999999997868, -32.80940107675851891, 10.00000000000000000 ) ) ;
#779 = VERTEX_POINT ( 'NONE', #324 ) ;
#780 = ORIENTED_EDGE ( 'NONE', *, *, #381, .F. ) ;
#781 = DIRECTION ( 'NONE',  ( -0.000000000000000000, -0.000000000000000000, 1.000000000000000000 ) ) ;
#782 = VERTEX_POINT ( 'NONE', #1672 ) ;
#783 = LINE ( 'NONE', #1250, #2008 ) ;
#784 = LINE ( 'NONE', #76, #1636 ) ;
#785 = VECTOR ( 'NONE', #349, 1000.000000000000000 ) ;
#786 = CIRCLE ( 'NONE', #249, 1.500000000000001332 ) ;
#787 = VECTOR ( 'NONE', #1151, 1000.000000000000000 ) ;
#788 = CARTESIAN_POINT ( 'NONE',  ( -27.99999999999997868, -32.80940107675851891, 5.000000000000000000 ) ) ;
#789 = LINE ( 'NONE', #1996, #1895 ) ;
#790 = VECTOR ( 'NONE', #757, 1000.000000000000000 ) ;
#791 = DIRECTION ( 'NONE',  ( -0.8660254037844387076, -0.4999999999999998890, 0.000000000000000000 ) ) ;
#792 = ORIENTED_EDGE ( 'NONE', *, *, #1166, .F. ) ;
#793 = EDGE_CURVE ( 'NONE', #1616, #1185, #543, .T. ) ;
#794 = AXIS2_PLACEMENT_3D ( 'NONE', #1985, #1642, #959 ) ;
#795 = ORIENTED_EDGE ( 'NONE', *, *, #1915, .T. ) ;
#796 = ORIENTED_EDGE ( 'NONE', *, *, #587, .F. ) ;
#797 = CARTESIAN_POINT ( 'NONE',  ( 31.99999999999997868, -25.88119784648298705, 5.000000000000000000 ) ) ;
#798 = DIRECTION ( 'NONE',  ( 0.000000000000000000, 0.000000000000000000, -1.000000000000000000 ) ) ;
#799 = CYLINDRICAL_SURFACE ( 'NONE', #1932, 1.999999999999998224 ) ;
#800 = FACE_OUTER_BOUND ( 'NONE', #1032, .T. ) ;
#801 = DIRECTION ( 'NONE',  ( -0.000000000000000000, -0.000000000000000000, 1.000000000000000000 ) ) ;
#802 = EDGE_LOOP ( 'NONE', ( #691, #447, #2058, #1693 ) ) ;
#803 = EDGE_LOOP ( 'NONE', ( #792, #1547, #1300, #2205, #1990, #353, #866, #2214, #482, #1637 ) ) ;
#804 = EDGE_CURVE ( 'NONE', #1779, #1742, #2045, .T. ) ;
#805 = ORIENTED_EDGE ( 'NONE', *, *, #1117, .T. ) ;
#806 = ADVANCED_FACE ( 'NONE', ( #2169 ), #140, .F. ) ;
#807 = EDGE_CURVE ( 'NONE', #920, #1584, #862, .T. ) ;
#808 = CARTESIAN_POINT ( 'NONE',  ( -31.99999999999997868, 77.50000000000000000, 0.000000000000000000 ) ) ;
#809 = DIRECTION ( 'NONE',  ( -1.000000000000000000, 0.000000000000000000, 0.000000000000000000 ) ) ;
#810 = AXIS2_PLACEMENT_3D ( 'NONE', #195, #1554, #1714 ) ;
#811 = DIRECTION ( 'NONE',  ( 0.000000000000000000, 0.000000000000000000, -1.000000000000000000 ) ) ;
#812 = DIRECTION ( 'NONE',  ( 0.000000000000000000, -0.000000000000000000, 1.000000000000000000 ) ) ;
#813 = DIRECTION ( 'NONE',  ( -0.000000000000000000, -0.000000000000000000, 1.000000000000000000 ) ) ;
#814 = ORIENTED_EDGE ( 'NONE', *, *, #1995, .F. ) ;
#815 = VERTEX_POINT ( 'NONE', #1334 ) ;
#816 = ORIENTED_EDGE ( 'NONE', *, *, #1319, .T. ) ;
#817 = DIRECTION ( 'NONE',  ( 1.000000000000000000, 0.000000000000000000, 0.000000000000000000 ) ) ;
#818 = CARTESIAN_POINT ( 'NONE',  ( 25.72755780179684493, -30.03295623165176664, 0.000000000000000000 ) ) ;
#819 = EDGE_CURVE ( 'NONE', #426, #1198, #2177, .T. ) ;
#820 = CARTESIAN_POINT ( 'NONE',  ( 33.50000000000000711, -30.49999999999999289, 5.000000000000000000 ) ) ;
#821 = CIRCLE ( 'NONE', #605, 1.500000000000004885 ) ;
#822 = AXIS2_PLACEMENT_3D ( 'NONE', #1043, #1027, #2090 ) ;
#823 = CIRCLE ( 'NONE', #892, 1.999999999999998224 ) ;
#824 = DIRECTION ( 'NONE',  ( 0.000000000000000000, 0.000000000000000000, -1.000000000000000000 ) ) ;
#825 = AXIS2_PLACEMENT_3D ( 'NONE', #1368, #191, #874 ) ;
#826 = CARTESIAN_POINT ( 'NONE',  ( 24.00000000000000000, -77.50000000000000000, 0.000000000000000000 ) ) ;
#827 = ORIENTED_EDGE ( 'NONE', *, *, #887, .F. ) ;
#828 = ORIENTED_EDGE ( 'NONE', *, *, #1581, .F. ) ;
#829 = ORIENTED_EDGE ( 'NONE', *, *, #548, .F. ) ;
#830 = CARTESIAN_POINT ( 'NONE',  ( 31.99999999999997868, 77.50000000000001421, 10.00000000000000000 ) ) ;
#831 = DIRECTION ( 'NONE',  ( 0.000000000000000000, 0.000000000000000000, -1.000000000000000000 ) ) ;
#832 = FACE_BOUND ( 'NONE', #2186, .T. ) ;
#833 = EDGE_CURVE ( 'NONE', #1198, #591, #610, .T. ) ;
#834 = CARTESIAN_POINT ( 'NONE',  ( -35.49999999999999289, 85.00000000000000000, 0.000000000000000000 ) ) ;
#835 = DIRECTION ( 'NONE',  ( -1.000000000000000000, 0.000000000000000000, 0.000000000000000000 ) ) ;
#836 = ORIENTED_EDGE ( 'NONE', *, *, #245, .F. ) ;
#837 = EDGE_LOOP ( 'NONE', ( #1116, #557, #1926, #734 ) ) ;
#838 = CIRCLE ( 'NONE', #1716, 2.000000000000001776 ) ;
#839 = ORIENTED_EDGE ( 'NONE', *, *, #286, .T. ) ;
#840 = CARTESIAN_POINT ( 'NONE',  ( -29.99999999999997868, 64.10215886015718922, 0.000000000000000000 ) ) ;
#841 = FACE_OUTER_BOUND ( 'NONE', #990, .T. ) ;
#842 = EDGE_LOOP ( 'NONE', ( #1162, #1174, #1606, #2166 ) ) ;
#843 = FACE_OUTER_BOUND ( 'NONE', #1777, .T. ) ;
#844 = CARTESIAN_POINT ( 'NONE',  ( 35.99999999999999289, -32.80940107675851181, 10.00000000000000000 ) ) ;
#845 = DIRECTION ( 'NONE',  ( -0.000000000000000000, -0.000000000000000000, 1.000000000000000000 ) ) ;
#846 = EDGE_LOOP ( 'NONE', ( #416, #544, #1065, #828 ) ) ;
#847 = EDGE_CURVE ( 'NONE', #936, #815, #581, .T. ) ;
#848 = LINE ( 'NONE', #1523, #772 ) ;
#849 = ORIENTED_EDGE ( 'NONE', *, *, #189, .F. ) ;
#850 = DIRECTION ( 'NONE',  ( -0.000000000000000000, -0.000000000000000000, 1.000000000000000000 ) ) ;
#851 = ORIENTED_EDGE ( 'NONE', *, *, #776, .F. ) ;
#852 = CARTESIAN_POINT ( 'NONE',  ( 32.00000000000000711, -17.10215886015717501, 10.00000000000000000 ) ) ;
#853 = FACE_BOUND ( 'NONE', #1770, .T. ) ;
#854 = UNCERTAINTY_MEASURE_WITH_UNIT (LENGTH_MEASURE( 1.000000000000000082E-05 ), #1987, 'distance_accuracy_value', 'NONE');
#855 = FACE_OUTER_BOUND ( 'NONE', #1257, .T. ) ;
#856 = CARTESIAN_POINT ( 'NONE',  ( -35.99999999999999289, -28.19059892324149530, 5.000000000000000000 ) ) ;
#857 = AXIS2_PLACEMENT_3D ( 'NONE', #2063, #1577, #1062 ) ;
#858 = ORIENTED_EDGE ( 'NONE', *, *, #2136, .F. ) ;
#859 = AXIS2_PLACEMENT_3D ( 'NONE', #775, #1817, #1614 ) ;
#860 = AXIS2_PLACEMENT_3D ( 'NONE', #747, #2106, #946 ) ;
#861 = ORIENTED_EDGE ( 'NONE', *, *, #804, .F. ) ;
#862 = CIRCLE ( 'NONE', #1073, 1.500000000000004885 ) ;
#863 = ADVANCED_FACE ( 'NONE', ( #50 ), #1754, .F. ) ;
#864 = ORIENTED_EDGE ( 'NONE', *, *, #271, .T. ) ;
#865 = CARTESIAN_POINT ( 'NONE',  ( 4.587849529778110558, 22.49225794895182418, 10.00000000000000000 ) ) ;
#866 = ORIENTED_EDGE ( 'NONE', *, *, #980, .F. ) ;
#867 = FACE_OUTER_BOUND ( 'NONE', #1647, .T. ) ;
#868 = CARTESIAN_POINT ( 'NONE',  ( -35.49999999999999289, -85.00000000000000000, 0.000000000000000000 ) ) ;
#869 = DIRECTION ( 'NONE',  ( -1.000000000000000000, 0.000000000000000000, 0.000000000000000000 ) ) ;
#870 = CARTESIAN_POINT ( 'NONE',  ( 37.50000000000000711, -85.00000000000000000, 0.000000000000000000 ) ) ;
#871 = EDGE_LOOP ( 'NONE', ( #49, #331, #921, #1479 ) ) ;
#872 = VERTEX_POINT ( 'NONE', #1776 ) ;
#873 = EDGE_CURVE ( 'NONE', #1628, #1249, #389, .T. ) ;
#874 = DIRECTION ( 'NONE',  ( 1.000000000000000000, 0.000000000000000000, 0.000000000000000000 ) ) ;
#875 = EDGE_CURVE ( 'NONE', #367, #279, #1900, .T. ) ;
#876 = VERTEX_POINT ( 'NONE', #1392 ) ;
#877 = DIRECTION ( 'NONE',  ( -0.8637789008984334549, -0.5038710255240862468, 0.000000000000000000 ) ) ;
#878 = LINE ( 'NONE', #1063, #1267 ) ;
#879 = LINE ( 'NONE', #58, #1423 ) ;
#880 = ORIENTED_EDGE ( 'NONE', *, *, #666, .T. ) ;
#881 = CARTESIAN_POINT ( 'NONE',  ( -25.99999999999995381, -31.04069828269994247, 10.00000000000000000 ) ) ;
#882 = ORIENTED_EDGE ( 'NONE', *, *, #520, .F. ) ;
#883 = CARTESIAN_POINT ( 'NONE',  ( -37.49999999999999289, -85.00000000000000000, 10.00000000000000000 ) ) ;
#884 = VERTEX_POINT ( 'NONE', #567 ) ;
#885 = LINE ( 'NONE', #1576, #1645 ) ;
#886 = DIRECTION ( 'NONE',  ( -0.000000000000000000, -0.000000000000000000, 1.000000000000000000 ) ) ;
#887 = EDGE_CURVE ( 'NONE', #426, #624, #929, .T. ) ;
#888 = PLANE ( 'NONE',  #458 ) ;
#889 = DIRECTION ( 'NONE',  ( -0.8637789008984337880, 0.5038710255240856917, 0.000000000000000000 ) ) ;
#890 = ORIENTED_EDGE ( 'NONE', *, *, #572, .T. ) ;
#891 = DIRECTION ( 'NONE',  ( -0.000000000000000000, -0.000000000000000000, 1.000000000000000000 ) ) ;
#892 = AXIS2_PLACEMENT_3D ( 'NONE', #2204, #845, #1520 ) ;
#893 = ORIENTED_EDGE ( 'NONE', *, *, #170, .T. ) ;
#894 = AXIS2_PLACEMENT_3D ( 'NONE', #1994, #798, #2178 ) ;
#895 = AXIS2_PLACEMENT_3D ( 'NONE', #1967, #1656, #288 ) ;
#896 = DIRECTION ( 'NONE',  ( 0.000000000000000000, 0.000000000000000000, 1.000000000000000000 ) ) ;
#897 = VECTOR ( 'NONE', #2085, 1000.000000000000000 ) ;
#898 = DIRECTION ( 'NONE',  ( 0.000000000000000000, 0.000000000000000000, -1.000000000000000000 ) ) ;
#899 = EDGE_CURVE ( 'NONE', #169, #972, #1088, .T. ) ;
#900 = FACE_OUTER_BOUND ( 'NONE', #837, .T. ) ;
#901 = FACE_BOUND ( 'NONE', #770, .T. ) ;
#902 = VERTEX_POINT ( 'NONE', #1601 ) ;
#903 = CARTESIAN_POINT ( 'NONE',  ( -25.99999999999996092, -75.50000000000000000, 0.000000000000000000 ) ) ;
#904 = VERTEX_POINT ( 'NONE', #903 ) ;
#905 =( NAMED_UNIT ( * ) PLANE_ANGLE_UNIT ( ) SI_UNIT ( $, .RADIAN. ) );
#906 = ORIENTED_EDGE ( 'NONE', *, *, #1595, .T. ) ;
#907 = DIRECTION ( 'NONE',  ( -0.5038710255240855806, -0.8637789008984336769, 0.000000000000000000 ) ) ;
#908 = CARTESIAN_POINT ( 'NONE',  ( 30.50000000000001776, -77.49999999999998579, 0.000000000000000000 ) ) ;
#909 = CARTESIAN_POINT ( 'NONE',  ( -35.99999999999999289, -28.19059892324149530, 5.000000000000000000 ) ) ;
#910 = ORIENTED_EDGE ( 'NONE', *, *, #452, .F. ) ;
#911 = EDGE_CURVE ( 'NONE', #2020, #1146, #1728, .T. ) ;
#912 = EDGE_CURVE ( 'NONE', #1185, #684, #198, .T. ) ;
#913 = LINE ( 'NONE', #1460, #927 ) ;
#914 = EDGE_LOOP ( 'NONE', ( #149, #2107, #1021, #1924 ) ) ;
#915 = LINE ( 'NONE', #62, #467 ) ;
#916 = LINE ( 'NONE', #428, #1313 ) ;
#917 = PRESENTATION_STYLE_ASSIGNMENT (( #596 ) ) ;
#918 = CARTESIAN_POINT ( 'NONE',  ( -28.27244219820311244, 65.10990091120535794, 0.000000000000000000 ) ) ;
#919 = CARTESIAN_POINT ( 'NONE',  ( -3.999999999999993339, 23.50000000000000000, 0.000000000000000000 ) ) ;
#920 = VERTEX_POINT ( 'NONE', #2094 ) ;
#921 = ORIENTED_EDGE ( 'NONE', *, *, #369, .F. ) ;
#922 = EDGE_CURVE ( 'NONE', #1223, #1584, #1948, .T. ) ;
#923 = EDGE_CURVE ( 'NONE', #1276, #422, #1221, .T. ) ;
#924 = ORIENTED_EDGE ( 'NONE', *, *, #1885, .F. ) ;
#925 = AXIS2_PLACEMENT_3D ( 'NONE', #1303, #294, #1492 ) ;
#926 = VECTOR ( 'NONE', #1149, 1000.000000000000000 ) ;
#927 = VECTOR ( 'NONE', #1115, 1000.000000000000000 ) ;
#928 = CARTESIAN_POINT ( 'NONE',  ( -25.99999999999996092, -77.50000000000000000, 10.00000000000000000 ) ) ;
#929 = CIRCLE ( 'NONE', #37, 1.500000000000001332 ) ;
#930 = DIRECTION ( 'NONE',  ( -0.5038710255240855806, -0.8637789008984336769, 0.000000000000000000 ) ) ;
#931 = DIRECTION ( 'NONE',  ( 0.000000000000000000, 0.000000000000000000, -1.000000000000000000 ) ) ;
#932 = DIRECTION ( 'NONE',  ( 0.000000000000000000, -0.000000000000000000, -1.000000000000000000 ) ) ;
#933 = AXIS2_PLACEMENT_3D ( 'NONE', #312, #992, #1826 ) ;
#934 = DIRECTION ( 'NONE',  ( -0.000000000000000000, -0.000000000000000000, 1.000000000000000000 ) ) ;
#935 = ORIENTED_EDGE ( 'NONE', *, *, #559, .F. ) ;
#936 = VERTEX_POINT ( 'NONE', #1057 ) ;
#937 = ORIENTED_EDGE ( 'NONE', *, *, #13, .T. ) ;
#938 = DIRECTION ( 'NONE',  ( -1.000000000000000000, 0.000000000000000000, 0.000000000000000000 ) ) ;
#939 = CARTESIAN_POINT ( 'NONE',  ( -35.49999999999999289, 85.00000000000000000, 10.00000000000000000 ) ) ;
#940 = ADVANCED_FACE ( 'NONE', ( #745 ), #1344, .F. ) ;
#941 = DIRECTION ( 'NONE',  ( -1.000000000000000000, 0.000000000000000000, 0.000000000000000000 ) ) ;
#942 = DIRECTION ( 'NONE',  ( -1.000000000000000000, 0.000000000000000000, 0.000000000000000000 ) ) ;
#943 = DIRECTION ( 'NONE',  ( -0.8660254037844387076, 0.4999999999999998890, -0.000000000000000000 ) ) ;
#944 = ORIENTED_EDGE ( 'NONE', *, *, #952, .F. ) ;
#945 = ORIENTED_EDGE ( 'NONE', *, *, #2137, .T. ) ;
#946 = DIRECTION ( 'NONE',  ( -0.8660254037844385966, 0.4999999999999998890, 0.000000000000000000 ) ) ;
#947 = ORIENTED_EDGE ( 'NONE', *, *, #1260, .T. ) ;
#948 =( GEOMETRIC_REPRESENTATION_CONTEXT ( 3 ) GLOBAL_UNCERTAINTY_ASSIGNED_CONTEXT ( ( #854 ) ) GLOBAL_UNIT_ASSIGNED_CONTEXT ( ( #1987, #432, #1953 ) ) REPRESENTATION_CONTEXT ( 'NONE', 'WORKASPACE' ) );
#949 = DIRECTION ( 'NONE',  ( 0.5038710255240859137, 0.8637789008984334549, -0.000000000000000000 ) ) ;
#950 = CARTESIAN_POINT ( 'NONE',  ( 35.50000000000000711, -83.00000000000000000, 0.000000000000000000 ) ) ;
#951 = CARTESIAN_POINT ( 'NONE',  ( -31.99999999999997868, -25.88119784648298705, 5.000000000000000000 ) ) ;
#952 = EDGE_CURVE ( 'NONE', #1722, #1810, #1739, .T. ) ;
#953 = DIRECTION ( 'NONE',  ( 0.000000000000000000, 0.000000000000000000, 1.000000000000000000 ) ) ;
#954 = EDGE_CURVE ( 'NONE', #322, #71, #1495, .T. ) ;
#955 = CYLINDRICAL_SURFACE ( 'NONE', #137, 2.000000000000000000 ) ;
#956 = ORIENTED_EDGE ( 'NONE', *, *, #1845, .F. ) ;
#957 = VERTEX_POINT ( 'NONE', #881 ) ;
#958 = ORIENTED_EDGE ( 'NONE', *, *, #1102, .T. ) ;
#959 = DIRECTION ( 'NONE',  ( -1.000000000000000000, 0.000000000000000000, 0.000000000000000000 ) ) ;
#960 = AXIS2_PLACEMENT_3D ( 'NONE', #974, #1664, #809 ) ;
#961 = DIRECTION ( 'NONE',  ( 0.000000000000000000, 0.000000000000000000, 1.000000000000000000 ) ) ;
#962 = AXIS2_PLACEMENT_3D ( 'NONE', #1507, #510, #474 ) ;
#963 = VECTOR ( 'NONE', #1548, 1000.000000000000114 ) ;
#964 = CIRCLE ( 'NONE', #1389, 2.000000000000000000 ) ;
#965 = CARTESIAN_POINT ( 'NONE',  ( 32.00000000000002132, -77.49999999999998579, 0.000000000000000000 ) ) ;
#966 = EDGE_CURVE ( 'NONE', #307, #1512, #28, .T. ) ;
#967 = CARTESIAN_POINT ( 'NONE',  ( 26.00000000000000355, -77.50000000000000000, 0.000000000000000000 ) ) ;
#968 = ORIENTED_EDGE ( 'NONE', *, *, #1834, .T. ) ;
#969 = EDGE_CURVE ( 'NONE', #1628, #1310, #545, .T. ) ;
#970 = ADVANCED_FACE ( 'NONE', ( #42 ), #556, .F. ) ;
#971 = ORIENTED_EDGE ( 'NONE', *, *, #577, .T. ) ;
#972 = VERTEX_POINT ( 'NONE', #1583 ) ;
#973 = DIRECTION ( 'NONE',  ( -1.000000000000000000, 0.000000000000000000, 0.000000000000000000 ) ) ;
#974 = CARTESIAN_POINT ( 'NONE',  ( 9.974659986866640793E-15, 10.10215886015719100, 0.000000000000000000 ) ) ;
#975 = CYLINDRICAL_SURFACE ( 'NONE', #2003, 1.500000000000001332 ) ;
#976 = CARTESIAN_POINT ( 'NONE',  ( 33.49999999999997868, 77.50000000000001421, 0.000000000000000000 ) ) ;
#977 = DIRECTION ( 'NONE',  ( -1.000000000000000000, 0.000000000000000000, 0.000000000000000000 ) ) ;
#978 = EDGE_LOOP ( 'NONE', ( #1176, #1535, #1733, #612 ) ) ;
#979 = ORIENTED_EDGE ( 'NONE', *, *, #1498, .F. ) ;
#980 = EDGE_CURVE ( 'NONE', #957, #1369, #436, .T. ) ;
#981 = ORIENTED_EDGE ( 'NONE', *, *, #286, .F. ) ;
#982 = CARTESIAN_POINT ( 'NONE',  ( -31.99999999999997868, -30.50000000000000000, 5.000000000000000000 ) ) ;
#983 = DIRECTION ( 'NONE',  ( 1.000000000000000000, 0.000000000000000000, 0.000000000000000000 ) ) ;
#984 = AXIS2_PLACEMENT_3D ( 'NONE', #251, #931, #1085 ) ;
#985 = CYLINDRICAL_SURFACE ( 'NONE', #284, 2.000000000000000000 ) ;
#986 = DIRECTION ( 'NONE',  ( -1.000000000000000000, 0.000000000000000000, 0.000000000000000000 ) ) ;
#987 = PLANE ( 'NONE',  #717 ) ;
#988 = EDGE_LOOP ( 'NONE', ( #1837, #1569, #233, #1132 ) ) ;
#989 = ORIENTED_EDGE ( 'NONE', *, *, #1885, .T. ) ;
#990 = EDGE_LOOP ( 'NONE', ( #1355, #625, #54, #592 ) ) ;
#991 = EDGE_CURVE ( 'NONE', #1961, #1114, #1571, .T. ) ;
#992 = DIRECTION ( 'NONE',  ( -0.000000000000000000, -0.000000000000000000, 1.000000000000000000 ) ) ;
#993 = CARTESIAN_POINT ( 'NONE',  ( -31.99999999999997868, -30.50000000000000000, 0.000000000000000000 ) ) ;
#994 = DIRECTION ( 'NONE',  ( 0.000000000000000000, 0.000000000000000000, -1.000000000000000000 ) ) ;
#995 = AXIS2_PLACEMENT_3D ( 'NONE', #79, #953, #1454 ) ;
#996 = CARTESIAN_POINT ( 'NONE',  ( -25.99999999999996092, -77.50000000000000000, 0.000000000000000000 ) ) ;
#997 = DIRECTION ( 'NONE',  ( -1.000000000000000000, 1.734723475976807094E-15, 0.000000000000000000 ) ) ;
#998 = VERTEX_POINT ( 'NONE', #1297 ) ;
#999 = CARTESIAN_POINT ( 'NONE',  ( -35.49999999999999289, 83.00000000000000000, 10.00000000000000000 ) ) ;
#1000 = EDGE_LOOP ( 'NONE', ( #8, #1992, #81, #1477 ) ) ;
#1001 = LINE ( 'NONE', #1993, #752 ) ;
#1002 = DIRECTION ( 'NONE',  ( 0.000000000000000000, 0.000000000000000000, -1.000000000000000000 ) ) ;
#1003 = ORIENTED_EDGE ( 'NONE', *, *, #875, .F. ) ;
#1004 = FACE_OUTER_BOUND ( 'NONE', #51, .T. ) ;
#1005 = EDGE_CURVE ( 'NONE', #1416, #1249, #1989, .T. ) ;
#1006 = EDGE_CURVE ( 'NONE', #2047, #192, #1677, .T. ) ;
#1007 = CARTESIAN_POINT ( 'NONE',  ( -25.99999999999995381, -31.04069828269994247, 10.00000000000000000 ) ) ;
#1008 = CARTESIAN_POINT ( 'NONE',  ( 6.376910832703003854E-15, 32.92857142857143771, 10.00000000000000000 ) ) ;
#1009 = VERTEX_POINT ( 'NONE', #2173 ) ;
#1010 = ORIENTED_EDGE ( 'NONE', *, *, #1498, .T. ) ;
#1011 = ORIENTED_EDGE ( 'NONE', *, *, #1927, .F. ) ;
#1012 = CARTESIAN_POINT ( 'NONE',  ( -31.99999999999997868, -25.88119784648298705, 10.00000000000000000 ) ) ;
#1013 = ORIENTED_EDGE ( 'NONE', *, *, #529, .F. ) ;
#1014 = LINE ( 'NONE', #539, #1317 ) ;
#1015 = LINE ( 'NONE', #166, #926 ) ;
#1016 = EDGE_CURVE ( 'NONE', #1521, #1991, #1456, .T. ) ;
#1017 = EDGE_CURVE ( 'NONE', #1980, #555, #1437, .T. ) ;
#1018 = DIRECTION ( 'NONE',  ( -1.000000000000000000, 0.000000000000000000, 0.000000000000000000 ) ) ;
#1019 = AXIS2_PLACEMENT_3D ( 'NONE', #631, #1841, #986 ) ;
#1020 = CARTESIAN_POINT ( 'NONE',  ( -31.99999999999997868, -77.50000000000000000, 0.000000000000000000 ) ) ;
#1021 = ORIENTED_EDGE ( 'NONE', *, *, #310, .T. ) ;
#1022 = ORIENTED_EDGE ( 'NONE', *, *, #807, .F. ) ;
#1023 = VERTEX_POINT ( 'NONE', #622 ) ;
#1024 = FACE_OUTER_BOUND ( 'NONE', #1000, .T. ) ;
#1025 = VERTEX_POINT ( 'NONE', #611 ) ;
#1026 = DIRECTION ( 'NONE',  ( -1.000000000000000000, 0.000000000000000000, 0.000000000000000000 ) ) ;
#1027 = DIRECTION ( 'NONE',  ( 0.000000000000000000, 0.000000000000000000, 1.000000000000000000 ) ) ;
#1028 = UNCERTAINTY_MEASURE_WITH_UNIT (LENGTH_MEASURE( 1.000000000000000082E-05 ), #448, 'distance_accuracy_value', 'NONE');
#1029 = DIRECTION ( 'NONE',  ( -0.000000000000000000, -0.000000000000000000, 1.000000000000000000 ) ) ;
#1030 = DIRECTION ( 'NONE',  ( 0.5038710255240860247, -0.8637789008984334549, -0.000000000000000000 ) ) ;
#1031 = AXIS2_PLACEMENT_3D ( 'NONE', #1227, #23, #2076 ) ;
#1032 = EDGE_LOOP ( 'NONE', ( #1104, #829, #1844, #1889 ) ) ;
#1033 = AXIS2_PLACEMENT_3D ( 'NONE', #1020, #1700, #168 ) ;
#1034 = EDGE_CURVE ( 'NONE', #1991, #1353, #838, .T. ) ;
#1035 = CIRCLE ( 'NONE', #1322, 2.000000000000001776 ) ;
#1036 = ORIENTED_EDGE ( 'NONE', *, *, #2109, .T. ) ;
#1037 = EDGE_CURVE ( 'NONE', #1089, #317, #1786, .T. ) ;
#1038 = EDGE_CURVE ( 'NONE', #1704, #449, #1287, .T. ) ;
#1039 = LINE ( 'NONE', #1224, #283 ) ;
#1040 = VECTOR ( 'NONE', #603, 999.9999999999998863 ) ;
#1041 = ORIENTED_EDGE ( 'NONE', *, *, #424, .T. ) ;
#1042 = DIRECTION ( 'NONE',  ( -1.000000000000000000, 0.000000000000000000, 0.000000000000000000 ) ) ;
#1043 = CARTESIAN_POINT ( 'NONE',  ( 32.00000000000000711, -30.49999999999999289, 0.000000000000000000 ) ) ;
#1044 = DIRECTION ( 'NONE',  ( 0.000000000000000000, 0.000000000000000000, -1.000000000000000000 ) ) ;
#1045 = FACE_OUTER_BOUND ( 'NONE', #1068, .T. ) ;
#1046 = ORIENTED_EDGE ( 'NONE', *, *, #1005, .T. ) ;
#1047 = DIRECTION ( 'NONE',  ( -1.000000000000000000, 0.000000000000000000, 0.000000000000000000 ) ) ;
#1048 = EDGE_LOOP ( 'NONE', ( #1683, #704 ) ) ;
#1049 = DIRECTION ( 'NONE',  ( -0.8660254037844388186, 0.4999999999999997224, 0.000000000000000000 ) ) ;
#1050 = ORIENTED_EDGE ( 'NONE', *, *, #1342, .T. ) ;
#1051 = DIRECTION ( 'NONE',  ( 0.000000000000000000, 0.000000000000000000, -1.000000000000000000 ) ) ;
#1052 = CARTESIAN_POINT ( 'NONE',  ( -4.587849529778091018, 24.50774205104816517, 10.00000000000000000 ) ) ;
#1053 = DIRECTION ( 'NONE',  ( -0.000000000000000000, -0.000000000000000000, 1.000000000000000000 ) ) ;
#1054 = PLANE ( 'NONE',  #393 ) ;
#1055 = AXIS2_PLACEMENT_3D ( 'NONE', #1385, #1532, #564 ) ;
#1056 = EDGE_LOOP ( 'NONE', ( #600, #676, #720, #1341 ) ) ;
#1057 = CARTESIAN_POINT ( 'NONE',  ( 27.99999999999997868, -28.19059892324148819, 5.000000000000000000 ) ) ;
#1058 = VERTEX_POINT ( 'NONE', #1809 ) ;
#1059 = LINE ( 'NONE', #210, #963 ) ;
#1060 = EDGE_CURVE ( 'NONE', #1234, #1188, #1861, .T. ) ;
#1061 = ORIENTED_EDGE ( 'NONE', *, *, #2083, .T. ) ;
#1062 = DIRECTION ( 'NONE',  ( -1.000000000000000000, 0.000000000000000000, 0.000000000000000000 ) ) ;
#1063 = CARTESIAN_POINT ( 'NONE',  ( 28.27244219820310889, 65.10990091120535794, 10.00000000000000000 ) ) ;
#1064 = DIRECTION ( 'NONE',  ( -0.5038710255240855806, -0.8637789008984336769, 0.000000000000000000 ) ) ;
#1065 = ORIENTED_EDGE ( 'NONE', *, *, #1098, .T. ) ;
#1066 = DIRECTION ( 'NONE',  ( 0.000000000000000000, 0.000000000000000000, 1.000000000000000000 ) ) ;
#1067 = AXIS2_PLACEMENT_3D ( 'NONE', #1600, #420, #588 ) ;
#1068 = EDGE_LOOP ( 'NONE', ( #968, #230, #795, #379, #1124, #1448, #509, #2140 ) ) ;
#1069 = VECTOR ( 'NONE', #886, 1000.000000000000000 ) ;
#1070 = VECTOR ( 'NONE', #813, 1000.000000000000000 ) ;
#1071 = CARTESIAN_POINT ( 'NONE',  ( 32.00000000000000711, -30.49999999999999289, 0.000000000000000000 ) ) ;
#1072 = ORIENTED_EDGE ( 'NONE', *, *, #1914, .F. ) ;
#1073 = AXIS2_PLACEMENT_3D ( 'NONE', #830, #1505, #660 ) ;
#1074 = LINE ( 'NONE', #1597, #1285 ) ;
#1075 = DIRECTION ( 'NONE',  ( 0.000000000000000000, 0.000000000000000000, 1.000000000000000000 ) ) ;
#1076 = VECTOR ( 'NONE', #2158, 999.9999999999998863 ) ;
#1077 = EDGE_CURVE ( 'NONE', #1188, #1155, #1819, .T. ) ;
#1078 = CYLINDRICAL_SURFACE ( 'NONE', #1711, 2.000000000000001776 ) ;
#1079 = EDGE_LOOP ( 'NONE', ( #805, #601, #1011, #1867 ) ) ;
#1080 = CARTESIAN_POINT ( 'NONE',  ( -28.27244219820311244, -18.10990091120536505, 10.00000000000000000 ) ) ;
#1081 = ORIENTED_EDGE ( 'NONE', *, *, #1037, .T. ) ;
#1082 = DIRECTION ( 'NONE',  ( 0.000000000000000000, 0.000000000000000000, 1.000000000000000000 ) ) ;
#1083 = DIRECTION ( 'NONE',  ( 0.000000000000000000, 0.000000000000000000, 1.000000000000000000 ) ) ;
#1084 = DIRECTION ( 'NONE',  ( 0.000000000000000000, 0.000000000000000000, -1.000000000000000000 ) ) ;
#1085 = DIRECTION ( 'NONE',  ( -1.000000000000000000, 0.000000000000000000, 0.000000000000000000 ) ) ;
#1086 = CARTESIAN_POINT ( 'NONE',  ( 32.00000000000000711, -24.49999999999998579, 0.000000000000000000 ) ) ;
#1087 = EDGE_CURVE ( 'NONE', #998, #1521, #2151, .T. ) ;
#1088 = LINE ( 'NONE', #1557, #2079 ) ;
#1089 = VERTEX_POINT ( 'NONE', #599 ) ;
#1090 = VECTOR ( 'NONE', #167, 1000.000000000000000 ) ;
#1091 = APPLICATION_PROTOCOL_DEFINITION ( 'draft international standard', 'automotive_design', 1998, #2044 ) ;
#1092 = VERTEX_POINT ( 'NONE', #466 ) ;
#1093 = CARTESIAN_POINT ( 'NONE',  ( -23.99999999999995737, -75.50000000000000000, 0.000000000000000000 ) ) ;
#1094 = LINE ( 'NONE', #1943, #1421 ) ;
#1095 = DIRECTION ( 'NONE',  ( 0.000000000000000000, 0.000000000000000000, -1.000000000000000000 ) ) ;
#1096 = DIRECTION ( 'NONE',  ( -4.429081215259933175E-16, 1.000000000000000000, 0.000000000000000000 ) ) ;
#1097 = DIRECTION ( 'NONE',  ( -1.000000000000000000, 3.469446951953611033E-15, 0.000000000000000000 ) ) ;
#1098 = EDGE_CURVE ( 'NONE', #782, #1023, #397, .T. ) ;
#1099 = ORIENTED_EDGE ( 'NONE', *, *, #1997, .F. ) ;
#1100 = ORIENTED_EDGE ( 'NONE', *, *, #1193, .T. ) ;
#1101 = AXIS2_PLACEMENT_3D ( 'NONE', #1181, #994, #2191 ) ;
#1102 = EDGE_CURVE ( 'NONE', #591, #1198, #2038, .T. ) ;
#1103 =( NAMED_UNIT ( * ) SI_UNIT ( $, .STERADIAN. ) SOLID_ANGLE_UNIT ( ) );
#1104 = ORIENTED_EDGE ( 'NONE', *, *, #1790, .F. ) ;
#1105 = AXIS2_PLACEMENT_3D ( 'NONE', #35, #374, #1586 ) ;
#1106 = VECTOR ( 'NONE', #589, 1000.000000000000000 ) ;
#1107 = LINE ( 'NONE', #928, #1214 ) ;
#1108 = VECTOR ( 'NONE', #223, 1000.000000000000000 ) ;
#1109 = CARTESIAN_POINT ( 'NONE',  ( -25.99999999999998224, 77.50000000000000000, 0.000000000000000000 ) ) ;
#1110 = FACE_BOUND ( 'NONE', #1820, .T. ) ;
#1111 = CARTESIAN_POINT ( 'NONE',  ( 23.99999999999997868, -31.04069828269993891, 0.000000000000000000 ) ) ;
#1112 = DIRECTION ( 'NONE',  ( -1.476360405086644556E-16, -1.000000000000000000, 0.000000000000000000 ) ) ;
#1113 = ORIENTED_EDGE ( 'NONE', *, *, #793, .F. ) ;
#1114 = VERTEX_POINT ( 'NONE', #265 ) ;
#1115 = DIRECTION ( 'NONE',  ( 0.000000000000000000, -1.000000000000000000, 0.000000000000000000 ) ) ;
#1116 = ORIENTED_EDGE ( 'NONE', *, *, #412, .T. ) ;
#1117 = EDGE_CURVE ( 'NONE', #1512, #493, #1634, .T. ) ;
#1118 = CARTESIAN_POINT ( 'NONE',  ( 28.27244219820313020, -18.10990091120534018, 0.000000000000000000 ) ) ;
#1119 = DIRECTION ( 'NONE',  ( -1.000000000000000000, 0.000000000000000000, 0.000000000000000000 ) ) ;
#1120 = PLANE ( 'NONE',  #1514 ) ;
#1121 = DIRECTION ( 'NONE',  ( -1.000000000000000000, 0.000000000000000000, 0.000000000000000000 ) ) ;
#1122 = CARTESIAN_POINT ( 'NONE',  ( -4.587849529778097235, 22.49225794895182062, 0.000000000000000000 ) ) ;
#1123 = EDGE_LOOP ( 'NONE', ( #188, #648, #523, #947, #945, #647 ) ) ;
#1124 = ORIENTED_EDGE ( 'NONE', *, *, #1522, .T. ) ;
#1125 = EDGE_LOOP ( 'NONE', ( #2209, #839, #796, #1003 ) ) ;
#1126 = DIRECTION ( 'NONE',  ( -0.000000000000000000, -0.000000000000000000, 1.000000000000000000 ) ) ;
#1127 = CARTESIAN_POINT ( 'NONE',  ( 25.99999999999998224, 77.50000000000000000, 10.00000000000000000 ) ) ;
#1128 = ADVANCED_FACE ( 'NONE', ( #102 ), #955, .F. ) ;
#1129 = CARTESIAN_POINT ( 'NONE',  ( 35.50000000000000711, -85.00000000000000000, 10.00000000000000000 ) ) ;
#1130 = CARTESIAN_POINT ( 'NONE',  ( 24.00000000000000000, -75.50000000000000000, 0.000000000000000000 ) ) ;
#1131 = ORIENTED_EDGE ( 'NONE', *, *, #1319, .F. ) ;
#1132 = ORIENTED_EDGE ( 'NONE', *, *, #1429, .T. ) ;
#1133 = ORIENTED_EDGE ( 'NONE', *, *, #1765, .F. ) ;
#1134 = CARTESIAN_POINT ( 'NONE',  ( -31.99999999999997868, -24.49999999999999289, 0.000000000000000000 ) ) ;
#1135 = AXIS2_PLACEMENT_3D ( 'NONE', #731, #396, #2100 ) ;
#1136 = CARTESIAN_POINT ( 'NONE',  ( 28.27244219820313020, -18.10990091120534018, 10.00000000000000000 ) ) ;
#1137 = AXIS2_PLACEMENT_3D ( 'NONE', #485, #1851, #314 ) ;
#1138 = CYLINDRICAL_SURFACE ( 'NONE', #962, 1.500000000000001332 ) ;
#1139 = EDGE_CURVE ( 'NONE', #884, #1276, #1958, .T. ) ;
#1140 = EDGE_CURVE ( 'NONE', #481, #2188, #1461, .T. ) ;
#1141 = CARTESIAN_POINT ( 'NONE',  ( 37.50000000000000711, 83.00000000000000000, 10.00000000000000000 ) ) ;
#1142 = CARTESIAN_POINT ( 'NONE',  ( 6.376910832703003854E-15, 14.07142857142856052, 0.000000000000000000 ) ) ;
#1143 = ORIENTED_EDGE ( 'NONE', *, *, #439, .T. ) ;
#1144 = CIRCLE ( 'NONE', #222, 1.500000000000004885 ) ;
#1145 = ORIENTED_EDGE ( 'NONE', *, *, #1957, .T. ) ;
#1146 = VERTEX_POINT ( 'NONE', #1339 ) ;
#1147 = DIRECTION ( 'NONE',  ( 0.000000000000000000, -0.000000000000000000, -1.000000000000000000 ) ) ;
#1148 = CARTESIAN_POINT ( 'NONE',  ( 27.99999999999997868, -32.80940107675851891, 10.00000000000000000 ) ) ;
#1149 = DIRECTION ( 'NONE',  ( -0.000000000000000000, 0.000000000000000000, 1.000000000000000000 ) ) ;
#1150 = DIRECTION ( 'NONE',  ( -1.000000000000000000, 0.000000000000000000, 0.000000000000000000 ) ) ;
#1151 = DIRECTION ( 'NONE',  ( -0.000000000000000000, -1.000000000000000000, -0.000000000000000000 ) ) ;
#1152 = ORIENTED_EDGE ( 'NONE', *, *, #911, .T. ) ;
#1153 = EDGE_CURVE ( 'NONE', #180, #1089, #664, .T. ) ;
#1154 = ORIENTED_EDGE ( 'NONE', *, *, #547, .T. ) ;
#1155 = VERTEX_POINT ( 'NONE', #477 ) ;
#1156 = DIRECTION ( 'NONE',  ( -1.000000000000000000, 0.000000000000000000, 0.000000000000000000 ) ) ;
#1157 = CYLINDRICAL_SURFACE ( 'NONE', #960, 2.000000000000000000 ) ;
#1158 = VECTOR ( 'NONE', #351, 1000.000000000000000 ) ;
#1159 = DIRECTION ( 'NONE',  ( -0.000000000000000000, -0.000000000000000000, 1.000000000000000000 ) ) ;
#1160 = CARTESIAN_POINT ( 'NONE',  ( 22.51792600175833670, 75.50000000000000000, 0.000000000000000000 ) ) ;
#1161 = DIRECTION ( 'NONE',  ( -0.000000000000000000, -0.000000000000000000, 1.000000000000000000 ) ) ;
#1162 = ORIENTED_EDGE ( 'NONE', *, *, #1997, .T. ) ;
#1163 = ORIENTED_EDGE ( 'NONE', *, *, #776, .T. ) ;
#1164 = ORIENTED_EDGE ( 'NONE', *, *, #966, .F. ) ;
#1165 = EDGE_CURVE ( 'NONE', #623, #2196, #964, .T. ) ;
#1166 = EDGE_CURVE ( 'NONE', #1146, #2196, #646, .T. ) ;
#1167 = DIRECTION ( 'NONE',  ( -1.000000000000000000, 3.469446951953614189E-15, 0.000000000000000000 ) ) ;
#1168 = DIRECTION ( 'NONE',  ( 0.000000000000000000, 0.000000000000000000, 1.000000000000000000 ) ) ;
#1169 = PLANE ( 'NONE',  #1348 ) ;
#1170 = VECTOR ( 'NONE', #334, 1000.000000000000000 ) ;
#1171 = AXIS2_PLACEMENT_3D ( 'NONE', #1130, #1624, #296 ) ;
#1172 = PLANE ( 'NONE',  #275 ) ;
#1173 = DIRECTION ( 'NONE',  ( 0.000000000000000000, 0.000000000000000000, 1.000000000000000000 ) ) ;
#1174 = ORIENTED_EDGE ( 'NONE', *, *, #2034, .F. ) ;
#1175 = DIRECTION ( 'NONE',  ( 0.000000000000000000, 0.000000000000000000, -1.000000000000000000 ) ) ;
#1176 = ORIENTED_EDGE ( 'NONE', *, *, #1191, .F. ) ;
#1177 = VECTOR ( 'NONE', #2189, 1000.000000000000000 ) ;
#1178 = FACE_OUTER_BOUND ( 'NONE', #171, .T. ) ;
#1179 = EDGE_CURVE ( 'NONE', #779, #614, #656, .T. ) ;
#1180 = EDGE_LOOP ( 'NONE', ( #1413, #502, #1220, #1269 ) ) ;
#1181 = CARTESIAN_POINT ( 'NONE',  ( -29.99999999999997868, 64.10215886015718922, 10.00000000000000000 ) ) ;
#1182 = CARTESIAN_POINT ( 'NONE',  ( 37.50000000000000711, 85.00000000000000000, 10.00000000000000000 ) ) ;
#1183 = CARTESIAN_POINT ( 'NONE',  ( -31.99999999999997868, -24.49999999999999289, 0.000000000000000000 ) ) ;
#1184 = ORIENTED_EDGE ( 'NONE', *, *, #899, .T. ) ;
#1185 = VERTEX_POINT ( 'NONE', #352 ) ;
#1186 = ORIENTED_EDGE ( 'NONE', *, *, #1746, .T. ) ;
#1187 = CARTESIAN_POINT ( 'NONE',  ( -27.99999999999997868, -28.19059892324148819, 10.00000000000000000 ) ) ;
#1188 = VERTEX_POINT ( 'NONE', #1842 ) ;
#1189 = CARTESIAN_POINT ( 'NONE',  ( 37.50000000000000711, -83.00000000000000000, 10.00000000000000000 ) ) ;
#1190 = FACE_OUTER_BOUND ( 'NONE', #1056, .T. ) ;
#1191 = EDGE_CURVE ( 'NONE', #1458, #1758, #36, .T. ) ;
#1192 = DIRECTION ( 'NONE',  ( -0.000000000000000000, -0.000000000000000000, 1.000000000000000000 ) ) ;
#1193 = EDGE_CURVE ( 'NONE', #1223, #1380, #1279, .T. ) ;
#1194 = DIRECTION ( 'NONE',  ( -0.000000000000000000, -0.000000000000000000, 1.000000000000000000 ) ) ;
#1195 = ADVANCED_FACE ( 'NONE', ( #2029 ), #157, .F. ) ;
#1196 = ORIENTED_EDGE ( 'NONE', *, *, #1494, .T. ) ;
#1197 = PRODUCT_DEFINITION_SHAPE ( 'NONE', 'NONE',  #1745 ) ;
#1198 = VERTEX_POINT ( 'NONE', #2195 ) ;
#1199 = DIRECTION ( 'NONE',  ( -0.4999999999999999445, 0.8660254037844387076, 0.000000000000000000 ) ) ;
#1200 = ORIENTED_EDGE ( 'NONE', *, *, #577, .F. ) ;
#1201 = DIRECTION ( 'NONE',  ( 0.000000000000000000, 0.000000000000000000, -1.000000000000000000 ) ) ;
#1202 = CARTESIAN_POINT ( 'NONE',  ( -3.999999999999993339, 23.50000000000000000, 0.000000000000000000 ) ) ;
#1203 = ADVANCED_BREP_SHAPE_REPRESENTATION ( 'Driver Stack Adapter', ( #350, #1209 ), #358 ) ;
#1204 = CARTESIAN_POINT ( 'NONE',  ( 6.376910832703003854E-15, 14.07142857142856052, 10.00000000000000000 ) ) ;
#1205 = FACE_BOUND ( 'NONE', #1361, .T. ) ;
#1206 = VECTOR ( 'NONE', #1772, 1000.000000000000000 ) ;
#1207 = EDGE_LOOP ( 'NONE', ( #2130, #1131 ) ) ;
#1208 = VECTOR ( 'NONE', #1229, 1000.000000000000114 ) ;
#1209 = AXIS2_PLACEMENT_3D ( 'NONE', #1248, #1082, #1769 ) ;
#1210 = VECTOR ( 'NONE', #727, 1000.000000000000000 ) ;
#1211 = DIRECTION ( 'NONE',  ( 0.000000000000000000, 0.000000000000000000, -1.000000000000000000 ) ) ;
#1212 = ORIENTED_EDGE ( 'NONE', *, *, #1470, .T. ) ;
#1213 = DIRECTION ( 'NONE',  ( -0.000000000000000000, 0.000000000000000000, 1.000000000000000000 ) ) ;
#1214 = VECTOR ( 'NONE', #1792, 1000.000000000000000 ) ;
#1215 = ORIENTED_EDGE ( 'NONE', *, *, #1732, .F. ) ;
#1216 = DIRECTION ( 'NONE',  ( -0.000000000000000000, -0.000000000000000000, 1.000000000000000000 ) ) ;
#1217 = PLANE ( 'NONE',  #1859 ) ;
#1218 = DIRECTION ( 'NONE',  ( 0.000000000000000000, -0.000000000000000000, 1.000000000000000000 ) ) ;
#1219 = CARTESIAN_POINT ( 'NONE',  ( 33.49999999999997868, 77.50000000000001421, 0.000000000000000000 ) ) ;
#1220 = ORIENTED_EDGE ( 'NONE', *, *, #1846, .F. ) ;
#1221 = LINE ( 'NONE', #909, #2153 ) ;
#1222 = ADVANCED_FACE ( 'NONE', ( #1667 ), #987, .F. ) ;
#1223 = VERTEX_POINT ( 'NONE', #1876 ) ;
#1224 = CARTESIAN_POINT ( 'NONE',  ( 35.99999999999999289, -32.80940107675851181, 5.000000000000000000 ) ) ;
#1225 = ORIENTED_EDGE ( 'NONE', *, *, #572, .F. ) ;
#1226 = LINE ( 'NONE', #348, #1941 ) ;
#1227 = CARTESIAN_POINT ( 'NONE',  ( -22.51792600175834735, 75.50000000000000000, 0.000000000000000000 ) ) ;
#1228 = DIRECTION ( 'NONE',  ( -0.000000000000000000, 0.000000000000000000, 1.000000000000000000 ) ) ;
#1229 = DIRECTION ( 'NONE',  ( -0.8660254037844388186, -0.4999999999999997224, -0.000000000000000000 ) ) ;
#1230 = COLOUR_RGB ( '',0.7921568627450980005, 0.8196078431372548767, 0.9333333333333333481 ) ;
#1231 = ORIENTED_EDGE ( 'NONE', *, *, #1914, .T. ) ;
#1232 = AXIS2_PLACEMENT_3D ( 'NONE', #999, #1175, #1692 ) ;
#1233 = CARTESIAN_POINT ( 'NONE',  ( 27.99999999999997868, -32.80940107675851891, 5.000000000000000000 ) ) ;
#1234 = VERTEX_POINT ( 'NONE', #826 ) ;
#1235 = DIRECTION ( 'NONE',  ( 1.000000000000000000, 0.000000000000000000, 0.000000000000000000 ) ) ;
#1236 = EDGE_LOOP ( 'NONE', ( #1546, #2152, #725, #197 ) ) ;
#1237 = ADVANCED_FACE ( 'NONE', ( #1329 ), #1865, .F. ) ;
#1238 = CARTESIAN_POINT ( 'NONE',  ( -31.99999999999997868, 64.10215886015718922, 10.00000000000000000 ) ) ;
#1239 = DIRECTION ( 'NONE',  ( -0.5038710255240855806, -0.8637789008984336769, 0.000000000000000000 ) ) ;
#1240 = CARTESIAN_POINT ( 'NONE',  ( 35.50000000000000711, -85.00000000000000000, 0.000000000000000000 ) ) ;
#1241 = ORIENTED_EDGE ( 'NONE', *, *, #74, .F. ) ;
#1242 = VECTOR ( 'NONE', #627, 1000.000000000000000 ) ;
#1243 = DIRECTION ( 'NONE',  ( -1.000000000000000000, 0.000000000000000000, 0.000000000000000000 ) ) ;
#1244 = VECTOR ( 'NONE', #932, 1000.000000000000000 ) ;
#1245 = ORIENTED_EDGE ( 'NONE', *, *, #326, .F. ) ;
#1246 = VECTOR ( 'NONE', #1213, 1000.000000000000000 ) ;
#1247 = VECTOR ( 'NONE', #791, 1000.000000000000000 ) ;
#1248 = CARTESIAN_POINT ( 'NONE',  ( 0.000000000000000000, 0.000000000000000000, 0.000000000000000000 ) ) ;
#1249 = VERTEX_POINT ( 'NONE', #340 ) ;
#1250 = CARTESIAN_POINT ( 'NONE',  ( -3.999999999999993339, 23.50000000000000000, 10.00000000000000000 ) ) ;
#1251 = DIRECTION ( 'NONE',  ( -0.4999999999999991673, -0.8660254037844391517, 0.000000000000000000 ) ) ;
#1252 = AXIS2_PLACEMENT_3D ( 'NONE', #1974, #407, #1430 ) ;
#1253 = DIRECTION ( 'NONE',  ( 0.000000000000000000, 0.000000000000000000, 1.000000000000000000 ) ) ;
#1254 = CARTESIAN_POINT ( 'NONE',  ( 27.99999999999997868, -32.80940107675851891, 5.000000000000000000 ) ) ;
#1255 = ORIENTED_EDGE ( 'NONE', *, *, #260, .F. ) ;
#1256 = APPLICATION_PROTOCOL_DEFINITION ( 'draft international standard', 'automotive_design', 1998, #1930 ) ;
#1257 = EDGE_LOOP ( 'NONE', ( #361, #1428, #158, #1468 ) ) ;
#1258 = LINE ( 'NONE', #1442, #1040 ) ;
#1259 = CARTESIAN_POINT ( 'NONE',  ( -35.99999999999999289, -32.80940107675851181, 5.000000000000000000 ) ) ;
#1260 = EDGE_CURVE ( 'NONE', #1249, #377, #503, .T. ) ;
#1261 = CARTESIAN_POINT ( 'NONE',  ( -25.99999999999998224, 77.50000000000000000, 10.00000000000000000 ) ) ;
#1262 = DIRECTION ( 'NONE',  ( -1.000000000000000000, 0.000000000000000000, 0.000000000000000000 ) ) ;
#1263 = EDGE_CURVE ( 'NONE', #1009, #1346, #1365, .T. ) ;
#1264 = EDGE_CURVE ( 'NONE', #936, #2023, #1680, .T. ) ;
#1265 = CARTESIAN_POINT ( 'NONE',  ( -6.315407331574960814, 23.49999999999999289, 0.000000000000000000 ) ) ;
#1266 = ORIENTED_EDGE ( 'NONE', *, *, #736, .F. ) ;
#1267 = VECTOR ( 'NONE', #732, 1000.000000000000000 ) ;
#1268 = ORIENTED_EDGE ( 'NONE', *, *, #1746, .F. ) ;
#1269 = ORIENTED_EDGE ( 'NONE', *, *, #1038, .F. ) ;
#1270 = CARTESIAN_POINT ( 'NONE',  ( -29.99999999999997868, -17.10215886015719633, 10.00000000000000000 ) ) ;
#1271 = CARTESIAN_POINT ( 'NONE',  ( 33.50000000000002132, -77.49999999999998579, 0.000000000000000000 ) ) ;
#1272 = CARTESIAN_POINT ( 'NONE',  ( -1.727557801796858028, 11.10990091120536150, 0.000000000000000000 ) ) ;
#1273 = CARTESIAN_POINT ( 'NONE',  ( -23.99999999999995026, -31.04069828269994247, 0.000000000000000000 ) ) ;
#1274 = ORIENTED_EDGE ( 'NONE', *, *, #1098, .F. ) ;
#1275 = EDGE_CURVE ( 'NONE', #1541, #1367, #536, .T. ) ;
#1276 = VERTEX_POINT ( 'NONE', #856 ) ;
#1277 = VECTOR ( 'NONE', #2081, 1000.000000000000000 ) ;
#1278 = AXIS2_PLACEMENT_3D ( 'NONE', #1674, #1515, #1482 ) ;
#1279 = CIRCLE ( 'NONE', #1350, 1.500000000000004885 ) ;
#1280 = FACE_OUTER_BOUND ( 'NONE', #1911, .T. ) ;
#1281 = VECTOR ( 'NONE', #378, 1000.000000000000000 ) ;
#1282 = LINE ( 'NONE', #96, #1387 ) ;
#1283 = CARTESIAN_POINT ( 'NONE',  ( -33.49999999999997868, -77.50000000000000000, 0.000000000000000000 ) ) ;
#1284 = CARTESIAN_POINT ( 'NONE',  ( 26.00000000000000355, -77.50000000000000000, 0.000000000000000000 ) ) ;
#1285 = VECTOR ( 'NONE', #2110, 1000.000000000000000 ) ;
#1286 = DIRECTION ( 'NONE',  ( 0.000000000000000000, 0.000000000000000000, -1.000000000000000000 ) ) ;
#1287 = LINE ( 'NONE', #1978, #1106 ) ;
#1288 = ORIENTED_EDGE ( 'NONE', *, *, #819, .T. ) ;
#1289 = ORIENTED_EDGE ( 'NONE', *, *, #1432, .T. ) ;
#1290 = EDGE_CURVE ( 'NONE', #555, #1704, #823, .T. ) ;
#1291 = ORIENTED_EDGE ( 'NONE', *, *, #2009, .T. ) ;
#1292 = CARTESIAN_POINT ( 'NONE',  ( 26.00000000000000355, -77.50000000000000000, 10.00000000000000000 ) ) ;
#1293 = LINE ( 'NONE', #1127, #677 ) ;
#1294 = CARTESIAN_POINT ( 'NONE',  ( -25.72755780179681651, -30.03295623165177375, 0.000000000000000000 ) ) ;
#1295 = VECTOR ( 'NONE', #1447, 1000.000000000000114 ) ;
#1296 = DIRECTION ( 'NONE',  ( 0.000000000000000000, -0.000000000000000000, 1.000000000000000000 ) ) ;
#1297 = CARTESIAN_POINT ( 'NONE',  ( 1.727557801796869574, 11.10990091120536682, 0.000000000000000000 ) ) ;
#1298 = EDGE_LOOP ( 'NONE', ( #1511, #370, #584, #1764 ) ) ;
#1299 = VERTEX_POINT ( 'NONE', #2217 ) ;
#1300 = ORIENTED_EDGE ( 'NONE', *, *, #547, .F. ) ;
#1301 = VECTOR ( 'NONE', #2145, 1000.000000000000000 ) ;
#1302 = VECTOR ( 'NONE', #1831, 1000.000000000000000 ) ;
#1303 = CARTESIAN_POINT ( 'NONE',  ( -31.99999999999997868, -30.50000000000000000, 0.000000000000000000 ) ) ;
#1304 = EDGE_CURVE ( 'NONE', #1343, #124, #1352, .T. ) ;
#1305 = EDGE_CURVE ( 'NONE', #1901, #1025, #1823, .T. ) ;
#1306 = FACE_OUTER_BOUND ( 'NONE', #1971, .T. ) ;
#1307 = CARTESIAN_POINT ( 'NONE',  ( 4.587849529778105229, 24.50774205104815806, 10.00000000000000000 ) ) ;
#1308 = CARTESIAN_POINT ( 'NONE',  ( -31.99999999999997868, -25.88119784648298705, 5.000000000000000000 ) ) ;
#1309 = ORIENTED_EDGE ( 'NONE', *, *, #285, .F. ) ;
#1310 = VERTEX_POINT ( 'NONE', #40 ) ;
#1311 = ORIENTED_EDGE ( 'NONE', *, *, #1275, .T. ) ;
#1312 = LINE ( 'NONE', #797, #1757 ) ;
#1313 = VECTOR ( 'NONE', #85, 1000.000000000000000 ) ;
#1314 = DIRECTION ( 'NONE',  ( -0.000000000000000000, -0.000000000000000000, -1.000000000000000000 ) ) ;
#1315 = AXIS2_PLACEMENT_3D ( 'NONE', #965, #67, #2146 ) ;
#1316 = VECTOR ( 'NONE', #1049, 1000.000000000000114 ) ;
#1317 = VECTOR ( 'NONE', #705, 999.9999999999998863 ) ;
#1318 = FACE_OUTER_BOUND ( 'NONE', #1658, .T. ) ;
#1319 = EDGE_CURVE ( 'NONE', #1367, #1541, #821, .T. ) ;
#1320 = DIRECTION ( 'NONE',  ( -0.000000000000000000, -0.000000000000000000, 1.000000000000000000 ) ) ;
#1321 = ORIENTED_EDGE ( 'NONE', *, *, #1539, .T. ) ;
#1322 = AXIS2_PLACEMENT_3D ( 'NONE', #1743, #518, #2075 ) ;
#1323 = ORIENTED_EDGE ( 'NONE', *, *, #245, .T. ) ;
#1324 = EDGE_LOOP ( 'NONE', ( #1196, #308 ) ) ;
#1325 = DIRECTION ( 'NONE',  ( 0.000000000000000000, -0.000000000000000000, 1.000000000000000000 ) ) ;
#1326 = DIRECTION ( 'NONE',  ( -1.000000000000000000, 0.000000000000000000, 0.000000000000000000 ) ) ;
#1327 = CARTESIAN_POINT ( 'NONE',  ( 6.315407331574978578, 23.49999999999999645, 0.000000000000000000 ) ) ;
#1328 = DIRECTION ( 'NONE',  ( 0.000000000000000000, -0.000000000000000000, -1.000000000000000000 ) ) ;
#1329 = FACE_OUTER_BOUND ( 'NONE', #2127, .T. ) ;
#1330 = ORIENTED_EDGE ( 'NONE', *, *, #804, .T. ) ;
#1331 = ADVANCED_FACE ( 'NONE', ( #710, #724, #1205, #901, #744, #1934, #1715, #1420, #1399, #1726, #1045 ), #531, .F. ) ;
#1332 = VERTEX_POINT ( 'NONE', #1240 ) ;
#1333 = EDGE_LOOP ( 'NONE', ( #383, #2013, #2163, #1625 ) ) ;
#1334 = CARTESIAN_POINT ( 'NONE',  ( 27.99999999999997868, -32.80940107675851891, 5.000000000000000000 ) ) ;
#1335 = PRESENTATION_LAYER_ASSIGNMENT (  '', '', ( #2135 ) ) ;
#1336 = LINE ( 'NONE', #1148, #2185 ) ;
#1337 = LINE ( 'NONE', #120, #2072 ) ;
#1338 = CARTESIAN_POINT ( 'NONE',  ( 1.727557801796876014, 11.10990091120536150, 0.000000000000000000 ) ) ;
#1339 = CARTESIAN_POINT ( 'NONE',  ( 25.72755780179684493, -30.03295623165176664, 10.00000000000000000 ) ) ;
#1340 = ORIENTED_EDGE ( 'NONE', *, *, #1538, .T. ) ;
#1341 = ORIENTED_EDGE ( 'NONE', *, *, #260, .T. ) ;
#1342 = EDGE_CURVE ( 'NONE', #317, #2023, #1386, .T. ) ;
#1343 = VERTEX_POINT ( 'NONE', #554 ) ;
#1344 = CYLINDRICAL_SURFACE ( 'NONE', #254, 2.000000000000001776 ) ;
#1345 = DIRECTION ( 'NONE',  ( -0.000000000000000000, 1.000000000000000000, -0.000000000000000000 ) ) ;
#1346 = VERTEX_POINT ( 'NONE', #1921 ) ;
#1347 = DIRECTION ( 'NONE',  ( 0.5038710255240858027, 0.8637789008984336769, 0.000000000000000000 ) ) ;
#1348 = AXIS2_PLACEMENT_3D ( 'NONE', #2202, #328, #1347 ) ;
#1349 = VECTOR ( 'NONE', #528, 1000.000000000000114 ) ;
#1350 = AXIS2_PLACEMENT_3D ( 'NONE', #306, #2011, #835 ) ;
#1351 = CYLINDRICAL_SURFACE ( 'NONE', #1811, 2.000000000000001776 ) ;
#1352 = LINE ( 'NONE', #123, #99 ) ;
#1353 = VERTEX_POINT ( 'NONE', #48 ) ;
#1354 = FACE_OUTER_BOUND ( 'NONE', #1180, .T. ) ;
#1355 = ORIENTED_EDGE ( 'NONE', *, *, #1087, .F. ) ;
#1356 = AXIS2_PLACEMENT_3D ( 'NONE', #1134, #973, #1652 ) ;
#1357 = EDGE_CURVE ( 'NONE', #299, #1779, #733, .T. ) ;
#1358 = PLANE ( 'NONE',  #253 ) ;
#1359 = ADVANCED_FACE ( 'NONE', ( #542 ), #2114, .F. ) ;
#1360 = EDGE_CURVE ( 'NONE', #1705, #1727, #18, .T. ) ;
#1361 = EDGE_LOOP ( 'NONE', ( #935, #152, #2221, #27, #1517, #1340, #1651 ) ) ;
#1362 = PLANE ( 'NONE',  #1720 ) ;
#1363 = CARTESIAN_POINT ( 'NONE',  ( -28.27244219820311244, -18.10990091120536505, 0.000000000000000000 ) ) ;
#1364 = CARTESIAN_POINT ( 'NONE',  ( 1.387778780781445676E-14, 36.89784113984281078, 10.00000000000000000 ) ) ;
#1365 = LINE ( 'NONE', #1008, #1570 ) ;
#1366 = VERTEX_POINT ( 'NONE', #196 ) ;
#1367 = VERTEX_POINT ( 'NONE', #376 ) ;
#1368 = CARTESIAN_POINT ( 'NONE',  ( -31.99999999999997868, -77.50000000000000000, 0.000000000000000000 ) ) ;
#1369 = VERTEX_POINT ( 'NONE', #1579 ) ;
#1370 = DIRECTION ( 'NONE',  ( -0.000000000000000000, 0.000000000000000000, 1.000000000000000000 ) ) ;
#1371 = DIRECTION ( 'NONE',  ( 0.000000000000000000, 0.000000000000000000, -1.000000000000000000 ) ) ;
#1372 = EDGE_CURVE ( 'NONE', #2128, #1234, #879, .T. ) ;
#1373 = EDGE_CURVE ( 'NONE', #1400, #180, #699, .T. ) ;
#1374 = CIRCLE ( 'NONE', #984, 2.000000000000001776 ) ;
#1375 = DIRECTION ( 'NONE',  ( 0.000000000000000000, -1.000000000000000000, 0.000000000000000000 ) ) ;
#1376 = CARTESIAN_POINT ( 'NONE',  ( 35.99999999999999289, -28.19059892324149530, 5.000000000000000000 ) ) ;
#1377 = ORIENTED_EDGE ( 'NONE', *, *, #529, .T. ) ;
#1378 = EDGE_LOOP ( 'NONE', ( #1813, #207, #115, #1668 ) ) ;
#1379 = DIRECTION ( 'NONE',  ( 0.000000000000000000, 0.000000000000000000, -1.000000000000000000 ) ) ;
#1380 = VERTEX_POINT ( 'NONE', #1219 ) ;
#1381 = DIRECTION ( 'NONE',  ( 0.000000000000000000, 0.000000000000000000, -1.000000000000000000 ) ) ;
#1382 = CARTESIAN_POINT ( 'NONE',  ( 35.50000000000000711, 83.00000000000000000, 10.00000000000000000 ) ) ;
#1383 = AXIS2_PLACEMENT_3D ( 'NONE', #1284, #2134, #1096 ) ;
#1384 = ADVANCED_FACE ( 'NONE', ( #1749 ), #1054, .F. ) ;
#1385 = CARTESIAN_POINT ( 'NONE',  ( -35.49999999999999289, -83.00000000000000000, 10.00000000000000000 ) ) ;
#1386 = LINE ( 'NONE', #1897, #1208 ) ;
#1387 = VECTOR ( 'NONE', #281, 1000.000000000000000 ) ;
#1388 = ORIENTED_EDGE ( 'NONE', *, *, #911, .F. ) ;
#1389 = AXIS2_PLACEMENT_3D ( 'NONE', #132, #512, #674 ) ;
#1390 = VECTOR ( 'NONE', #2141, 999.9999999999998863 ) ;
#1391 = VECTOR ( 'NONE', #1112, 1000.000000000000000 ) ;
#1392 = CARTESIAN_POINT ( 'NONE',  ( 4.587849529778110558, 22.49225794895182418, 10.00000000000000000 ) ) ;
#1393 = ORIENTED_EDGE ( 'NONE', *, *, #127, .T. ) ;
#1394 = LINE ( 'NONE', #865, #287 ) ;
#1395 = EDGE_LOOP ( 'NONE', ( #1501, #1729, #1892, #582 ) ) ;
#1396 = DIRECTION ( 'NONE',  ( 0.000000000000000000, 0.000000000000000000, -1.000000000000000000 ) ) ;
#1397 = CARTESIAN_POINT ( 'NONE',  ( 6.315407331574978578, 23.49999999999999645, 10.00000000000000000 ) ) ;
#1398 = LINE ( 'NONE', #2101, #2059 ) ;
#1399 = FACE_BOUND ( 'NONE', #517, .T. ) ;
#1400 = VERTEX_POINT ( 'NONE', #206 ) ;
#1401 = DIRECTION ( 'NONE',  ( 0.000000000000000000, 0.000000000000000000, -1.000000000000000000 ) ) ;
#1402 = ORIENTED_EDGE ( 'NONE', *, *, #231, .F. ) ;
#1403 = ADVANCED_FACE ( 'NONE', ( #219, #1408 ), #1566, .F. ) ;
#1404 = ADVANCED_FACE ( 'NONE', ( #400 ), #1078, .F. ) ;
#1405 = CARTESIAN_POINT ( 'NONE',  ( 28.27244219820310889, 65.10990091120535794, 10.00000000000000000 ) ) ;
#1406 = FACE_OUTER_BOUND ( 'NONE', #768, .T. ) ;
#1407 = LINE ( 'NONE', #1699, #1090 ) ;
#1408 = FACE_BOUND ( 'NONE', #60, .T. ) ;
#1409 = CIRCLE ( 'NONE', #738, 2.000000000000000000 ) ;
#1410 = ORIENTED_EDGE ( 'NONE', *, *, #2220, .T. ) ;
#1411 = AXIS2_PLACEMENT_3D ( 'NONE', #2203, #673, #655 ) ;
#1412 = DIRECTION ( 'NONE',  ( 1.000000000000000000, 0.000000000000000000, 0.000000000000000000 ) ) ;
#1413 = ORIENTED_EDGE ( 'NONE', *, *, #1290, .F. ) ;
#1414 = VECTOR ( 'NONE', #541, 1000.000000000000000 ) ;
#1415 = ADVANCED_FACE ( 'NONE', ( #1632 ), #1774, .F. ) ;
#1416 = VERTEX_POINT ( 'NONE', #240 ) ;
#1417 = DIRECTION ( 'NONE',  ( -1.000000000000000000, 0.000000000000000000, 0.000000000000000000 ) ) ;
#1418 = LINE ( 'NONE', #1443, #212 ) ;
#1419 = FACE_OUTER_BOUND ( 'NONE', #2120, .T. ) ;
#1420 = FACE_BOUND ( 'NONE', #1207, .T. ) ;
#1421 = VECTOR ( 'NONE', #2159, 1000.000000000000000 ) ;
#1422 = DIRECTION ( 'NONE',  ( -0.000000000000000000, -1.000000000000000000, -0.000000000000000000 ) ) ;
#1423 = VECTOR ( 'NONE', #1555, 1000.000000000000000 ) ;
#1424 = VERTEX_POINT ( 'NONE', #282 ) ;
#1425 = VECTOR ( 'NONE', #1741, 1000.000000000000114 ) ;
#1426 = VECTOR ( 'NONE', #226, 1000.000000000000114 ) ;
#1427 = CARTESIAN_POINT ( 'NONE',  ( 28.27244219820310889, 65.10990091120535794, 0.000000000000000000 ) ) ;
#1428 = ORIENTED_EDGE ( 'NONE', *, *, #1703, .F. ) ;
#1429 = EDGE_CURVE ( 'NONE', #2061, #1299, #2161, .T. ) ;
#1430 = DIRECTION ( 'NONE',  ( -1.000000000000000000, 0.000000000000000000, 0.000000000000000000 ) ) ;
#1431 = DIRECTION ( 'NONE',  ( -0.000000000000000000, -0.000000000000000000, 1.000000000000000000 ) ) ;
#1432 = EDGE_CURVE ( 'NONE', #1521, #623, #2125, .T. ) ;
#1433 = VECTOR ( 'NONE', #1370, 1000.000000000000000 ) ;
#1434 = EDGE_CURVE ( 'NONE', #82, #2030, #211, .T. ) ;
#1435 = FACE_OUTER_BOUND ( 'NONE', #267, .T. ) ;
#1436 = CARTESIAN_POINT ( 'NONE',  ( -31.99999999999997868, -77.50000000000000000, 0.000000000000000000 ) ) ;
#1437 = LINE ( 'NONE', #2126, #2201 ) ;
#1438 = ORIENTED_EDGE ( 'NONE', *, *, #2207, .T. ) ;
#1439 = ORIENTED_EDGE ( 'NONE', *, *, #411, .T. ) ;
#1440 = SHAPE_DEFINITION_REPRESENTATION ( #1197, #1203 ) ;
#1441 = ORIENTED_EDGE ( 'NONE', *, *, #520, .T. ) ;
#1442 = CARTESIAN_POINT ( 'NONE',  ( 4.000000000000008882, 23.50000000000000000, 10.00000000000000000 ) ) ;
#1443 = CARTESIAN_POINT ( 'NONE',  ( -27.99999999999997868, -32.80940107675851891, 5.000000000000000000 ) ) ;
#1444 = PLANE ( 'NONE',  #1808 ) ;
#1445 = CARTESIAN_POINT ( 'NONE',  ( -33.49999999999997868, 77.50000000000000000, 0.000000000000000000 ) ) ;
#1446 = EDGE_CURVE ( 'NONE', #1486, #446, #429, .T. ) ;
#1447 = DIRECTION ( 'NONE',  ( -0.5038710255240855806, -0.8637789008984336769, 0.000000000000000000 ) ) ;
#1448 = ORIENTED_EDGE ( 'NONE', *, *, #1765, .T. ) ;
#1449 = EDGE_LOOP ( 'NONE', ( #761, #979, #1556, #1717 ) ) ;
#1450 = EDGE_LOOP ( 'NONE', ( #1856, #335, #1906, #1939, #746, #1871 ) ) ;
#1451 = DIRECTION ( 'NONE',  ( 0.8660254037844391517, 0.4999999999999991673, 0.000000000000000000 ) ) ;
#1452 = DIRECTION ( 'NONE',  ( 0.8660254037844391517, -0.4999999999999991673, 0.000000000000000000 ) ) ;
#1453 = CARTESIAN_POINT ( 'NONE',  ( -25.99999999999996092, -75.50000000000000000, 0.000000000000000000 ) ) ;
#1454 = DIRECTION ( 'NONE',  ( 1.000000000000000000, 0.000000000000000000, 0.000000000000000000 ) ) ;
#1455 = ADVANCED_FACE ( 'NONE', ( #1807 ), #755, .T. ) ;
#1456 = LINE ( 'NONE', #1142, #1295 ) ;
#1457 = ORIENTED_EDGE ( 'NONE', *, *, #847, .T. ) ;
#1458 = VERTEX_POINT ( 'NONE', #1129 ) ;
#1459 = AXIS2_PLACEMENT_3D ( 'NONE', #1908, #227, #907 ) ;
#1460 = CARTESIAN_POINT ( 'NONE',  ( -35.99999999999999289, -28.19059892324149530, 5.000000000000000000 ) ) ;
#1461 = CIRCLE ( 'NONE', #1937, 1.999999999999998224 ) ;
#1462 = LINE ( 'NONE', #1771, #1076 ) ;
#1463 = AXIS2_PLACEMENT_3D ( 'NONE', #735, #1401, #1047 ) ;
#1464 = CARTESIAN_POINT ( 'NONE',  ( -29.99999999999997868, -17.10215886015719633, 0.000000000000000000 ) ) ;
#1465 = CARTESIAN_POINT ( 'NONE',  ( -24.51792600175834735, 75.50000000000000000, 10.00000000000000000 ) ) ;
#1466 = DIRECTION ( 'NONE',  ( -1.476360405086644556E-16, -1.000000000000000000, 0.000000000000000000 ) ) ;
#1467 = DIRECTION ( 'NONE',  ( -1.000000000000000000, 0.000000000000000000, 0.000000000000000000 ) ) ;
#1468 = ORIENTED_EDGE ( 'NONE', *, *, #1818, .T. ) ;
#1469 = ORIENTED_EDGE ( 'NONE', *, *, #807, .T. ) ;
#1470 = EDGE_CURVE ( 'NONE', #332, #1812, #250, .T. ) ;
#1471 = ORIENTED_EDGE ( 'NONE', *, *, #1153, .T. ) ;
#1472 = DIRECTION ( 'NONE',  ( 0.000000000000000000, 0.000000000000000000, -1.000000000000000000 ) ) ;
#1473 = CYLINDRICAL_SURFACE ( 'NONE', #1966, 1.500000000000001332 ) ;
#1474 = DIRECTION ( 'NONE',  ( 0.000000000000000000, 0.000000000000000000, -1.000000000000000000 ) ) ;
#1475 = DIRECTION ( 'NONE',  ( -0.000000000000000000, -0.000000000000000000, 1.000000000000000000 ) ) ;
#1476 = DIRECTION ( 'NONE',  ( -1.000000000000000000, 0.000000000000000000, 0.000000000000000000 ) ) ;
#1477 = ORIENTED_EDGE ( 'NONE', *, *, #398, .T. ) ;
#1478 = ORIENTED_EDGE ( 'NONE', *, *, #2034, .T. ) ;
#1479 = ORIENTED_EDGE ( 'NONE', *, *, #1594, .F. ) ;
#1480 = ADVANCED_FACE ( 'NONE', ( #766 ), #799, .F. ) ;
#1481 = DIRECTION ( 'NONE',  ( -1.000000000000000000, 0.000000000000000000, 0.000000000000000000 ) ) ;
#1482 = DIRECTION ( 'NONE',  ( -1.000000000000000000, 0.000000000000000000, 0.000000000000000000 ) ) ;
#1483 = FACE_OUTER_BOUND ( 'NONE', #107, .T. ) ;
#1484 = CARTESIAN_POINT ( 'NONE',  ( 33.50000000000000711, -30.49999999999999289, 0.000000000000000000 ) ) ;
#1485 = CARTESIAN_POINT ( 'NONE',  ( 25.99999999999998224, -30.50000000000000000, 10.00000000000000000 ) ) ;
#1486 = VERTEX_POINT ( 'NONE', #1445 ) ;
#1487 = EDGE_LOOP ( 'NONE', ( #1113, #172, #836, #347 ) ) ;
#1488 = EDGE_LOOP ( 'NONE', ( #864, #1751, #1163, #309, #1457, #1441 ) ) ;
#1489 = CIRCLE ( 'NONE', #1602, 2.000000000000001776 ) ;
#1490 = DIRECTION ( 'NONE',  ( -0.000000000000000000, -0.000000000000000000, 1.000000000000000000 ) ) ;
#1491 = AXIS2_PLACEMENT_3D ( 'NONE', #1397, #898, #2054 ) ;
#1492 = DIRECTION ( 'NONE',  ( 1.000000000000000000, 0.000000000000000000, 0.000000000000000000 ) ) ;
#1493 = CIRCLE ( 'NONE', #357, 1.500000000000001332 ) ;
#1494 = EDGE_CURVE ( 'NONE', #1025, #1901, #1493, .T. ) ;
#1495 = CIRCLE ( 'NONE', #1463, 2.000000000000001776 ) ;
#1496 = FACE_BOUND ( 'NONE', #1048, .T. ) ;
#1497 = ADVANCED_FACE ( 'NONE', ( #1306 ), #111, .F. ) ;
#1498 = EDGE_CURVE ( 'NONE', #71, #1869, #629, .T. ) ;
#1499 = DIRECTION ( 'NONE',  ( 0.000000000000000000, -1.000000000000000000, 0.000000000000000000 ) ) ;
#1500 = CARTESIAN_POINT ( 'NONE',  ( 32.00000000000002132, -77.49999999999998579, 0.000000000000000000 ) ) ;
#1501 = ORIENTED_EDGE ( 'NONE', *, *, #1902, .F. ) ;
#1502 = AXIS2_PLACEMENT_3D ( 'NONE', #840, #109, #651 ) ;
#1503 = ORIENTED_EDGE ( 'NONE', *, *, #1077, .F. ) ;
#1504 = ORIENTED_EDGE ( 'NONE', *, *, #1034, .T. ) ;
#1505 = DIRECTION ( 'NONE',  ( 0.000000000000000000, 0.000000000000000000, 1.000000000000000000 ) ) ;
#1506 = CARTESIAN_POINT ( 'NONE',  ( 29.99999999999998224, 64.10215886015718922, 0.000000000000000000 ) ) ;
#1507 = CARTESIAN_POINT ( 'NONE',  ( 32.00000000000002132, -77.49999999999998579, 0.000000000000000000 ) ) ;
#1508 = CARTESIAN_POINT ( 'NONE',  ( -33.49999999999997868, -77.50000000000000000, 10.00000000000000000 ) ) ;
#1509 = DIRECTION ( 'NONE',  ( -1.000000000000000000, 0.000000000000000000, 0.000000000000000000 ) ) ;
#1510 = ORIENTED_EDGE ( 'NONE', *, *, #505, .T. ) ;
#1511 = ORIENTED_EDGE ( 'NONE', *, *, #382, .F. ) ;
#1512 = VERTEX_POINT ( 'NONE', #597 ) ;
#1513 = LINE ( 'NONE', #494, #2119 ) ;
#1514 = AXIS2_PLACEMENT_3D ( 'NONE', #1762, #419, #1806 ) ;
#1515 = DIRECTION ( 'NONE',  ( -0.000000000000000000, -0.000000000000000000, 1.000000000000000000 ) ) ;
#1516 = AXIS2_PLACEMENT_3D ( 'NONE', #338, #663, #486 ) ;
#1517 = ORIENTED_EDGE ( 'NONE', *, *, #681, .F. ) ;
#1518 = PLANE ( 'NONE',  #2187 ) ;
#1519 = FACE_OUTER_BOUND ( 'NONE', #277, .T. ) ;
#1520 = DIRECTION ( 'NONE',  ( -1.000000000000000000, 0.000000000000000000, 0.000000000000000000 ) ) ;
#1521 = VERTEX_POINT ( 'NONE', #1272 ) ;
#1522 = EDGE_CURVE ( 'NONE', #1758, #665, #444, .T. ) ;
#1523 = CARTESIAN_POINT ( 'NONE',  ( -27.99999999999997868, -28.19059892324148819, 5.000000000000000000 ) ) ;
#1524 = ORIENTED_EDGE ( 'NONE', *, *, #1263, .F. ) ;
#1525 = DIRECTION ( 'NONE',  ( 0.000000000000000000, 0.000000000000000000, 1.000000000000000000 ) ) ;
#1526 = CIRCLE ( 'NONE', #2073, 2.000000000000001776 ) ;
#1527 = ORIENTED_EDGE ( 'NONE', *, *, #1434, .F. ) ;
#1528 = PLANE ( 'NONE',  #366 ) ;
#1529 = CARTESIAN_POINT ( 'NONE',  ( -25.72755780179682361, -30.03295623165178085, 10.00000000000000000 ) ) ;
#1530 = VECTOR ( 'NONE', #153, 1000.000000000000000 ) ;
#1531 = VECTOR ( 'NONE', #1800, 1000.000000000000000 ) ;
#1532 = DIRECTION ( 'NONE',  ( -0.000000000000000000, -0.000000000000000000, 1.000000000000000000 ) ) ;
#1533 = CARTESIAN_POINT ( 'NONE',  ( 35.50000000000000711, -83.00000000000000000, 10.00000000000000000 ) ) ;
#1534 = ORIENTED_EDGE ( 'NONE', *, *, #1153, .F. ) ;
#1535 = ORIENTED_EDGE ( 'NONE', *, *, #505, .F. ) ;
#1536 = ORIENTED_EDGE ( 'NONE', *, *, #2179, .F. ) ;
#1537 = AXIS2_PLACEMENT_3D ( 'NONE', #427, #261, #938 ) ;
#1538 = EDGE_CURVE ( 'NONE', #876, #2052, #318, .T. ) ;
#1539 = EDGE_CURVE ( 'NONE', #1155, #2020, #1489, .T. ) ;
#1540 = DIRECTION ( 'NONE',  ( -0.8660254037844385966, -0.4999999999999998890, 0.000000000000000000 ) ) ;
#1541 = VERTEX_POINT ( 'NONE', #274 ) ;
#1542 = CYLINDRICAL_SURFACE ( 'NONE', #1612, 2.000000000000000000 ) ;
#1543 = PLANE ( 'NONE',  #1105 ) ;
#1544 = LINE ( 'NONE', #2091, #2208 ) ;
#1545 = DIRECTION ( 'NONE',  ( 0.000000000000000000, 1.000000000000000000, 0.000000000000000000 ) ) ;
#1546 = ORIENTED_EDGE ( 'NONE', *, *, #2220, .F. ) ;
#1547 = ORIENTED_EDGE ( 'NONE', *, *, #1995, .T. ) ;
#1548 = DIRECTION ( 'NONE',  ( -0.5038710255240858027, 0.8637789008984335659, 0.000000000000000000 ) ) ;
#1549 = EDGE_CURVE ( 'NONE', #1353, #904, #789, .T. ) ;
#1550 = EDGE_LOOP ( 'NONE', ( #2002, #1255, #882, #1478 ) ) ;
#1551 = CARTESIAN_POINT ( 'NONE',  ( 35.99999999999999289, -28.19059892324149530, 5.000000000000000000 ) ) ;
#1552 = CARTESIAN_POINT ( 'NONE',  ( 37.50000000000000711, 83.00000000000000000, 0.000000000000000000 ) ) ;
#1553 = VECTOR ( 'NONE', #1587, 1000.000000000000000 ) ;
#1554 = DIRECTION ( 'NONE',  ( 0.000000000000000000, 0.000000000000000000, -1.000000000000000000 ) ) ;
#1555 = DIRECTION ( 'NONE',  ( -0.000000000000000000, -0.000000000000000000, -1.000000000000000000 ) ) ;
#1556 = ORIENTED_EDGE ( 'NONE', *, *, #954, .F. ) ;
#1557 = CARTESIAN_POINT ( 'NONE',  ( 35.50000000000000711, 85.00000000000000000, 10.00000000000000000 ) ) ;
#1558 = ORIENTED_EDGE ( 'NONE', *, *, #1816, .F. ) ;
#1559 = FACE_OUTER_BOUND ( 'NONE', #978, .T. ) ;
#1560 = ORIENTED_EDGE ( 'NONE', *, *, #681, .T. ) ;
#1561 = CARTESIAN_POINT ( 'NONE',  ( 6.315407331574978578, 23.49999999999999645, 0.000000000000000000 ) ) ;
#1562 = CARTESIAN_POINT ( 'NONE',  ( -37.49999999999999289, -83.00000000000000000, 0.000000000000000000 ) ) ;
#1563 = AXIS2_PLACEMENT_3D ( 'NONE', #1086, #2007, #130 ) ;
#1564 = CARTESIAN_POINT ( 'NONE',  ( 35.50000000000000711, 85.00000000000000000, 10.00000000000000000 ) ) ;
#1565 = ADVANCED_FACE ( 'NONE', ( #621 ), #1988, .F. ) ;
#1566 = PLANE ( 'NONE',  #571 ) ;
#1567 = ADVANCED_FACE ( 'NONE', ( #1678, #2181, #1863, #1698, #672, #463, #832, #639, #853, #1496, #1318 ), #336, .T. ) ;
#1568 = CIRCLE ( 'NONE', #894, 2.000000000000001776 ) ;
#1569 = ORIENTED_EDGE ( 'NONE', *, *, #1594, .T. ) ;
#1570 = VECTOR ( 'NONE', #1030, 1000.000000000000114 ) ;
#1571 = CIRCLE ( 'NONE', #435, 2.000000000000001776 ) ;
#1572 = DIRECTION ( 'NONE',  ( 0.000000000000000000, 0.000000000000000000, 1.000000000000000000 ) ) ;
#1573 = VERTEX_POINT ( 'NONE', #820 ) ;
#1574 = DIRECTION ( 'NONE',  ( -1.000000000000000000, 0.000000000000000000, 0.000000000000000000 ) ) ;
#1575 = VECTOR ( 'NONE', #762, 1000.000000000000000 ) ;
#1576 = CARTESIAN_POINT ( 'NONE',  ( -35.99999999999999289, -28.19059892324149530, 10.00000000000000000 ) ) ;
#1577 = DIRECTION ( 'NONE',  ( 0.000000000000000000, -0.000000000000000000, 1.000000000000000000 ) ) ;
#1578 = DIRECTION ( 'NONE',  ( 0.000000000000000000, 0.000000000000000000, -1.000000000000000000 ) ) ;
#1579 = CARTESIAN_POINT ( 'NONE',  ( -25.99999999999996092, -75.50000000000000000, 10.00000000000000000 ) ) ;
#1580 = VERTEX_POINT ( 'NONE', #2027 ) ;
#1581 = EDGE_CURVE ( 'NONE', #446, #1023, #1337, .T. ) ;
#1582 = ADVANCED_FACE ( 'NONE', ( #142 ), #1138, .F. ) ;
#1583 = CARTESIAN_POINT ( 'NONE',  ( 35.50000000000000711, 85.00000000000000000, 0.000000000000000000 ) ) ;
#1584 = VERTEX_POINT ( 'NONE', #1828 ) ;
#1585 = CARTESIAN_POINT ( 'NONE',  ( -1.727557801796858028, 11.10990091120536150, 10.00000000000000000 ) ) ;
#1586 = DIRECTION ( 'NONE',  ( 0.8660254037844390407, 0.4999999999999993339, 0.000000000000000000 ) ) ;
#1587 = DIRECTION ( 'NONE',  ( -0.000000000000000000, 0.000000000000000000, -1.000000000000000000 ) ) ;
#1588 = CARTESIAN_POINT ( 'NONE',  ( 0.000000000000000000, 0.000000000000000000, 10.00000000000000000 ) ) ;
#1589 = AXIS2_PLACEMENT_3D ( 'NONE', #364, #1044, #1748 ) ;
#1590 = VECTOR ( 'NONE', #812, 1000.000000000000000 ) ;
#1591 = CARTESIAN_POINT ( 'NONE',  ( -31.99999999999997868, -24.49999999999999289, 10.00000000000000000 ) ) ;
#1592 = ADVANCED_FACE ( 'NONE', ( #1483 ), #1169, .F. ) ;
#1593 = ORIENTED_EDGE ( 'NONE', *, *, #991, .T. ) ;
#1594 = EDGE_CURVE ( 'NONE', #377, #1670, #1015, .T. ) ;
#1595 = EDGE_CURVE ( 'NONE', #1722, #2061, #500, .T. ) ;
#1596 = ORIENTED_EDGE ( 'NONE', *, *, #190, .T. ) ;
#1597 = CARTESIAN_POINT ( 'NONE',  ( -31.99999999999997868, 64.10215886015718922, 10.00000000000000000 ) ) ;
#1598 = DIRECTION ( 'NONE',  ( 0.5038710255240858027, 0.8637789008984335659, -0.000000000000000000 ) ) ;
#1599 = CARTESIAN_POINT ( 'NONE',  ( -22.51792600175834735, 77.50000000000000000, 10.00000000000000000 ) ) ;
#1600 = CARTESIAN_POINT ( 'NONE',  ( -35.49999999999999289, -83.00000000000000000, 10.00000000000000000 ) ) ;
#1601 = CARTESIAN_POINT ( 'NONE',  ( 4.587849529778110558, 22.49225794895182418, 0.000000000000000000 ) ) ;
#1602 = AXIS2_PLACEMENT_3D ( 'NONE', #1111, #2171, #1121 ) ;
#1603 = VERTEX_POINT ( 'NONE', #1529 ) ;
#1604 = VECTOR ( 'NONE', #1721, 1000.000000000000000 ) ;
#1605 = AXIS2_PLACEMENT_3D ( 'NONE', #767, #801, #977 ) ;
#1606 = ORIENTED_EDGE ( 'NONE', *, *, #847, .F. ) ;
#1607 = LINE ( 'NONE', #760, #1390 ) ;
#1608 = ORIENTED_EDGE ( 'NONE', *, *, #1017, .T. ) ;
#1609 = ADVANCED_FACE ( 'NONE', ( #3 ), #975, .F. ) ;
#1610 = LINE ( 'NONE', #1942, #360 ) ;
#1611 = CARTESIAN_POINT ( 'NONE',  ( -27.99999999999997868, -28.19059892324148819, 5.000000000000000000 ) ) ;
#1612 = AXIS2_PLACEMENT_3D ( 'NONE', #1561, #1396, #1042 ) ;
#1613 = CARTESIAN_POINT ( 'NONE',  ( 31.99999999999997868, -25.88119784648298705, 10.00000000000000000 ) ) ;
#1614 = DIRECTION ( 'NONE',  ( 1.000000000000000000, 0.000000000000000000, 0.000000000000000000 ) ) ;
#1615 = CARTESIAN_POINT ( 'NONE',  ( -31.99999999999997868, -30.50000000000000000, 5.000000000000000000 ) ) ;
#1616 = VERTEX_POINT ( 'NONE', #662 ) ;
#1617 = ORIENTED_EDGE ( 'NONE', *, *, #127, .F. ) ;
#1618 = ORIENTED_EDGE ( 'NONE', *, *, #1179, .F. ) ;
#1619 = CARTESIAN_POINT ( 'NONE',  ( -30.49999999999997868, -30.50000000000000000, 0.000000000000000000 ) ) ;
#1620 = LINE ( 'NONE', #1975, #535 ) ;
#1621 = EDGE_CURVE ( 'NONE', #1812, #332, #533, .T. ) ;
#1622 = FILL_AREA_STYLE ('',( #754 ) ) ;
#1623 = DIRECTION ( 'NONE',  ( 1.000000000000000000, 0.000000000000000000, 0.000000000000000000 ) ) ;
#1624 = DIRECTION ( 'NONE',  ( -0.000000000000000000, -0.000000000000000000, 1.000000000000000000 ) ) ;
#1625 = ORIENTED_EDGE ( 'NONE', *, *, #1804, .T. ) ;
#1626 = ORIENTED_EDGE ( 'NONE', *, *, #749, .F. ) ;
#1627 = PLANE ( 'NONE',  #860 ) ;
#1628 = VERTEX_POINT ( 'NONE', #1363 ) ;
#1629 = CARTESIAN_POINT ( 'NONE',  ( -22.51792600175834735, 75.50000000000000000, 0.000000000000000000 ) ) ;
#1630 = FACE_OUTER_BOUND ( 'NONE', #1550, .T. ) ;
#1631 = DIRECTION ( 'NONE',  ( -0.000000000000000000, -0.000000000000000000, 1.000000000000000000 ) ) ;
#1632 = FACE_OUTER_BOUND ( 'NONE', #513, .T. ) ;
#1633 = ADVANCED_FACE ( 'NONE', ( #1004 ), #985, .F. ) ;
#1634 = LINE ( 'NONE', #778, #679 ) ;
#1635 = ORIENTED_EDGE ( 'NONE', *, *, #1016, .T. ) ;
#1636 = VECTOR ( 'NONE', #930, 1000.000000000000114 ) ;
#1637 = ORIENTED_EDGE ( 'NONE', *, *, #1165, .T. ) ;
#1638 = AXIS2_PLACEMENT_3D ( 'NONE', #88, #455, #1954 ) ;
#1639 = ORIENTED_EDGE ( 'NONE', *, *, #1522, .F. ) ;
#1640 = VECTOR ( 'NONE', #774, 1000.000000000000000 ) ;
#1641 = AXIS2_PLACEMENT_3D ( 'NONE', #522, #1161, #6 ) ;
#1642 = DIRECTION ( 'NONE',  ( 0.000000000000000000, 0.000000000000000000, -1.000000000000000000 ) ) ;
#1643 = LINE ( 'NONE', #1109, #1673 ) ;
#1644 = DIRECTION ( 'NONE',  ( 0.000000000000000000, 0.000000000000000000, 1.000000000000000000 ) ) ;
#1645 = VECTOR ( 'NONE', #562, 1000.000000000000000 ) ;
#1646 = DIRECTION ( 'NONE',  ( 1.000000000000000000, 0.000000000000000000, 0.000000000000000000 ) ) ;
#1647 = EDGE_LOOP ( 'NONE', ( #1402, #2103, #390, #759 ) ) ;
#1648 = EDGE_CURVE ( 'NONE', #322, #1742, #303, .T. ) ;
#1649 = EDGE_CURVE ( 'NONE', #1023, #782, #714, .T. ) ;
#1650 = EDGE_LOOP ( 'NONE', ( #649, #1801, #499, #1099, #712, #460 ) ) ;
#1651 = ORIENTED_EDGE ( 'NONE', *, *, #1718, .T. ) ;
#1652 = DIRECTION ( 'NONE',  ( 0.000000000000000000, 0.000000000000000000, 1.000000000000000000 ) ) ;
#1653 = DIRECTION ( 'NONE',  ( 1.000000000000000000, 0.000000000000000000, 0.000000000000000000 ) ) ;
#1654 = DIRECTION ( 'NONE',  ( -1.000000000000000000, 0.000000000000000000, 0.000000000000000000 ) ) ;
#1655 = LINE ( 'NONE', #121, #1590 ) ;
#1656 = DIRECTION ( 'NONE',  ( -0.000000000000000000, -0.000000000000000000, 1.000000000000000000 ) ) ;
#1657 = ORIENTED_EDGE ( 'NONE', *, *, #1973, .T. ) ;
#1658 = EDGE_LOOP ( 'NONE', ( #1691, #1330, #2088, #61, #438, #893, #566, #2184 ) ) ;
#1659 = ADVANCED_FACE ( 'NONE', ( #843 ), #1518, .F. ) ;
#1660 = ORIENTED_EDGE ( 'NONE', *, *, #170, .F. ) ;
#1661 = EDGE_CURVE ( 'NONE', #449, #2012, #215, .T. ) ;
#1662 = ADVANCED_FACE ( 'NONE', ( #16 ), #697, .T. ) ;
#1663 = FACE_OUTER_BOUND ( 'NONE', #846, .T. ) ;
#1664 = DIRECTION ( 'NONE',  ( 0.000000000000000000, 0.000000000000000000, -1.000000000000000000 ) ) ;
#1665 = CARTESIAN_POINT ( 'NONE',  ( 0.000000000000000000, 0.000000000000000000, 0.000000000000000000 ) ) ;
#1666 = DIRECTION ( 'NONE',  ( -0.000000000000000000, -0.000000000000000000, 1.000000000000000000 ) ) ;
#1667 = FACE_OUTER_BOUND ( 'NONE', #243, .T. ) ;
#1668 = ORIENTED_EDGE ( 'NONE', *, *, #1649, .T. ) ;
#1669 = ORIENTED_EDGE ( 'NONE', *, *, #1305, .F. ) ;
#1670 = VERTEX_POINT ( 'NONE', #1052 ) ;
#1671 = VECTOR ( 'NONE', #1783, 1000.000000000000000 ) ;
#1672 = CARTESIAN_POINT ( 'NONE',  ( -33.49999999999997868, 77.50000000000000000, 10.00000000000000000 ) ) ;
#1673 = VECTOR ( 'NONE', #619, 1000.000000000000000 ) ;
#1674 = CARTESIAN_POINT ( 'NONE',  ( 6.315407331574978578, 23.49999999999999645, 0.000000000000000000 ) ) ;
#1675 = AXIS2_PLACEMENT_3D ( 'NONE', #1533, #1320, #498 ) ;
#1676 = ADVANCED_FACE ( 'NONE', ( #1406 ), #1760, .F. ) ;
#1677 = CIRCLE ( 'NONE', #1605, 2.000000000000000000 ) ;
#1678 = FACE_BOUND ( 'NONE', #1979, .T. ) ;
#1679 = CARTESIAN_POINT ( 'NONE',  ( -31.99999999999997868, -30.50000000000000000, 0.000000000000000000 ) ) ;
#1680 = LINE ( 'NONE', #2056, #1752 ) ;
#1681 = ORIENTED_EDGE ( 'NONE', *, *, #174, .F. ) ;
#1682 = ORIENTED_EDGE ( 'NONE', *, *, #1429, .F. ) ;
#1683 = ORIENTED_EDGE ( 'NONE', *, *, #1778, .T. ) ;
#1684 = CARTESIAN_POINT ( 'NONE',  ( -35.49999999999999289, -83.00000000000000000, 0.000000000000000000 ) ) ;
#1685 = CARTESIAN_POINT ( 'NONE',  ( -30.49999999999997868, -77.50000000000000000, 10.00000000000000000 ) ) ;
#1686 = ORIENTED_EDGE ( 'NONE', *, *, #2050, .T. ) ;
#1687 = CARTESIAN_POINT ( 'NONE',  ( 32.00000000000002132, -77.49999999999998579, 0.000000000000000000 ) ) ;
#1688 = EDGE_CURVE ( 'NONE', #147, #1573, #385, .T. ) ;
#1689 = LINE ( 'NONE', #1182, #560 ) ;
#1690 = CARTESIAN_POINT ( 'NONE',  ( 35.99999999999999289, -28.19059892324149530, 5.000000000000000000 ) ) ;
#1691 = ORIENTED_EDGE ( 'NONE', *, *, #190, .F. ) ;
#1692 = DIRECTION ( 'NONE',  ( -1.000000000000000000, 0.000000000000000000, 0.000000000000000000 ) ) ;
#1693 = ORIENTED_EDGE ( 'NONE', *, *, #1372, .T. ) ;
#1694 = LINE ( 'NONE', #2170, #1242 ) ;
#1695 = VECTOR ( 'NONE', #1666, 1000.000000000000000 ) ;
#1696 = ORIENTED_EDGE ( 'NONE', *, *, #1835, .F. ) ;
#1697 = CARTESIAN_POINT ( 'NONE',  ( 24.00000000000000000, -75.50000000000000000, 0.000000000000000000 ) ) ;
#1698 = FACE_BOUND ( 'NONE', #1123, .T. ) ;
#1699 = CARTESIAN_POINT ( 'NONE',  ( -24.51792600175834735, 75.50000000000000000, 0.000000000000000000 ) ) ;
#1700 = DIRECTION ( 'NONE',  ( 0.000000000000000000, 0.000000000000000000, 1.000000000000000000 ) ) ;
#1701 = ORIENTED_EDGE ( 'NONE', *, *, #640, .F. ) ;
#1702 = ADVANCED_FACE ( 'NONE', ( #1190 ), #1543, .F. ) ;
#1703 = EDGE_CURVE ( 'NONE', #1424, #414, #1710, .T. ) ;
#1704 = VERTEX_POINT ( 'NONE', #56 ) ;
#1705 = VERTEX_POINT ( 'NONE', #1735 ) ;
#1706 = CYLINDRICAL_SURFACE ( 'NONE', #825, 1.500000000000001332 ) ;
#1707 = CIRCLE ( 'NONE', #1785, 2.000000000000001776 ) ;
#1708 = EDGE_LOOP ( 'NONE', ( #259, #1266, #814, #1388 ) ) ;
#1709 = CARTESIAN_POINT ( 'NONE',  ( -31.99999999999997868, -35.11880215351701651, 10.00000000000000000 ) ) ;
#1710 = LINE ( 'NONE', #552, #1069 ) ;
#1711 = AXIS2_PLACEMENT_3D ( 'NONE', #1946, #410, #1964 ) ;
#1712 = AXIS2_PLACEMENT_3D ( 'NONE', #703, #549, #178 ) ;
#1713 = AXIS2_PLACEMENT_3D ( 'NONE', #1697, #1381, #2099 ) ;
#1714 = DIRECTION ( 'NONE',  ( -1.000000000000000000, 0.000000000000000000, 0.000000000000000000 ) ) ;
#1715 = FACE_BOUND ( 'NONE', #1847, .T. ) ;
#1716 = AXIS2_PLACEMENT_3D ( 'NONE', #1273, #1832, #1097 ) ;
#1717 = ORIENTED_EDGE ( 'NONE', *, *, #1804, .F. ) ;
#1718 = EDGE_CURVE ( 'NONE', #2052, #125, #394, .T. ) ;
#1719 = ORIENTED_EDGE ( 'NONE', *, *, #922, .F. ) ;
#1720 = AXIS2_PLACEMENT_3D ( 'NONE', #373, #2053, #34 ) ;
#1721 = DIRECTION ( 'NONE',  ( -0.000000000000000000, 0.000000000000000000, -1.000000000000000000 ) ) ;
#1722 = VERTEX_POINT ( 'NONE', #1238 ) ;
#1723 = DIRECTION ( 'NONE',  ( 0.8660254037844391517, -0.4999999999999992228, -0.000000000000000000 ) ) ;
#1724 = DIRECTION ( 'NONE',  ( -0.000000000000000000, -0.000000000000000000, 1.000000000000000000 ) ) ;
#1725 = FACE_OUTER_BOUND ( 'NONE', #2070, .T. ) ;
#1726 = FACE_BOUND ( 'NONE', #164, .T. ) ;
#1727 = VERTEX_POINT ( 'NONE', #1552 ) ;
#1728 = LINE ( 'NONE', #1938, #1210 ) ;
#1729 = ORIENTED_EDGE ( 'NONE', *, *, #1038, .T. ) ;
#1730 = DIRECTION ( 'NONE',  ( -1.000000000000000000, 0.000000000000000000, 0.000000000000000000 ) ) ;
#1731 = EDGE_CURVE ( 'NONE', #1936, #1573, #101, .T. ) ;
#1732 = EDGE_CURVE ( 'NONE', #1670, #2061, #204, .T. ) ;
#1733 = ORIENTED_EDGE ( 'NONE', *, *, #1874, .F. ) ;
#1734 = FACE_OUTER_BOUND ( 'NONE', #1949, .T. ) ;
#1735 = CARTESIAN_POINT ( 'NONE',  ( 37.50000000000000711, -83.00000000000000000, 0.000000000000000000 ) ) ;
#1736 = CARTESIAN_POINT ( 'NONE',  ( 4.315407331574978578, 23.49999999999999645, 0.000000000000000000 ) ) ;
#1737 = CARTESIAN_POINT ( 'NONE',  ( 6.376910832703003854E-15, 14.07142857142856052, 0.000000000000000000 ) ) ;
#1738 = ORIENTED_EDGE ( 'NONE', *, *, #736, .T. ) ;
#1739 = LINE ( 'NONE', #1591, #216 ) ;
#1740 = ORIENTED_EDGE ( 'NONE', *, *, #1816, .T. ) ;
#1741 = DIRECTION ( 'NONE',  ( -0.5038710255240859137, 0.8637789008984334549, -0.000000000000000000 ) ) ;
#1742 = VERTEX_POINT ( 'NONE', #1562 ) ;
#1743 = CARTESIAN_POINT ( 'NONE',  ( -23.99999999999995026, -31.04069828269994247, 10.00000000000000000 ) ) ;
#1744 = DIRECTION ( 'NONE',  ( 1.000000000000000000, 0.000000000000000000, 0.000000000000000000 ) ) ;
#1745 = PRODUCT_DEFINITION ( 'UNKNOWN', '', #2078, #4 ) ;
#1746 = EDGE_CURVE ( 'NONE', #872, #1058, #716, .T. ) ;
#1747 = AXIS2_PLACEMENT_3D ( 'NONE', #1382, #1371, #519 ) ;
#1748 = DIRECTION ( 'NONE',  ( -1.000000000000000000, 0.000000000000000000, 0.000000000000000000 ) ) ;
#1749 = FACE_OUTER_BOUND ( 'NONE', #401, .T. ) ;
#1750 = VECTOR ( 'NONE', #1084, 1000.000000000000000 ) ;
#1751 = ORIENTED_EDGE ( 'NONE', *, *, #1373, .T. ) ;
#1752 = VECTOR ( 'NONE', #330, 1000.000000000000000 ) ;
#1753 = VECTOR ( 'NONE', #1572, 1000.000000000000000 ) ;
#1754 = PLANE ( 'NONE',  #1970 ) ;
#1755 = ORIENTED_EDGE ( 'NONE', *, *, #1006, .T. ) ;
#1756 = CARTESIAN_POINT ( 'NONE',  ( -30.49999999999997868, -77.50000000000000000, 0.000000000000000000 ) ) ;
#1757 = VECTOR ( 'NONE', #301, 1000.000000000000000 ) ;
#1758 = VERTEX_POINT ( 'NONE', #540 ) ;
#1759 = CARTESIAN_POINT ( 'NONE',  ( 6.376910832703003854E-15, 32.92857142857143771, 0.000000000000000000 ) ) ;
#1760 = PLANE ( 'NONE',  #1459 ) ;
#1761 = EDGE_CURVE ( 'NONE', #1798, #147, #606, .T. ) ;
#1762 = CARTESIAN_POINT ( 'NONE',  ( 0.000000000000000000, 0.000000000000000000, 5.000000000000000000 ) ) ;
#1763 = DIRECTION ( 'NONE',  ( 1.000000000000000000, -0.000000000000000000, 0.000000000000000000 ) ) ;
#1764 = ORIENTED_EDGE ( 'NONE', *, *, #89, .T. ) ;
#1765 = EDGE_CURVE ( 'NONE', #665, #169, #1526, .T. ) ;
#1766 = ADVANCED_FACE ( 'NONE', ( #46 ), #1217, .F. ) ;
#1767 = DIRECTION ( 'NONE',  ( 1.000000000000000000, 0.000000000000000000, 0.000000000000000000 ) ) ;
#1768 = ORIENTED_EDGE ( 'NONE', *, *, #1373, .F. ) ;
#1769 = DIRECTION ( 'NONE',  ( 1.000000000000000000, 0.000000000000000000, 0.000000000000000000 ) ) ;
#1770 = EDGE_LOOP ( 'NONE', ( #1657, #2175 ) ) ;
#1771 = CARTESIAN_POINT ( 'NONE',  ( 4.000000000000008882, 23.50000000000000000, 0.000000000000000000 ) ) ;
#1772 = DIRECTION ( 'NONE',  ( -0.000000000000000000, -1.000000000000000000, -0.000000000000000000 ) ) ;
#1773 = LINE ( 'NONE', #1294, #1553 ) ;
#1774 = PLANE ( 'NONE',  #1638 ) ;
#1775 = CIRCLE ( 'NONE', #810, 1.999999999999998224 ) ;
#1776 = CARTESIAN_POINT ( 'NONE',  ( -24.51792600175834735, 75.50000000000000000, 0.000000000000000000 ) ) ;
#1777 = EDGE_LOOP ( 'NONE', ( #1560, #1608, #1836, #2032 ) ) ;
#1778 = EDGE_CURVE ( 'NONE', #446, #1486, #64, .T. ) ;
#1779 = VERTEX_POINT ( 'NONE', #868 ) ;
#1780 = DIRECTION ( 'NONE',  ( 0.000000000000000000, 0.000000000000000000, -1.000000000000000000 ) ) ;
#1781 = CARTESIAN_POINT ( 'NONE',  ( -31.99999999999997868, -17.10215886015719633, 10.00000000000000000 ) ) ;
#1782 = LINE ( 'NONE', #1261, #122 ) ;
#1783 = DIRECTION ( 'NONE',  ( -0.000000000000000000, -0.000000000000000000, 1.000000000000000000 ) ) ;
#1784 = AXIS2_PLACEMENT_3D ( 'NONE', #1687, #653, #686 ) ;
#1785 = AXIS2_PLACEMENT_3D ( 'NONE', #950, #1952, #2111 ) ;
#1786 = LINE ( 'NONE', #2138, #1905 ) ;
#1787 = AXIS2_PLACEMENT_3D ( 'NONE', #146, #1887, #1509 ) ;
#1788 = EDGE_LOOP ( 'NONE', ( #1888, #1879, #880, #634 ) ) ;
#1789 = ORIENTED_EDGE ( 'NONE', *, *, #873, .F. ) ;
#1790 = EDGE_CURVE ( 'NONE', #73, #1580, #135, .T. ) ;
#1791 = EDGE_LOOP ( 'NONE', ( #1050, #2096, #858, #2048 ) ) ;
#1792 = DIRECTION ( 'NONE',  ( 1.000000000000000000, 0.000000000000000000, 0.000000000000000000 ) ) ;
#1793 = DIRECTION ( 'NONE',  ( -1.000000000000000000, 0.000000000000000000, 0.000000000000000000 ) ) ;
#1794 = AXIS2_PLACEMENT_3D ( 'NONE', #150, #1126, #1167 ) ;
#1795 = CARTESIAN_POINT ( 'NONE',  ( -22.51792600175834735, 75.50000000000000000, 0.000000000000000000 ) ) ;
#1796 = CARTESIAN_POINT ( 'NONE',  ( 30.00000000000000355, -17.10215886015717501, 0.000000000000000000 ) ) ;
#1797 = DIRECTION ( 'NONE',  ( -0.000000000000000000, -0.000000000000000000, -1.000000000000000000 ) ) ;
#1798 = VERTEX_POINT ( 'NONE', #1894 ) ;
#1799 = EDGE_LOOP ( 'NONE', ( #1824, #667, #1596, #1510 ) ) ;
#1800 = DIRECTION ( 'NONE',  ( -0.000000000000000000, -0.000000000000000000, 1.000000000000000000 ) ) ;
#1801 = ORIENTED_EDGE ( 'NONE', *, *, #1304, .F. ) ;
#1802 = CARTESIAN_POINT ( 'NONE',  ( -31.99999999999997868, -17.10215886015719633, 0.000000000000000000 ) ) ;
#1803 = CARTESIAN_POINT ( 'NONE',  ( 30.00000000000000355, -17.10215886015717501, 10.00000000000000000 ) ) ;
#1804 = EDGE_CURVE ( 'NONE', #2014, #322, #2122, .T. ) ;
#1805 = EDGE_CURVE ( 'NONE', #1580, #279, #1643, .T. ) ;
#1806 = DIRECTION ( 'NONE',  ( 1.000000000000000000, 0.000000000000000000, -0.000000000000000000 ) ) ;
#1807 = FACE_OUTER_BOUND ( 'NONE', #657, .T. ) ;
#1808 = AXIS2_PLACEMENT_3D ( 'NONE', #443, #1944, #2124 ) ;
#1809 = CARTESIAN_POINT ( 'NONE',  ( -24.24548380355521715, 74.49225794895184549, 0.000000000000000000 ) ) ;
#1810 = VERTEX_POINT ( 'NONE', #1781 ) ;
#1811 = AXIS2_PLACEMENT_3D ( 'NONE', #1160, #824, #2194 ) ;
#1812 = VERTEX_POINT ( 'NONE', #1271 ) ;
#1813 = ORIENTED_EDGE ( 'NONE', *, *, #423, .F. ) ;
#1814 = FACE_OUTER_BOUND ( 'NONE', #209, .T. ) ;
#1815 = DIRECTION ( 'NONE',  ( -0.000000000000000000, -0.000000000000000000, 1.000000000000000000 ) ) ;
#1816 = EDGE_CURVE ( 'NONE', #332, #1367, #1620, .T. ) ;
#1817 = DIRECTION ( 'NONE',  ( 0.000000000000000000, 0.000000000000000000, 1.000000000000000000 ) ) ;
#1818 = EDGE_CURVE ( 'NONE', #118, #343, #1963, .T. ) ;
#1819 = LINE ( 'NONE', #967, #2077 ) ;
#1820 = EDGE_LOOP ( 'NONE', ( #958, #1 ) ) ;
#1821 = AXIS2_PLACEMENT_3D ( 'NONE', #575, #1251, #1452 ) ;
#1822 = ORIENTED_EDGE ( 'NONE', *, *, #201, .T. ) ;
#1823 = CIRCLE ( 'NONE', #1033, 1.500000000000001332 ) ;
#1824 = ORIENTED_EDGE ( 'NONE', *, *, #1915, .F. ) ;
#1825 = AXIS2_PLACEMENT_3D ( 'NONE', #883, #1235, #1379 ) ;
#1826 = DIRECTION ( 'NONE',  ( 1.000000000000000000, 0.000000000000000000, 0.000000000000000000 ) ) ;
#1827 = CYLINDRICAL_SURFACE ( 'NONE', #925, 1.500000000000001332 ) ;
#1828 = CARTESIAN_POINT ( 'NONE',  ( 30.49999999999997513, 77.50000000000001421, 10.00000000000000000 ) ) ;
#1829 = CIRCLE ( 'NONE', #327, 1.999999999999998224 ) ;
#1830 = EDGE_CURVE ( 'NONE', #343, #414, #916, .T. ) ;
#1831 = DIRECTION ( 'NONE',  ( 0.000000000000000000, -0.000000000000000000, 1.000000000000000000 ) ) ;
#1832 = DIRECTION ( 'NONE',  ( -0.000000000000000000, -0.000000000000000000, 1.000000000000000000 ) ) ;
#1833 = ORIENTED_EDGE ( 'NONE', *, *, #793, .T. ) ;
#1834 = EDGE_CURVE ( 'NONE', #2014, #1366, #753, .T. ) ;
#1835 = EDGE_CURVE ( 'NONE', #614, #1628, #356, .T. ) ;
#1836 = ORIENTED_EDGE ( 'NONE', *, *, #638, .F. ) ;
#1837 = ORIENTED_EDGE ( 'NONE', *, *, #2137, .F. ) ;
#1838 = DIRECTION ( 'NONE',  ( -0.000000000000000000, -0.000000000000000000, -1.000000000000000000 ) ) ;
#1839 = CARTESIAN_POINT ( 'NONE',  ( 22.51792600175833670, 77.50000000000000000, 10.00000000000000000 ) ) ;
#1840 = CARTESIAN_POINT ( 'NONE',  ( 32.00000000000000711, -30.49999999999999289, 0.000000000000000000 ) ) ;
#1841 = DIRECTION ( 'NONE',  ( 0.000000000000000000, 0.000000000000000000, -1.000000000000000000 ) ) ;
#1842 = CARTESIAN_POINT ( 'NONE',  ( 26.00000000000000355, -75.50000000000000000, 0.000000000000000000 ) ) ;
#1843 = ORIENTED_EDGE ( 'NONE', *, *, #1193, .F. ) ;
#1844 = ORIENTED_EDGE ( 'NONE', *, *, #991, .F. ) ;
#1845 = EDGE_CURVE ( 'NONE', #1812, #1541, #270, .T. ) ;
#1846 = EDGE_CURVE ( 'NONE', #449, #1980, #175, .T. ) ;
#1847 = EDGE_LOOP ( 'NONE', ( #1022, #2154 ) ) ;
#1848 = AXIS2_PLACEMENT_3D ( 'NONE', #1364, #723, #869 ) ;
#1849 = FACE_OUTER_BOUND ( 'NONE', #1487, .T. ) ;
#1850 = CYLINDRICAL_SURFACE ( 'NONE', #319, 1.999999999999998224 ) ;
#1851 = DIRECTION ( 'NONE',  ( 0.000000000000000000, 0.000000000000000000, 1.000000000000000000 ) ) ;
#1852 = LINE ( 'NONE', #1007, #1302 ) ;
#1853 = CARTESIAN_POINT ( 'NONE',  ( -6.315407331574960814, 23.49999999999999289, 0.000000000000000000 ) ) ;
#1854 = ORIENTED_EDGE ( 'NONE', *, *, #899, .F. ) ;
#1855 = FACE_OUTER_BOUND ( 'NONE', #1449, .T. ) ;
#1856 = ORIENTED_EDGE ( 'NONE', *, *, #1117, .F. ) ;
#1857 = EDGE_CURVE ( 'NONE', #118, #1424, #247, .T. ) ;
#1858 = FACE_OUTER_BOUND ( 'NONE', #1378, .T. ) ;
#1859 = AXIS2_PLACEMENT_3D ( 'NONE', #1202, #182, #1918 ) ;
#1860 = CARTESIAN_POINT ( 'NONE',  ( 35.99999999999999289, -28.19059892324149530, 10.00000000000000000 ) ) ;
#1861 = CIRCLE ( 'NONE', #1171, 2.000000000000001776 ) ;
#1862 = VECTOR ( 'NONE', #2005, 1000.000000000000000 ) ;
#1863 = FACE_BOUND ( 'NONE', #22, .T. ) ;
#1864 = CARTESIAN_POINT ( 'NONE',  ( 24.24548380355521360, 74.49225794895183128, 0.000000000000000000 ) ) ;
#1865 = CYLINDRICAL_SURFACE ( 'NONE', #321, 1.500000000000001332 ) ;
#1866 = CIRCLE ( 'NONE', #613, 1.500000000000004885 ) ;
#1867 = ORIENTED_EDGE ( 'NONE', *, *, #966, .T. ) ;
#1868 = ORIENTED_EDGE ( 'NONE', *, *, #1060, .F. ) ;
#1869 = VERTEX_POINT ( 'NONE', #939 ) ;
#1870 = CARTESIAN_POINT ( 'NONE',  ( -31.99999999999997868, -17.10215886015719633, 0.000000000000000000 ) ) ;
#1871 = ORIENTED_EDGE ( 'NONE', *, *, #2109, .F. ) ;
#1872 = DIRECTION ( 'NONE',  ( -1.000000000000000000, 0.000000000000000000, -0.000000000000000000 ) ) ;
#1873 = EDGE_CURVE ( 'NONE', #1092, #493, #2144, .T. ) ;
#1874 = EDGE_CURVE ( 'NONE', #1705, #1332, #1707, .T. ) ;
#1875 = DIRECTION ( 'NONE',  ( 0.000000000000000000, -0.000000000000000000, -1.000000000000000000 ) ) ;
#1876 = CARTESIAN_POINT ( 'NONE',  ( 30.49999999999997513, 77.50000000000001421, 0.000000000000000000 ) ) ;
#1877 = ORIENTED_EDGE ( 'NONE', *, *, #1140, .F. ) ;
#1878 = ORIENTED_EDGE ( 'NONE', *, *, #1761, .F. ) ;
#1879 = ORIENTED_EDGE ( 'NONE', *, *, #1973, .F. ) ;
#1880 = FACE_OUTER_BOUND ( 'NONE', #1298, .T. ) ;
#1881 = AXIS2_PLACEMENT_3D ( 'NONE', #996, #1499, #1328 ) ;
#1882 = ORIENTED_EDGE ( 'NONE', *, *, #326, .T. ) ;
#1883 = CARTESIAN_POINT ( 'NONE',  ( -23.99999999999995737, -75.50000000000000000, 0.000000000000000000 ) ) ;
#1884 = DIRECTION ( 'NONE',  ( -1.000000000000000000, 0.000000000000000000, 0.000000000000000000 ) ) ;
#1885 = EDGE_CURVE ( 'NONE', #684, #1114, #1293, .T. ) ;
#1886 = CARTESIAN_POINT ( 'NONE',  ( -35.49999999999999289, 83.00000000000000000, 10.00000000000000000 ) ) ;
#1887 = DIRECTION ( 'NONE',  ( 0.000000000000000000, 0.000000000000000000, 1.000000000000000000 ) ) ;
#1888 = ORIENTED_EDGE ( 'NONE', *, *, #819, .F. ) ;
#1889 = ORIENTED_EDGE ( 'NONE', *, *, #144, .F. ) ;
#1890 = CARTESIAN_POINT ( 'NONE',  ( -31.99999999999997868, -25.88119784648298705, 5.000000000000000000 ) ) ;
#1891 = AXIS2_PLACEMENT_3D ( 'NONE', #1464, #451, #1793 ) ;
#1892 = ORIENTED_EDGE ( 'NONE', *, *, #1661, .T. ) ;
#1893 = DIRECTION ( 'NONE',  ( 0.000000000000000000, 0.000000000000000000, -1.000000000000000000 ) ) ;
#1894 = CARTESIAN_POINT ( 'NONE',  ( 30.50000000000000355, -30.49999999999999289, 0.000000000000000000 ) ) ;
#1895 = VECTOR ( 'NONE', #1466, 1000.000000000000000 ) ;
#1896 = PLANE ( 'NONE',  #1955 ) ;
#1897 = CARTESIAN_POINT ( 'NONE',  ( 27.99999999999997868, -28.19059892324148819, 10.00000000000000000 ) ) ;
#1898 = ORIENTED_EDGE ( 'NONE', *, *, #2033, .T. ) ;
#1899 = ADVANCED_FACE ( 'NONE', ( #1630 ), #418, .F. ) ;
#1900 = LINE ( 'NONE', #506, #897 ) ;
#1901 = VERTEX_POINT ( 'NONE', #604 ) ;
#1902 = EDGE_CURVE ( 'NONE', #1704, #481, #1282, .T. ) ;
#1903 = EDGE_CURVE ( 'NONE', #2188, #2047, #784, .T. ) ;
#1904 = PLANE ( 'NONE',  #177 ) ;
#1905 = VECTOR ( 'NONE', #943, 1000.000000000000000 ) ;
#1906 = ORIENTED_EDGE ( 'NONE', *, *, #1830, .F. ) ;
#1907 = DIRECTION ( 'NONE',  ( 0.5038710255240858027, 0.8637789008984335659, -0.000000000000000000 ) ) ;
#1908 = CARTESIAN_POINT ( 'NONE',  ( 31.99999999999997868, 71.50000000000001421, 0.000000000000000000 ) ) ;
#1909 = DIRECTION ( 'NONE',  ( -0.000000000000000000, 1.000000000000000000, 0.000000000000000000 ) ) ;
#1910 = DIRECTION ( 'NONE',  ( 0.000000000000000000, 0.000000000000000000, -1.000000000000000000 ) ) ;
#1911 = EDGE_LOOP ( 'NONE', ( #490, #780, #2031, #341 ) ) ;
#1912 = CARTESIAN_POINT ( 'NONE',  ( 6.376910832703003854E-15, 32.92857142857143771, 0.000000000000000000 ) ) ;
#1913 = ORIENTED_EDGE ( 'NONE', *, *, #1290, .T. ) ;
#1914 = EDGE_CURVE ( 'NONE', #1058, #1009, #63, .T. ) ;
#1915 = EDGE_CURVE ( 'NONE', #299, #1458, #1094, .T. ) ;
#1916 = CARTESIAN_POINT ( 'NONE',  ( -27.99999999999997868, -28.19059892324148819, 5.000000000000000000 ) ) ;
#1917 = ORIENTED_EDGE ( 'NONE', *, *, #654, .F. ) ;
#1918 = DIRECTION ( 'NONE',  ( 0.5038710255240859137, 0.8637789008984334549, 0.000000000000000000 ) ) ;
#1919 = AXIS2_PLACEMENT_3D ( 'NONE', #1796, #1286, #2148 ) ;
#1920 = CARTESIAN_POINT ( 'NONE',  ( 35.99999999999999289, -28.19059892324149530, 5.000000000000000000 ) ) ;
#1921 = CARTESIAN_POINT ( 'NONE',  ( -1.727557801796856696, 35.89009908879463495, 10.00000000000000000 ) ) ;
#1922 = ORIENTED_EDGE ( 'NONE', *, *, #398, .F. ) ;
#1923 = DIRECTION ( 'NONE',  ( 0.000000000000000000, 0.000000000000000000, 1.000000000000000000 ) ) ;
#1924 = ORIENTED_EDGE ( 'NONE', *, *, #875, .T. ) ;
#1925 = CYLINDRICAL_SURFACE ( 'NONE', #1935, 2.000000000000001776 ) ;
#1926 = ORIENTED_EDGE ( 'NONE', *, *, #2207, .F. ) ;
#1927 = EDGE_CURVE ( 'NONE', #307, #1092, #1418, .T. ) ;
#1928 = CARTESIAN_POINT ( 'NONE',  ( -35.99999999999999289, -28.19059892324149530, 10.00000000000000000 ) ) ;
#1929 = DIRECTION ( 'NONE',  ( 0.5038710255240862468, -0.8637789008984334549, 0.000000000000000000 ) ) ;
#1930 = APPLICATION_CONTEXT ( 'automotive_design' ) ;
#1931 = CIRCLE ( 'NONE', #1278, 2.000000000000000000 ) ;
#1932 = AXIS2_PLACEMENT_3D ( 'NONE', #1795, #609, #1262 ) ;
#1933 = DIRECTION ( 'NONE',  ( 1.000000000000000000, -0.000000000000000000, -0.000000000000000000 ) ) ;
#1934 = FACE_BOUND ( 'NONE', #148, .T. ) ;
#1935 = AXIS2_PLACEMENT_3D ( 'NONE', #391, #12, #1730 ) ;
#1936 = VERTEX_POINT ( 'NONE', #595 ) ;
#1937 = AXIS2_PLACEMENT_3D ( 'NONE', #80, #934, #1467 ) ;
#1938 = CARTESIAN_POINT ( 'NONE',  ( 25.72755780179684493, -30.03295623165176664, 10.00000000000000000 ) ) ;
#1939 = ORIENTED_EDGE ( 'NONE', *, *, #412, .F. ) ;
#1940 = FACE_OUTER_BOUND ( 'NONE', #515, .T. ) ;
#1941 = VECTOR ( 'NONE', #1907, 1000.000000000000114 ) ;
#1942 = CARTESIAN_POINT ( 'NONE',  ( 24.24548380355521360, 74.49225794895183128, 0.000000000000000000 ) ) ;
#1943 = CARTESIAN_POINT ( 'NONE',  ( 37.50000000000000711, -85.00000000000000000, 10.00000000000000000 ) ) ;
#1944 = DIRECTION ( 'NONE',  ( 0.8637789008984335659, 0.5038710255240860247, 0.000000000000000000 ) ) ;
#1945 = ADVANCED_FACE ( 'NONE', ( #484 ), #1473, .F. ) ;
#1946 = CARTESIAN_POINT ( 'NONE',  ( -29.99999999999997868, -17.10215886015719633, 0.000000000000000000 ) ) ;
#1947 = ADVANCED_FACE ( 'NONE', ( #2026 ), #1850, .F. ) ;
#1948 = LINE ( 'NONE', #69, #1108 ) ;
#1949 = EDGE_LOOP ( 'NONE', ( #91, #1534, #1768, #1686 ) ) ;
#1950 = VERTEX_POINT ( 'NONE', #495 ) ;
#1951 = CARTESIAN_POINT ( 'NONE',  ( 1.727557801796869574, 35.89009908879463495, 10.00000000000000000 ) ) ;
#1952 = DIRECTION ( 'NONE',  ( 0.000000000000000000, 0.000000000000000000, -1.000000000000000000 ) ) ;
#1953 =( NAMED_UNIT ( * ) SI_UNIT ( $, .STERADIAN. ) SOLID_ANGLE_UNIT ( ) );
#1954 = DIRECTION ( 'NONE',  ( -1.476360405086644556E-16, -1.000000000000000000, 0.000000000000000000 ) ) ;
#1955 = AXIS2_PLACEMENT_3D ( 'NONE', #399, #205, #1228 ) ;
#1956 = EDGE_CURVE ( 'NONE', #20, #422, #119, .T. ) ;
#1957 = EDGE_CURVE ( 'NONE', #2046, #1234, #462, .T. ) ;
#1958 = LINE ( 'NONE', #1308, #1247 ) ;
#1959 = ORIENTED_EDGE ( 'NONE', *, *, #2066, .F. ) ;
#1960 = EDGE_LOOP ( 'NONE', ( #1036, #1922, #2198, #106 ) ) ;
#1961 = VERTEX_POINT ( 'NONE', #1839 ) ;
#1962 = CARTESIAN_POINT ( 'NONE',  ( -30.49999999999997868, -30.50000000000000000, 5.000000000000000000 ) ) ;
#1963 = LINE ( 'NONE', #1259, #642 ) ;
#1964 = DIRECTION ( 'NONE',  ( -1.000000000000000000, 0.000000000000000000, 0.000000000000000000 ) ) ;
#1965 = VECTOR ( 'NONE', #1545, 1000.000000000000000 ) ;
#1966 = AXIS2_PLACEMENT_3D ( 'NONE', #2016, #151, #1653 ) ;
#1967 = CARTESIAN_POINT ( 'NONE',  ( 9.974659986866640793E-15, 10.10215886015719100, 0.000000000000000000 ) ) ;
#1968 = AXIS2_PLACEMENT_3D ( 'NONE', #2000, #276, #1646 ) ;
#1969 = EDGE_LOOP ( 'NONE', ( #668, #224 ) ) ;
#1970 = AXIS2_PLACEMENT_3D ( 'NONE', #1912, #241, #403 ) ;
#1971 = EDGE_LOOP ( 'NONE', ( #1503, #1061, #1154, #1738 ) ) ;
#1972 = ADVANCED_FACE ( 'NONE', ( #841 ), #1157, .F. ) ;
#1973 = EDGE_CURVE ( 'NONE', #624, #426, #786, .T. ) ;
#1974 = CARTESIAN_POINT ( 'NONE',  ( -29.99999999999997868, 64.10215886015718922, 0.000000000000000000 ) ) ;
#1975 = CARTESIAN_POINT ( 'NONE',  ( 30.50000000000001776, -77.49999999999998579, 0.000000000000000000 ) ) ;
#1976 = CARTESIAN_POINT ( 'NONE',  ( -35.49999999999999289, -85.00000000000000000, 10.00000000000000000 ) ) ;
#1977 = CARTESIAN_POINT ( 'NONE',  ( -35.49999999999999289, 85.00000000000000000, 10.00000000000000000 ) ) ;
#1978 = CARTESIAN_POINT ( 'NONE',  ( 32.00000000000000711, -17.10215886015717501, 10.00000000000000000 ) ) ;
#1979 = EDGE_LOOP ( 'NONE', ( #291, #1913, #2074, #2197, #355, #1755, #689 ) ) ;
#1980 = VERTEX_POINT ( 'NONE', #1136 ) ;
#1981 = DIRECTION ( 'NONE',  ( 1.000000000000000000, 0.000000000000000000, 0.000000000000000000 ) ) ;
#1982 = ORIENTED_EDGE ( 'NONE', *, *, #559, .T. ) ;
#1983 = ADVANCED_FACE ( 'NONE', ( #661 ), #1827, .F. ) ;
#1984 = EDGE_CURVE ( 'NONE', #192, #902, #1931, .T. ) ;
#1985 = CARTESIAN_POINT ( 'NONE',  ( 1.387778780781445676E-14, 36.89784113984281078, 0.000000000000000000 ) ) ;
#1986 = CARTESIAN_POINT ( 'NONE',  ( -35.99999999999999289, -32.80940107675851181, 5.000000000000000000 ) ) ;
#1987 =( LENGTH_UNIT ( ) NAMED_UNIT ( * ) SI_UNIT ( .MILLI., .METRE. ) );
#1988 = PLANE ( 'NONE',  #1563 ) ;
#1989 = LINE ( 'NONE', #1122, #790 ) ;
#1990 = ORIENTED_EDGE ( 'NONE', *, *, #576, .F. ) ;
#1991 = VERTEX_POINT ( 'NONE', #473 ) ;
#1992 = ORIENTED_EDGE ( 'NONE', *, *, #923, .F. ) ;
#1993 = CARTESIAN_POINT ( 'NONE',  ( 31.99999999999997868, 64.10215886015718922, 0.000000000000000000 ) ) ;
#1994 = CARTESIAN_POINT ( 'NONE',  ( 23.99999999999997868, -31.04069828269993891, 10.00000000000000000 ) ) ;
#1995 = EDGE_CURVE ( 'NONE', #1146, #457, #1568, .T. ) ;
#1996 = CARTESIAN_POINT ( 'NONE',  ( -25.99999999999995381, -30.50000000000000711, 0.000000000000000000 ) ) ;
#1997 = EDGE_CURVE ( 'NONE', #2023, #728, #1336, .T. ) ;
#1998 = EDGE_CURVE ( 'NONE', #124, #1089, #637, .T. ) ;
#1999 = CARTESIAN_POINT ( 'NONE',  ( 26.00000000000000355, -75.50000000000000000, 10.00000000000000000 ) ) ;
#2000 = CARTESIAN_POINT ( 'NONE',  ( -31.99999999999997868, 77.50000000000000000, 10.00000000000000000 ) ) ;
#2001 = ORIENTED_EDGE ( 'NONE', *, *, #475, .F. ) ;
#2002 = ORIENTED_EDGE ( 'NONE', *, *, #711, .T. ) ;
#2003 = AXIS2_PLACEMENT_3D ( 'NONE', #1840, #1159, #496 ) ;
#2004 = EDGE_LOOP ( 'NONE', ( #1669, #617, #538, #1536 ) ) ;
#2005 = DIRECTION ( 'NONE',  ( -0.000000000000000000, -0.000000000000000000, 1.000000000000000000 ) ) ;
#2006 = CARTESIAN_POINT ( 'NONE',  ( 31.99999999999997868, 64.10215886015718922, 10.00000000000000000 ) ) ;
#2007 = DIRECTION ( 'NONE',  ( 1.000000000000000000, 2.891205793294678326E-16, 0.000000000000000000 ) ) ;
#2008 = VECTOR ( 'NONE', #949, 1000.000000000000114 ) ;
#2009 = EDGE_CURVE ( 'NONE', #1346, #1616, #129, .T. ) ;
#2010 = FACE_OUTER_BOUND ( 'NONE', #802, .T. ) ;
#2011 = DIRECTION ( 'NONE',  ( 0.000000000000000000, 0.000000000000000000, 1.000000000000000000 ) ) ;
#2012 = VERTEX_POINT ( 'NONE', #2006 ) ;
#2013 = ORIENTED_EDGE ( 'NONE', *, *, #709, .T. ) ;
#2014 = VERTEX_POINT ( 'NONE', #2037 ) ;
#2015 = CYLINDRICAL_SURFACE ( 'NONE', #794, 2.000000000000000000 ) ;
#2016 = CARTESIAN_POINT ( 'NONE',  ( 31.99999999999997868, 77.50000000000001421, 0.000000000000000000 ) ) ;
#2017 = CARTESIAN_POINT ( 'NONE',  ( -37.49999999999999289, -85.00000000000000000, 0.000000000000000000 ) ) ;
#2018 = FACE_OUTER_BOUND ( 'NONE', #1788, .T. ) ;
#2019 = DIRECTION ( 'NONE',  ( 1.000000000000000000, 0.000000000000000000, 0.000000000000000000 ) ) ;
#2020 = VERTEX_POINT ( 'NONE', #818 ) ;
#2021 = ADVANCED_FACE ( 'NONE', ( #1178 ), #2190, .F. ) ;
#2022 = CIRCLE ( 'NONE', #1055, 2.000000000000001776 ) ;
#2023 = VERTEX_POINT ( 'NONE', #325 ) ;
#2024 = ORIENTED_EDGE ( 'NONE', *, *, #654, .T. ) ;
#2025 = LINE ( 'NONE', #669, #1177 ) ;
#2026 = FACE_OUTER_BOUND ( 'NONE', #186, .T. ) ;
#2027 = CARTESIAN_POINT ( 'NONE',  ( 22.51792600175833670, 77.50000000000000000, 0.000000000000000000 ) ) ;
#2028 = LINE ( 'NONE', #1338, #162 ) ;
#2029 = FACE_OUTER_BOUND ( 'NONE', #2139, .T. ) ;
#2030 = VERTEX_POINT ( 'NONE', #1685 ) ;
#2031 = ORIENTED_EDGE ( 'NONE', *, *, #311, .F. ) ;
#2032 = ORIENTED_EDGE ( 'NONE', *, *, #2051, .T. ) ;
#2033 = EDGE_CURVE ( 'NONE', #1810, #614, #670, .T. ) ;
#2034 = EDGE_CURVE ( 'NONE', #815, #728, #1694, .T. ) ;
#2035 = CARTESIAN_POINT ( 'NONE',  ( 1.727557801796876902, 35.89009908879464206, 9.999999999999996447 ) ) ;
#2036 = VECTOR ( 'NONE', #586, 1000.000000000000000 ) ;
#2037 = CARTESIAN_POINT ( 'NONE',  ( -37.49999999999999289, 83.00000000000000000, 10.00000000000000000 ) ) ;
#2038 = CIRCLE ( 'NONE', #103, 1.500000000000001332 ) ;
#2039 = VECTOR ( 'NONE', #2104, 1000.000000000000114 ) ;
#2040 = ORIENTED_EDGE ( 'NONE', *, *, #89, .F. ) ;
#2041 = DIRECTION ( 'NONE',  ( -0.000000000000000000, -0.000000000000000000, 1.000000000000000000 ) ) ;
#2042 = CARTESIAN_POINT ( 'NONE',  ( 37.50000000000000711, -85.00000000000000000, 10.00000000000000000 ) ) ;
#2043 = DIRECTION ( 'NONE',  ( 0.8660254037844390407, 0.4999999999999993339, -0.000000000000000000 ) ) ;
#2044 = APPLICATION_CONTEXT ( 'automotive_design' ) ;
#2045 = CIRCLE ( 'NONE', #108, 2.000000000000001776 ) ;
#2046 = VERTEX_POINT ( 'NONE', #692 ) ;
#2047 = VERTEX_POINT ( 'NONE', #2097 ) ;
#2048 = ORIENTED_EDGE ( 'NONE', *, *, #74, .T. ) ;
#2049 = FACE_OUTER_BOUND ( 'NONE', #1960, .T. ) ;
#2050 = EDGE_CURVE ( 'NONE', #1400, #124, #1039, .T. ) ;
#2051 = EDGE_CURVE ( 'NONE', #902, #876, #1394, .T. ) ;
#2052 = VERTEX_POINT ( 'NONE', #718 ) ;
#2053 = DIRECTION ( 'NONE',  ( -0.4999999999999997224, 0.8660254037844388186, 0.000000000000000000 ) ) ;
#2054 = DIRECTION ( 'NONE',  ( -1.000000000000000000, 0.000000000000000000, 0.000000000000000000 ) ) ;
#2055 = DIRECTION ( 'NONE',  ( -0.4999999999999993339, -0.8660254037844390407, 0.000000000000000000 ) ) ;
#2056 = CARTESIAN_POINT ( 'NONE',  ( 27.99999999999997868, -28.19059892324148819, 5.000000000000000000 ) ) ;
#2057 = EDGE_LOOP ( 'NONE', ( #981, #297, #1072, #1268 ) ) ;
#2058 = ORIENTED_EDGE ( 'NONE', *, *, #576, .T. ) ;
#2059 = VECTOR ( 'NONE', #1029, 1000.000000000000000 ) ;
#2060 = FACE_OUTER_BOUND ( 'NONE', #2210, .T. ) ;
#2061 = VERTEX_POINT ( 'NONE', #200 ) ;
#2062 = LINE ( 'NONE', #527, #2193 ) ;
#2063 = CARTESIAN_POINT ( 'NONE',  ( 32.00000000000000711, -30.49999999999999289, 5.000000000000000000 ) ) ;
#2064 = EDGE_CURVE ( 'NONE', #147, #1798, #573, .T. ) ;
#2065 = CARTESIAN_POINT ( 'NONE',  ( 35.99999999999999289, -32.80940107675851181, 5.000000000000000000 ) ) ;
#2066 = EDGE_CURVE ( 'NONE', #125, #2047, #525, .T. ) ;
#2067 = CARTESIAN_POINT ( 'NONE',  ( 32.00000000000002132, -77.49999999999998579, 10.00000000000000000 ) ) ;
#2068 = ADVANCED_FACE ( 'NONE', ( #2049 ), #1904, .F. ) ;
#2069 = EDGE_LOOP ( 'NONE', ( #532, #1740, #816, #956 ) ) ;
#2070 = EDGE_LOOP ( 'NONE', ( #388, #1010, #199, #1184 ) ) ;
#2071 = CARTESIAN_POINT ( 'NONE',  ( 4.587849529778109670, 24.50774205104816872, 0.000000000000000000 ) ) ;
#2072 = VECTOR ( 'NONE', #2041, 1000.000000000000000 ) ;
#2073 = AXIS2_PLACEMENT_3D ( 'NONE', #742, #1724, #1884 ) ;
#2074 = ORIENTED_EDGE ( 'NONE', *, *, #1902, .T. ) ;
#2075 = DIRECTION ( 'NONE',  ( -1.000000000000000000, 0.000000000000000000, 0.000000000000000000 ) ) ;
#2076 = DIRECTION ( 'NONE',  ( -1.000000000000000000, 0.000000000000000000, 0.000000000000000000 ) ) ;
#2077 = VECTOR ( 'NONE', #421, 1000.000000000000000 ) ;
#2078 = PRODUCT_DEFINITION_FORMATION_WITH_SPECIFIED_SOURCE ( 'ANY', '', #187, .NOT_KNOWN. ) ;
#2079 = VECTOR ( 'NONE', #232, 1000.000000000000000 ) ;
#2080 = PLANE ( 'NONE',  #454 ) ;
#2081 = DIRECTION ( 'NONE',  ( -0.000000000000000000, 1.000000000000000000, -0.000000000000000000 ) ) ;
#2082 = ORIENTED_EDGE ( 'NONE', *, *, #980, .T. ) ;
#2083 = EDGE_CURVE ( 'NONE', #1188, #126, #163, .T. ) ;
#2084 = ADVANCED_FACE ( 'NONE', ( #2060 ), #729, .F. ) ;
#2085 = DIRECTION ( 'NONE',  ( -0.000000000000000000, 0.000000000000000000, -1.000000000000000000 ) ) ;
#2086 = VERTEX_POINT ( 'NONE', #1405 ) ;
#2087 = LINE ( 'NONE', #30, #750 ) ;
#2088 = ORIENTED_EDGE ( 'NONE', *, *, #1648, .F. ) ;
#2089 = FACE_OUTER_BOUND ( 'NONE', #1791, .T. ) ;
#2090 = DIRECTION ( 'NONE',  ( -1.000000000000000000, 0.000000000000000000, 0.000000000000000000 ) ) ;
#2091 = CARTESIAN_POINT ( 'NONE',  ( 37.50000000000000711, -85.00000000000000000, 0.000000000000000000 ) ) ;
#2092 = DIRECTION ( 'NONE',  ( -1.000000000000000000, 0.000000000000000000, -0.000000000000000000 ) ) ;
#2093 = ORIENTED_EDGE ( 'NONE', *, *, #1102, .F. ) ;
#2094 = CARTESIAN_POINT ( 'NONE',  ( 33.49999999999997868, 77.50000000000001421, 10.00000000000000000 ) ) ;
#2095 = ADVANCED_FACE ( 'NONE', ( #561 ), #371, .F. ) ;
#2096 = ORIENTED_EDGE ( 'NONE', *, *, #1264, .F. ) ;
#2097 = CARTESIAN_POINT ( 'NONE',  ( 4.587849529778105229, 24.50774205104815806, 0.000000000000000000 ) ) ;
#2098 = CIRCLE ( 'NONE', #1589, 2.000000000000001776 ) ;
#2099 = DIRECTION ( 'NONE',  ( -1.000000000000000000, 0.000000000000000000, 0.000000000000000000 ) ) ;
#2100 = DIRECTION ( 'NONE',  ( -1.000000000000000000, -6.938893903907222067E-15, 0.000000000000000000 ) ) ;
#2101 = CARTESIAN_POINT ( 'NONE',  ( 31.99999999999997868, -35.11880215351701651, 5.000000000000000000 ) ) ;
#2102 = CARTESIAN_POINT ( 'NONE',  ( 0.000000000000000000, 0.000000000000000000, 5.000000000000000000 ) ) ;
#2103 = ORIENTED_EDGE ( 'NONE', *, *, #1538, .F. ) ;
#2104 = DIRECTION ( 'NONE',  ( 0.5038710255240859137, 0.8637789008984334549, -0.000000000000000000 ) ) ;
#2105 = ORIENTED_EDGE ( 'NONE', *, *, #1263, .T. ) ;
#2106 = DIRECTION ( 'NONE',  ( 0.4999999999999999445, 0.8660254037844387076, 0.000000000000000000 ) ) ;
#2107 = ORIENTED_EDGE ( 'NONE', *, *, #144, .T. ) ;
#2108 = ADVANCED_FACE ( 'NONE', ( #1024 ), #1358, .F. ) ;
#2109 = EDGE_CURVE ( 'NONE', #493, #20, #2225, .T. ) ;
#2110 = DIRECTION ( 'NONE',  ( 0.000000000000000000, -0.000000000000000000, 1.000000000000000000 ) ) ;
#2111 = DIRECTION ( 'NONE',  ( -1.000000000000000000, 0.000000000000000000, 0.000000000000000000 ) ) ;
#2112 = VECTOR ( 'NONE', #408, 1000.000000000000000 ) ;
#2113 = CARTESIAN_POINT ( 'NONE',  ( 31.99999999999997868, -25.88119784648298705, 5.000000000000000000 ) ) ;
#2114 = PLANE ( 'NONE',  #134 ) ;
#2115 = AXIS2_PLACEMENT_3D ( 'NONE', #225, #781, #1981 ) ;
#2116 = CIRCLE ( 'NONE', #72, 2.000000000000001776 ) ;
#2117 = CARTESIAN_POINT ( 'NONE',  ( -31.99999999999997868, -30.50000000000000000, 0.000000000000000000 ) ) ;
#2118 = ORIENTED_EDGE ( 'NONE', *, *, #1139, .T. ) ;
#2119 = VECTOR ( 'NONE', #2212, 999.9999999999998863 ) ;
#2120 = EDGE_LOOP ( 'NONE', ( #1868, #266, #504, #695 ) ) ;
#2121 = DIRECTION ( 'NONE',  ( 0.4999999999999991673, -0.8660254037844391517, 0.000000000000000000 ) ) ;
#2122 = LINE ( 'NONE', #237, #1750 ) ;
#2123 = ADVANCED_FACE ( 'NONE', ( #1559 ), #1925, .T. ) ;
#2124 = DIRECTION ( 'NONE',  ( -0.5038710255240859137, 0.8637789008984334549, 0.000000000000000000 ) ) ;
#2125 = LINE ( 'NONE', #98, #176 ) ;
#2126 = CARTESIAN_POINT ( 'NONE',  ( 28.27244219820313376, -18.10990091120534373, 0.000000000000000000 ) ) ;
#2127 = EDGE_LOOP ( 'NONE', ( #1558, #658, #715, #1311 ) ) ;
#2128 = VERTEX_POINT ( 'NONE', #359 ) ;
#2129 = DIRECTION ( 'NONE',  ( 0.000000000000000000, 0.000000000000000000, 1.000000000000000000 ) ) ;
#2130 = ORIENTED_EDGE ( 'NONE', *, *, #1275, .F. ) ;
#2131 = DIRECTION ( 'NONE',  ( -1.000000000000000000, 0.000000000000000000, 0.000000000000000000 ) ) ;
#2132 = DIRECTION ( 'NONE',  ( 0.000000000000000000, 1.000000000000000000, 0.000000000000000000 ) ) ;
#2133 = SURFACE_SIDE_STYLE ('',( #2160 ) ) ;
#2134 = DIRECTION ( 'NONE',  ( 1.000000000000000000, 4.429081215259933175E-16, 0.000000000000000000 ) ) ;
#2135 = STYLED_ITEM ( 'NONE', ( #917 ), #350 ) ;
#2136 = EDGE_CURVE ( 'NONE', #300, #936, #2087, .T. ) ;
#2137 = EDGE_CURVE ( 'NONE', #377, #1299, #516, .T. ) ;
#2138 = CARTESIAN_POINT ( 'NONE',  ( 31.99999999999997868, -25.88119784648298705, 10.00000000000000000 ) ) ;
#2139 = EDGE_LOOP ( 'NONE', ( #1878, #1410, #43, #526 ) ) ;
#2140 = ORIENTED_EDGE ( 'NONE', *, *, #173, .T. ) ;
#2141 = DIRECTION ( 'NONE',  ( 0.8660254037844391517, 0.4999999999999992228, 0.000000000000000000 ) ) ;
#2142 = EDGE_LOOP ( 'NONE', ( #890, #1100 ) ) ;
#2143 = CARTESIAN_POINT ( 'NONE',  ( 37.50000000000000711, 83.00000000000000000, 10.00000000000000000 ) ) ;
#2144 = LINE ( 'NONE', #1611, #1640 ) ;
#2145 = DIRECTION ( 'NONE',  ( -0.000000000000000000, 0.000000000000000000, -1.000000000000000000 ) ) ;
#2146 = DIRECTION ( 'NONE',  ( -1.000000000000000000, 0.000000000000000000, 0.000000000000000000 ) ) ;
#2147 = VECTOR ( 'NONE', #194, 1000.000000000000000 ) ;
#2148 = DIRECTION ( 'NONE',  ( -1.000000000000000000, 0.000000000000000000, 0.000000000000000000 ) ) ;
#2149 = VECTOR ( 'NONE', #1314, 1000.000000000000000 ) ;
#2150 = CARTESIAN_POINT ( 'NONE',  ( 22.51792600175833670, 75.50000000000000000, 10.00000000000000000 ) ) ;
#2151 = CIRCLE ( 'NONE', #895, 2.000000000000000000 ) ;
#2152 = ORIENTED_EDGE ( 'NONE', *, *, #2064, .F. ) ;
#2153 = VECTOR ( 'NONE', #413, 1000.000000000000000 ) ;
#2154 = ORIENTED_EDGE ( 'NONE', *, *, #2168, .F. ) ;
#2155 = LINE ( 'NONE', #616, #434 ) ;
#2156 = ORIENTED_EDGE ( 'NONE', *, *, #1549, .F. ) ;
#2157 = AXIS2_PLACEMENT_3D ( 'NONE', #808, #280, #817 ) ;
#2158 = DIRECTION ( 'NONE',  ( 0.5038710255240862468, -0.8637789008984334549, 0.000000000000000000 ) ) ;
#2159 = DIRECTION ( 'NONE',  ( 1.000000000000000000, -0.000000000000000000, -0.000000000000000000 ) ) ;
#2160 = SURFACE_STYLE_FILL_AREA ( #1622 ) ;
#2161 = LINE ( 'NONE', #918, #1244 ) ;
#2162 = CARTESIAN_POINT ( 'NONE',  ( -25.99999999999995381, -30.50000000000000711, 10.00000000000000000 ) ) ;
#2163 = ORIENTED_EDGE ( 'NONE', *, *, #1834, .F. ) ;
#2164 = ORIENTED_EDGE ( 'NONE', *, *, #922, .T. ) ;
#2165 = ADVANCED_FACE ( 'NONE', ( #1880 ), #1706, .F. ) ;
#2166 = ORIENTED_EDGE ( 'NONE', *, *, #1264, .T. ) ;
#2167 = EDGE_CURVE ( 'NONE', #2020, #998, #1059, .T. ) ;
#2168 = EDGE_CURVE ( 'NONE', #1584, #920, #465, .T. ) ;
#2169 = FACE_OUTER_BOUND ( 'NONE', #758, .T. ) ;
#2170 = CARTESIAN_POINT ( 'NONE',  ( 27.99999999999997868, -32.80940107675851891, 5.000000000000000000 ) ) ;
#2171 = DIRECTION ( 'NONE',  ( -0.000000000000000000, -0.000000000000000000, 1.000000000000000000 ) ) ;
#2172 = CARTESIAN_POINT ( 'NONE',  ( -35.99999999999999289, -32.80940107675851181, 5.000000000000000000 ) ) ;
#2173 = CARTESIAN_POINT ( 'NONE',  ( -24.24548380355521715, 74.49225794895184549, 10.00000000000000000 ) ) ;
#2174 = ORIENTED_EDGE ( 'NONE', *, *, #116, .T. ) ;
#2175 = ORIENTED_EDGE ( 'NONE', *, *, #887, .T. ) ;
#2176 = ORIENTED_EDGE ( 'NONE', *, *, #1903, .F. ) ;
#2177 = LINE ( 'NONE', #472, #1862 ) ;
#2178 = DIRECTION ( 'NONE',  ( -1.000000000000000000, 0.000000000000000000, 0.000000000000000000 ) ) ;
#2179 = EDGE_CURVE ( 'NONE', #1025, #2030, #268, .T. ) ;
#2180 = EDGE_CURVE ( 'NONE', #414, #1512, #1607, .T. ) ;
#2181 = FACE_BOUND ( 'NONE', #690, .T. ) ;
#2182 = FACE_OUTER_BOUND ( 'NONE', #2057, .T. ) ;
#2183 = DIRECTION ( 'NONE',  ( -0.5038710255240858027, 0.8637789008984335659, 0.000000000000000000 ) ) ;
#2184 = ORIENTED_EDGE ( 'NONE', *, *, #1874, .T. ) ;
#2185 = VECTOR ( 'NONE', #302, 1000.000000000000000 ) ;
#2186 = EDGE_LOOP ( 'NONE', ( #221, #1212 ) ) ;
#2187 = AXIS2_PLACEMENT_3D ( 'NONE', #2215, #877, #1929 ) ;
#2188 = VERTEX_POINT ( 'NONE', #1427 ) ;
#2189 = DIRECTION ( 'NONE',  ( 0.000000000000000000, -0.000000000000000000, -1.000000000000000000 ) ) ;
#2190 = CYLINDRICAL_SURFACE ( 'NONE', #501, 2.000000000000001776 ) ;
#2191 = DIRECTION ( 'NONE',  ( -1.000000000000000000, 0.000000000000000000, 0.000000000000000000 ) ) ;
#2192 = ADVANCED_FACE ( 'NONE', ( #1940 ), #1627, .F. ) ;
#2193 = VECTOR ( 'NONE', #1723, 999.9999999999998863 ) ;
#2194 = DIRECTION ( 'NONE',  ( -1.000000000000000000, 0.000000000000000000, 0.000000000000000000 ) ) ;
#2195 = CARTESIAN_POINT ( 'NONE',  ( -33.49999999999997868, -30.50000000000000000, 5.000000000000000000 ) ) ;
#2196 = VERTEX_POINT ( 'NONE', #602 ) ;
#2197 = ORIENTED_EDGE ( 'NONE', *, *, #1140, .T. ) ;
#2198 = ORIENTED_EDGE ( 'NONE', *, *, #13, .F. ) ;
#2199 = LINE ( 'NONE', #626, #580 ) ;
#2200 = CARTESIAN_POINT ( 'NONE',  ( -25.99999999999996092, -77.50000000000000000, 0.000000000000000000 ) ) ;
#2201 = VECTOR ( 'NONE', #456, 1000.000000000000000 ) ;
#2202 = CARTESIAN_POINT ( 'NONE',  ( 25.99999999999998224, 77.50000000000000000, 0.000000000000000000 ) ) ;
#2203 = CARTESIAN_POINT ( 'NONE',  ( -31.99999999999997868, -77.50000000000000000, 10.00000000000000000 ) ) ;
#2204 = CARTESIAN_POINT ( 'NONE',  ( 30.00000000000000355, -17.10215886015717501, 0.000000000000000000 ) ) ;
#2205 = ORIENTED_EDGE ( 'NONE', *, *, #598, .T. ) ;
#2206 = ADVANCED_FACE ( 'NONE', ( #234 ), #93, .F. ) ;
#2207 = EDGE_CURVE ( 'NONE', #1276, #118, #913, .T. ) ;
#2208 = VECTOR ( 'NONE', #1933, 1000.000000000000000 ) ;
#2209 = ORIENTED_EDGE ( 'NONE', *, *, #218, .F. ) ;
#2210 = EDGE_LOOP ( 'NONE', ( #1719, #1225, #161, #1469 ) ) ;
#2211 = VECTOR ( 'NONE', #1475, 1000.000000000000000 ) ;
#2212 = DIRECTION ( 'NONE',  ( 0.8660254037844391517, -0.4999999999999992228, -0.000000000000000000 ) ) ;
#2213 = DIRECTION ( 'NONE',  ( -1.000000000000000000, 0.000000000000000000, 0.000000000000000000 ) ) ;
#2214 = ORIENTED_EDGE ( 'NONE', *, *, #452, .T. ) ;
#2215 = CARTESIAN_POINT ( 'NONE',  ( 4.000000000000008882, 23.50000000000000000, 0.000000000000000000 ) ) ;
#2216 = CARTESIAN_POINT ( 'NONE',  ( 37.50000000000000711, 85.00000000000000000, 0.000000000000000000 ) ) ;
#2217 = CARTESIAN_POINT ( 'NONE',  ( -28.27244219820311244, 65.10990091120535794, 0.000000000000000000 ) ) ;
#2218 = ORIENTED_EDGE ( 'NONE', *, *, #969, .T. ) ;
#2219 = DIRECTION ( 'NONE',  ( -0.8660254037844388186, 0.4999999999999997224, 0.000000000000000000 ) ) ;
#2220 = EDGE_CURVE ( 'NONE', #1798, #1936, #2155, .T. ) ;
#2221 = ORIENTED_EDGE ( 'NONE', *, *, #1661, .F. ) ;
#2222 = VECTOR ( 'NONE', #1345, 1000.000000000000000 ) ;
#2223 = VECTOR ( 'NONE', #252, 1000.000000000000000 ) ;
#2224 = AXIS2_PLACEMENT_3D ( 'NONE', #21, #2129, #405 ) ;
#2225 = LINE ( 'NONE', #1187, #1316 ) ;
ENDSEC;
END-ISO-10303-21;
