ISO-10303-21;
HEADER;
FILE_DESCRIPTION (( 'STEP AP214' ),
    '1' );
FILE_NAME ('Motor Driver Clip Shelf - Left.STEP',
    '2026-08-04T02:18:52',
    ( '' ),
    ( '' ),
    'SwSTEP 2.0',
    'SolidWorks 2025',
    '' );
FILE_SCHEMA (( 'AUTOMOTIVE_DESIGN' ));
ENDSEC;

DATA;
#1 = CARTESIAN_POINT ( 'NONE',  ( -23.49999999999999645, -30.00000000000002132, 6.000000000000000000 ) ) ;
#2 = ORIENTED_EDGE ( 'NONE', *, *, #1706, .F. ) ;
#3 = EDGE_CURVE ( 'NONE', #40, #610, #1984, .T. ) ;
#4 = LINE ( 'NONE', #1101, #1816 ) ;
#5 = ORIENTED_EDGE ( 'NONE', *, *, #1318, .F. ) ;
#6 = AXIS2_PLACEMENT_3D ( 'NONE', #1948, #200, #2282 ) ;
#7 = CARTESIAN_POINT ( 'NONE',  ( 21.50000000000002132, 35.00000000000003553, 0.000000000000000000 ) ) ;
#8 = VERTEX_POINT ( 'NONE', #1294 ) ;
#9 = AXIS2_PLACEMENT_3D ( 'NONE', #1892, #2076, #670 ) ;
#10 = LINE ( 'NONE', #1063, #640 ) ;
#11 = CARTESIAN_POINT ( 'NONE',  ( 29.69000000000001194, 32.57999999999996277, 0.000000000000000000 ) ) ;
#12 = ORIENTED_EDGE ( 'NONE', *, *, #1092, .F. ) ;
#13 = CARTESIAN_POINT ( 'NONE',  ( -32.49999999999999289, 42.37867965644039003, 2.378679656440363832 ) ) ;
#14 = EDGE_CURVE ( 'NONE', #1172, #1757, #1785, .T. ) ;
#15 = PLANE ( 'NONE',  #365 ) ;
#16 = ORIENTED_EDGE ( 'NONE', *, *, #1508, .F. ) ;
#17 = ADVANCED_FACE ( 'NONE', ( #248 ), #378, .F. ) ;
#18 = LINE ( 'NONE', #1976, #2085 ) ;
#19 = ORIENTED_EDGE ( 'NONE', *, *, #601, .T. ) ;
#20 = DIRECTION ( 'NONE',  ( -0.000000000000000000, -0.000000000000000000, -1.000000000000000000 ) ) ;
#21 = LINE ( 'NONE', #1424, #1027 ) ;
#22 = AXIS2_PLACEMENT_3D ( 'NONE', #1134, #1161, #2215 ) ;
#23 = AXIS2_PLACEMENT_3D ( 'NONE', #1735, #347, #1047 ) ;
#24 = DIRECTION ( 'NONE',  ( 0.000000000000000000, 0.000000000000000000, 1.000000000000000000 ) ) ;
#25 = PLANE ( 'NONE',  #623 ) ;
#26 = ORIENTED_EDGE ( 'NONE', *, *, #630, .F. ) ;
#27 = ADVANCED_FACE ( 'NONE', ( #388 ), #1994, .F. ) ;
#28 = CARTESIAN_POINT ( 'NONE',  ( -22.99999999999999289, 27.00000000000003908, 0.000000000000000000 ) ) ;
#29 = ORIENTED_EDGE ( 'NONE', *, *, #1999, .T. ) ;
#30 = EDGE_CURVE ( 'NONE', #1736, #1123, #1088, .T. ) ;
#31 = CARTESIAN_POINT ( 'NONE',  ( -31.00000000000000711, -43.00000000000002132, 6.000000000000000000 ) ) ;
#32 = VECTOR ( 'NONE', #1205, 1000.000000000000000 ) ;
#33 = DIRECTION ( 'NONE',  ( -1.508455196501571183E-16, -1.000000000000000000, -0.000000000000000000 ) ) ;
#34 = DIRECTION ( 'NONE',  ( -1.000000000000000000, 0.000000000000000000, 0.000000000000000000 ) ) ;
#35 = DIRECTION ( 'NONE',  ( -0.000000000000000000, 0.000000000000000000, -1.000000000000000000 ) ) ;
#36 = AXIS2_PLACEMENT_3D ( 'NONE', #1867, #987, #2222 ) ;
#37 = FACE_OUTER_BOUND ( 'NONE', #72, .T. ) ;
#38 = VERTEX_POINT ( 'NONE', #2216 ) ;
#39 = DIRECTION ( 'NONE',  ( -1.000000000000000000, 0.000000000000000000, -0.000000000000000000 ) ) ;
#40 = VERTEX_POINT ( 'NONE', #979 ) ;
#41 = LINE ( 'NONE', #1966, #1758 ) ;
#42 = EDGE_CURVE ( 'NONE', #1040, #470, #1136, .T. ) ;
#43 = ORIENTED_EDGE ( 'NONE', *, *, #2196, .F. ) ;
#44 = VECTOR ( 'NONE', #999, 1000.000000000000000 ) ;
#45 = DIRECTION ( 'NONE',  ( 0.000000000000000000, 0.000000000000000000, 1.000000000000000000 ) ) ;
#46 = DIRECTION ( 'NONE',  ( 1.000000000000000000, 0.000000000000000000, 0.000000000000000000 ) ) ;
#47 = DIRECTION ( 'NONE',  ( -1.000000000000000000, 0.000000000000000000, 0.000000000000000000 ) ) ;
#48 = CARTESIAN_POINT ( 'NONE',  ( 27.50000000000001421, -52.70000000000003837, 0.000000000000000000 ) ) ;
#49 = EDGE_LOOP ( 'NONE', ( #833, #1010, #217, #698 ) ) ;
#50 = CARTESIAN_POINT ( 'NONE',  ( -0.5000000000002060574, -43.00000000000002132, 6.000000000000000000 ) ) ;
#51 = ORIENTED_EDGE ( 'NONE', *, *, #3, .T. ) ;
#52 = LINE ( 'NONE', #569, #2274 ) ;
#53 = ORIENTED_EDGE ( 'NONE', *, *, #2045, .T. ) ;
#54 = EDGE_CURVE ( 'NONE', #551, #1172, #1321, .T. ) ;
#55 = DIRECTION ( 'NONE',  ( -1.000000000000000000, 0.000000000000000000, 0.000000000000000000 ) ) ;
#56 = ORIENTED_EDGE ( 'NONE', *, *, #1843, .F. ) ;
#57 = EDGE_CURVE ( 'NONE', #182, #1251, #632, .T. ) ;
#58 = DIRECTION ( 'NONE',  ( 0.000000000000000000, -1.000000000000000000, 0.000000000000000000 ) ) ;
#59 = VECTOR ( 'NONE', #33, 1000.000000000000000 ) ;
#60 = DIRECTION ( 'NONE',  ( 0.000000000000000000, -1.000000000000000000, 0.000000000000000000 ) ) ;
#61 = ORIENTED_EDGE ( 'NONE', *, *, #1988, .T. ) ;
#62 = AXIS2_PLACEMENT_3D ( 'NONE', #1596, #870, #1772 ) ;
#63 = LINE ( 'NONE', #1620, #602 ) ;
#64 = ORIENTED_EDGE ( 'NONE', *, *, #1743, .F. ) ;
#65 = DIRECTION ( 'NONE',  ( -1.508455196501571183E-16, -1.000000000000000000, -0.000000000000000000 ) ) ;
#66 = ORIENTED_EDGE ( 'NONE', *, *, #1791, .F. ) ;
#67 = CARTESIAN_POINT ( 'NONE',  ( 21.50000000000002132, 35.00000000000003553, 6.000000000000000000 ) ) ;
#68 = CARTESIAN_POINT ( 'NONE',  ( -32.50000000000000711, -44.50000000000000000, 1.500000000000000000 ) ) ;
#69 = VECTOR ( 'NONE', #310, 1000.000000000000000 ) ;
#70 = CARTESIAN_POINT ( 'NONE',  ( -0.4999999999999817923, 46.00000000000000000, 0.000000000000000000 ) ) ;
#71 = CARTESIAN_POINT ( 'NONE',  ( 9.500000000000017764, -51.00000000000004263, 6.000000000000000000 ) ) ;
#72 = EDGE_LOOP ( 'NONE', ( #1116, #887, #1233, #579 ) ) ;
#73 = EDGE_CURVE ( 'NONE', #1482, #38, #1466, .T. ) ;
#74 = CARTESIAN_POINT ( 'NONE',  ( -32.49999999999999289, 46.00000000000000000, 1.499999999999999556 ) ) ;
#75 = ORIENTED_EDGE ( 'NONE', *, *, #651, .F. ) ;
#76 = FACE_OUTER_BOUND ( 'NONE', #1084, .T. ) ;
#77 = CARTESIAN_POINT ( 'NONE',  ( -26.18999999999999417, -36.00000000000002842, -4.000000000000000000 ) ) ;
#78 = VERTEX_POINT ( 'NONE', #258 ) ;
#79 = APPLICATION_CONTEXT ( 'automotive_design' ) ;
#80 = AXIS2_PLACEMENT_3D ( 'NONE', #1718, #2160, #1658 ) ;
#81 = DIRECTION ( 'NONE',  ( 0.000000000000000000, 0.000000000000000000, 1.000000000000000000 ) ) ;
#82 = AXIS2_PLACEMENT_3D ( 'NONE', #1303, #1291, #244 ) ;
#83 = CARTESIAN_POINT ( 'NONE',  ( -32.49999999999999289, 44.50000000000000000, 1.500000000000010880 ) ) ;
#84 = AXIS2_PLACEMENT_3D ( 'NONE', #2023, #2247, #2205 ) ;
#85 = CARTESIAN_POINT ( 'NONE',  ( 32.49999999999999289, -46.00000000000000000, 0.000000000000000000 ) ) ;
#86 = CARTESIAN_POINT ( 'NONE',  ( -31.00000000000000711, -46.00000000000000000, 0.000000000000000000 ) ) ;
#87 = ORIENTED_EDGE ( 'NONE', *, *, #338, .F. ) ;
#88 = EDGE_CURVE ( 'NONE', #1123, #962, #2230, .T. ) ;
#89 = CARTESIAN_POINT ( 'NONE',  ( 32.50000000000002842, 51.20000000000002416, 6.000000000000000000 ) ) ;
#90 = VERTEX_POINT ( 'NONE', #273 ) ;
#91 = EDGE_CURVE ( 'NONE', #1300, #962, #201, .T. ) ;
#92 = DIRECTION ( 'NONE',  ( -1.000000000000000000, 0.000000000000000000, 0.000000000000000000 ) ) ;
#93 = CARTESIAN_POINT ( 'NONE',  ( -20.99999999999998579, 35.00000000000003553, 6.000000000000000000 ) ) ;
#94 = ORIENTED_EDGE ( 'NONE', *, *, #2165, .F. ) ;
#95 = VERTEX_POINT ( 'NONE', #793 ) ;
#96 = DIRECTION ( 'NONE',  ( 0.000000000000000000, 0.000000000000000000, 1.000000000000000000 ) ) ;
#97 = FACE_OUTER_BOUND ( 'NONE', #1644, .T. ) ;
#98 = CARTESIAN_POINT ( 'NONE',  ( 27.94000000000000838, 32.57999999999996277, -4.000000000000000000 ) ) ;
#99 = CIRCLE ( 'NONE', #395, 0.5000000000000004441 ) ;
#100 = CARTESIAN_POINT ( 'NONE',  ( -29.68999999999999773, -36.00000000000002842, 6.000000000000000000 ) ) ;
#101 = ORIENTED_EDGE ( 'NONE', *, *, #1167, .T. ) ;
#102 = DIRECTION ( 'NONE',  ( -0.000000000000000000, 0.000000000000000000, -1.000000000000000000 ) ) ;
#103 = VERTEX_POINT ( 'NONE', #68 ) ;
#104 = ADVANCED_FACE ( 'NONE', ( #964 ), #297, .T. ) ;
#105 = VECTOR ( 'NONE', #1409, 1000.000000000000114 ) ;
#106 = CARTESIAN_POINT ( 'NONE',  ( 27.00000000000001421, -52.70000000000003837, 0.000000000000000000 ) ) ;
#107 = FACE_OUTER_BOUND ( 'NONE', #315, .T. ) ;
#108 = ORIENTED_EDGE ( 'NONE', *, *, #419, .F. ) ;
#109 = EDGE_CURVE ( 'NONE', #1977, #1540, #1147, .T. ) ;
#110 = CARTESIAN_POINT ( 'NONE',  ( 27.50000000000001421, -51.20000000000003837, 6.000000000000000000 ) ) ;
#111 = DIRECTION ( 'NONE',  ( -0.000000000000000000, -0.000000000000000000, 1.000000000000000000 ) ) ;
#112 = CARTESIAN_POINT ( 'NONE',  ( 20.30597281152818923, -59.00000000000003553, 6.000000000000000000 ) ) ;
#113 = FACE_OUTER_BOUND ( 'NONE', #783, .T. ) ;
#114 = ORIENTED_EDGE ( 'NONE', *, *, #1398, .F. ) ;
#115 = DIRECTION ( 'NONE',  ( -0.000000000000000000, 0.000000000000000000, -1.000000000000000000 ) ) ;
#116 = EDGE_LOOP ( 'NONE', ( #968, #2267, #1469, #2021 ) ) ;
#117 = DIRECTION ( 'NONE',  ( 0.000000000000000000, -1.000000000000000000, 0.000000000000000000 ) ) ;
#118 = FACE_OUTER_BOUND ( 'NONE', #464, .T. ) ;
#119 = VECTOR ( 'NONE', #1627, 1000.000000000000000 ) ;
#120 = ORIENTED_EDGE ( 'NONE', *, *, #1302, .F. ) ;
#121 = EDGE_CURVE ( 'NONE', #1058, #844, #1845, .T. ) ;
#122 = DIRECTION ( 'NONE',  ( 0.000000000000000000, 0.000000000000000000, 1.000000000000000000 ) ) ;
#123 = VECTOR ( 'NONE', #619, 1000.000000000000000 ) ;
#124 = CARTESIAN_POINT ( 'NONE',  ( -27.93999999999999773, -36.00000000000002842, 0.000000000000000000 ) ) ;
#125 = LINE ( 'NONE', #710, #682 ) ;
#126 = DIRECTION ( 'NONE',  ( -1.000000000000000000, 0.000000000000000000, 0.000000000000000000 ) ) ;
#127 = EDGE_LOOP ( 'NONE', ( #1139, #1832, #505, #1265 ) ) ;
#128 = VECTOR ( 'NONE', #776, 1000.000000000000000 ) ;
#129 = LINE ( 'NONE', #1864, #501 ) ;
#130 = ORIENTED_EDGE ( 'NONE', *, *, #1875, .T. ) ;
#131 = EDGE_CURVE ( 'NONE', #2147, #1091, #288, .T. ) ;
#132 = LINE ( 'NONE', #813, #1221 ) ;
#133 = LINE ( 'NONE', #1392, #422 ) ;
#134 = ORIENTED_EDGE ( 'NONE', *, *, #716, .T. ) ;
#135 = ORIENTED_EDGE ( 'NONE', *, *, #2260, .F. ) ;
#136 = CARTESIAN_POINT ( 'NONE',  ( -31.00000000000000711, -59.00000000000002842, 4.500000000000000888 ) ) ;
#137 = EDGE_CURVE ( 'NONE', #590, #1180, #819, .T. ) ;
#138 = CARTESIAN_POINT ( 'NONE',  ( 3.742640687119283438, -46.00000000000000000, 3.000000000000000000 ) ) ;
#139 = CARTESIAN_POINT ( 'NONE',  ( -21.99999999999998934, 27.00000000000003908, 0.000000000000000000 ) ) ;
#140 = VERTEX_POINT ( 'NONE', #485 ) ;
#141 = EDGE_CURVE ( 'NONE', #1687, #551, #1536, .T. ) ;
#142 = DIRECTION ( 'NONE',  ( 1.000000000000000000, 0.000000000000000000, 0.000000000000000000 ) ) ;
#143 = ORIENTED_EDGE ( 'NONE', *, *, #1982, .F. ) ;
#144 = VECTOR ( 'NONE', #312, 1000.000000000000000 ) ;
#145 = CARTESIAN_POINT ( 'NONE',  ( 32.50000000000002132, 45.99999999999998579, 6.000000000000000000 ) ) ;
#146 = ORIENTED_EDGE ( 'NONE', *, *, #1242, .T. ) ;
#147 = AXIS2_PLACEMENT_3D ( 'NONE', #2162, #1110, #1460 ) ;
#148 = AXIS2_PLACEMENT_3D ( 'NONE', #1997, #746, #1782 ) ;
#149 = CARTESIAN_POINT ( 'NONE',  ( 29.69000000000000483, -36.00000000000003553, -4.000000000000000000 ) ) ;
#150 = LINE ( 'NONE', #865, #175 ) ;
#151 = FACE_OUTER_BOUND ( 'NONE', #1975, .T. ) ;
#152 = EDGE_LOOP ( 'NONE', ( #1373, #2240, #1546, #2213 ) ) ;
#153 = EDGE_CURVE ( 'NONE', #762, #1220, #1719, .T. ) ;
#154 = DIRECTION ( 'NONE',  ( 0.000000000000000000, 0.000000000000000000, 1.000000000000000000 ) ) ;
#155 = ORIENTED_EDGE ( 'NONE', *, *, #2136, .F. ) ;
#156 = AXIS2_PLACEMENT_3D ( 'NONE', #1348, #2056, #471 ) ;
#157 = CARTESIAN_POINT ( 'NONE',  ( 27.00000000000002842, 52.70000000000002416, 0.000000000000000000 ) ) ;
#158 = AXIS2_PLACEMENT_3D ( 'NONE', #614, #787, #2075 ) ;
#159 = CARTESIAN_POINT ( 'NONE',  ( -20.99999999999998579, 35.00000000000003553, 6.000000000000000000 ) ) ;
#160 = DIRECTION ( 'NONE',  ( 0.000000000000000000, 0.000000000000000000, 1.000000000000000000 ) ) ;
#161 = CARTESIAN_POINT ( 'NONE',  ( -26.18999999999999417, -36.00000000000002842, 6.000000000000000000 ) ) ;
#162 = VERTEX_POINT ( 'NONE', #1362 ) ;
#163 = CYLINDRICAL_SURFACE ( 'NONE', #23, 0.5000000000000004441 ) ;
#164 = ORIENTED_EDGE ( 'NONE', *, *, #1104, .T. ) ;
#165 = ADVANCED_FACE ( 'NONE', ( #97 ), #806, .F. ) ;
#166 = VECTOR ( 'NONE', #1708, 1000.000000000000000 ) ;
#167 = DIRECTION ( 'NONE',  ( -0.000000000000000000, -0.000000000000000000, -1.000000000000000000 ) ) ;
#168 = EDGE_LOOP ( 'NONE', ( #1326, #747, #26, #252 ) ) ;
#169 = EDGE_CURVE ( 'NONE', #1449, #1045, #660, .T. ) ;
#170 = CARTESIAN_POINT ( 'NONE',  ( 29.69000000000001194, 32.57999999999996277, -4.000000000000000000 ) ) ;
#171 = LINE ( 'NONE', #1209, #213 ) ;
#172 = ORIENTED_EDGE ( 'NONE', *, *, #532, .T. ) ;
#173 = VERTEX_POINT ( 'NONE', #1895 ) ;
#174 = DIRECTION ( 'NONE',  ( -8.673617379883907282E-16, -1.000000000000000000, 0.000000000000000000 ) ) ;
#175 = VECTOR ( 'NONE', #1917, 1000.000000000000000 ) ;
#176 = ORIENTED_EDGE ( 'NONE', *, *, #403, .T. ) ;
#177 = CIRCLE ( 'NONE', #1470, 1.000000000000000888 ) ;
#178 = LINE ( 'NONE', #2106, #2229 ) ;
#179 = EDGE_CURVE ( 'NONE', #308, #1635, #1515, .T. ) ;
#180 = VECTOR ( 'NONE', #1959, 1000.000000000000000 ) ;
#181 = PLANE ( 'NONE',  #1096 ) ;
#182 = VERTEX_POINT ( 'NONE', #497 ) ;
#183 = FACE_BOUND ( 'NONE', #2150, .T. ) ;
#184 = SURFACE_STYLE_USAGE ( .BOTH. , #1763 ) ;
#185 = ORIENTED_EDGE ( 'NONE', *, *, #2136, .T. ) ;
#186 = CARTESIAN_POINT ( 'NONE',  ( -27.99999999999999289, -30.00000000000002487, 0.000000000000000000 ) ) ;
#187 = VERTEX_POINT ( 'NONE', #1573 ) ;
#188 = VECTOR ( 'NONE', #1844, 1000.000000000000000 ) ;
#189 = LINE ( 'NONE', #1003, #1530 ) ;
#190 = VECTOR ( 'NONE', #35, 1000.000000000000000 ) ;
#191 = EDGE_CURVE ( 'NONE', #90, #537, #1013, .T. ) ;
#192 = LINE ( 'NONE', #2128, #59 ) ;
#193 = CARTESIAN_POINT ( 'NONE',  ( 27.50000000000002842, 52.70000000000002416, 6.000000000000000000 ) ) ;
#194 = FACE_OUTER_BOUND ( 'NONE', #1764, .T. ) ;
#195 = ORIENTED_EDGE ( 'NONE', *, *, #179, .T. ) ;
#196 = CARTESIAN_POINT ( 'NONE',  ( -31.87867965644036872, -46.00000000000000000, 2.999999999999998668 ) ) ;
#197 = EDGE_LOOP ( 'NONE', ( #1441, #280, #2234, #1437 ) ) ;
#198 = VECTOR ( 'NONE', #656, 1000.000000000000000 ) ;
#199 = AXIS2_PLACEMENT_3D ( 'NONE', #970, #1682, #637 ) ;
#200 = DIRECTION ( 'NONE',  ( -0.000000000000000000, -0.000000000000000000, -1.000000000000000000 ) ) ;
#201 =( BOUNDED_CURVE ( )  B_SPLINE_CURVE ( 3, ( #83, #286, #991, #646 ),
 .UNSPECIFIED., .F., .T. ) 
 B_SPLINE_CURVE_WITH_KNOTS ( ( 4, 4 ),
 ( 1.570796326794896558, 3.141592653589793116 ),
 .UNSPECIFIED. ) 
 CURVE ( )  GEOMETRIC_REPRESENTATION_ITEM ( )  RATIONAL_B_SPLINE_CURVE ( ( 1.000000000000000000, 0.8047378541243649375, 0.8047378541243649375, 1.000000000000000000 ) ) 
 REPRESENTATION_ITEM ( '' )  );
#202 = CARTESIAN_POINT ( 'NONE',  ( 37.50000000000001421, -49.00000000000004263, 6.000000000000000000 ) ) ;
#203 = EDGE_CURVE ( 'NONE', #610, #489, #694, .T. ) ;
#204 = ORIENTED_EDGE ( 'NONE', *, *, #617, .T. ) ;
#205 = CARTESIAN_POINT ( 'NONE',  ( -28.99999999999999289, -29.00000000000002132, 0.000000000000000000 ) ) ;
#206 = PLANE ( 'NONE',  #1920 ) ;
#207 = ORIENTED_EDGE ( 'NONE', *, *, #969, .T. ) ;
#208 = ADVANCED_FACE ( 'NONE', ( #672 ), #2080, .F. ) ;
#209 = CARTESIAN_POINT ( 'NONE',  ( -30.99999999999999289, 43.00000000000003553, 6.000000000000010658 ) ) ;
#210 = ORIENTED_EDGE ( 'NONE', *, *, #169, .T. ) ;
#211 = FACE_OUTER_BOUND ( 'NONE', #511, .T. ) ;
#212 = CARTESIAN_POINT ( 'NONE',  ( -21.99999999999998934, 34.00000000000003553, 0.000000000000000000 ) ) ;
#213 = VECTOR ( 'NONE', #1741, 1000.000000000000000 ) ;
#214 = CARTESIAN_POINT ( 'NONE',  ( 3.742640687119283438, -43.00000000000002132, 6.000000000000000000 ) ) ;
#215 = LINE ( 'NONE', #918, #119 ) ;
#216 = CARTESIAN_POINT ( 'NONE',  ( 27.50000000000002842, 51.20000000000002416, 6.000000000000000000 ) ) ;
#217 = ORIENTED_EDGE ( 'NONE', *, *, #1566, .T. ) ;
#218 = EDGE_CURVE ( 'NONE', #441, #38, #150, .T. ) ;
#219 = CARTESIAN_POINT ( 'NONE',  ( -32.50000000000000711, -44.50000000000000000, 1.500000000000000000 ) ) ;
#220 = ORIENTED_EDGE ( 'NONE', *, *, #340, .F. ) ;
#221 = DIRECTION ( 'NONE',  ( 1.000000000000000000, 0.000000000000000000, 0.000000000000000000 ) ) ;
#222 = VERTEX_POINT ( 'NONE', #840 ) ;
#223 = CARTESIAN_POINT ( 'NONE',  ( -0.4999999999999692468, 51.00000000000000000, 6.000000000000000000 ) ) ;
#224 = ORIENTED_EDGE ( 'NONE', *, *, #1813, .F. ) ;
#225 = DIRECTION ( 'NONE',  ( 0.000000000000000000, 0.000000000000000000, 1.000000000000000000 ) ) ;
#226 = VECTOR ( 'NONE', #713, 1000.000000000000000 ) ;
#227 = CARTESIAN_POINT ( 'NONE',  ( -0.5000000000002094991, -43.00000000000002132, 3.000000000000000000 ) ) ;
#228 = ORIENTED_EDGE ( 'NONE', *, *, #2281, .T. ) ;
#229 = DIRECTION ( 'NONE',  ( -0.000000000000000000, -0.000000000000000000, -1.000000000000000000 ) ) ;
#230 = EDGE_LOOP ( 'NONE', ( #1194, #1352, #228, #2276 ) ) ;
#231 = AXIS2_PLACEMENT_3D ( 'NONE', #138, #1364, #1611 ) ;
#232 = EDGE_CURVE ( 'NONE', #2078, #521, #2022, .T. ) ;
#233 = DIRECTION ( 'NONE',  ( -0.9109952089899573391, 0.4124169361184673588, -0.000000000000000000 ) ) ;
#234 = ORIENTED_EDGE ( 'NONE', *, *, #2014, .F. ) ;
#235 = EDGE_CURVE ( 'NONE', #455, #431, #1582, .T. ) ;
#236 = VECTOR ( 'NONE', #1204, 1000.000000000000114 ) ;
#237 = DIRECTION ( 'NONE',  ( 0.000000000000000000, 0.000000000000000000, 1.000000000000000000 ) ) ;
#238 = DIRECTION ( 'NONE',  ( 0.000000000000000000, 0.000000000000000000, -1.000000000000000000 ) ) ;
#239 = CARTESIAN_POINT ( 'NONE',  ( -22.49999999999999289, -38.00000000000002132, 0.000000000000000000 ) ) ;
#240 = CARTESIAN_POINT ( 'NONE',  ( 20.30597281152820344, 59.00000000000002132, 6.000000000000000000 ) ) ;
#241 = ORIENTED_EDGE ( 'NONE', *, *, #2079, .F. ) ;
#242 = CARTESIAN_POINT ( 'NONE',  ( -0.4999999999999930611, -46.00000000000001421, 0.000000000000000000 ) ) ;
#243 = EDGE_LOOP ( 'NONE', ( #2171, #1751, #1971, #554, #483, #1316, #1144, #426, #1389, #822, #1795, #1825, #101, #1683, #1100, #1126, #1707, #838, #1890, #671, #164, #677, #1456, #493, #530, #2145, #587, #1556, #629, #361, #428, #2244 ) ) ;
#244 = DIRECTION ( 'NONE',  ( 1.000000000000000000, 0.000000000000000000, 0.000000000000000000 ) ) ;
#245 = VERTEX_POINT ( 'NONE', #508 ) ;
#246 = ADVANCED_FACE ( 'NONE', ( #1396 ), #1375, .T. ) ;
#247 = DIRECTION ( 'NONE',  ( -1.000000000000000000, 0.000000000000000000, -0.000000000000000000 ) ) ;
#248 = FACE_OUTER_BOUND ( 'NONE', #689, .T. ) ;
#249 = DIRECTION ( 'NONE',  ( 0.000000000000000000, -0.000000000000000000, 1.000000000000000000 ) ) ;
#250 = CIRCLE ( 'NONE', #547, 0.5000000000000004441 ) ;
#251 = LINE ( 'NONE', #1338, #517 ) ;
#252 = ORIENTED_EDGE ( 'NONE', *, *, #1064, .F. ) ;
#253 = FACE_BOUND ( 'NONE', #1956, .T. ) ;
#254 = ORIENTED_EDGE ( 'NONE', *, *, #263, .T. ) ;
#255 = CARTESIAN_POINT ( 'NONE',  ( 20.30597281152820344, 59.00000000000002132, 6.000000000000000000 ) ) ;
#256 = VERTEX_POINT ( 'NONE', #2255 ) ;
#257 = LINE ( 'NONE', #1702, #1995 ) ;
#258 = CARTESIAN_POINT ( 'NONE',  ( 9.500000000000026645, 48.00000000000002132, 0.000000000000000000 ) ) ;
#259 = EDGE_CURVE ( 'NONE', #1727, #1954, #2096, .T. ) ;
#260 = FACE_OUTER_BOUND ( 'NONE', #2199, .T. ) ;
#261 = DIRECTION ( 'NONE',  ( -0.000000000000000000, 0.000000000000000000, -1.000000000000000000 ) ) ;
#262 = VERTEX_POINT ( 'NONE', #2091 ) ;
#263 = EDGE_CURVE ( 'NONE', #140, #1608, #826, .T. ) ;
#264 = AXIS2_PLACEMENT_3D ( 'NONE', #193, #2142, #1996 ) ;
#265 = DIRECTION ( 'NONE',  ( 1.000000000000000000, 0.000000000000000000, 0.000000000000000000 ) ) ;
#266 = ORIENTED_EDGE ( 'NONE', *, *, #2214, .T. ) ;
#267 = CARTESIAN_POINT ( 'NONE',  ( 27.94000000000000128, -36.00000000000003553, -4.000000000000000000 ) ) ;
#268 = CARTESIAN_POINT ( 'NONE',  ( -30.99999999999999289, 46.00000000000001421, 3.000000000000011546 ) ) ;
#269 = ORIENTED_EDGE ( 'NONE', *, *, #1715, .T. ) ;
#270 = ORIENTED_EDGE ( 'NONE', *, *, #1767, .T. ) ;
#271 = CARTESIAN_POINT ( 'NONE',  ( 9.500000000000019540, -46.00000000000000711, 6.000000000000000000 ) ) ;
#272 = VECTOR ( 'NONE', #725, 1000.000000000000000 ) ;
#273 = CARTESIAN_POINT ( 'NONE',  ( 9.500000000000028422, 45.99999999999999289, 6.000000000000000000 ) ) ;
#274 = DIRECTION ( 'NONE',  ( -1.000000000000000000, 0.000000000000000000, 0.000000000000000000 ) ) ;
#275 = ADVANCED_FACE ( 'NONE', ( #76 ), #319, .F. ) ;
#276 = DIRECTION ( 'NONE',  ( 1.508455196501571183E-16, 1.000000000000000000, 0.000000000000000000 ) ) ;
#277 = ORIENTED_EDGE ( 'NONE', *, *, #1918, .T. ) ;
#278 = EDGE_CURVE ( 'NONE', #1491, #1106, #1533, .T. ) ;
#279 = CARTESIAN_POINT ( 'NONE',  ( 27.50000000000002842, 51.20000000000002416, 0.000000000000000000 ) ) ;
#280 = ORIENTED_EDGE ( 'NONE', *, *, #137, .F. ) ;
#281 = CARTESIAN_POINT ( 'NONE',  ( -26.18999999999998707, 32.57999999999996987, 0.000000000000000000 ) ) ;
#282 = LINE ( 'NONE', #988, #1117 ) ;
#283 = ORIENTED_EDGE ( 'NONE', *, *, #324, .F. ) ;
#284 = ORIENTED_EDGE ( 'NONE', *, *, #2100, .T. ) ;
#285 = DIRECTION ( 'NONE',  ( -0.000000000000000000, 0.000000000000000000, -1.000000000000000000 ) ) ;
#286 = CARTESIAN_POINT ( 'NONE',  ( -32.49999999999999289, 45.37867965644036161, 2.378679656440368717 ) ) ;
#287 = FACE_OUTER_BOUND ( 'NONE', #337, .T. ) ;
#288 = CIRCLE ( 'NONE', #2127, 1.000000000000002665 ) ;
#289 = CYLINDRICAL_SURFACE ( 'NONE', #701, 1.500000000000001332 ) ;
#290 = ORIENTED_EDGE ( 'NONE', *, *, #2165, .T. ) ;
#291 = CARTESIAN_POINT ( 'NONE',  ( 3.742640687119283438, -43.00000000000002132, 6.000000000000000000 ) ) ;
#292 = ORIENTED_EDGE ( 'NONE', *, *, #692, .F. ) ;
#293 = AXIS2_PLACEMENT_3D ( 'NONE', #139, #2092, #843 ) ;
#294 = EDGE_CURVE ( 'NONE', #2093, #1977, #1192, .T. ) ;
#295 = CARTESIAN_POINT ( 'NONE',  ( 27.50000000000002842, 51.20000000000002416, 6.000000000000000000 ) ) ;
#296 = FACE_OUTER_BOUND ( 'NONE', #2024, .T. ) ;
#297 = CYLINDRICAL_SURFACE ( 'NONE', #842, 1.500000000000000000 ) ;
#298 = CARTESIAN_POINT ( 'NONE',  ( -28.99999999999998934, 26.00000000000003553, 0.000000000000000000 ) ) ;
#299 = DIRECTION ( 'NONE',  ( 1.000000000000000000, 0.000000000000000000, 0.000000000000000000 ) ) ;
#300 = ADVANCED_FACE ( 'NONE', ( #998 ), #836, .F. ) ;
#301 = ORIENTED_EDGE ( 'NONE', *, *, #712, .T. ) ;
#302 = CARTESIAN_POINT ( 'NONE',  ( 27.50000000000001421, -51.20000000000003837, 6.000000000000000000 ) ) ;
#303 = ORIENTED_EDGE ( 'NONE', *, *, #1462, .F. ) ;
#304 = DIRECTION ( 'NONE',  ( 0.000000000000000000, -1.000000000000000000, -2.891205793294702978E-16 ) ) ;
#305 = CARTESIAN_POINT ( 'NONE',  ( 32.50000000000002842, 51.20000000000002416, 6.000000000000000000 ) ) ;
#306 = ORIENTED_EDGE ( 'NONE', *, *, #2181, .F. ) ;
#307 = EDGE_CURVE ( 'NONE', #1080, #470, #99, .T. ) ;
#308 = VERTEX_POINT ( 'NONE', #468 ) ;
#309 = ADVANCED_FACE ( 'NONE', ( #1880 ), #1891, .F. ) ;
#310 = DIRECTION ( 'NONE',  ( 1.000000000000000000, -3.016910393003143845E-16, 0.000000000000000000 ) ) ;
#311 = VECTOR ( 'NONE', #1538, 1000.000000000000000 ) ;
#312 = DIRECTION ( 'NONE',  ( 0.000000000000000000, 1.000000000000000000, 0.000000000000000000 ) ) ;
#313 = DIRECTION ( 'NONE',  ( 0.000000000000000000, 0.000000000000000000, -1.000000000000000000 ) ) ;
#314 = FACE_OUTER_BOUND ( 'NONE', #2203, .T. ) ;
#315 = EDGE_LOOP ( 'NONE', ( #345, #1042, #667, #326, #2219, #985 ) ) ;
#316 = CIRCLE ( 'NONE', #2008, 1.750000000000001554 ) ;
#317 = DIRECTION ( 'NONE',  ( 0.000000000000000000, 0.000000000000000000, 1.000000000000000000 ) ) ;
#318 = ORIENTED_EDGE ( 'NONE', *, *, #1336, .F. ) ;
#319 = PLANE ( 'NONE',  #514 ) ;
#320 = CARTESIAN_POINT ( 'NONE',  ( -27.99999999999998579, 27.00000000000003908, 6.000000000000000000 ) ) ;
#321 = ORIENTED_EDGE ( 'NONE', *, *, #816, .F. ) ;
#322 = ORIENTED_EDGE ( 'NONE', *, *, #1253, .T. ) ;
#323 = CARTESIAN_POINT ( 'NONE',  ( -27.93999999999999773, -36.00000000000002842, 6.000000000000000000 ) ) ;
#324 = EDGE_CURVE ( 'NONE', #1608, #1491, #1343, .T. ) ;
#325 = DIRECTION ( 'NONE',  ( 1.000000000000000000, 0.000000000000000000, 0.000000000000000000 ) ) ;
#326 = ORIENTED_EDGE ( 'NONE', *, *, #2007, .F. ) ;
#327 = PRODUCT_DEFINITION_CONTEXT ( 'detailed design', #652, 'design' ) ;
#328 = CARTESIAN_POINT ( 'NONE',  ( -32.50000000000000000, 45.37867965644036161, 0.6213203435596458268 ) ) ;
#329 = ORIENTED_EDGE ( 'NONE', *, *, #1207, .T. ) ;
#330 = CARTESIAN_POINT ( 'NONE',  ( -31.00000000000000711, -43.00000000000002132, 3.000000000000000000 ) ) ;
#331 = ORIENTED_EDGE ( 'NONE', *, *, #860, .T. ) ;
#332 = CIRCLE ( 'NONE', #620, 1.750000000000001554 ) ;
#333 = VECTOR ( 'NONE', #1899, 1000.000000000000000 ) ;
#334 = LINE ( 'NONE', #149, #32 ) ;
#335 = DIRECTION ( 'NONE',  ( -0.000000000000000000, -0.000000000000000000, -1.000000000000000000 ) ) ;
#336 = FACE_OUTER_BOUND ( 'NONE', #2257, .T. ) ;
#337 = EDGE_LOOP ( 'NONE', ( #1036, #1410, #2097, #266 ) ) ;
#338 = EDGE_CURVE ( 'NONE', #1500, #2125, #742, .T. ) ;
#339 = VERTEX_POINT ( 'NONE', #281 ) ;
#340 = EDGE_CURVE ( 'NONE', #1449, #1727, #132, .T. ) ;
#341 = CARTESIAN_POINT ( 'NONE',  ( -30.99999999999999289, 46.00000000000000000, 6.000000000000000000 ) ) ;
#342 = VECTOR ( 'NONE', #1260, 1000.000000000000000 ) ;
#343 = AXIS2_PLACEMENT_3D ( 'NONE', #486, #20, #1768 ) ;
#344 = CARTESIAN_POINT ( 'NONE',  ( 37.50000000000001421, -52.50000000000004974, 6.000000000000000000 ) ) ;
#345 = ORIENTED_EDGE ( 'NONE', *, *, #506, .F. ) ;
#346 = ADVANCED_FACE ( 'NONE', ( #1852 ), #1711, .T. ) ;
#347 = DIRECTION ( 'NONE',  ( -0.000000000000000000, 0.000000000000000000, -1.000000000000000000 ) ) ;
#348 = ORIENTED_EDGE ( 'NONE', *, *, #712, .F. ) ;
#349 = VECTOR ( 'NONE', #699, 1000.000000000000000 ) ;
#350 = EDGE_CURVE ( 'NONE', #936, #1665, #1671, .T. ) ;
#351 = VECTOR ( 'NONE', #1519, 1000.000000000000000 ) ;
#352 = CARTESIAN_POINT ( 'NONE',  ( 32.50000000000001421, -51.20000000000003837, 6.000000000000000000 ) ) ;
#353 = ORIENTED_EDGE ( 'NONE', *, *, #1843, .T. ) ;
#354 = DIRECTION ( 'NONE',  ( -0.000000000000000000, 0.000000000000000000, -1.000000000000000000 ) ) ;
#355 = LINE ( 'NONE', #2107, #2252 ) ;
#356 = ORIENTED_EDGE ( 'NONE', *, *, #885, .T. ) ;
#357 = CYLINDRICAL_SURFACE ( 'NONE', #1365, 1.750000000000001554 ) ;
#358 = VERTEX_POINT ( 'NONE', #481 ) ;
#359 = DIRECTION ( 'NONE',  ( -3.016910393003143352E-16, -1.000000000000000000, 0.000000000000000000 ) ) ;
#360 = AXIS2_PLACEMENT_3D ( 'NONE', #124, #2068, #1185 ) ;
#361 = ORIENTED_EDGE ( 'NONE', *, *, #506, .T. ) ;
#362 = ADVANCED_FACE ( 'NONE', ( #669 ), #1313, .F. ) ;
#363 = AXIS2_PLACEMENT_3D ( 'NONE', #805, #1870, #631 ) ;
#364 = DIRECTION ( 'NONE',  ( -1.000000000000000000, -6.308085367188392213E-16, 0.000000000000000000 ) ) ;
#365 = AXIS2_PLACEMENT_3D ( 'NONE', #1464, #576, #1962 ) ;
#366 = PLANE ( 'NONE',  #22 ) ;
#367 = CARTESIAN_POINT ( 'NONE',  ( -23.49999999999999645, -37.00000000000002132, 6.000000000000000000 ) ) ;
#368 = DIRECTION ( 'NONE',  ( -1.000000000000000000, 0.000000000000000000, 0.000000000000000000 ) ) ;
#369 = VERTEX_POINT ( 'NONE', #2026 ) ;
#370 = FACE_OUTER_BOUND ( 'NONE', #49, .T. ) ;
#371 = EDGE_LOOP ( 'NONE', ( #1479, #931, #928, #881 ) ) ;
#372 = VECTOR ( 'NONE', #495, 1000.000000000000000 ) ;
#373 = EDGE_CURVE ( 'NONE', #1075, #1415, #453, .T. ) ;
#374 = DIRECTION ( 'NONE',  ( -0.000000000000000000, 0.000000000000000000, -1.000000000000000000 ) ) ;
#375 = CIRCLE ( 'NONE', #382, 8.000000000000000000 ) ;
#376 = EDGE_CURVE ( 'NONE', #1687, #1203, #442, .T. ) ;
#377 = CARTESIAN_POINT ( 'NONE',  ( -0.4999999999999692468, 51.00000000000000000, 6.000000000000000000 ) ) ;
#378 = PLANE ( 'NONE',  #1059 ) ;
#379 = CARTESIAN_POINT ( 'NONE',  ( 10.50000000000003020, 48.00000000000002132, 6.000000000000000000 ) ) ;
#380 = FACE_OUTER_BOUND ( 'NONE', #458, .T. ) ;
#381 = ORIENTED_EDGE ( 'NONE', *, *, #169, .F. ) ;
#382 = AXIS2_PLACEMENT_3D ( 'NONE', #112, #249, #2009 ) ;
#383 = CARTESIAN_POINT ( 'NONE',  ( -31.00000000000000711, -46.00000000000000000, 3.000000000000000000 ) ) ;
#384 = EDGE_LOOP ( 'NONE', ( #1613, #1709, #810 ) ) ;
#385 = CIRCLE ( 'NONE', #1496, 1.750000000000001554 ) ;
#386 = CARTESIAN_POINT ( 'NONE',  ( 37.50000000000001421, -52.50000000000004974, 0.000000000000000000 ) ) ;
#387 = DIRECTION ( 'NONE',  ( -1.000000000000000000, -6.308085367188392213E-16, 0.000000000000000000 ) ) ;
#388 = FACE_OUTER_BOUND ( 'NONE', #116, .T. ) ;
#389 = ADVANCED_FACE ( 'NONE', ( #641 ), #1685, .F. ) ;
#390 = FACE_BOUND ( 'NONE', #2237, .T. ) ;
#391 = DIRECTION ( 'NONE',  ( -0.000000000000000000, 0.000000000000000000, -1.000000000000000000 ) ) ;
#392 = ORIENTED_EDGE ( 'NONE', *, *, #647, .F. ) ;
#393 = DIRECTION ( 'NONE',  ( -1.000000000000000000, 0.000000000000000000, 0.000000000000000000 ) ) ;
#394 = EDGE_LOOP ( 'NONE', ( #1575, #348, #318, #452 ) ) ;
#395 = AXIS2_PLACEMENT_3D ( 'NONE', #1509, #2039, #1544 ) ;
#396 = FACE_OUTER_BOUND ( 'NONE', #1298, .T. ) ;
#397 = EDGE_CURVE ( 'NONE', #187, #358, #1252, .T. ) ;
#398 = ORIENTED_EDGE ( 'NONE', *, *, #1394, .F. ) ;
#399 = CARTESIAN_POINT ( 'NONE',  ( 23.60530830047592943, -51.71203832808038214, 0.000000000000000000 ) ) ;
#400 = VECTOR ( 'NONE', #1099, 1000.000000000000000 ) ;
#401 = ORIENTED_EDGE ( 'NONE', *, *, #2260, .T. ) ;
#402 = DIRECTION ( 'NONE',  ( 0.000000000000000000, -0.000000000000000000, 1.000000000000000000 ) ) ;
#403 = EDGE_CURVE ( 'NONE', #1621, #2161, #1438, .T. ) ;
#404 = DIRECTION ( 'NONE',  ( 1.508455196501571183E-16, 1.000000000000000000, 0.000000000000000000 ) ) ;
#405 = VERTEX_POINT ( 'NONE', #898 ) ;
#406 = ADVANCED_FACE ( 'NONE', ( #1606 ), #2155, .F. ) ;
#407 = CARTESIAN_POINT ( 'NONE',  ( -0.4999999999999816813, -51.00000000000000711, 0.000000000000000000 ) ) ;
#408 = EDGE_LOOP ( 'NONE', ( #2082, #1912, #654, #1465 ) ) ;
#409 = CARTESIAN_POINT ( 'NONE',  ( -30.99999999999999289, 43.00000000000003553, 3.000000000000010658 ) ) ;
#410 = ORIENTED_EDGE ( 'NONE', *, *, #121, .F. ) ;
#411 = VECTOR ( 'NONE', #644, 1000.000000000000000 ) ;
#412 = DIRECTION ( 'NONE',  ( 0.000000000000000000, 0.000000000000000000, 1.000000000000000000 ) ) ;
#413 = CARTESIAN_POINT ( 'NONE',  ( 9.500000000000019540, -48.00000000000003553, 6.000000000000000000 ) ) ;
#414 = LINE ( 'NONE', #1090, #439 ) ;
#415 = VERTEX_POINT ( 'NONE', #585 ) ;
#416 = CARTESIAN_POINT ( 'NONE',  ( 20.30597281152820344, 51.00000000000002132, 0.000000000000000000 ) ) ;
#417 = ORIENTED_EDGE ( 'NONE', *, *, #1218, .F. ) ;
#418 = CIRCLE ( 'NONE', #6, 1.000000000000000888 ) ;
#419 = EDGE_CURVE ( 'NONE', #949, #868, #839, .T. ) ;
#420 = DIRECTION ( 'NONE',  ( -1.000000000000000000, 0.000000000000000000, -0.000000000000000000 ) ) ;
#421 = VERTEX_POINT ( 'NONE', #367 ) ;
#422 = VECTOR ( 'NONE', #1404, 1000.000000000000000 ) ;
#423 = CARTESIAN_POINT ( 'NONE',  ( 21.50000000000001776, -37.00000000000002842, 6.000000000000000000 ) ) ;
#424 = PLANE ( 'NONE',  #1377 ) ;
#425 = CARTESIAN_POINT ( 'NONE',  ( -0.4999999999999891753, 43.00000000000003553, 3.000000000000010658 ) ) ;
#426 = ORIENTED_EDGE ( 'NONE', *, *, #278, .T. ) ;
#427 = CARTESIAN_POINT ( 'NONE',  ( 37.00000000000001421, -52.50000000000004974, 6.000000000000000000 ) ) ;
#428 = ORIENTED_EDGE ( 'NONE', *, *, #571, .T. ) ;
#429 = CARTESIAN_POINT ( 'NONE',  ( -32.50000000000000711, -41.50000000000002132, 4.500000000000000888 ) ) ;
#430 = EDGE_CURVE ( 'NONE', #1269, #1005, #4, .T. ) ;
#431 = VERTEX_POINT ( 'NONE', #205 ) ;
#432 = EDGE_CURVE ( 'NONE', #526, #534, #1632, .T. ) ;
#433 = CARTESIAN_POINT ( 'NONE',  ( -26.18999999999998707, 32.57999999999996987, -4.000000000000000000 ) ) ;
#434 = DIRECTION ( 'NONE',  ( -1.000000000000000000, 0.000000000000000000, -0.000000000000000000 ) ) ;
#435 = DIRECTION ( 'NONE',  ( 1.000000000000000000, 0.000000000000000000, 0.000000000000000000 ) ) ;
#436 = AXIS2_PLACEMENT_3D ( 'NONE', #1848, #261, #634 ) ;
#437 = PLANE ( 'NONE',  #1433 ) ;
#438 = ORIENTED_EDGE ( 'NONE', *, *, #1087, .F. ) ;
#439 = VECTOR ( 'NONE', #1079, 1000.000000000000000 ) ;
#440 = CARTESIAN_POINT ( 'NONE',  ( -0.4999999999999817923, 46.00000000000000000, 6.000000000000000000 ) ) ;
#441 = VERTEX_POINT ( 'NONE', #758 ) ;
#442 = LINE ( 'NONE', #1155, #965 ) ;
#443 = DIRECTION ( 'NONE',  ( -1.000000000000000000, 0.000000000000000000, 0.000000000000000000 ) ) ;
#444 = ORIENTED_EDGE ( 'NONE', *, *, #703, .T. ) ;
#445 = EDGE_CURVE ( 'NONE', #1518, #1757, #1419, .T. ) ;
#446 = LINE ( 'NONE', #1514, #1778 ) ;
#447 = CARTESIAN_POINT ( 'NONE',  ( -31.87867965644035451, 43.00000000000004263, 6.000000000000000000 ) ) ;
#448 = VECTOR ( 'NONE', #96, 1000.000000000000000 ) ;
#449 = EDGE_CURVE ( 'NONE', #2161, #2015, #2041, .T. ) ;
#450 = DIRECTION ( 'NONE',  ( 0.000000000000000000, -1.000000000000000000, 0.000000000000000000 ) ) ;
#451 = CARTESIAN_POINT ( 'NONE',  ( -27.93999999999999773, -36.00000000000002842, 6.000000000000000000 ) ) ;
#452 = ORIENTED_EDGE ( 'NONE', *, *, #2254, .F. ) ;
#453 = CIRCLE ( 'NONE', #1526, 0.5000000000000004441 ) ;
#454 = FACE_BOUND ( 'NONE', #680, .T. ) ;
#455 = VERTEX_POINT ( 'NONE', #932 ) ;
#456 = DIRECTION ( 'NONE',  ( -1.000000000000000000, 0.000000000000000000, 0.000000000000000000 ) ) ;
#457 = CARTESIAN_POINT ( 'NONE',  ( -0.4999999999999816813, -51.00000000000000711, 6.000000000000000000 ) ) ;
#458 = EDGE_LOOP ( 'NONE', ( #2286, #862, #1851, #1639 ) ) ;
#459 = EDGE_LOOP ( 'NONE', ( #2288, #625, #1184, #707 ) ) ;
#460 = DIRECTION ( 'NONE',  ( 1.000000000000000000, -6.421350511362182739E-16, 0.000000000000000000 ) ) ;
#461 = DIRECTION ( 'NONE',  ( 1.508455196501571183E-16, 1.000000000000000000, 2.891205793294702978E-16 ) ) ;
#462 = DIRECTION ( 'NONE',  ( 0.000000000000000000, 0.000000000000000000, 1.000000000000000000 ) ) ;
#463 = DIRECTION ( 'NONE',  ( -0.000000000000000000, -0.000000000000000000, -1.000000000000000000 ) ) ;
#464 = EDGE_LOOP ( 'NONE', ( #1925, #2102, #1380, #1201 ) ) ;
#465 = EDGE_CURVE ( 'NONE', #431, #1543, #1246, .T. ) ;
#466 = FACE_BOUND ( 'NONE', #2112, .T. ) ;
#467 = VERTEX_POINT ( 'NONE', #1284 ) ;
#468 = CARTESIAN_POINT ( 'NONE',  ( -21.99999999999998934, 28.00000000000003908, 6.000000000000000000 ) ) ;
#469 = CARTESIAN_POINT ( 'NONE',  ( 10.50000000000003020, 48.00000000000002132, 6.000000000000000000 ) ) ;
#470 = VERTEX_POINT ( 'NONE', #552 ) ;
#471 = DIRECTION ( 'NONE',  ( 1.000000000000000000, 0.000000000000000000, 0.000000000000000000 ) ) ;
#472 = CARTESIAN_POINT ( 'NONE',  ( -31.00000000000000711, -45.99999999999999289, 3.000000000000000000 ) ) ;
#473 = FACE_OUTER_BOUND ( 'NONE', #1212, .T. ) ;
#474 = CARTESIAN_POINT ( 'NONE',  ( 23.60530830047592943, -51.71203832808038214, 0.000000000000000000 ) ) ;
#475 = VERTEX_POINT ( 'NONE', #1961 ) ;
#476 = ADVANCED_FACE ( 'NONE', ( #183, #1078, #906, #1271, #390, #1810 ), #1615, .T. ) ;
#477 = AXIS2_PLACEMENT_3D ( 'NONE', #2047, #993, #1478 ) ;
#478 = DIRECTION ( 'NONE',  ( 2.515349040166371865E-15, 1.000000000000000000, 0.000000000000000000 ) ) ;
#479 = ORIENTED_EDGE ( 'NONE', *, *, #1972, .F. ) ;
#480 = EDGE_CURVE ( 'NONE', #912, #1635, #2224, .T. ) ;
#481 = CARTESIAN_POINT ( 'NONE',  ( 9.500000000000026645, 48.00000000000002132, 6.000000000000000000 ) ) ;
#482 = PLANE ( 'NONE',  #605 ) ;
#483 = ORIENTED_EDGE ( 'NONE', *, *, #1148, .T. ) ;
#484 = CARTESIAN_POINT ( 'NONE',  ( -21.99999999999998934, 35.00000000000003553, 0.000000000000000000 ) ) ;
#485 = CARTESIAN_POINT ( 'NONE',  ( 27.50000000000002842, 52.70000000000002416, 6.000000000000000000 ) ) ;
#486 = CARTESIAN_POINT ( 'NONE',  ( 27.94000000000000838, 32.57999999999996277, 6.000000000000000000 ) ) ;
#487 = DIRECTION ( 'NONE',  ( -1.000000000000000000, 3.016910393003143845E-16, 0.000000000000000000 ) ) ;
#488 = ORIENTED_EDGE ( 'NONE', *, *, #651, .T. ) ;
#489 = VERTEX_POINT ( 'NONE', #732 ) ;
#490 = CARTESIAN_POINT ( 'NONE',  ( 21.50000000000001776, 34.00000000000003553, 6.000000000000000000 ) ) ;
#491 = CARTESIAN_POINT ( 'NONE',  ( -0.4999999999999865663, 43.00000000000003553, 6.000000000000000000 ) ) ;
#492 = ORIENTED_EDGE ( 'NONE', *, *, #278, .F. ) ;
#493 = ORIENTED_EDGE ( 'NONE', *, *, #845, .T. ) ;
#494 = EDGE_CURVE ( 'NONE', #1578, #650, #1056, .T. ) ;
#495 = DIRECTION ( 'NONE',  ( 0.000000000000000000, -1.000000000000000000, 0.000000000000000000 ) ) ;
#496 = VECTOR ( 'NONE', #354, 1000.000000000000000 ) ;
#497 = CARTESIAN_POINT ( 'NONE',  ( 20.30597281152820344, 51.00000000000002132, 6.000000000000000000 ) ) ;
#498 = VECTOR ( 'NONE', #1774, 1000.000000000000000 ) ;
#499 = LINE ( 'NONE', #704, #1803 ) ;
#500 = ORIENTED_EDGE ( 'NONE', *, *, #1677, .F. ) ;
#501 = VECTOR ( 'NONE', #478, 1000.000000000000000 ) ;
#502 = CARTESIAN_POINT ( 'NONE',  ( 27.50000000000001421, -51.20000000000003837, 6.000000000000000000 ) ) ;
#503 = ORIENTED_EDGE ( 'NONE', *, *, #30, .F. ) ;
#504 = CARTESIAN_POINT ( 'NONE',  ( 10.50000000000001776, -49.00000000000003553, 0.000000000000000000 ) ) ;
#505 = ORIENTED_EDGE ( 'NONE', *, *, #896, .T. ) ;
#506 = EDGE_CURVE ( 'NONE', #1292, #1203, #215, .T. ) ;
#507 = DIRECTION ( 'NONE',  ( 1.000000000000000000, 0.000000000000000000, 0.000000000000000000 ) ) ;
#508 = CARTESIAN_POINT ( 'NONE',  ( 23.60530830047592943, -51.71203832808038214, 6.000000000000000000 ) ) ;
#509 = EDGE_CURVE ( 'NONE', #1906, #909, #2120, .T. ) ;
#510 = DIRECTION ( 'NONE',  ( 1.000000000000000000, 0.000000000000000000, 0.000000000000000000 ) ) ;
#511 = EDGE_LOOP ( 'NONE', ( #1356, #1329, #204, #1214 ) ) ;
#512 = DIRECTION ( 'NONE',  ( -0.000000000000000000, -0.000000000000000000, -1.000000000000000000 ) ) ;
#513 = ORIENTED_EDGE ( 'NONE', *, *, #54, .F. ) ;
#514 = AXIS2_PLACEMENT_3D ( 'NONE', #2054, #456, #626 ) ;
#515 = DIRECTION ( 'NONE',  ( -0.000000000000000000, -0.000000000000000000, -1.000000000000000000 ) ) ;
#516 = EDGE_LOOP ( 'NONE', ( #1189, #356, #331, #1869 ) ) ;
#517 = VECTOR ( 'NONE', #1678, 1000.000000000000000 ) ;
#518 = EDGE_CURVE ( 'NONE', #686, #1415, #745, .T. ) ;
#519 = ADVANCED_BREP_SHAPE_REPRESENTATION ( 'Motor Driver Clip Shelf - Left', ( #1560, #925 ), #1710 ) ;
#520 = DIRECTION ( 'NONE',  ( 1.000000000000000000, 0.000000000000000000, 0.000000000000000000 ) ) ;
#521 = VERTEX_POINT ( 'NONE', #1691 ) ;
#522 = ADVANCED_FACE ( 'NONE', ( #260 ), #2201, .F. ) ;
#523 = CARTESIAN_POINT ( 'NONE',  ( -27.99999999999999289, -29.00000000000002132, 6.000000000000000000 ) ) ;
#524 = VERTEX_POINT ( 'NONE', #807 ) ;
#525 = CARTESIAN_POINT ( 'NONE',  ( -32.49999999999999289, 46.00000000000000000, 1.499999999999999556 ) ) ;
#526 = VERTEX_POINT ( 'NONE', #413 ) ;
#527 = DIRECTION ( 'NONE',  ( 0.000000000000000000, 0.000000000000000000, 1.000000000000000000 ) ) ;
#528 = VECTOR ( 'NONE', #1645, 1000.000000000000000 ) ;
#529 = DIRECTION ( 'NONE',  ( -0.000000000000000000, 0.000000000000000000, -1.000000000000000000 ) ) ;
#530 = ORIENTED_EDGE ( 'NONE', *, *, #1636, .T. ) ;
#531 = PRODUCT_DEFINITION_SHAPE ( 'NONE', 'NONE',  #1927 ) ;
#532 = EDGE_CURVE ( 'NONE', #1304, #526, #1489, .T. ) ;
#533 = FACE_OUTER_BOUND ( 'NONE', #1700, .T. ) ;
#534 = VERTEX_POINT ( 'NONE', #1322 ) ;
#535 = AXIS2_PLACEMENT_3D ( 'NONE', #2239, #827, #2055 ) ;
#536 = LINE ( 'NONE', #1222, #1226 ) ;
#537 = VERTEX_POINT ( 'NONE', #1676 ) ;
#538 = DIRECTION ( 'NONE',  ( 0.000000000000000000, -1.000000000000000000, 0.000000000000000000 ) ) ;
#539 = CARTESIAN_POINT ( 'NONE',  ( 20.30597281152820344, 59.00000000000002132, 0.000000000000000000 ) ) ;
#540 = CARTESIAN_POINT ( 'NONE',  ( 37.50000000000001421, -52.50000000000004974, 6.000000000000000000 ) ) ;
#541 = DIRECTION ( 'NONE',  ( 0.000000000000000000, 0.000000000000000000, 1.000000000000000000 ) ) ;
#542 = ORIENTED_EDGE ( 'NONE', *, *, #1270, .F. ) ;
#543 = EDGE_CURVE ( 'NONE', #2084, #844, #1858, .T. ) ;
#544 = DIRECTION ( 'NONE',  ( 1.000000000000000000, 0.000000000000000000, 0.000000000000000000 ) ) ;
#545 = ORIENTED_EDGE ( 'NONE', *, *, #1052, .F. ) ;
#546 = EDGE_CURVE ( 'NONE', #1532, #1330, #648, .T. ) ;
#547 = AXIS2_PLACEMENT_3D ( 'NONE', #1561, #685, #510 ) ;
#548 = DIRECTION ( 'NONE',  ( 0.000000000000000000, 0.000000000000000000, 1.000000000000000000 ) ) ;
#549 = AXIS2_PLACEMENT_3D ( 'NONE', #1286, #391, #586 ) ;
#550 = CARTESIAN_POINT ( 'NONE',  ( -32.49999999999999289, 46.00000000000000000, 1.499999999999999556 ) ) ;
#551 = VERTEX_POINT ( 'NONE', #2032 ) ;
#552 = CARTESIAN_POINT ( 'NONE',  ( 37.50000000000002842, 52.50000000000003553, 0.000000000000000000 ) ) ;
#553 = CARTESIAN_POINT ( 'NONE',  ( -30.99999999999999289, 43.00000000000002842, 6.000000000000000000 ) ) ;
#554 = ORIENTED_EDGE ( 'NONE', *, *, #2074, .T. ) ;
#555 = FACE_OUTER_BOUND ( 'NONE', #2251, .T. ) ;
#556 = VERTEX_POINT ( 'NONE', #1833 ) ;
#557 = CIRCLE ( 'NONE', #156, 0.5000000000000004441 ) ;
#558 = DIRECTION ( 'NONE',  ( -1.000000000000000000, 1.508455196501570936E-16, 0.000000000000000000 ) ) ;
#559 = EDGE_CURVE ( 'NONE', #1532, #1292, #966, .T. ) ;
#560 = DIRECTION ( 'NONE',  ( 1.000000000000000000, -2.515349040166371865E-15, 0.000000000000000000 ) ) ;
#561 = ORIENTED_EDGE ( 'NONE', *, *, #1420, .F. ) ;
#562 = DIRECTION ( 'NONE',  ( -0.000000000000000000, -0.000000000000000000, -1.000000000000000000 ) ) ;
#563 = LINE ( 'NONE', #1261, #2209 ) ;
#564 = ORIENTED_EDGE ( 'NONE', *, *, #1420, .T. ) ;
#565 = ADVANCED_FACE ( 'NONE', ( #1112 ), #424, .F. ) ;
#566 = CARTESIAN_POINT ( 'NONE',  ( 9.500000000000028422, 45.99999999999999289, 6.000000000000000000 ) ) ;
#567 = ORIENTED_EDGE ( 'NONE', *, *, #1918, .F. ) ;
#568 = CIRCLE ( 'NONE', #1863, 8.000000000000000000 ) ;
#569 = CARTESIAN_POINT ( 'NONE',  ( 23.60530830047592943, -51.71203832808038214, 6.000000000000000000 ) ) ;
#570 = ORIENTED_EDGE ( 'NONE', *, *, #518, .T. ) ;
#571 = EDGE_CURVE ( 'NONE', #1203, #1745, #1477, .T. ) ;
#572 = FACE_OUTER_BOUND ( 'NONE', #1485, .T. ) ;
#573 = VERTEX_POINT ( 'NONE', #85 ) ;
#574 = ADVANCED_FACE ( 'NONE', ( #1337 ), #2232, .F. ) ;
#575 = DIRECTION ( 'NONE',  ( 1.000000000000000000, 0.000000000000000000, 0.000000000000000000 ) ) ;
#576 = DIRECTION ( 'NONE',  ( 0.000000000000000000, 1.000000000000000000, 0.000000000000000000 ) ) ;
#577 = ORIENTED_EDGE ( 'NONE', *, *, #1302, .T. ) ;
#578 = DIRECTION ( 'NONE',  ( -0.000000000000000000, 0.000000000000000000, -1.000000000000000000 ) ) ;
#579 = ORIENTED_EDGE ( 'NONE', *, *, #950, .T. ) ;
#580 = AXIS2_PLACEMENT_3D ( 'NONE', #323, #1559, #1387 ) ;
#581 = LINE ( 'NONE', #1978, #528 ) ;
#582 = ORIENTED_EDGE ( 'NONE', *, *, #91, .T. ) ;
#583 = DIRECTION ( 'NONE',  ( 1.508455196501571183E-16, 1.000000000000000000, 0.000000000000000000 ) ) ;
#584 = ORIENTED_EDGE ( 'NONE', *, *, #1512, .F. ) ;
#585 = CARTESIAN_POINT ( 'NONE',  ( 22.50000000000002132, -37.00000000000002842, 0.000000000000000000 ) ) ;
#586 = DIRECTION ( 'NONE',  ( -1.000000000000000000, 0.000000000000000000, 0.000000000000000000 ) ) ;
#587 = ORIENTED_EDGE ( 'NONE', *, *, #1813, .T. ) ;
#588 = EDGE_CURVE ( 'NONE', #534, #1091, #1859, .T. ) ;
#589 = CARTESIAN_POINT ( 'NONE',  ( 27.50000000000002842, 51.20000000000002416, 6.000000000000000000 ) ) ;
#590 = VERTEX_POINT ( 'NONE', #1350 ) ;
#591 = CARTESIAN_POINT ( 'NONE',  ( -22.99999999999998934, 27.00000000000003908, 0.000000000000000000 ) ) ;
#592 = ORIENTED_EDGE ( 'NONE', *, *, #1133, .F. ) ;
#593 = CARTESIAN_POINT ( 'NONE',  ( 9.500000000000017764, -51.00000000000004263, 6.000000000000000000 ) ) ;
#594 = DIRECTION ( 'NONE',  ( 0.000000000000000000, 0.000000000000000000, 1.000000000000000000 ) ) ;
#595 = CARTESIAN_POINT ( 'NONE',  ( -24.49999999999999645, -30.00000000000002132, 0.000000000000000000 ) ) ;
#596 = LINE ( 'NONE', #1517, #1919 ) ;
#597 = ORIENTED_EDGE ( 'NONE', *, *, #294, .T. ) ;
#598 = ADVANCED_FACE ( 'NONE', ( #287 ), #1163, .F. ) ;
#599 = DIRECTION ( 'NONE',  ( 1.508455196501571183E-16, 1.000000000000000000, 2.891205793294702978E-16 ) ) ;
#600 = ORIENTED_EDGE ( 'NONE', *, *, #1677, .T. ) ;
#601 = EDGE_CURVE ( 'NONE', #2015, #2161, #1224, .T. ) ;
#602 = VECTOR ( 'NONE', #946, 1000.000000000000000 ) ;
#603 = DIRECTION ( 'NONE',  ( -1.000000000000000000, 0.000000000000000000, 0.000000000000000000 ) ) ;
#604 = VERTEX_POINT ( 'NONE', #239 ) ;
#605 = AXIS2_PLACEMENT_3D ( 'NONE', #1193, #1345, #1372 ) ;
#606 = CARTESIAN_POINT ( 'NONE',  ( 37.50000000000002842, 49.00000000000002842, 6.000000000000000000 ) ) ;
#607 = CARTESIAN_POINT ( 'NONE',  ( 32.50000000000001421, -51.20000000000003837, 6.000000000000000000 ) ) ;
#608 = DIRECTION ( 'NONE',  ( -0.000000000000000000, 0.000000000000000000, -1.000000000000000000 ) ) ;
#609 = DIRECTION ( 'NONE',  ( -0.000000000000000000, -0.000000000000000000, -1.000000000000000000 ) ) ;
#610 = VERTEX_POINT ( 'NONE', #595 ) ;
#611 = DIRECTION ( 'NONE',  ( 0.000000000000000000, 1.000000000000000000, 0.000000000000000000 ) ) ;
#612 = ORIENTED_EDGE ( 'NONE', *, *, #1288, .F. ) ;
#613 = EDGE_CURVE ( 'NONE', #1688, #2078, #992, .T. ) ;
#614 = CARTESIAN_POINT ( 'NONE',  ( -30.99999999999999289, 46.00000000000000000, 1.499999999999999556 ) ) ;
#615 = CARTESIAN_POINT ( 'NONE',  ( 32.49999999999999289, -46.00000000000000000, 6.000000000000000000 ) ) ;
#616 = ORIENTED_EDGE ( 'NONE', *, *, #350, .F. ) ;
#617 = EDGE_CURVE ( 'NONE', #245, #1269, #375, .T. ) ;
#618 = CARTESIAN_POINT ( 'NONE',  ( 26.19000000000000128, -36.00000000000003553, 6.000000000000000000 ) ) ;
#619 = DIRECTION ( 'NONE',  ( -0.000000000000000000, 0.000000000000000000, -1.000000000000000000 ) ) ;
#620 = AXIS2_PLACEMENT_3D ( 'NONE', #451, #1504, #1125 ) ;
#621 = CYLINDRICAL_SURFACE ( 'NONE', #1950, 1.500000000000001332 ) ;
#622 = ORIENTED_EDGE ( 'NONE', *, *, #191, .F. ) ;
#623 = AXIS2_PLACEMENT_3D ( 'NONE', #2121, #1452, #1801 ) ;
#624 = CARTESIAN_POINT ( 'NONE',  ( 37.50000000000002842, 49.00000000000002842, 6.000000000000000000 ) ) ;
#625 = ORIENTED_EDGE ( 'NONE', *, *, #2038, .F. ) ;
#626 = DIRECTION ( 'NONE',  ( 0.000000000000000000, 0.000000000000000000, 1.000000000000000000 ) ) ;
#627 = FACE_OUTER_BOUND ( 'NONE', #2221, .T. ) ;
#628 = ORIENTED_EDGE ( 'NONE', *, *, #1846, .T. ) ;
#629 = ORIENTED_EDGE ( 'NONE', *, *, #1446, .T. ) ;
#630 = EDGE_CURVE ( 'NONE', #775, #262, #956, .T. ) ;
#631 = DIRECTION ( 'NONE',  ( -1.000000000000000000, 0.000000000000000000, 0.000000000000000000 ) ) ;
#632 = LINE ( 'NONE', #1162, #1878 ) ;
#633 = DIRECTION ( 'NONE',  ( -0.000000000000000000, 0.000000000000000000, -1.000000000000000000 ) ) ;
#634 = DIRECTION ( 'NONE',  ( -1.000000000000000000, 0.000000000000000000, 0.000000000000000000 ) ) ;
#635 = ORIENTED_EDGE ( 'NONE', *, *, #1167, .F. ) ;
#636 = AXIS2_PLACEMENT_3D ( 'NONE', #1170, #1182, #304 ) ;
#637 = DIRECTION ( 'NONE',  ( -1.000000000000000000, 0.000000000000000000, 0.000000000000000000 ) ) ;
#638 = ORIENTED_EDGE ( 'NONE', *, *, #1121, .F. ) ;
#639 = ADVANCED_FACE ( 'NONE', ( #1847 ), #1957, .T. ) ;
#640 = VECTOR ( 'NONE', #1777, 1000.000000000000000 ) ;
#641 = FACE_OUTER_BOUND ( 'NONE', #1728, .T. ) ;
#642 = FACE_OUTER_BOUND ( 'NONE', #875, .T. ) ;
#643 = ORIENTED_EDGE ( 'NONE', *, *, #480, .F. ) ;
#644 = DIRECTION ( 'NONE',  ( -0.000000000000000000, 0.000000000000000000, -1.000000000000000000 ) ) ;
#645 = AXIS2_PLACEMENT_3D ( 'NONE', #1670, #1435, #1254 ) ;
#646 = CARTESIAN_POINT ( 'NONE',  ( -30.99999999999999289, 46.00000000000001421, 3.000000000000011546 ) ) ;
#647 = EDGE_CURVE ( 'NONE', #796, #2147, #125, .T. ) ;
#648 = LINE ( 'NONE', #943, #1381 ) ;
#649 = CARTESIAN_POINT ( 'NONE',  ( -30.99999999999999289, 44.50000000000000000, 6.000000000000000000 ) ) ;
#650 = VERTEX_POINT ( 'NONE', #1014 ) ;
#651 = EDGE_CURVE ( 'NONE', #38, #1482, #1188, .T. ) ;
#652 = APPLICATION_CONTEXT ( 'automotive_design' ) ;
#653 = CARTESIAN_POINT ( 'NONE',  ( 29.69000000000001194, 32.57999999999996277, 6.000000000000000000 ) ) ;
#654 = ORIENTED_EDGE ( 'NONE', *, *, #153, .F. ) ;
#655 = DIRECTION ( 'NONE',  ( 1.000000000000000000, 0.000000000000000000, 0.000000000000000000 ) ) ;
#656 = DIRECTION ( 'NONE',  ( -0.000000000000000000, 0.000000000000000000, -1.000000000000000000 ) ) ;
#657 = ORIENTED_EDGE ( 'NONE', *, *, #1746, .F. ) ;
#658 = CARTESIAN_POINT ( 'NONE',  ( -30.99999999999999289, 43.00000000000003553, 6.000000000000010658 ) ) ;
#659 = DIRECTION ( 'NONE',  ( -1.000000000000000000, 0.000000000000000000, 0.000000000000000000 ) ) ;
#660 = CIRCLE ( 'NONE', #360, 1.750000000000001554 ) ;
#661 = PLANE ( 'NONE',  #2099 ) ;
#662 = EDGE_LOOP ( 'NONE', ( #2225, #905, #1520, #135 ) ) ;
#663 = VECTOR ( 'NONE', #744, 1000.000000000000000 ) ;
#664 = VECTOR ( 'NONE', #387, 1000.000000000000000 ) ;
#665 = ADVANCED_FACE ( 'NONE', ( #1234 ), #1732, .F. ) ;
#666 = CARTESIAN_POINT ( 'NONE',  ( -21.99999999999998934, 35.00000000000003553, 6.000000000000000000 ) ) ;
#667 = ORIENTED_EDGE ( 'NONE', *, *, #546, .T. ) ;
#668 = CIRCLE ( 'NONE', #148, 1.750000000000001554 ) ;
#669 = FACE_OUTER_BOUND ( 'NONE', #1960, .T. ) ;
#670 = DIRECTION ( 'NONE',  ( 1.000000000000000000, 0.000000000000000000, 0.000000000000000000 ) ) ;
#671 = ORIENTED_EDGE ( 'NONE', *, *, #1817, .T. ) ;
#672 = FACE_OUTER_BOUND ( 'NONE', #871, .T. ) ;
#673 = CARTESIAN_POINT ( 'NONE',  ( 26.79379153194079421, 53.15549760449500383, 6.000000000000000000 ) ) ;
#674 = ORIENTED_EDGE ( 'NONE', *, *, #2214, .F. ) ;
#675 = UNCERTAINTY_MEASURE_WITH_UNIT (LENGTH_MEASURE( 1.000000000000000082E-05 ), #877, 'distance_accuracy_value', 'NONE');
#676 = FACE_OUTER_BOUND ( 'NONE', #1016, .T. ) ;
#677 = ORIENTED_EDGE ( 'NONE', *, *, #1947, .T. ) ;
#678 = EDGE_CURVE ( 'NONE', #1687, #1631, #831, .T. ) ;
#679 = CARTESIAN_POINT ( 'NONE',  ( 37.50000000000001421, -49.00000000000004263, 6.000000000000000000 ) ) ;
#680 = EDGE_LOOP ( 'NONE', ( #1979, #2206 ) ) ;
#681 = EDGE_CURVE ( 'NONE', #1827, #1835, #1417, .T. ) ;
#682 = VECTOR ( 'NONE', #2058, 1000.000000000000000 ) ;
#683 = DIRECTION ( 'NONE',  ( -0.000000000000000000, -0.000000000000000000, -1.000000000000000000 ) ) ;
#684 = CIRCLE ( 'NONE', #9, 1.750000000000001554 ) ;
#685 = DIRECTION ( 'NONE',  ( -0.000000000000000000, -0.000000000000000000, -1.000000000000000000 ) ) ;
#686 = VERTEX_POINT ( 'NONE', #841 ) ;
#687 = AXIS2_PLACEMENT_3D ( 'NONE', #1289, #1964, #1083 ) ;
#688 = FILL_AREA_STYLE ('',( #1924 ) ) ;
#689 = EDGE_LOOP ( 'NONE', ( #1783, #848, #2028, #1587 ) ) ;
#690 = DIRECTION ( 'NONE',  ( 1.000000000000000000, 0.000000000000000000, 0.000000000000000000 ) ) ;
#691 = EDGE_CURVE ( 'NONE', #1835, #173, #418, .T. ) ;
#692 = EDGE_CURVE ( 'NONE', #8, #1058, #2186, .T. ) ;
#693 = PRODUCT_CONTEXT ( 'NONE', #79, 'mechanical' ) ;
#694 = LINE ( 'NONE', #1738, #1426 ) ;
#695 = LINE ( 'NONE', #2081, #1656 ) ;
#696 = ORIENTED_EDGE ( 'NONE', *, *, #3, .F. ) ;
#697 = DIRECTION ( 'NONE',  ( 1.000000000000000000, 0.000000000000000000, 0.000000000000000000 ) ) ;
#698 = ORIENTED_EDGE ( 'NONE', *, *, #1270, .T. ) ;
#699 = DIRECTION ( 'NONE',  ( 0.000000000000000000, 0.000000000000000000, -1.000000000000000000 ) ) ;
#700 = ORIENTED_EDGE ( 'NONE', *, *, #2281, .F. ) ;
#701 = AXIS2_PLACEMENT_3D ( 'NONE', #2033, #1887, #1004 ) ;
#702 = DIRECTION ( 'NONE',  ( -0.000000000000000000, -0.000000000000000000, -1.000000000000000000 ) ) ;
#703 = EDGE_CURVE ( 'NONE', #222, #415, #10, .T. ) ;
#704 = CARTESIAN_POINT ( 'NONE',  ( -0.4999999999999692468, 51.00000000000000000, 6.000000000000000000 ) ) ;
#705 = ORIENTED_EDGE ( 'NONE', *, *, #1370, .T. ) ;
#706 = CARTESIAN_POINT ( 'NONE',  ( -30.99999999999999289, 46.00000000000000000, 0.000000000000000000 ) ) ;
#707 = ORIENTED_EDGE ( 'NONE', *, *, #1038, .T. ) ;
#708 = LINE ( 'NONE', #1756, #828 ) ;
#709 = EDGE_LOOP ( 'NONE', ( #803, #674, #207, #570 ) ) ;
#710 = CARTESIAN_POINT ( 'NONE',  ( 9.500000000000019540, -46.00000000000000711, 0.000000000000000000 ) ) ;
#711 = DIRECTION ( 'NONE',  ( 0.4124169361184673033, 0.9109952089899574501, 0.000000000000000000 ) ) ;
#712 = EDGE_CURVE ( 'NONE', #2125, #1154, #189, .T. ) ;
#713 = DIRECTION ( 'NONE',  ( 0.000000000000000000, -1.000000000000000000, 0.000000000000000000 ) ) ;
#714 =( NAMED_UNIT ( * ) PLANE_ANGLE_UNIT ( ) SI_UNIT ( $, .RADIAN. ) );
#715 = EDGE_LOOP ( 'NONE', ( #635, #1754, #1775, #134 ) ) ;
#716 = EDGE_CURVE ( 'NONE', #358, #78, #729, .T. ) ;
#717 = VECTOR ( 'NONE', #1050, 1000.000000000000000 ) ;
#718 = CARTESIAN_POINT ( 'NONE',  ( 10.50000000000003020, 48.00000000000002132, 0.000000000000000000 ) ) ;
#719 = CARTESIAN_POINT ( 'NONE',  ( 32.50000000000001421, -57.22500000000000853, 6.000000000000000000 ) ) ;
#720 = LINE ( 'NONE', #550, #766 ) ;
#721 = CARTESIAN_POINT ( 'NONE',  ( -32.50000000000000711, -41.50000000000002132, 6.000000000000000000 ) ) ;
#722 = DIRECTION ( 'NONE',  ( -1.000000000000000000, 0.000000000000000000, 0.000000000000000000 ) ) ;
#723 = ORIENTED_EDGE ( 'NONE', *, *, #480, .T. ) ;
#724 = EDGE_CURVE ( 'NONE', #8, #2084, #1938, .T. ) ;
#725 = DIRECTION ( 'NONE',  ( -0.000000000000000000, 0.000000000000000000, -1.000000000000000000 ) ) ;
#726 = VECTOR ( 'NONE', #1885, 1000.000000000000000 ) ;
#727 = ORIENTED_EDGE ( 'NONE', *, *, #1353, .F. ) ;
#728 = VECTOR ( 'NONE', #1448, 1000.000000000000000 ) ;
#729 = LINE ( 'NONE', #1406, #1191 ) ;
#730 = CARTESIAN_POINT ( 'NONE',  ( 21.50000000000001776, -38.00000000000002842, 6.000000000000000000 ) ) ;
#731 = VERTEX_POINT ( 'NONE', #1886 ) ;
#732 = CARTESIAN_POINT ( 'NONE',  ( -24.49999999999999645, -30.00000000000002132, 6.000000000000000000 ) ) ;
#733 = FACE_OUTER_BOUND ( 'NONE', #2006, .T. ) ;
#734 = ORIENTED_EDGE ( 'NONE', *, *, #571, .F. ) ;
#735 = DIRECTION ( 'NONE',  ( -0.000000000000000000, -0.000000000000000000, -1.000000000000000000 ) ) ;
#736 = ORIENTED_EDGE ( 'NONE', *, *, #1049, .T. ) ;
#737 = EDGE_CURVE ( 'NONE', #610, #455, #178, .T. ) ;
#738 = AXIS2_PLACEMENT_3D ( 'NONE', #792, #767, #778 ) ;
#739 = CARTESIAN_POINT ( 'NONE',  ( 27.50000000000001421, -51.20000000000003837, 0.000000000000000000 ) ) ;
#740 = ORIENTED_EDGE ( 'NONE', *, *, #1988, .F. ) ;
#741 = ADVANCED_FACE ( 'NONE', ( #473 ), #893, .F. ) ;
#742 = CIRCLE ( 'NONE', #2143, 1.000000000000000888 ) ;
#743 = FACE_OUTER_BOUND ( 'NONE', #760, .T. ) ;
#744 = DIRECTION ( 'NONE',  ( 2.515349040166371865E-15, 1.000000000000000000, 2.891205793294702978E-16 ) ) ;
#745 = LINE ( 'NONE', #1650, #894 ) ;
#746 = DIRECTION ( 'NONE',  ( -0.000000000000000000, -0.000000000000000000, -1.000000000000000000 ) ) ;
#747 = ORIENTED_EDGE ( 'NONE', *, *, #1411, .T. ) ;
#748 = DIRECTION ( 'NONE',  ( 0.000000000000000000, -0.000000000000000000, 1.000000000000000000 ) ) ;
#749 = ORIENTED_EDGE ( 'NONE', *, *, #1746, .T. ) ;
#750 = VECTOR ( 'NONE', #1991, 1000.000000000000000 ) ;
#751 = VECTOR ( 'NONE', #102, 1000.000000000000000 ) ;
#752 = ADVANCED_FACE ( 'NONE', ( #1225 ), #2118, .F. ) ;
#753 = CARTESIAN_POINT ( 'NONE',  ( 22.50000000000002132, -38.00000000000002842, 0.000000000000000000 ) ) ;
#754 = ORIENTED_EDGE ( 'NONE', *, *, #830, .F. ) ;
#755 = ADVANCED_FACE ( 'NONE', ( #1423 ), #2069, .T. ) ;
#756 = FACE_OUTER_BOUND ( 'NONE', #1403, .T. ) ;
#757 = ORIENTED_EDGE ( 'NONE', *, *, #179, .F. ) ;
#758 = CARTESIAN_POINT ( 'NONE',  ( 26.19000000000000838, 32.57999999999996277, 0.000000000000000000 ) ) ;
#759 = CARTESIAN_POINT ( 'NONE',  ( 36.65517241379312452, 52.86206896551727397, 6.000000000000000000 ) ) ;
#760 = EDGE_LOOP ( 'NONE', ( #224, #765, #2271, #1990 ) ) ;
#761 = CARTESIAN_POINT ( 'NONE',  ( 3.742640687119283438, -43.00000000000002132, 3.000000000000000000 ) ) ;
#762 = VERTEX_POINT ( 'NONE', #1786 ) ;
#763 = VECTOR ( 'NONE', #1674, 1000.000000000000000 ) ;
#764 = LINE ( 'NONE', #739, #1344 ) ;
#765 = ORIENTED_EDGE ( 'NONE', *, *, #518, .F. ) ;
#766 = VECTOR ( 'NONE', #583, 1000.000000000000000 ) ;
#767 = DIRECTION ( 'NONE',  ( 0.000000000000000000, 0.000000000000000000, 1.000000000000000000 ) ) ;
#768 = STYLED_ITEM ( 'NONE', ( #1057 ), #1560 ) ;
#769 = EDGE_LOOP ( 'NONE', ( #1507, #1806, #1742, #479 ) ) ;
#770 = ADVANCED_FACE ( 'NONE', ( #903 ), #1175, .F. ) ;
#771 = DIRECTION ( 'NONE',  ( 0.000000000000000000, 0.000000000000000000, -1.000000000000000000 ) ) ;
#772 = CYLINDRICAL_SURFACE ( 'NONE', #549, 0.5000000000000004441 ) ;
#773 = ORIENTED_EDGE ( 'NONE', *, *, #532, .F. ) ;
#774 = CARTESIAN_POINT ( 'NONE',  ( 20.30597281152818923, -51.00000000000003553, 6.000000000000000000 ) ) ;
#775 = VERTEX_POINT ( 'NONE', #1130 ) ;
#776 = DIRECTION ( 'NONE',  ( 0.000000000000000000, 0.000000000000000000, 1.000000000000000000 ) ) ;
#777 = ORIENTED_EDGE ( 'NONE', *, *, #873, .T. ) ;
#778 = DIRECTION ( 'NONE',  ( 1.000000000000000000, 0.000000000000000000, 0.000000000000000000 ) ) ;
#779 = DIRECTION ( 'NONE',  ( -0.000000000000000000, 0.000000000000000000, -1.000000000000000000 ) ) ;
#780 = DIRECTION ( 'NONE',  ( 1.000000000000000000, 0.000000000000000000, 0.000000000000000000 ) ) ;
#781 = EDGE_CURVE ( 'NONE', #1617, #40, #581, .T. ) ;
#782 = FACE_OUTER_BOUND ( 'NONE', #958, .T. ) ;
#783 = EDGE_LOOP ( 'NONE', ( #2116, #582, #917 ) ) ;
#784 = ADVANCED_FACE ( 'NONE', ( #396 ), #1097, .F. ) ;
#785 = LINE ( 'NONE', #995, #2153 ) ;
#786 = ORIENTED_EDGE ( 'NONE', *, *, #1288, .T. ) ;
#787 = DIRECTION ( 'NONE',  ( 1.508455196501571183E-16, 1.000000000000000000, 0.000000000000000000 ) ) ;
#788 = VECTOR ( 'NONE', #558, 1000.000000000000000 ) ;
#789 = DIRECTION ( 'NONE',  ( -1.000000000000000000, 0.000000000000000000, 0.000000000000000000 ) ) ;
#790 = EDGE_LOOP ( 'NONE', ( #1770, #146, #1679, #657 ) ) ;
#791 = VECTOR ( 'NONE', #265, 1000.000000000000000 ) ;
#792 = CARTESIAN_POINT ( 'NONE',  ( -22.49999999999999645, -37.00000000000002132, 6.000000000000000000 ) ) ;
#793 = CARTESIAN_POINT ( 'NONE',  ( 37.50000000000002842, 49.00000000000002842, 0.000000000000000000 ) ) ;
#794 = CARTESIAN_POINT ( 'NONE',  ( 9.500000000000019540, -46.00000000000000711, 6.000000000000000000 ) ) ;
#795 = DIRECTION ( 'NONE',  ( 1.000000000000000000, 0.000000000000000000, 0.000000000000000000 ) ) ;
#796 = VERTEX_POINT ( 'NONE', #1085 ) ;
#797 = DIRECTION ( 'NONE',  ( -1.000000000000000000, 3.469446951953614583E-15, 0.000000000000000000 ) ) ;
#798 = ORIENTED_EDGE ( 'NONE', *, *, #445, .F. ) ;
#799 = EDGE_CURVE ( 'NONE', #1987, #1230, #1457, .T. ) ;
#800 = DIRECTION ( 'NONE',  ( 1.000000000000000000, 0.000000000000000000, 0.000000000000000000 ) ) ;
#801 = CARTESIAN_POINT ( 'NONE',  ( 32.50000000000001421, -57.22500000000000853, 6.000000000000000000 ) ) ;
#802 = ORIENTED_EDGE ( 'NONE', *, *, #1332, .F. ) ;
#803 = ORIENTED_EDGE ( 'NONE', *, *, #373, .F. ) ;
#804 = VECTOR ( 'NONE', #117, 1000.000000000000000 ) ;
#805 = CARTESIAN_POINT ( 'NONE',  ( 37.00000000000002842, 52.50000000000003553, 6.000000000000000000 ) ) ;
#806 = PLANE ( 'NONE',  #1360 ) ;
#807 = CARTESIAN_POINT ( 'NONE',  ( 37.50000000000001421, -49.00000000000004263, 0.000000000000000000 ) ) ;
#808 = AXIS2_PLACEMENT_3D ( 'NONE', #2264, #1216, #2275 ) ;
#809 = CARTESIAN_POINT ( 'NONE',  ( 10.50000000000003020, 49.00000000000002842, 0.000000000000000000 ) ) ;
#810 = ORIENTED_EDGE ( 'NONE', *, *, #1647, .T. ) ;
#811 = LINE ( 'NONE', #1153, #1386 ) ;
#812 = ORIENTED_EDGE ( 'NONE', *, *, #799, .F. ) ;
#813 = CARTESIAN_POINT ( 'NONE',  ( -29.68999999999999773, -36.00000000000002842, -4.000000000000000000 ) ) ;
#814 = CARTESIAN_POINT ( 'NONE',  ( 23.60530830047592943, -51.71203832808038214, 6.000000000000000000 ) ) ;
#815 = ORIENTED_EDGE ( 'NONE', *, *, #1049, .F. ) ;
#816 = EDGE_CURVE ( 'NONE', #686, #245, #52, .T. ) ;
#817 = ADVANCED_FACE ( 'NONE', ( #938 ), #1472, .T. ) ;
#818 = DIRECTION ( 'NONE',  ( 0.000000000000000000, 1.000000000000000000, 0.000000000000000000 ) ) ;
#819 = LINE ( 'NONE', #1525, #876 ) ;
#820 = DIRECTION ( 'NONE',  ( 1.000000000000000000, 0.000000000000000000, 0.000000000000000000 ) ) ;
#821 = DIRECTION ( 'NONE',  ( -0.000000000000000000, -0.000000000000000000, -1.000000000000000000 ) ) ;
#822 = ORIENTED_EDGE ( 'NONE', *, *, #307, .T. ) ;
#823 = AXIS2_PLACEMENT_3D ( 'NONE', #2166, #562, #1463 ) ;
#824 = LINE ( 'NONE', #666, #791 ) ;
#825 = ORIENTED_EDGE ( 'NONE', *, *, #1118, .F. ) ;
#826 = LINE ( 'NONE', #2064, #804 ) ;
#827 = DIRECTION ( 'NONE',  ( 0.000000000000000000, 0.000000000000000000, -1.000000000000000000 ) ) ;
#828 = VECTOR ( 'NONE', #1568, 1000.000000000000000 ) ;
#829 = DIRECTION ( 'NONE',  ( -1.000000000000000000, 0.000000000000000000, 0.000000000000000000 ) ) ;
#830 = EDGE_CURVE ( 'NONE', #1230, #1688, #1784, .T. ) ;
#831 = LINE ( 'NONE', #1186, #311 ) ;
#832 = DIRECTION ( 'NONE',  ( -3.016910393003143352E-16, -1.000000000000000000, 0.000000000000000000 ) ) ;
#833 = ORIENTED_EDGE ( 'NONE', *, *, #1609, .F. ) ;
#834 = PLANE ( 'NONE',  #84 ) ;
#835 = ORIENTED_EDGE ( 'NONE', *, *, #88, .T. ) ;
#836 = CYLINDRICAL_SURFACE ( 'NONE', #1397, 1.750000000000001554 ) ;
#837 = DIRECTION ( 'NONE',  ( -0.000000000000000000, 0.000000000000000000, -1.000000000000000000 ) ) ;
#838 = ORIENTED_EDGE ( 'NONE', *, *, #647, .T. ) ;
#839 =( BOUNDED_CURVE ( )  B_SPLINE_CURVE ( 3, ( #1973, #13, #1236, #1066 ),
 .UNSPECIFIED., .F., .F. ) 
 B_SPLINE_CURVE_WITH_KNOTS ( ( 4, 4 ),
 ( 1.570796326794892561, 3.141592653589793116 ),
 .UNSPECIFIED. ) 
 CURVE ( )  GEOMETRIC_REPRESENTATION_ITEM ( )  RATIONAL_B_SPLINE_CURVE ( ( 1.000000000000000000, 0.8047378541243640493, 0.8047378541243640493, 1.000000000000000000 ) ) 
 REPRESENTATION_ITEM ( '' )  );
#840 = CARTESIAN_POINT ( 'NONE',  ( 22.50000000000002132, -37.00000000000002842, 6.000000000000000000 ) ) ;
#841 = CARTESIAN_POINT ( 'NONE',  ( 26.79379153194078000, -53.15549760449501804, 6.000000000000000000 ) ) ;
#842 = AXIS2_PLACEMENT_3D ( 'NONE', #2044, #461, #1349 ) ;
#843 = DIRECTION ( 'NONE',  ( 0.000000000000000000, 0.000000000000000000, 1.000000000000000000 ) ) ;
#844 = VERTEX_POINT ( 'NONE', #1796 ) ;
#845 = EDGE_CURVE ( 'NONE', #844, #1629, #764, .T. ) ;
#846 = AXIS2_PLACEMENT_3D ( 'NONE', #1624, #1257, #916 ) ;
#847 = CARTESIAN_POINT ( 'NONE',  ( 32.49999999999999289, -46.00000000000000000, 6.000000000000000000 ) ) ;
#848 = ORIENTED_EDGE ( 'NONE', *, *, #2007, .T. ) ;
#849 = EDGE_CURVE ( 'NONE', #1045, #1954, #1119, .T. ) ;
#850 = AXIS2_PLACEMENT_3D ( 'NONE', #1692, #463, #1323 ) ;
#851 = CARTESIAN_POINT ( 'NONE',  ( 37.50000000000001421, -49.00000000000004263, 0.000000000000000000 ) ) ;
#852 = CARTESIAN_POINT ( 'NONE',  ( 37.50000000000002842, 49.00000000000002842, 6.000000000000000000 ) ) ;
#853 = CARTESIAN_POINT ( 'NONE',  ( -27.99999999999999289, -29.00000000000002132, 0.000000000000000000 ) ) ;
#854 =( BOUNDED_CURVE ( )  B_SPLINE_CURVE ( 3, ( #383, #196, #1805, #219 ),
 .UNSPECIFIED., .F., .T. ) 
 B_SPLINE_CURVE_WITH_KNOTS ( ( 4, 4 ),
 ( 3.141592653589793116, 4.712388980384689674 ),
 .UNSPECIFIED. ) 
 CURVE ( )  GEOMETRIC_REPRESENTATION_ITEM ( )  RATIONAL_B_SPLINE_CURVE ( ( 1.000000000000000000, 0.8047378541243649375, 0.8047378541243649375, 1.000000000000000000 ) ) 
 REPRESENTATION_ITEM ( '' )  );
#855 = LINE ( 'NONE', #874, #1839 ) ;
#856 = ORIENTED_EDGE ( 'NONE', *, *, #546, .F. ) ;
#857 = EDGE_CURVE ( 'NONE', #308, #1987, #1156, .T. ) ;
#858 = CARTESIAN_POINT ( 'NONE',  ( -0.4999999999999692468, 51.00000000000000000, 0.000000000000000000 ) ) ;
#859 = ORIENTED_EDGE ( 'NONE', *, *, #259, .T. ) ;
#860 = EDGE_CURVE ( 'NONE', #1874, #1518, #1856, .T. ) ;
#861 = CARTESIAN_POINT ( 'NONE',  ( 27.94000000000000838, 32.57999999999996277, 0.000000000000000000 ) ) ;
#862 = ORIENTED_EDGE ( 'NONE', *, *, #42, .F. ) ;
#863 = ORIENTED_EDGE ( 'NONE', *, *, #1197, .T. ) ;
#864 = DIRECTION ( 'NONE',  ( 0.000000000000000000, 0.000000000000000000, 1.000000000000000000 ) ) ;
#865 = CARTESIAN_POINT ( 'NONE',  ( 26.19000000000000838, 32.57999999999996277, -4.000000000000000000 ) ) ;
#866 = AXIS2_PLACEMENT_3D ( 'NONE', #2146, #735, #935 ) ;
#867 = CARTESIAN_POINT ( 'NONE',  ( 32.50000000000002132, 45.99999999999998579, 0.000000000000000000 ) ) ;
#868 = VERTEX_POINT ( 'NONE', #409 ) ;
#869 = VECTOR ( 'NONE', #902, 1000.000000000000000 ) ;
#870 = DIRECTION ( 'NONE',  ( 0.000000000000000000, 0.000000000000000000, -1.000000000000000000 ) ) ;
#871 = EDGE_LOOP ( 'NONE', ( #120, #269, #2278, #500 ) ) ;
#872 = CARTESIAN_POINT ( 'NONE',  ( -32.50000000000000711, -44.50000000000000000, 1.500000000000000000 ) ) ;
#873 = EDGE_CURVE ( 'NONE', #775, #1745, #41, .T. ) ;
#874 = CARTESIAN_POINT ( 'NONE',  ( 10.50000000000003020, 49.00000000000002842, 6.000000000000000000 ) ) ;
#875 = EDGE_LOOP ( 'NONE', ( #1309, #1453, #1228, #1413 ) ) ;
#876 = VECTOR ( 'NONE', #2057, 1000.000000000000000 ) ;
#877 =( LENGTH_UNIT ( ) NAMED_UNIT ( * ) SI_UNIT ( .MILLI., .METRE. ) );
#878 = ORIENTED_EDGE ( 'NONE', *, *, #737, .F. ) ;
#879 = PRODUCT ( 'Motor Driver Clip Shelf - Left', 'Motor Driver Clip Shelf - Left', '', ( #693 ) ) ;
#880 = LINE ( 'NONE', #1232, #897 ) ;
#881 = ORIENTED_EDGE ( 'NONE', *, *, #799, .T. ) ;
#882 = AXIS2_PLACEMENT_3D ( 'NONE', #1054, #1939, #2256 ) ;
#883 = EDGE_CURVE ( 'NONE', #2093, #604, #1828, .T. ) ;
#884 = CARTESIAN_POINT ( 'NONE',  ( 27.50000000000002842, 51.20000000000002416, 6.000000000000000000 ) ) ;
#885 = EDGE_CURVE ( 'NONE', #1172, #1874, #948, .T. ) ;
#886 = CYLINDRICAL_SURFACE ( 'NONE', #147, 1.750000000000001554 ) ;
#887 = ORIENTED_EDGE ( 'NONE', *, *, #1383, .F. ) ;
#888 = CARTESIAN_POINT ( 'NONE',  ( 26.19000000000000128, -36.00000000000003553, -4.000000000000000000 ) ) ;
#889 = DIRECTION ( 'NONE',  ( 1.000000000000000000, 0.000000000000000000, 0.000000000000000000 ) ) ;
#890 = EDGE_LOOP ( 'NONE', ( #2109, #176, #1447, #1529 ) ) ;
#891 = LINE ( 'NONE', #525, #498 ) ;
#892 = VECTOR ( 'NONE', #633, 1000.000000000000000 ) ;
#893 = PLANE ( 'NONE',  #1934 ) ;
#894 = VECTOR ( 'NONE', #608, 1000.000000000000000 ) ;
#895 = PLANE ( 'NONE',  #1701 ) ;
#896 = EDGE_CURVE ( 'NONE', #182, #590, #2050, .T. ) ;
#897 = VECTOR ( 'NONE', #174, 1000.000000000000000 ) ;
#898 = CARTESIAN_POINT ( 'NONE',  ( 26.79379153194079421, 53.15549760449500383, 0.000000000000000000 ) ) ;
#899 = CARTESIAN_POINT ( 'NONE',  ( -23.49999999999999645, -38.00000000000002132, 0.000000000000000000 ) ) ;
#900 = ORIENTED_EDGE ( 'NONE', *, *, #109, .T. ) ;
#901 = AXIS2_PLACEMENT_3D ( 'NONE', #1889, #1140, #1179 ) ;
#902 = DIRECTION ( 'NONE',  ( 1.000000000000000000, 0.000000000000000000, 0.000000000000000000 ) ) ;
#903 = FACE_OUTER_BOUND ( 'NONE', #982, .T. ) ;
#904 = FACE_OUTER_BOUND ( 'NONE', #662, .T. ) ;
#905 = ORIENTED_EDGE ( 'NONE', *, *, #218, .T. ) ;
#906 = FACE_BOUND ( 'NONE', #1108, .T. ) ;
#907 = ADVANCED_FACE ( 'NONE', ( #1279 ), #1107, .F. ) ;
#908 = DIRECTION ( 'NONE',  ( -1.000000000000000000, 3.016910393003143352E-16, 0.000000000000000000 ) ) ;
#909 = VERTEX_POINT ( 'NONE', #386 ) ;
#910 = ADVANCED_FACE ( 'NONE', ( #211 ), #914, .F. ) ;
#911 = CARTESIAN_POINT ( 'NONE',  ( -30.99999999999999289, 46.00000000000002132, 3.000000000000011546 ) ) ;
#912 = VERTEX_POINT ( 'NONE', #93 ) ;
#913 = CIRCLE ( 'NONE', #1132, 1.000000000000000888 ) ;
#914 = CYLINDRICAL_SURFACE ( 'NONE', #1937, 7.999999999999998224 ) ;
#915 = VECTOR ( 'NONE', #1616, 1000.000000000000000 ) ;
#916 = DIRECTION ( 'NONE',  ( 1.000000000000000000, 0.000000000000000000, 0.000000000000000000 ) ) ;
#917 = ORIENTED_EDGE ( 'NONE', *, *, #1064, .T. ) ;
#918 = CARTESIAN_POINT ( 'NONE',  ( -0.4999999999999816813, -51.00000000000000711, 0.000000000000000000 ) ) ;
#919 = LINE ( 'NONE', #1628, #1551 ) ;
#920 = ORIENTED_EDGE ( 'NONE', *, *, #203, .T. ) ;
#921 = ADVANCED_FACE ( 'NONE', ( #642 ), #482, .F. ) ;
#922 = CIRCLE ( 'NONE', #738, 1.000000000000000888 ) ;
#923 = LINE ( 'NONE', #589, #869 ) ;
#924 = ORIENTED_EDGE ( 'NONE', *, *, #419, .T. ) ;
#925 = AXIS2_PLACEMENT_3D ( 'NONE', #1908, #122, #507 ) ;
#926 = ADVANCED_FACE ( 'NONE', ( #118 ), #1143, .F. ) ;
#927 = CARTESIAN_POINT ( 'NONE',  ( -31.00000000000000711, -43.00000000000002132, 6.000000000000000000 ) ) ;
#928 = ORIENTED_EDGE ( 'NONE', *, *, #857, .T. ) ;
#929 = VECTOR ( 'NONE', #225, 1000.000000000000000 ) ;
#930 = CARTESIAN_POINT ( 'NONE',  ( -28.99999999999998934, 27.00000000000003908, 0.000000000000000000 ) ) ;
#931 = ORIENTED_EDGE ( 'NONE', *, *, #2079, .T. ) ;
#932 = CARTESIAN_POINT ( 'NONE',  ( -27.99999999999999289, -30.00000000000002487, 0.000000000000000000 ) ) ;
#933 = PLANE ( 'NONE',  #1740 ) ;
#934 = EDGE_LOOP ( 'NONE', ( #1178, #410, #1914, #2003 ) ) ;
#935 = DIRECTION ( 'NONE',  ( 1.000000000000000000, 0.000000000000000000, 0.000000000000000000 ) ) ;
#936 = VERTEX_POINT ( 'NONE', #305 ) ;
#937 = AXIS2_PLACEMENT_3D ( 'NONE', #974, #2027, #443 ) ;
#938 = FACE_OUTER_BOUND ( 'NONE', #371, .T. ) ;
#939 = ADVANCED_FACE ( 'NONE', ( #1157 ), #1314, .F. ) ;
#940 = ORIENTED_EDGE ( 'NONE', *, *, #232, .T. ) ;
#941 = DIRECTION ( 'NONE',  ( 1.000000000000000000, 0.000000000000000000, 0.000000000000000000 ) ) ;
#942 = ORIENTED_EDGE ( 'NONE', *, *, #857, .F. ) ;
#943 = CARTESIAN_POINT ( 'NONE',  ( -0.4999999999999816813, -51.00000000000000711, 6.000000000000000000 ) ) ;
#944 = DIRECTION ( 'NONE',  ( -0.000000000000000000, 0.000000000000000000, -1.000000000000000000 ) ) ;
#945 = ORIENTED_EDGE ( 'NONE', *, *, #1566, .F. ) ;
#946 = DIRECTION ( 'NONE',  ( -1.000000000000000000, 0.000000000000000000, -0.000000000000000000 ) ) ;
#947 = ORIENTED_EDGE ( 'NONE', *, *, #2254, .T. ) ;
#948 = LINE ( 'NONE', #31, #128 ) ;
#949 = VERTEX_POINT ( 'NONE', #1853 ) ;
#950 = EDGE_CURVE ( 'NONE', #256, #573, #2198, .T. ) ;
#951 = AXIS2_PLACEMENT_3D ( 'NONE', #1769, #1187, #1761 ) ;
#952 = LINE ( 'NONE', #1648, #1060 ) ;
#953 = CIRCLE ( 'NONE', #2253, 1.000000000000000888 ) ;
#954 = CARTESIAN_POINT ( 'NONE',  ( -21.99999999999998934, 27.00000000000003908, 6.000000000000000000 ) ) ;
#955 = EDGE_CURVE ( 'NONE', #2063, #441, #684, .T. ) ;
#956 = LINE ( 'NONE', #70, #1340 ) ;
#957 = CYLINDRICAL_SURFACE ( 'NONE', #1278, 1.500000000000001332 ) ;
#958 = EDGE_LOOP ( 'NONE', ( #1346, #1511, #2211, #1672 ) ) ;
#959 = FACE_OUTER_BOUND ( 'NONE', #243, .T. ) ;
#960 = ORIENTED_EDGE ( 'NONE', *, *, #121, .T. ) ;
#961 = DIRECTION ( 'NONE',  ( -0.000000000000000000, -0.000000000000000000, 1.000000000000000000 ) ) ;
#962 = VERTEX_POINT ( 'NONE', #268 ) ;
#963 = LINE ( 'NONE', #2174, #411 ) ;
#964 = FACE_OUTER_BOUND ( 'NONE', #1429, .T. ) ;
#965 = VECTOR ( 'NONE', #972, 1000.000000000000000 ) ;
#966 = LINE ( 'NONE', #2046, #123 ) ;
#967 = CARTESIAN_POINT ( 'NONE',  ( -32.50000000000000711, -41.50000000000002132, 1.500000000000000000 ) ) ;
#968 = ORIENTED_EDGE ( 'NONE', *, *, #235, .T. ) ;
#969 = EDGE_CURVE ( 'NONE', #650, #686, #1534, .T. ) ;
#970 = CARTESIAN_POINT ( 'NONE',  ( 21.50000000000001776, -37.00000000000002842, 0.000000000000000000 ) ) ;
#971 = ORIENTED_EDGE ( 'NONE', *, *, #2090, .F. ) ;
#972 = DIRECTION ( 'NONE',  ( -0.000000000000000000, 0.000000000000000000, -1.000000000000000000 ) ) ;
#973 = AXIS2_PLACEMENT_3D ( 'NONE', #1382, #1031, #1747 ) ;
#974 = CARTESIAN_POINT ( 'NONE',  ( 27.00000000000001421, -52.70000000000003837, 6.000000000000000000 ) ) ;
#975 = VERTEX_POINT ( 'NONE', #2210 ) ;
#976 = ORIENTED_EDGE ( 'NONE', *, *, #73, .T. ) ;
#977 = VECTOR ( 'NONE', #247, 1000.000000000000000 ) ;
#978 = LINE ( 'NONE', #433, #448 ) ;
#979 = CARTESIAN_POINT ( 'NONE',  ( -23.49999999999999645, -31.00000000000002132, 0.000000000000000000 ) ) ;
#980 = DIRECTION ( 'NONE',  ( 0.000000000000000000, 0.000000000000000000, 1.000000000000000000 ) ) ;
#981 = DIRECTION ( 'NONE',  ( -1.000000000000000000, 0.000000000000000000, -0.000000000000000000 ) ) ;
#982 = EDGE_LOOP ( 'NONE', ( #1793, #1699, #1888, #1223 ) ) ;
#983 = ADVANCED_FACE ( 'NONE', ( #627 ), #2065, .F. ) ;
#984 = CYLINDRICAL_SURFACE ( 'NONE', #1198, 1.500000000000001332 ) ;
#985 = ORIENTED_EDGE ( 'NONE', *, *, #376, .T. ) ;
#986 = EDGE_CURVE ( 'NONE', #245, #2037, #1171, .T. ) ;
#987 = DIRECTION ( 'NONE',  ( 0.000000000000000000, 0.000000000000000000, 1.000000000000000000 ) ) ;
#988 = CARTESIAN_POINT ( 'NONE',  ( 27.50000000000002842, 52.70000000000002416, 6.000000000000000000 ) ) ;
#989 = AXIS2_PLACEMENT_3D ( 'NONE', #1697, #1521, #2249 ) ;
#990 = PLANE ( 'NONE',  #2139 ) ;
#991 = CARTESIAN_POINT ( 'NONE',  ( -31.87867965644035451, 46.00000000000000000, 3.000000000000011546 ) ) ;
#992 = LINE ( 'NONE', #2176, #2180 ) ;
#993 = DIRECTION ( 'NONE',  ( -0.000000000000000000, 0.000000000000000000, -1.000000000000000000 ) ) ;
#994 = ORIENTED_EDGE ( 'NONE', *, *, #338, .T. ) ;
#995 = CARTESIAN_POINT ( 'NONE',  ( 32.50000000000002132, 45.99999999999998579, 6.000000000000000000 ) ) ;
#996 = VERTEX_POINT ( 'NONE', #491 ) ;
#997 = PRODUCT_RELATED_PRODUCT_CATEGORY ( 'part', '', ( #879 ) ) ;
#998 = FACE_OUTER_BOUND ( 'NONE', #2066, .T. ) ;
#999 = DIRECTION ( 'NONE',  ( -0.000000000000000000, 0.000000000000000000, -1.000000000000000000 ) ) ;
#1000 = ORIENTED_EDGE ( 'NONE', *, *, #691, .F. ) ;
#1001 = EDGE_CURVE ( 'NONE', #173, #1128, #1904, .T. ) ;
#1002 = CARTESIAN_POINT ( 'NONE',  ( -32.49999999999999289, 41.50000000000003553, 4.500000000000000888 ) ) ;
#1003 = CARTESIAN_POINT ( 'NONE',  ( 21.50000000000001776, 35.00000000000003553, 0.000000000000000000 ) ) ;
#1004 = DIRECTION ( 'NONE',  ( 1.000000000000000000, 0.000000000000000000, 0.000000000000000000 ) ) ;
#1005 = VERTEX_POINT ( 'NONE', #1020 ) ;
#1006 = DIRECTION ( 'NONE',  ( -0.000000000000000000, 0.000000000000000000, -1.000000000000000000 ) ) ;
#1007 = ORIENTED_EDGE ( 'NONE', *, *, #1972, .T. ) ;
#1008 = CARTESIAN_POINT ( 'NONE',  ( 27.50000000000002842, 51.20000000000002416, 0.000000000000000000 ) ) ;
#1009 = CARTESIAN_POINT ( 'NONE',  ( -26.18999999999999417, -36.00000000000002842, 0.000000000000000000 ) ) ;
#1010 = ORIENTED_EDGE ( 'NONE', *, *, #950, .F. ) ;
#1011 = ADVANCED_FACE ( 'NONE', ( #1545 ), #1535, .F. ) ;
#1012 = CIRCLE ( 'NONE', #1450, 1.000000000000004441 ) ;
#1013 = LINE ( 'NONE', #1730, #1653 ) ;
#1014 = CARTESIAN_POINT ( 'NONE',  ( 27.50000000000001421, -52.70000000000003837, 6.000000000000000000 ) ) ;
#1015 = CARTESIAN_POINT ( 'NONE',  ( -28.99999999999998934, 26.00000000000003908, 6.000000000000000000 ) ) ;
#1016 = EDGE_LOOP ( 'NONE', ( #1120, #1359, #66, #1642 ) ) ;
#1017 = CARTESIAN_POINT ( 'NONE',  ( 27.94000000000000128, -36.00000000000003553, -4.000000000000000000 ) ) ;
#1018 = ORIENTED_EDGE ( 'NONE', *, *, #1696, .T. ) ;
#1019 = CARTESIAN_POINT ( 'NONE',  ( 32.50000000000002842, 57.22499999999999432, 6.000000000000000000 ) ) ;
#1020 = CARTESIAN_POINT ( 'NONE',  ( 20.30597281152818923, -51.00000000000003553, 0.000000000000000000 ) ) ;
#1021 = DIRECTION ( 'NONE',  ( 1.000000000000000000, -3.016910393003143845E-16, 0.000000000000000000 ) ) ;
#1022 = ADVANCED_FACE ( 'NONE', ( #296 ), #1737, .F. ) ;
#1023 = AXIS2_PLACEMENT_3D ( 'NONE', #1649, #1790, #34 ) ;
#1024 = CARTESIAN_POINT ( 'NONE',  ( -29.68999999999999062, 32.57999999999996987, 6.000000000000000000 ) ) ;
#1025 = ORIENTED_EDGE ( 'NONE', *, *, #1242, .F. ) ;
#1026 = ADVANCED_FACE ( 'NONE', ( #107 ), #2223, .F. ) ;
#1027 = VECTOR ( 'NONE', #1086, 1000.000000000000000 ) ;
#1028 = FACE_OUTER_BOUND ( 'NONE', #459, .T. ) ;
#1029 = ORIENTED_EDGE ( 'NONE', *, *, #1133, .T. ) ;
#1030 = PRESENTATION_LAYER_ASSIGNMENT (  '', '', ( #768 ) ) ;
#1031 = DIRECTION ( 'NONE',  ( -3.016910393003146310E-16, 1.000000000000000000, 0.000000000000000000 ) ) ;
#1032 = ORIENTED_EDGE ( 'NONE', *, *, #1767, .F. ) ;
#1033 = FACE_OUTER_BOUND ( 'NONE', #394, .T. ) ;
#1034 = CARTESIAN_POINT ( 'NONE',  ( -20.99999999999998579, 34.00000000000003553, 0.000000000000000000 ) ) ;
#1035 = CARTESIAN_POINT ( 'NONE',  ( -22.49999999999999645, -37.00000000000002132, 0.000000000000000000 ) ) ;
#1036 = ORIENTED_EDGE ( 'NONE', *, *, #1636, .F. ) ;
#1037 = VECTOR ( 'NONE', #1293, 1000.000000000000000 ) ;
#1038 = EDGE_CURVE ( 'NONE', #140, #475, #282, .T. ) ;
#1039 = CYLINDRICAL_SURFACE ( 'NONE', #2269, 1.750000000000001554 ) ;
#1040 = VERTEX_POINT ( 'NONE', #1698 ) ;
#1041 = DIRECTION ( 'NONE',  ( 0.9109952089899573391, 0.4124169361184673588, 0.000000000000000000 ) ) ;
#1042 = ORIENTED_EDGE ( 'NONE', *, *, #559, .F. ) ;
#1043 = AXIS2_PLACEMENT_3D ( 'NONE', #255, #961, #603 ) ;
#1044 = PLANE ( 'NONE',  #808 ) ;
#1045 = VERTEX_POINT ( 'NONE', #1009 ) ;
#1046 = VECTOR ( 'NONE', #1794, 1000.000000000000000 ) ;
#1047 = DIRECTION ( 'NONE',  ( -1.000000000000000000, 0.000000000000000000, 0.000000000000000000 ) ) ;
#1048 = ORIENTED_EDGE ( 'NONE', *, *, #781, .T. ) ;
#1049 = EDGE_CURVE ( 'NONE', #1543, #1827, #133, .T. ) ;
#1050 = DIRECTION ( 'NONE',  ( 0.000000000000000000, -1.000000000000000000, 0.000000000000000000 ) ) ;
#1051 = ORIENTED_EDGE ( 'NONE', *, *, #1411, .F. ) ;
#1052 = EDGE_CURVE ( 'NONE', #103, #1745, #1946, .T. ) ;
#1053 = DIRECTION ( 'NONE',  ( -1.000000000000000000, 0.000000000000000000, 0.000000000000000000 ) ) ;
#1054 = CARTESIAN_POINT ( 'NONE',  ( 23.60530830047594364, 51.71203832808036793, 6.000000000000000000 ) ) ;
#1055 = ORIENTED_EDGE ( 'NONE', *, *, #613, .T. ) ;
#1056 = LINE ( 'NONE', #1799, #226 ) ;
#1057 = PRESENTATION_STYLE_ASSIGNMENT (( #184 ) ) ;
#1058 = VERTEX_POINT ( 'NONE', #352 ) ;
#1059 = AXIS2_PLACEMENT_3D ( 'NONE', #214, #2164, #238 ) ;
#1060 = VECTOR ( 'NONE', #2030, 1000.000000000000000 ) ;
#1061 = CARTESIAN_POINT ( 'NONE',  ( -27.99999999999998579, 27.00000000000003908, 6.000000000000000000 ) ) ;
#1062 = VECTOR ( 'NONE', #404, 1000.000000000000000 ) ;
#1063 = CARTESIAN_POINT ( 'NONE',  ( 22.50000000000002132, -37.00000000000002842, 0.000000000000000000 ) ) ;
#1064 = EDGE_CURVE ( 'NONE', #962, #775, #1935, .T. ) ;
#1065 = LINE ( 'NONE', #1993, #1618 ) ;
#1066 = CARTESIAN_POINT ( 'NONE',  ( -30.99999999999999289, 43.00000000000003553, 3.000000000000010658 ) ) ;
#1067 = CARTESIAN_POINT ( 'NONE',  ( 27.50000000000001421, -51.20000000000003837, 0.000000000000000000 ) ) ;
#1068 = ORIENTED_EDGE ( 'NONE', *, *, #678, .T. ) ;
#1069 = PLANE ( 'NONE',  #973 ) ;
#1070 = ORIENTED_EDGE ( 'NONE', *, *, #324, .T. ) ;
#1071 = DIRECTION ( 'NONE',  ( 1.000000000000000000, 0.000000000000000000, 0.000000000000000000 ) ) ;
#1072 = EDGE_CURVE ( 'NONE', #537, #256, #1588, .T. ) ;
#1073 = AXIS2_PLACEMENT_3D ( 'NONE', #2242, #1600, #1053 ) ;
#1074 = DIRECTION ( 'NONE',  ( 0.9109952089899574501, -0.4124169361184673033, 0.000000000000000000 ) ) ;
#1075 = VERTEX_POINT ( 'NONE', #1955 ) ;
#1076 = EDGE_CURVE ( 'NONE', #949, #1300, #891, .T. ) ;
#1077 = VECTOR ( 'NONE', #39, 1000.000000000000000 ) ;
#1078 = FACE_BOUND ( 'NONE', #1190, .T. ) ;
#1079 = DIRECTION ( 'NONE',  ( 1.217349807703021130E-16, 1.000000000000000000, 0.000000000000000000 ) ) ;
#1080 = VERTEX_POINT ( 'NONE', #2115 ) ;
#1081 = VECTOR ( 'NONE', #1722, 1000.000000000000000 ) ;
#1082 =( BOUNDED_CURVE ( )  B_SPLINE_CURVE ( 3, ( #706, #1412, #328, #1744 ),
 .UNSPECIFIED., .F., .T. ) 
 B_SPLINE_CURVE_WITH_KNOTS ( ( 4, 4 ),
 ( 1.508455196501571676E-16, 1.570796326794900777 ),
 .UNSPECIFIED. ) 
 CURVE ( )  GEOMETRIC_REPRESENTATION_ITEM ( )  RATIONAL_B_SPLINE_CURVE ( ( 1.000000000000000000, 0.8047378541243640493, 0.8047378541243640493, 1.000000000000000000 ) ) 
 REPRESENTATION_ITEM ( '' )  );
#1083 = DIRECTION ( 'NONE',  ( -1.508455196501571183E-16, -1.000000000000000000, 0.000000000000000000 ) ) ;
#1084 = EDGE_LOOP ( 'NONE', ( #1369, #1695, #1196, #2094 ) ) ;
#1085 = CARTESIAN_POINT ( 'NONE',  ( 9.500000000000019540, -46.00000000000000711, 0.000000000000000000 ) ) ;
#1086 = DIRECTION ( 'NONE',  ( -0.000000000000000000, 0.000000000000000000, -1.000000000000000000 ) ) ;
#1087 = EDGE_CURVE ( 'NONE', #590, #1905, #536, .T. ) ;
#1088 = LINE ( 'NONE', #1798, #663 ) ;
#1089 = DIRECTION ( 'NONE',  ( 0.000000000000000000, 0.000000000000000000, 1.000000000000000000 ) ) ;
#1090 = CARTESIAN_POINT ( 'NONE',  ( -28.99999999999999289, -30.00000000000002487, 0.000000000000000000 ) ) ;
#1091 = VERTEX_POINT ( 'NONE', #504 ) ;
#1092 = EDGE_CURVE ( 'NONE', #358, #90, #880, .T. ) ;
#1093 = AXIS2_PLACEMENT_3D ( 'NONE', #136, #1548, #2263 ) ;
#1094 = CARTESIAN_POINT ( 'NONE',  ( -29.68999999999999062, 32.57999999999996987, -4.000000000000000000 ) ) ;
#1095 = ORIENTED_EDGE ( 'NONE', *, *, #1570, .F. ) ;
#1096 = AXIS2_PLACEMENT_3D ( 'NONE', #2154, #711, #1074 ) ;
#1097 = PLANE ( 'NONE',  #1111 ) ;
#1098 = ORIENTED_EDGE ( 'NONE', *, *, #2272, .F. ) ;
#1099 = DIRECTION ( 'NONE',  ( 2.515349040166371865E-15, 1.000000000000000000, 0.000000000000000000 ) ) ;
#1100 = ORIENTED_EDGE ( 'NONE', *, *, #2245, .T. ) ;
#1101 = CARTESIAN_POINT ( 'NONE',  ( 20.30597281152818923, -51.00000000000003553, 6.000000000000000000 ) ) ;
#1102 = CARTESIAN_POINT ( 'NONE',  ( -27.99999999999999289, -30.00000000000002487, 6.000000000000000000 ) ) ;
#1103 = ORIENTED_EDGE ( 'NONE', *, *, #692, .T. ) ;
#1104 = EDGE_CURVE ( 'NONE', #524, #909, #1577, .T. ) ;
#1105 = DIRECTION ( 'NONE',  ( -0.000000000000000000, -0.000000000000000000, -1.000000000000000000 ) ) ;
#1106 = VERTEX_POINT ( 'NONE', #1557 ) ;
#1107 = CYLINDRICAL_SURFACE ( 'NONE', #645, 1.000000000000000888 ) ;
#1108 = EDGE_LOOP ( 'NONE', ( #976, #488 ) ) ;
#1109 = AXIS2_PLACEMENT_3D ( 'NONE', #1952, #24, #1595 ) ;
#1110 = DIRECTION ( 'NONE',  ( 0.000000000000000000, 0.000000000000000000, 1.000000000000000000 ) ) ;
#1111 = AXIS2_PLACEMENT_3D ( 'NONE', #2149, #2137, #1483 ) ;
#1112 = FACE_OUTER_BOUND ( 'NONE', #1114, .T. ) ;
#1113 = CYLINDRICAL_SURFACE ( 'NONE', #1840, 7.999999999999998224 ) ;
#1114 = EDGE_LOOP ( 'NONE', ( #29, #1476, #1151, #56 ) ) ;
#1115 = LINE ( 'NONE', #761, #1077 ) ;
#1116 = ORIENTED_EDGE ( 'NONE', *, *, #1829, .F. ) ;
#1117 = VECTOR ( 'NONE', #1522, 1000.000000000000000 ) ;
#1118 = EDGE_CURVE ( 'NONE', #441, #2063, #316, .T. ) ;
#1119 = LINE ( 'NONE', #77, #750 ) ;
#1120 = ORIENTED_EDGE ( 'NONE', *, *, #1231, .T. ) ;
#1121 = EDGE_CURVE ( 'NONE', #1584, #455, #2279, .T. ) ;
#1122 = CARTESIAN_POINT ( 'NONE',  ( 21.50000000000001776, -38.00000000000002842, 0.000000000000000000 ) ) ;
#1123 = VERTEX_POINT ( 'NONE', #1414 ) ;
#1124 = DIRECTION ( 'NONE',  ( 0.000000000000000000, 0.000000000000000000, 1.000000000000000000 ) ) ;
#1125 = DIRECTION ( 'NONE',  ( 1.000000000000000000, 0.000000000000000000, 0.000000000000000000 ) ) ;
#1126 = ORIENTED_EDGE ( 'NONE', *, *, #1829, .T. ) ;
#1127 = DIRECTION ( 'NONE',  ( 0.000000000000000000, -1.000000000000000000, 0.000000000000000000 ) ) ;
#1128 = VERTEX_POINT ( 'NONE', #1061 ) ;
#1129 = VECTOR ( 'NONE', #434, 1000.000000000000000 ) ;
#1130 = CARTESIAN_POINT ( 'NONE',  ( -30.99999999999999289, 46.00000000000000000, 0.000000000000000000 ) ) ;
#1131 = ORIENTED_EDGE ( 'NONE', *, *, #1604, .F. ) ;
#1132 = AXIS2_PLACEMENT_3D ( 'NONE', #1035, #1911, #325 ) ;
#1133 = EDGE_CURVE ( 'NONE', #369, #1821, #1680, .T. ) ;
#1134 = CARTESIAN_POINT ( 'NONE',  ( 10.50000000000003020, 49.00000000000002842, 6.000000000000000000 ) ) ;
#1135 = VECTOR ( 'NONE', #1607, 1000.000000000000000 ) ;
#1136 = LINE ( 'NONE', #1661, #2204 ) ;
#1137 = DIRECTION ( 'NONE',  ( 1.000000000000000000, 0.000000000000000000, 0.000000000000000000 ) ) ;
#1138 = FACE_OUTER_BOUND ( 'NONE', #516, .T. ) ;
#1139 = ORIENTED_EDGE ( 'NONE', *, *, #2074, .F. ) ;
#1140 = DIRECTION ( 'NONE',  ( 0.000000000000000000, 0.000000000000000000, 1.000000000000000000 ) ) ;
#1141 = ORIENTED_EDGE ( 'NONE', *, *, #397, .F. ) ;
#1142 = CARTESIAN_POINT ( 'NONE',  ( 21.50000000000001776, -38.00000000000002842, 6.000000000000000000 ) ) ;
#1143 = CYLINDRICAL_SURFACE ( 'NONE', #1384, 1.000000000000002665 ) ;
#1144 = ORIENTED_EDGE ( 'NONE', *, *, #1398, .T. ) ;
#1145 = VECTOR ( 'NONE', #1759, 1000.000000000000000 ) ;
#1146 = CARTESIAN_POINT ( 'NONE',  ( 9.500000000000019540, -48.00000000000003553, 0.000000000000000000 ) ) ;
#1147 = LINE ( 'NONE', #1703, #1312 ) ;
#1148 = EDGE_CURVE ( 'NONE', #1180, #405, #1598, .T. ) ;
#1149 = CARTESIAN_POINT ( 'NONE',  ( 27.50000000000001421, -52.70000000000003837, 6.000000000000000000 ) ) ;
#1150 = CYLINDRICAL_SURFACE ( 'NONE', #436, 6.024999999999967493 ) ;
#1151 = ORIENTED_EDGE ( 'NONE', *, *, #2100, .F. ) ;
#1152 = EDGE_CURVE ( 'NONE', #1940, #182, #708, .T. ) ;
#1153 = CARTESIAN_POINT ( 'NONE',  ( 9.500000000000017764, -51.00000000000004263, 0.000000000000000000 ) ) ;
#1154 = VERTEX_POINT ( 'NONE', #7 ) ;
#1155 = CARTESIAN_POINT ( 'NONE',  ( -0.4999999999999930611, -46.00000000000001421, 6.000000000000000000 ) ) ;
#1156 = CIRCLE ( 'NONE', #82, 1.000000000000000888 ) ;
#1157 = FACE_OUTER_BOUND ( 'NONE', #715, .T. ) ;
#1158 = ORIENTED_EDGE ( 'NONE', *, *, #350, .T. ) ;
#1159 = VERTEX_POINT ( 'NONE', #2095 ) ;
#1160 = AXIS2_PLACEMENT_3D ( 'NONE', #427, #1989, #393 ) ;
#1161 = DIRECTION ( 'NONE',  ( 0.000000000000000000, 1.000000000000000000, 0.000000000000000000 ) ) ;
#1162 = CARTESIAN_POINT ( 'NONE',  ( 20.30597281152820344, 51.00000000000002132, 6.000000000000000000 ) ) ;
#1163 = PLANE ( 'NONE',  #1675 ) ;
#1164 = EDGE_CURVE ( 'NONE', #1983, #524, #2124, .T. ) ;
#1165 = CARTESIAN_POINT ( 'NONE',  ( 21.50000000000001776, 34.00000000000003553, 0.000000000000000000 ) ) ;
#1166 = EDGE_LOOP ( 'NONE', ( #1267, #353, #994, #301 ) ) ;
#1167 = EDGE_CURVE ( 'NONE', #975, #78, #1012, .T. ) ;
#1168 = LINE ( 'NONE', #2036, #1263 ) ;
#1169 = ORIENTED_EDGE ( 'NONE', *, *, #681, .T. ) ;
#1170 = CARTESIAN_POINT ( 'NONE',  ( 3.742640687119283438, 46.00000000000001421, 3.000000000000011546 ) ) ;
#1171 = LINE ( 'NONE', #814, #198 ) ;
#1172 = VERTEX_POINT ( 'NONE', #330 ) ;
#1173 = DIRECTION ( 'NONE',  ( 4.336808689942015764E-16, 1.000000000000000000, 0.000000000000000000 ) ) ;
#1174 = VECTOR ( 'NONE', #45, 1000.000000000000000 ) ;
#1175 = PLANE ( 'NONE',  #80 ) ;
#1176 = AXIS2_PLACEMENT_3D ( 'NONE', #539, #1797, #1980 ) ;
#1177 = DIRECTION ( 'NONE',  ( 0.000000000000000000, 0.000000000000000000, -1.000000000000000000 ) ) ;
#1178 = ORIENTED_EDGE ( 'NONE', *, *, #845, .F. ) ;
#1179 = DIRECTION ( 'NONE',  ( 1.000000000000000000, 0.000000000000000000, 0.000000000000000000 ) ) ;
#1180 = VERTEX_POINT ( 'NONE', #1240 ) ;
#1181 = ADVANCED_FACE ( 'NONE', ( #370 ), #1069, .F. ) ;
#1182 = DIRECTION ( 'NONE',  ( 0.000000000000000000, 2.891205793294702978E-16, -1.000000000000000000 ) ) ;
#1183 = DIRECTION ( 'NONE',  ( -0.000000000000000000, 0.000000000000000000, -1.000000000000000000 ) ) ;
#1184 = ORIENTED_EDGE ( 'NONE', *, *, #2227, .T. ) ;
#1185 = DIRECTION ( 'NONE',  ( 1.000000000000000000, 0.000000000000000000, 0.000000000000000000 ) ) ;
#1186 = CARTESIAN_POINT ( 'NONE',  ( -0.5000000000002129408, -45.99999999999998579, 3.000000000000000000 ) ) ;
#1187 = DIRECTION ( 'NONE',  ( 0.000000000000000000, 0.000000000000000000, 1.000000000000000000 ) ) ;
#1188 = CIRCLE ( 'NONE', #343, 1.750000000000001554 ) ;
#1189 = ORIENTED_EDGE ( 'NONE', *, *, #14, .F. ) ;
#1190 = EDGE_LOOP ( 'NONE', ( #19, #2001 ) ) ;
#1191 = VECTOR ( 'NONE', #374, 1000.000000000000000 ) ;
#1192 = LINE ( 'NONE', #1142, #1915 ) ;
#1193 = CARTESIAN_POINT ( 'NONE',  ( 9.500000000000028422, 45.99999999999999289, 6.000000000000000000 ) ) ;
#1194 = ORIENTED_EDGE ( 'NONE', *, *, #1817, .F. ) ;
#1195 = EDGE_CURVE ( 'NONE', #405, #475, #1301, .T. ) ;
#1196 = ORIENTED_EDGE ( 'NONE', *, *, #1604, .T. ) ;
#1197 = EDGE_CURVE ( 'NONE', #1906, #8, #2117, .T. ) ;
#1198 = AXIS2_PLACEMENT_3D ( 'NONE', #1694, #1229, #1211 ) ;
#1199 = CARTESIAN_POINT ( 'NONE',  ( -27.93999999999999062, 32.57999999999996987, -4.000000000000000000 ) ) ;
#1200 = CARTESIAN_POINT ( 'NONE',  ( -31.00000000000000711, -43.00000000000002132, 6.000000000000000000 ) ) ;
#1201 = ORIENTED_EDGE ( 'NONE', *, *, #588, .T. ) ;
#1202 = CARTESIAN_POINT ( 'NONE',  ( 22.50000000000002132, 34.00000000000003553, 6.000000000000000000 ) ) ;
#1203 = VERTEX_POINT ( 'NONE', #242 ) ;
#1204 = DIRECTION ( 'NONE',  ( 0.9109952089899573391, 0.4124169361184673588, 0.000000000000000000 ) ) ;
#1205 = DIRECTION ( 'NONE',  ( 0.000000000000000000, 0.000000000000000000, 1.000000000000000000 ) ) ;
#1206 = DIRECTION ( 'NONE',  ( 1.000000000000000000, 0.000000000000000000, 0.000000000000000000 ) ) ;
#1207 = EDGE_CURVE ( 'NONE', #868, #962, #2000, .T. ) ;
#1208 = VECTOR ( 'NONE', #2018, 1000.000000000000000 ) ;
#1209 = CARTESIAN_POINT ( 'NONE',  ( -21.99999999999998934, 35.00000000000003553, 0.000000000000000000 ) ) ;
#1210 = ORIENTED_EDGE ( 'NONE', *, *, #218, .F. ) ;
#1211 = DIRECTION ( 'NONE',  ( -1.000000000000000000, 0.000000000000000000, 0.000000000000000000 ) ) ;
#1212 = EDGE_LOOP ( 'NONE', ( #492, #283, #786, #1815 ) ) ;
#1213 = CARTESIAN_POINT ( 'NONE',  ( -27.93999999999999062, 32.57999999999996987, 6.000000000000000000 ) ) ;
#1214 = ORIENTED_EDGE ( 'NONE', *, *, #430, .T. ) ;
#1215 =( NAMED_UNIT ( * ) SI_UNIT ( $, .STERADIAN. ) SOLID_ANGLE_UNIT ( ) );
#1216 = DIRECTION ( 'NONE',  ( -6.421350511362182739E-16, -1.000000000000000000, 0.000000000000000000 ) ) ;
#1217 = EDGE_LOOP ( 'NONE', ( #1029, #600 ) ) ;
#1218 = EDGE_CURVE ( 'NONE', #1736, #868, #63, .T. ) ;
#1219 = DIRECTION ( 'NONE',  ( 0.000000000000000000, 0.000000000000000000, 1.000000000000000000 ) ) ;
#1220 = VERTEX_POINT ( 'NONE', #209 ) ;
#1221 = VECTOR ( 'NONE', #1357, 1000.000000000000000 ) ;
#1222 = CARTESIAN_POINT ( 'NONE',  ( 23.60530830047594364, 51.71203832808036793, 6.000000000000000000 ) ) ;
#1223 = ORIENTED_EDGE ( 'NONE', *, *, #294, .F. ) ;
#1224 = CIRCLE ( 'NONE', #1416, 1.750000000000001554 ) ;
#1225 = FACE_OUTER_BOUND ( 'NONE', #2280, .T. ) ;
#1226 = VECTOR ( 'NONE', #1041, 1000.000000000000114 ) ;
#1227 = PLANE ( 'NONE',  #882 ) ;
#1228 = ORIENTED_EDGE ( 'NONE', *, *, #1092, .T. ) ;
#1229 = DIRECTION ( 'NONE',  ( 0.000000000000000000, 0.000000000000000000, -1.000000000000000000 ) ) ;
#1230 = VERTEX_POINT ( 'NONE', #28 ) ;
#1231 = EDGE_CURVE ( 'NONE', #1045, #1449, #1901, .T. ) ;
#1232 = CARTESIAN_POINT ( 'NONE',  ( 9.500000000000028422, 45.99999999999999289, 6.000000000000000000 ) ) ;
#1233 = ORIENTED_EDGE ( 'NONE', *, *, #1072, .T. ) ;
#1234 = FACE_OUTER_BOUND ( 'NONE', #1812, .T. ) ;
#1235 = CARTESIAN_POINT ( 'NONE',  ( -21.99999999999998934, 28.00000000000003908, 0.000000000000000000 ) ) ;
#1236 = CARTESIAN_POINT ( 'NONE',  ( -31.87867965644035451, 43.00000000000002842, 3.000000000000009326 ) ) ;
#1237 = FACE_OUTER_BOUND ( 'NONE', #152, .T. ) ;
#1238 = ORIENTED_EDGE ( 'NONE', *, *, #2090, .T. ) ;
#1239 = VECTOR ( 'NONE', #1733, 1000.000000000000000 ) ;
#1240 = CARTESIAN_POINT ( 'NONE',  ( 23.60530830047594364, 51.71203832808036793, 0.000000000000000000 ) ) ;
#1241 = CIRCLE ( 'NONE', #1431, 1.750000000000001554 ) ;
#1242 = EDGE_CURVE ( 'NONE', #996, #1736, #18, .T. ) ;
#1243 = DIRECTION ( 'NONE',  ( -0.000000000000000000, -0.000000000000000000, -1.000000000000000000 ) ) ;
#1244 = EDGE_CURVE ( 'NONE', #90, #1597, #1442, .T. ) ;
#1245 = LINE ( 'NONE', #930, #728 ) ;
#1246 = LINE ( 'NONE', #2131, #929 ) ;
#1247 = CARTESIAN_POINT ( 'NONE',  ( -23.49999999999999645, -31.00000000000002132, 6.000000000000000000 ) ) ;
#1248 = VECTOR ( 'NONE', #1558, 1000.000000000000000 ) ;
#1249 = ORIENTED_EDGE ( 'NONE', *, *, #1968, .T. ) ;
#1250 = PLANE ( 'NONE',  #687 ) ;
#1251 = VERTEX_POINT ( 'NONE', #416 ) ;
#1252 = CIRCLE ( 'NONE', #1335, 1.000000000000004441 ) ;
#1253 = EDGE_CURVE ( 'NONE', #1631, #1172, #1115, .T. ) ;
#1254 = DIRECTION ( 'NONE',  ( -1.000000000000000000, 0.000000000000000000, 0.000000000000000000 ) ) ;
#1255 = EDGE_CURVE ( 'NONE', #2037, #1005, #568, .T. ) ;
#1256 = AXIS2_PLACEMENT_3D ( 'NONE', #1896, #313, #659 ) ;
#1257 = DIRECTION ( 'NONE',  ( -0.000000000000000000, -0.000000000000000000, -1.000000000000000000 ) ) ;
#1258 = CARTESIAN_POINT ( 'NONE',  ( -24.49999999999999645, -31.00000000000002132, 0.000000000000000000 ) ) ;
#1259 = VECTOR ( 'NONE', #599, 1000.000000000000000 ) ;
#1260 = DIRECTION ( 'NONE',  ( 0.000000000000000000, 0.000000000000000000, 1.000000000000000000 ) ) ;
#1261 = CARTESIAN_POINT ( 'NONE',  ( 37.50000000000002842, 49.00000000000002842, 0.000000000000000000 ) ) ;
#1262 = EDGE_LOOP ( 'NONE', ( #2185, #638, #234, #1723 ) ) ;
#1263 = VECTOR ( 'NONE', #1127, 1000.000000000000000 ) ;
#1264 = DIRECTION ( 'NONE',  ( 1.000000000000000000, 0.000000000000000000, 0.000000000000000000 ) ) ;
#1265 = ORIENTED_EDGE ( 'NONE', *, *, #137, .T. ) ;
#1266 = DIRECTION ( 'NONE',  ( 0.000000000000000000, 0.000000000000000000, 1.000000000000000000 ) ) ;
#1267 = ORIENTED_EDGE ( 'NONE', *, *, #1706, .T. ) ;
#1268 = LINE ( 'NONE', #1235, #1174 ) ;
#1269 = VERTEX_POINT ( 'NONE', #774 ) ;
#1270 = EDGE_CURVE ( 'NONE', #1304, #796, #1654, .T. ) ;
#1271 = FACE_BOUND ( 'NONE', #1217, .T. ) ;
#1272 = CARTESIAN_POINT ( 'NONE',  ( -21.99999999999998934, 34.00000000000003553, 6.000000000000000000 ) ) ;
#1273 = EDGE_LOOP ( 'NONE', ( #114, #2157, #254, #1070 ) ) ;
#1274 = VECTOR ( 'NONE', #2197, 1000.000000000000000 ) ;
#1275 = DIRECTION ( 'NONE',  ( 1.000000000000000000, 0.000000000000000000, 0.000000000000000000 ) ) ;
#1276 = AXIS2_PLACEMENT_3D ( 'NONE', #1258, #594, #46 ) ;
#1277 = ORIENTED_EDGE ( 'NONE', *, *, #1497, .T. ) ;
#1278 = AXIS2_PLACEMENT_3D ( 'NONE', #649, #1351, #126 ) ;
#1279 = FACE_OUTER_BOUND ( 'NONE', #1166, .T. ) ;
#1280 = ADVANCED_FACE ( 'NONE', ( #1299 ), #2012, .T. ) ;
#1281 = ORIENTED_EDGE ( 'NONE', *, *, #449, .F. ) ;
#1282 = CARTESIAN_POINT ( 'NONE',  ( -22.99999999999999289, 27.00000000000003908, 6.000000000000000000 ) ) ;
#1283 = ORIENTED_EDGE ( 'NONE', *, *, #1591, .F. ) ;
#1284 = CARTESIAN_POINT ( 'NONE',  ( -29.68999999999999062, 32.57999999999996987, 0.000000000000000000 ) ) ;
#1285 = EDGE_CURVE ( 'NONE', #551, #103, #854, .T. ) ;
#1286 = CARTESIAN_POINT ( 'NONE',  ( 37.00000000000002842, 52.50000000000003553, 6.000000000000000000 ) ) ;
#1287 = ORIENTED_EDGE ( 'NONE', *, *, #681, .F. ) ;
#1288 = EDGE_CURVE ( 'NONE', #1608, #936, #923, .T. ) ;
#1289 = CARTESIAN_POINT ( 'NONE',  ( -32.49999999999999289, 46.00000000000000000, 6.000000000000000000 ) ) ;
#1290 = ORIENTED_EDGE ( 'NONE', *, *, #191, .T. ) ;
#1291 = DIRECTION ( 'NONE',  ( -0.000000000000000000, -0.000000000000000000, -1.000000000000000000 ) ) ;
#1292 = VERTEX_POINT ( 'NONE', #407 ) ;
#1293 = DIRECTION ( 'NONE',  ( -1.000000000000000000, -6.421350511362183725E-16, 0.000000000000000000 ) ) ;
#1294 = CARTESIAN_POINT ( 'NONE',  ( 36.65517241379311031, -52.86206896551728818, 6.000000000000000000 ) ) ;
#1295 = VECTOR ( 'NONE', #1307, 1000.000000000000000 ) ;
#1296 = CARTESIAN_POINT ( 'NONE',  ( 32.50000000000001421, -57.22500000000000853, 0.000000000000000000 ) ) ;
#1297 = CARTESIAN_POINT ( 'NONE',  ( 21.50000000000001776, -37.00000000000002842, 0.000000000000000000 ) ) ;
#1298 = EDGE_LOOP ( 'NONE', ( #815, #2173, #1443, #1287 ) ) ;
#1299 = FACE_OUTER_BOUND ( 'NONE', #1569, .T. ) ;
#1300 = VERTEX_POINT ( 'NONE', #1610 ) ;
#1301 = CIRCLE ( 'NONE', #2268, 0.5000000000000004441 ) ;
#1302 = EDGE_CURVE ( 'NONE', #467, #1821, #1432, .T. ) ;
#1303 = CARTESIAN_POINT ( 'NONE',  ( -22.99999999999998934, 28.00000000000003908, 6.000000000000000000 ) ) ;
#1304 = VERTEX_POINT ( 'NONE', #2170 ) ;
#1305 = DIRECTION ( 'NONE',  ( 0.000000000000000000, 0.000000000000000000, 1.000000000000000000 ) ) ;
#1306 = DIRECTION ( 'NONE',  ( -1.000000000000000000, 0.000000000000000000, 0.000000000000000000 ) ) ;
#1307 = DIRECTION ( 'NONE',  ( -1.000000000000000000, 4.336808689942015764E-16, -0.000000000000000000 ) ) ;
#1308 = LINE ( 'NONE', #809, #1317 ) ;
#1309 = ORIENTED_EDGE ( 'NONE', *, *, #1910, .F. ) ;
#1310 = FACE_BOUND ( 'NONE', #2248, .T. ) ;
#1311 = ORIENTED_EDGE ( 'NONE', *, *, #2123, .T. ) ;
#1312 = VECTOR ( 'NONE', #1502, 1000.000000000000000 ) ;
#1313 = PLANE ( 'NONE',  #636 ) ;
#1314 = CYLINDRICAL_SURFACE ( 'NONE', #1571, 1.000000000000004441 ) ;
#1315 = ADVANCED_FACE ( 'NONE', ( #555 ), #1250, .F. ) ;
#1316 = ORIENTED_EDGE ( 'NONE', *, *, #1195, .T. ) ;
#1317 = VECTOR ( 'NONE', #981, 1000.000000000000000 ) ;
#1318 = EDGE_CURVE ( 'NONE', #1458, #187, #1630, .T. ) ;
#1319 = PLANE ( 'NONE',  #1667 ) ;
#1320 =( GEOMETRIC_REPRESENTATION_CONTEXT ( 3 ) GLOBAL_UNCERTAINTY_ASSIGNED_CONTEXT ( ( #675 ) ) GLOBAL_UNIT_ASSIGNED_CONTEXT ( ( #877, #714, #1586 ) ) REPRESENTATION_CONTEXT ( 'NONE', 'WORKASPACE' ) );
#1321 = LINE ( 'NONE', #472, #763 ) ;
#1322 = CARTESIAN_POINT ( 'NONE',  ( 10.50000000000001776, -49.00000000000003553, 6.000000000000000000 ) ) ;
#1323 = DIRECTION ( 'NONE',  ( 1.000000000000000000, 0.000000000000000000, 0.000000000000000000 ) ) ;
#1324 = ORIENTED_EDGE ( 'NONE', *, *, #1776, .T. ) ;
#1325 = PLANE ( 'NONE',  #901 ) ;
#1326 = ORIENTED_EDGE ( 'NONE', *, *, #88, .F. ) ;
#1327 = DIRECTION ( 'NONE',  ( 0.000000000000000000, 0.000000000000000000, 1.000000000000000000 ) ) ;
#1328 = DIRECTION ( 'NONE',  ( -1.000000000000000000, 0.000000000000000000, 0.000000000000000000 ) ) ;
#1329 = ORIENTED_EDGE ( 'NONE', *, *, #986, .F. ) ;
#1330 = VERTEX_POINT ( 'NONE', #50 ) ;
#1331 = AXIS2_PLACEMENT_3D ( 'NONE', #484, #2262, #1581 ) ;
#1332 = EDGE_CURVE ( 'NONE', #731, #1621, #2053, .T. ) ;
#1333 = CARTESIAN_POINT ( 'NONE',  ( 3.742640687119283438, 43.00000000000003553, 6.000000000000010658 ) ) ;
#1334 = CARTESIAN_POINT ( 'NONE',  ( 27.94000000000000838, 32.57999999999996277, 6.000000000000000000 ) ) ;
#1335 = AXIS2_PLACEMENT_3D ( 'NONE', #379, #402, #1451 ) ;
#1336 = EDGE_CURVE ( 'NONE', #912, #2125, #824, .T. ) ;
#1337 = FACE_OUTER_BOUND ( 'NONE', #230, .T. ) ;
#1338 = CARTESIAN_POINT ( 'NONE',  ( -23.49999999999999645, -38.00000000000002132, 0.000000000000000000 ) ) ;
#1339 = ORIENTED_EDGE ( 'NONE', *, *, #613, .F. ) ;
#1340 = VECTOR ( 'NONE', #1137, 1000.000000000000000 ) ;
#1341 = LINE ( 'NONE', #440, #1572 ) ;
#1342 = ORIENTED_EDGE ( 'NONE', *, *, #376, .F. ) ;
#1343 = LINE ( 'NONE', #295, #1274 ) ;
#1344 = VECTOR ( 'NONE', #420, 1000.000000000000000 ) ;
#1345 = DIRECTION ( 'NONE',  ( -1.000000000000000000, 8.673617379883906296E-16, 0.000000000000000000 ) ) ;
#1346 = ORIENTED_EDGE ( 'NONE', *, *, #1446, .F. ) ;
#1347 = VECTOR ( 'NONE', #578, 1000.000000000000000 ) ;
#1348 = CARTESIAN_POINT ( 'NONE',  ( 27.00000000000002842, 52.70000000000002416, 6.000000000000000000 ) ) ;
#1349 = DIRECTION ( 'NONE',  ( 0.000000000000000000, 0.000000000000000000, -1.000000000000000000 ) ) ;
#1350 = CARTESIAN_POINT ( 'NONE',  ( 23.60530830047594364, 51.71203832808036793, 6.000000000000000000 ) ) ;
#1351 = DIRECTION ( 'NONE',  ( 0.000000000000000000, 0.000000000000000000, -1.000000000000000000 ) ) ;
#1352 = ORIENTED_EDGE ( 'NONE', *, *, #588, .F. ) ;
#1353 = EDGE_CURVE ( 'NONE', #1058, #1578, #1355, .T. ) ;
#1354 = VECTOR ( 'NONE', #1807, 1000.000000000000000 ) ;
#1355 = LINE ( 'NONE', #302, #351 ) ;
#1356 = ORIENTED_EDGE ( 'NONE', *, *, #1255, .F. ) ;
#1357 = DIRECTION ( 'NONE',  ( 0.000000000000000000, 0.000000000000000000, 1.000000000000000000 ) ) ;
#1358 = DIRECTION ( 'NONE',  ( 1.000000000000000000, 2.276824562219560495E-15, 0.000000000000000000 ) ) ;
#1359 = ORIENTED_EDGE ( 'NONE', *, *, #340, .T. ) ;
#1360 = AXIS2_PLACEMENT_3D ( 'NONE', #1717, #1173, #2241 ) ;
#1361 = LINE ( 'NONE', #852, #372 ) ;
#1362 = CARTESIAN_POINT ( 'NONE',  ( 32.50000000000002132, 45.99999999999998579, 0.000000000000000000 ) ) ;
#1363 = CIRCLE ( 'NONE', #363, 0.5000000000000004441 ) ;
#1364 = DIRECTION ( 'NONE',  ( -0.000000000000000000, 0.000000000000000000, -1.000000000000000000 ) ) ;
#1365 = AXIS2_PLACEMENT_3D ( 'NONE', #1402, #317, #1753 ) ;
#1366 = CARTESIAN_POINT ( 'NONE',  ( 32.50000000000002132, 45.99999999999998579, 6.000000000000000000 ) ) ;
#1367 = ORIENTED_EDGE ( 'NONE', *, *, #91, .F. ) ;
#1368 = DIRECTION ( 'NONE',  ( 1.508455196501571183E-16, 1.000000000000000000, 0.000000000000000000 ) ) ;
#1369 = ORIENTED_EDGE ( 'NONE', *, *, #1104, .F. ) ;
#1370 = EDGE_CURVE ( 'NONE', #1635, #2078, #1542, .T. ) ;
#1371 = DIRECTION ( 'NONE',  ( -1.000000000000000000, 0.000000000000000000, 0.000000000000000000 ) ) ;
#1372 = DIRECTION ( 'NONE',  ( 8.673617379883906296E-16, 1.000000000000000000, 0.000000000000000000 ) ) ;
#1373 = ORIENTED_EDGE ( 'NONE', *, *, #307, .F. ) ;
#1374 = SHAPE_DEFINITION_REPRESENTATION ( #531, #519 ) ;
#1375 = CYLINDRICAL_SURFACE ( 'NONE', #1093, 1.500000000000001332 ) ;
#1376 = DIRECTION ( 'NONE',  ( -0.000000000000000000, 0.000000000000000000, -1.000000000000000000 ) ) ;
#1377 = AXIS2_PLACEMENT_3D ( 'NONE', #2191, #435, #771 ) ;
#1378 = ORIENTED_EDGE ( 'NONE', *, *, #1430, .F. ) ;
#1379 = CARTESIAN_POINT ( 'NONE',  ( -22.49999999999999289, -38.00000000000002132, 6.000000000000000000 ) ) ;
#1380 = ORIENTED_EDGE ( 'NONE', *, *, #432, .T. ) ;
#1381 = VECTOR ( 'NONE', #1516, 1000.000000000000000 ) ;
#1382 = CARTESIAN_POINT ( 'NONE',  ( 32.49999999999999289, -46.00000000000000000, 6.000000000000000000 ) ) ;
#1383 = EDGE_CURVE ( 'NONE', #537, #162, #785, .T. ) ;
#1384 = AXIS2_PLACEMENT_3D ( 'NONE', #1510, #1183, #1328 ) ;
#1385 = LINE ( 'NONE', #2067, #1248 ) ;
#1386 = VECTOR ( 'NONE', #797, 1000.000000000000000 ) ;
#1387 = DIRECTION ( 'NONE',  ( 1.000000000000000000, 0.000000000000000000, 0.000000000000000000 ) ) ;
#1388 = LINE ( 'NONE', #867, #1883 ) ;
#1389 = ORIENTED_EDGE ( 'NONE', *, *, #1982, .T. ) ;
#1390 = SURFACE_STYLE_FILL_AREA ( #688 ) ;
#1391 = ORIENTED_EDGE ( 'NONE', *, *, #2113, .T. ) ;
#1392 = CARTESIAN_POINT ( 'NONE',  ( -28.99999999999999289, -30.00000000000002487, 6.000000000000000000 ) ) ;
#1393 = ORIENTED_EDGE ( 'NONE', *, *, #153, .T. ) ;
#1394 = EDGE_CURVE ( 'NONE', #262, #1576, #129, .T. ) ;
#1395 = LINE ( 'NONE', #159, #2035 ) ;
#1396 = FACE_OUTER_BOUND ( 'NONE', #408, .T. ) ;
#1397 = AXIS2_PLACEMENT_3D ( 'NONE', #267, #1724, #655 ) ;
#1398 = EDGE_CURVE ( 'NONE', #475, #1491, #1168, .T. ) ;
#1399 = LINE ( 'NONE', #1928, #1239 ) ;
#1400 = ORIENTED_EDGE ( 'NONE', *, *, #259, .F. ) ;
#1401 = CIRCLE ( 'NONE', #1739, 6.024999999999967493 ) ;
#1402 = CARTESIAN_POINT ( 'NONE',  ( -27.93999999999999773, -36.00000000000002842, -4.000000000000000000 ) ) ;
#1403 = EDGE_LOOP ( 'NONE', ( #64, #2159, #1734, #130 ) ) ;
#1404 = DIRECTION ( 'NONE',  ( 1.217349807703021130E-16, 1.000000000000000000, 0.000000000000000000 ) ) ;
#1405 = ORIENTED_EDGE ( 'NONE', *, *, #2110, .F. ) ;
#1406 = CARTESIAN_POINT ( 'NONE',  ( 9.500000000000026645, 48.00000000000002132, 6.000000000000000000 ) ) ;
#1407 = ADVANCED_FACE ( 'NONE', ( #1876 ), #834, .F. ) ;
#1408 = VECTOR ( 'NONE', #285, 1000.000000000000000 ) ;
#1409 = DIRECTION ( 'NONE',  ( -0.9109952089899573391, 0.4124169361184673588, -0.000000000000000000 ) ) ;
#1410 = ORIENTED_EDGE ( 'NONE', *, *, #2138, .F. ) ;
#1411 = EDGE_CURVE ( 'NONE', #1123, #262, #1341, .T. ) ;
#1412 = CARTESIAN_POINT ( 'NONE',  ( -31.87867965644035451, 46.00000000000000000, -8.429554511533319991E-17 ) ) ;
#1413 = ORIENTED_EDGE ( 'NONE', *, *, #1244, .T. ) ;
#1414 = CARTESIAN_POINT ( 'NONE',  ( -0.4999999999999813483, 46.00000000000001421, 3.000000000000011546 ) ) ;
#1415 = VERTEX_POINT ( 'NONE', #1668 ) ;
#1416 = AXIS2_PLACEMENT_3D ( 'NONE', #1872, #2019, #1663 ) ;
#1417 = LINE ( 'NONE', #298, #1637 ) ;
#1418 = LINE ( 'NONE', #1436, #2129 ) ;
#1419 = LINE ( 'NONE', #721, #1562 ) ;
#1420 = EDGE_CURVE ( 'NONE', #1757, #949, #2051, .T. ) ;
#1421 = ORIENTED_EDGE ( 'NONE', *, *, #2148, .T. ) ;
#1422 = DIRECTION ( 'NONE',  ( -0.000000000000000000, 0.000000000000000000, -1.000000000000000000 ) ) ;
#1423 = FACE_OUTER_BOUND ( 'NONE', #1594, .T. ) ;
#1424 = CARTESIAN_POINT ( 'NONE',  ( 9.500000000000019540, -48.00000000000003553, 6.000000000000000000 ) ) ;
#1425 = CARTESIAN_POINT ( 'NONE',  ( -32.50000000000000711, -42.37867965644038293, 2.378679656440356727 ) ) ;
#1426 = VECTOR ( 'NONE', #160, 1000.000000000000000 ) ;
#1427 = DIRECTION ( 'NONE',  ( -0.000000000000000000, -0.000000000000000000, -1.000000000000000000 ) ) ;
#1428 = CARTESIAN_POINT ( 'NONE',  ( -0.5000000000002129408, -46.00000000000000000, 3.000000000000000000 ) ) ;
#1429 = EDGE_LOOP ( 'NONE', ( #1367, #1945, #924, #329 ) ) ;
#1430 = EDGE_CURVE ( 'NONE', #936, #1106, #2072, .T. ) ;
#1431 = AXIS2_PLACEMENT_3D ( 'NONE', #2192, #609, #795 ) ;
#1432 = LINE ( 'NONE', #1094, #1866 ) ;
#1433 = AXIS2_PLACEMENT_3D ( 'NONE', #71, #1490, #2010 ) ;
#1434 = EDGE_CURVE ( 'NONE', #1330, #1874, #1531, .T. ) ;
#1435 = DIRECTION ( 'NONE',  ( 0.000000000000000000, 0.000000000000000000, -1.000000000000000000 ) ) ;
#1436 = CARTESIAN_POINT ( 'NONE',  ( 22.50000000000002132, 35.00000000000003553, 0.000000000000000000 ) ) ;
#1437 = ORIENTED_EDGE ( 'NONE', *, *, #2038, .T. ) ;
#1438 = LINE ( 'NONE', #888, #342 ) ;
#1439 = LINE ( 'NONE', #1641, #1135 ) ;
#1440 = VECTOR ( 'NONE', #2228, 1000.000000000000000 ) ;
#1441 = ORIENTED_EDGE ( 'NONE', *, *, #1148, .F. ) ;
#1442 = LINE ( 'NONE', #566, #272 ) ;
#1443 = ORIENTED_EDGE ( 'NONE', *, *, #1591, .T. ) ;
#1444 = AXIS2_PLACEMENT_3D ( 'NONE', #1019, #1498, #1371 ) ;
#1445 = DIRECTION ( 'NONE',  ( -0.000000000000000000, 0.000000000000000000, -1.000000000000000000 ) ) ;
#1446 = EDGE_CURVE ( 'NONE', #1005, #1292, #811, .T. ) ;
#1447 = ORIENTED_EDGE ( 'NONE', *, *, #601, .F. ) ;
#1448 = DIRECTION ( 'NONE',  ( 1.000000000000000000, 0.000000000000000000, 0.000000000000000000 ) ) ;
#1449 = VERTEX_POINT ( 'NONE', #1506 ) ;
#1450 = AXIS2_PLACEMENT_3D ( 'NONE', #718, #2270, #544 ) ;
#1451 = DIRECTION ( 'NONE',  ( 1.000000000000000000, 0.000000000000000000, 0.000000000000000000 ) ) ;
#1452 = DIRECTION ( 'NONE',  ( -1.000000000000000000, 0.000000000000000000, 0.000000000000000000 ) ) ;
#1453 = ORIENTED_EDGE ( 'NONE', *, *, #716, .F. ) ;
#1454 = CIRCLE ( 'NONE', #1760, 1.000000000000000888 ) ;
#1455 = CARTESIAN_POINT ( 'NONE',  ( 27.94000000000000128, -36.00000000000003553, 0.000000000000000000 ) ) ;
#1456 = ORIENTED_EDGE ( 'NONE', *, *, #543, .T. ) ;
#1457 = LINE ( 'NONE', #591, #1354 ) ;
#1458 = VERTEX_POINT ( 'NONE', #624 ) ;
#1459 = ADVANCED_FACE ( 'NONE', ( #1310, #1837, #253, #454, #466, #959 ), #1325, .F. ) ;
#1460 = DIRECTION ( 'NONE',  ( 1.000000000000000000, 0.000000000000000000, 0.000000000000000000 ) ) ;
#1461 = CARTESIAN_POINT ( 'NONE',  ( -31.00000000000000711, -43.00000000000002132, 3.000000000000000000 ) ) ;
#1462 = EDGE_CURVE ( 'NONE', #421, #1617, #1494, .T. ) ;
#1463 = DIRECTION ( 'NONE',  ( -1.000000000000000000, 0.000000000000000000, 0.000000000000000000 ) ) ;
#1464 = CARTESIAN_POINT ( 'NONE',  ( -28.99999999999998934, 27.00000000000003908, 0.000000000000000000 ) ) ;
#1465 = ORIENTED_EDGE ( 'NONE', *, *, #1958, .T. ) ;
#1466 = CIRCLE ( 'NONE', #1836, 1.750000000000001554 ) ;
#1467 = CARTESIAN_POINT ( 'NONE',  ( 20.30597281152818923, -59.00000000000003553, 0.000000000000000000 ) ) ;
#1468 = CLOSED_SHELL ( 'NONE', ( #1523, #2029, #389, #1537, #165, #1315, #309, #2061, #1894, #1681, #1879, #1554, #406, #741, #1755, #1666, #1579, #2089, #939, #921, #1931, #1626, #1181, #2177, #926, #574, #275, #1280, #1022, #2212, #598, #1779, #2016, #910, #1714, #1026, #476, #1459, #1407, #362, #665, #17, #1907, #208, #522, #300, #1493, #1804, #346, #1800, #104, #1731, #639, #246, #770, #565, #2283, #1943, #1619, #784, #1011, #1633, #817, #755, #752, #1541, #907, #1480, #27, #983 ) ) ;
#1469 = ORIENTED_EDGE ( 'NONE', *, *, #1508, .T. ) ;
#1470 = AXIS2_PLACEMENT_3D ( 'NONE', #423, #81, #941 ) ;
#1471 = MECHANICAL_DESIGN_GEOMETRIC_PRESENTATION_REPRESENTATION (  '', ( #768 ), #1320 ) ;
#1472 = CYLINDRICAL_SURFACE ( 'NONE', #1969, 1.000000000000000888 ) ;
#1473 = ORIENTED_EDGE ( 'NONE', *, *, #1001, .T. ) ;
#1474 = VECTOR ( 'NONE', #2238, 1000.000000000000000 ) ;
#1475 = FACE_OUTER_BOUND ( 'NONE', #934, .T. ) ;
#1476 = ORIENTED_EDGE ( 'NONE', *, *, #703, .F. ) ;
#1477 = LINE ( 'NONE', #1527, #1295 ) ;
#1478 = DIRECTION ( 'NONE',  ( -1.000000000000000000, 0.000000000000000000, 0.000000000000000000 ) ) ;
#1479 = ORIENTED_EDGE ( 'NONE', *, *, #830, .T. ) ;
#1480 = ADVANCED_FACE ( 'NONE', ( #1850 ), #2236, .F. ) ;
#1481 = CARTESIAN_POINT ( 'NONE',  ( 9.500000000000019540, -46.00000000000000711, 6.000000000000000000 ) ) ;
#1482 = VERTEX_POINT ( 'NONE', #653 ) ;
#1483 = DIRECTION ( 'NONE',  ( 1.217349807703021130E-16, 1.000000000000000000, 0.000000000000000000 ) ) ;
#1484 = AXIS2_PLACEMENT_3D ( 'NONE', #1296, #1503, #820 ) ;
#1485 = EDGE_LOOP ( 'NONE', ( #398, #1051, #503, #1025, #2175, #628 ) ) ;
#1486 = DIRECTION ( 'NONE',  ( -0.000000000000000000, -0.000000000000000000, 1.000000000000000000 ) ) ;
#1487 = DIRECTION ( 'NONE',  ( -0.000000000000000000, 0.000000000000000000, -1.000000000000000000 ) ) ;
#1488 = AXIS2_PLACEMENT_3D ( 'NONE', #719, #1550, #1071 ) ;
#1489 = LINE ( 'NONE', #794, #1567 ) ;
#1490 = DIRECTION ( 'NONE',  ( 3.469446951953614583E-15, 1.000000000000000000, 0.000000000000000000 ) ) ;
#1491 = VERTEX_POINT ( 'NONE', #279 ) ;
#1492 = AXIS2_PLACEMENT_3D ( 'NONE', #2184, #1266, #221 ) ;
#1493 = ADVANCED_FACE ( 'NONE', ( #2062 ), #984, .T. ) ;
#1494 = LINE ( 'NONE', #2194, #2190 ) ;
#1495 = ORIENTED_EDGE ( 'NONE', *, *, #955, .F. ) ;
#1496 = AXIS2_PLACEMENT_3D ( 'NONE', #1564, #512, #142 ) ;
#1497 = EDGE_CURVE ( 'NONE', #339, #467, #385, .T. ) ;
#1498 = DIRECTION ( 'NONE',  ( -0.000000000000000000, -0.000000000000000000, 1.000000000000000000 ) ) ;
#1499 = DIRECTION ( 'NONE',  ( -1.000000000000000000, 0.000000000000000000, 0.000000000000000000 ) ) ;
#1500 = VERTEX_POINT ( 'NONE', #1202 ) ;
#1501 = CARTESIAN_POINT ( 'NONE',  ( 27.50000000000001421, -51.20000000000003837, 6.000000000000000000 ) ) ;
#1502 = DIRECTION ( 'NONE',  ( -1.000000000000000000, 1.508455196501570936E-16, 0.000000000000000000 ) ) ;
#1503 = DIRECTION ( 'NONE',  ( 0.000000000000000000, -0.000000000000000000, 1.000000000000000000 ) ) ;
#1504 = DIRECTION ( 'NONE',  ( -0.000000000000000000, -0.000000000000000000, -1.000000000000000000 ) ) ;
#1505 = ORIENTED_EDGE ( 'NONE', *, *, #1923, .F. ) ;
#1506 = CARTESIAN_POINT ( 'NONE',  ( -29.68999999999999773, -36.00000000000002842, 0.000000000000000000 ) ) ;
#1507 = ORIENTED_EDGE ( 'NONE', *, *, #1285, .F. ) ;
#1508 = EDGE_CURVE ( 'NONE', #1543, #1584, #1454, .T. ) ;
#1509 = CARTESIAN_POINT ( 'NONE',  ( 37.00000000000002842, 52.50000000000003553, 0.000000000000000000 ) ) ;
#1510 = CARTESIAN_POINT ( 'NONE',  ( 10.50000000000001776, -48.00000000000003553, 6.000000000000000000 ) ) ;
#1511 = ORIENTED_EDGE ( 'NONE', *, *, #430, .F. ) ;
#1512 = EDGE_CURVE ( 'NONE', #1128, #1827, #1788, .T. ) ;
#1513 = CIRCLE ( 'NONE', #846, 1.000000000000000888 ) ;
#1514 = CARTESIAN_POINT ( 'NONE',  ( -23.49999999999999645, -37.00000000000002132, 6.000000000000000000 ) ) ;
#1515 = LINE ( 'NONE', #954, #144 ) ;
#1516 = DIRECTION ( 'NONE',  ( -2.276824562219560495E-15, 1.000000000000000000, 0.000000000000000000 ) ) ;
#1517 = CARTESIAN_POINT ( 'NONE',  ( -28.99999999999998934, 27.00000000000003908, 6.000000000000000000 ) ) ;
#1518 = VERTEX_POINT ( 'NONE', #1932 ) ;
#1519 = DIRECTION ( 'NONE',  ( -1.000000000000000000, 0.000000000000000000, -0.000000000000000000 ) ) ;
#1520 = ORIENTED_EDGE ( 'NONE', *, *, #73, .F. ) ;
#1521 = DIRECTION ( 'NONE',  ( 0.000000000000000000, -1.000000000000000000, 0.000000000000000000 ) ) ;
#1522 = DIRECTION ( 'NONE',  ( -0.000000000000000000, 0.000000000000000000, -1.000000000000000000 ) ) ;
#1523 = ADVANCED_FACE ( 'NONE', ( #2266 ), #1039, .F. ) ;
#1524 = DIRECTION ( 'NONE',  ( 0.000000000000000000, 0.000000000000000000, -1.000000000000000000 ) ) ;
#1525 = CARTESIAN_POINT ( 'NONE',  ( 23.60530830047594364, 51.71203832808036793, 6.000000000000000000 ) ) ;
#1526 = AXIS2_PLACEMENT_3D ( 'NONE', #106, #2208, #92 ) ;
#1527 = CARTESIAN_POINT ( 'NONE',  ( -32.50000000000000711, -46.00000000000000000, 0.000000000000000000 ) ) ;
#1528 = LINE ( 'NONE', #2020, #1585 ) ;
#1529 = ORIENTED_EDGE ( 'NONE', *, *, #2258, .F. ) ;
#1530 = VECTOR ( 'NONE', #702, 1000.000000000000000 ) ;
#1531 = LINE ( 'NONE', #291, #166 ) ;
#1532 = VERTEX_POINT ( 'NONE', #1913 ) ;
#1533 = LINE ( 'NONE', #1008, #1474 ) ;
#1534 = CIRCLE ( 'NONE', #937, 0.5000000000000004441 ) ;
#1535 = PLANE ( 'NONE',  #2235 ) ;
#1536 = LINE ( 'NONE', #1690, #1129 ) ;
#1537 = ADVANCED_FACE ( 'NONE', ( #676 ), #357, .F. ) ;
#1538 = DIRECTION ( 'NONE',  ( 2.515349040166371865E-15, 1.000000000000000000, 0.000000000000000000 ) ) ;
#1539 = CYLINDRICAL_SURFACE ( 'NONE', #951, 1.750000000000001554 ) ;
#1540 = VERTEX_POINT ( 'NONE', #1379 ) ;
#1541 = ADVANCED_FACE ( 'NONE', ( #533 ), #1941, .F. ) ;
#1542 = LINE ( 'NONE', #2220, #1081 ) ;
#1543 = VERTEX_POINT ( 'NONE', #2103 ) ;
#1544 = DIRECTION ( 'NONE',  ( -1.000000000000000000, 0.000000000000000000, 0.000000000000000000 ) ) ;
#1545 = FACE_OUTER_BOUND ( 'NONE', #1262, .T. ) ;
#1546 = ORIENTED_EDGE ( 'NONE', *, *, #2110, .T. ) ;
#1547 = APPLICATION_PROTOCOL_DEFINITION ( 'draft international standard', 'automotive_design', 1998, #652 ) ;
#1548 = DIRECTION ( 'NONE',  ( -1.508455196501571183E-16, -1.000000000000000000, 0.000000000000000000 ) ) ;
#1549 = AXIS2_PLACEMENT_3D ( 'NONE', #1297, #2178, #299 ) ;
#1550 = DIRECTION ( 'NONE',  ( 0.000000000000000000, -0.000000000000000000, 1.000000000000000000 ) ) ;
#1551 = VECTOR ( 'NONE', #1811, 1000.000000000000000 ) ;
#1552 = FACE_OUTER_BOUND ( 'NONE', #197, .T. ) ;
#1553 = ORIENTED_EDGE ( 'NONE', *, *, #969, .F. ) ;
#1554 = ADVANCED_FACE ( 'NONE', ( #1028 ), #163, .T. ) ;
#1555 = DIRECTION ( 'NONE',  ( 1.000000000000000000, 0.000000000000000000, 0.000000000000000000 ) ) ;
#1556 = ORIENTED_EDGE ( 'NONE', *, *, #1255, .T. ) ;
#1557 = CARTESIAN_POINT ( 'NONE',  ( 32.50000000000002842, 51.20000000000002416, 0.000000000000000000 ) ) ;
#1558 = DIRECTION ( 'NONE',  ( 1.000000000000000000, 0.000000000000000000, 0.000000000000000000 ) ) ;
#1559 = DIRECTION ( 'NONE',  ( -0.000000000000000000, -0.000000000000000000, -1.000000000000000000 ) ) ;
#1560 = MANIFOLD_SOLID_BREP ( 'Mirror2', #1468 ) ;
#1561 = CARTESIAN_POINT ( 'NONE',  ( 37.00000000000001421, -52.50000000000004974, 0.000000000000000000 ) ) ;
#1562 = VECTOR ( 'NONE', #1427, 1000.000000000000000 ) ;
#1563 = ORIENTED_EDGE ( 'NONE', *, *, #691, .T. ) ;
#1564 = CARTESIAN_POINT ( 'NONE',  ( -27.93999999999999062, 32.57999999999996987, 0.000000000000000000 ) ) ;
#1565 = ORIENTED_EDGE ( 'NONE', *, *, #1647, .F. ) ;
#1566 = EDGE_CURVE ( 'NONE', #256, #1304, #2083, .T. ) ;
#1567 = VECTOR ( 'NONE', #58, 1000.000000000000000 ) ;
#1568 = DIRECTION ( 'NONE',  ( 1.000000000000000000, 3.469446951953614583E-15, 0.000000000000000000 ) ) ;
#1569 = EDGE_LOOP ( 'NONE', ( #1922, #1773, #863, #1802 ) ) ;
#1570 = EDGE_CURVE ( 'NONE', #775, #1300, #1082, .T. ) ;
#1571 = AXIS2_PLACEMENT_3D ( 'NONE', #469, #837, #1499 ) ;
#1572 = VECTOR ( 'NONE', #115, 1000.000000000000000 ) ;
#1573 = CARTESIAN_POINT ( 'NONE',  ( 10.50000000000003020, 49.00000000000002842, 6.000000000000000000 ) ) ;
#1574 = CARTESIAN_POINT ( 'NONE',  ( -28.99999999999998934, 26.00000000000003908, 0.000000000000000000 ) ) ;
#1575 = ORIENTED_EDGE ( 'NONE', *, *, #1923, .T. ) ;
#1576 = VERTEX_POINT ( 'NONE', #858 ) ;
#1577 = LINE ( 'NONE', #851, #717 ) ;
#1578 = VERTEX_POINT ( 'NONE', #502 ) ;
#1579 = ADVANCED_FACE ( 'NONE', ( #380 ), #25, .F. ) ;
#1580 = EDGE_CURVE ( 'NONE', #1874, #1220, #1986, .T. ) ;
#1581 = DIRECTION ( 'NONE',  ( 0.000000000000000000, 0.000000000000000000, -1.000000000000000000 ) ) ;
#1582 = CIRCLE ( 'NONE', #1981, 1.000000000000000888 ) ;
#1583 = DIRECTION ( 'NONE',  ( 0.000000000000000000, 0.000000000000000000, 1.000000000000000000 ) ) ;
#1584 = VERTEX_POINT ( 'NONE', #1102 ) ;
#1585 = VECTOR ( 'NONE', #1177, 1000.000000000000000 ) ;
#1586 =( NAMED_UNIT ( * ) SI_UNIT ( $, .STERADIAN. ) SOLID_ANGLE_UNIT ( ) );
#1587 = ORIENTED_EDGE ( 'NONE', *, *, #885, .F. ) ;
#1588 = LINE ( 'NONE', #145, #1822 ) ;
#1589 = ORIENTED_EDGE ( 'NONE', *, *, #1958, .F. ) ;
#1590 = DIRECTION ( 'NONE',  ( 1.000000000000000000, 0.000000000000000000, 0.000000000000000000 ) ) ;
#1591 = EDGE_CURVE ( 'NONE', #431, #1835, #414, .T. ) ;
#1592 = PRODUCT_DEFINITION_FORMATION_WITH_SPECIFIED_SOURCE ( 'ANY', '', #879, .NOT_KNOWN. ) ;
#1593 = DIRECTION ( 'NONE',  ( -1.000000000000000000, 0.000000000000000000, 0.000000000000000000 ) ) ;
#1594 = EDGE_LOOP ( 'NONE', ( #51, #920, #1249, #1048 ) ) ;
#1595 = DIRECTION ( 'NONE',  ( 1.000000000000000000, 0.000000000000000000, 0.000000000000000000 ) ) ;
#1596 = CARTESIAN_POINT ( 'NONE',  ( -27.99999999999998579, 26.00000000000003553, 0.000000000000000000 ) ) ;
#1597 = VERTEX_POINT ( 'NONE', #1651 ) ;
#1598 = LINE ( 'NONE', #1926, #236 ) ;
#1599 = AXIS2_PLACEMENT_3D ( 'NONE', #98, #462, #780 ) ;
#1600 = DIRECTION ( 'NONE',  ( 0.000000000000000000, 0.000000000000000000, -1.000000000000000000 ) ) ;
#1601 = AXIS2_PLACEMENT_3D ( 'NONE', #2182, #229, #2158 ) ;
#1602 = VECTOR ( 'NONE', #2287, 1000.000000000000000 ) ;
#1603 = LINE ( 'NONE', #1, #664 ) ;
#1604 = EDGE_CURVE ( 'NONE', #1983, #1906, #1974, .T. ) ;
#1605 = CARTESIAN_POINT ( 'NONE',  ( -31.87867965644036872, -43.00000000000002132, 2.999999999999998668 ) ) ;
#1606 = FACE_OUTER_BOUND ( 'NONE', #1273, .T. ) ;
#1607 = DIRECTION ( 'NONE',  ( -0.000000000000000000, -0.000000000000000000, 1.000000000000000000 ) ) ;
#1608 = VERTEX_POINT ( 'NONE', #216 ) ;
#1609 = EDGE_CURVE ( 'NONE', #573, #796, #919, .T. ) ;
#1610 = CARTESIAN_POINT ( 'NONE',  ( -32.49999999999999289, 44.50000000000000000, 1.500000000000010880 ) ) ;
#1611 = DIRECTION ( 'NONE',  ( -1.000000000000000000, -0.000000000000000000, 0.000000000000000000 ) ) ;
#1612 = DIRECTION ( 'NONE',  ( -0.000000000000000000, -0.000000000000000000, 1.000000000000000000 ) ) ;
#1613 = ORIENTED_EDGE ( 'NONE', *, *, #1285, .T. ) ;
#1614 = AXIS2_PLACEMENT_3D ( 'NONE', #1034, #335, #1206 ) ;
#1615 = PLANE ( 'NONE',  #2108 ) ;
#1616 = DIRECTION ( 'NONE',  ( 0.000000000000000000, -1.000000000000000000, 0.000000000000000000 ) ) ;
#1617 = VERTEX_POINT ( 'NONE', #1247 ) ;
#1618 = VECTOR ( 'NONE', #412, 1000.000000000000000 ) ;
#1619 = ADVANCED_FACE ( 'NONE', ( #733 ), #15, .F. ) ;
#1620 = CARTESIAN_POINT ( 'NONE',  ( 3.742640687119283438, 43.00000000000003553, 3.000000000000010658 ) ) ;
#1621 = VERTEX_POINT ( 'NONE', #1953 ) ;
#1622 = VECTOR ( 'NONE', #60, 1000.000000000000000 ) ;
#1623 = CARTESIAN_POINT ( 'NONE',  ( 20.30597281152818923, -59.00000000000003553, 6.000000000000000000 ) ) ;
#1624 = CARTESIAN_POINT ( 'NONE',  ( -24.49999999999999645, -31.00000000000002132, 6.000000000000000000 ) ) ;
#1625 = ORIENTED_EDGE ( 'NONE', *, *, #1512, .T. ) ;
#1626 = ADVANCED_FACE ( 'NONE', ( #37 ), #206, .F. ) ;
#1627 = DIRECTION ( 'NONE',  ( -2.276824562219560495E-15, 1.000000000000000000, 0.000000000000000000 ) ) ;
#1628 = CARTESIAN_POINT ( 'NONE',  ( 32.49999999999999289, -46.00000000000000000, 0.000000000000000000 ) ) ;
#1629 = VERTEX_POINT ( 'NONE', #1067 ) ;
#1630 = LINE ( 'NONE', #1643, #1046 ) ;
#1631 = VERTEX_POINT ( 'NONE', #227 ) ;
#1632 = CIRCLE ( 'NONE', #1929, 1.000000000000002665 ) ;
#1633 = ADVANCED_FACE ( 'NONE', ( #194 ), #933, .F. ) ;
#1634 = CARTESIAN_POINT ( 'NONE',  ( -31.87867965644036872, -43.00000000000002132, 6.000000000000000000 ) ) ;
#1635 = VERTEX_POINT ( 'NONE', #1272 ) ;
#1636 = EDGE_CURVE ( 'NONE', #1629, #1075, #2167, .T. ) ;
#1637 = VECTOR ( 'NONE', #1243, 1000.000000000000000 ) ;
#1638 = LINE ( 'NONE', #223, #400 ) ;
#1639 = ORIENTED_EDGE ( 'NONE', *, *, #2152, .T. ) ;
#1640 = CARTESIAN_POINT ( 'NONE',  ( 20.30597281152818923, -59.00000000000003553, 6.000000000000000000 ) ) ;
#1641 = CARTESIAN_POINT ( 'NONE',  ( -31.00000000000000711, -46.00000000000000000, 6.000000000000000000 ) ) ;
#1642 = ORIENTED_EDGE ( 'NONE', *, *, #849, .F. ) ;
#1643 = CARTESIAN_POINT ( 'NONE',  ( 27.50000000000002842, 49.00000000000002842, 6.000000000000000000 ) ) ;
#1644 = EDGE_LOOP ( 'NONE', ( #734, #1342, #2034, #1565 ) ) ;
#1645 = DIRECTION ( 'NONE',  ( -0.000000000000000000, -0.000000000000000000, -1.000000000000000000 ) ) ;
#1646 = ORIENTED_EDGE ( 'NONE', *, *, #2245, .F. ) ;
#1647 = EDGE_CURVE ( 'NONE', #1745, #551, #1439, .T. ) ;
#1648 = CARTESIAN_POINT ( 'NONE',  ( 22.50000000000002132, 35.00000000000003553, 6.000000000000000000 ) ) ;
#1649 = CARTESIAN_POINT ( 'NONE',  ( -27.99999999999999289, -29.00000000000002132, 0.000000000000000000 ) ) ;
#1650 = CARTESIAN_POINT ( 'NONE',  ( 26.79379153194078000, -53.15549760449501804, 6.000000000000000000 ) ) ;
#1651 = CARTESIAN_POINT ( 'NONE',  ( 9.500000000000028422, 45.99999999999999289, 0.000000000000000000 ) ) ;
#1652 = ORIENTED_EDGE ( 'NONE', *, *, #1968, .F. ) ;
#1653 = VECTOR ( 'NONE', #1021, 1000.000000000000000 ) ;
#1654 = LINE ( 'NONE', #1481, #1347 ) ;
#1655 = EDGE_LOOP ( 'NONE', ( #392, #542, #172, #53 ) ) ;
#1656 = VECTOR ( 'NONE', #1583, 1000.000000000000000 ) ;
#1657 = COLOUR_RGB ( '',0.7921568627450980005, 0.8196078431372548767, 0.9333333333333333481 ) ;
#1658 = DIRECTION ( 'NONE',  ( -1.000000000000000000, 1.508455196501570936E-16, 0.000000000000000000 ) ) ;
#1659 = ORIENTED_EDGE ( 'NONE', *, *, #232, .F. ) ;
#1660 = LINE ( 'NONE', #1831, #188 ) ;
#1661 = CARTESIAN_POINT ( 'NONE',  ( 37.50000000000002842, 52.50000000000003553, 6.000000000000000000 ) ) ;
#1662 = EDGE_CURVE ( 'NONE', #470, #95, #563, .T. ) ;
#1663 = DIRECTION ( 'NONE',  ( -1.000000000000000000, 0.000000000000000000, 0.000000000000000000 ) ) ;
#1664 = CARTESIAN_POINT ( 'NONE',  ( -21.99999999999998934, 28.00000000000003908, 0.000000000000000000 ) ) ;
#1665 = VERTEX_POINT ( 'NONE', #759 ) ;
#1666 = ADVANCED_FACE ( 'NONE', ( #1237 ), #772, .T. ) ;
#1667 = AXIS2_PLACEMENT_3D ( 'NONE', #271, #55, #237 ) ;
#1668 = CARTESIAN_POINT ( 'NONE',  ( 26.79379153194078000, -53.15549760449501804, 0.000000000000000000 ) ) ;
#1669 = ORIENTED_EDGE ( 'NONE', *, *, #883, .F. ) ;
#1670 = CARTESIAN_POINT ( 'NONE',  ( 21.50000000000001776, 34.00000000000003553, 0.000000000000000000 ) ) ;
#1671 = CIRCLE ( 'NONE', #1444, 6.024999999999967493 ) ;
#1672 = ORIENTED_EDGE ( 'NONE', *, *, #559, .T. ) ;
#1673 = CARTESIAN_POINT ( 'NONE',  ( 32.50000000000002132, 45.99999999999998579, 0.000000000000000000 ) ) ;
#1674 = DIRECTION ( 'NONE',  ( 1.508455196501571183E-16, 1.000000000000000000, 0.000000000000000000 ) ) ;
#1675 = AXIS2_PLACEMENT_3D ( 'NONE', #1149, #274, #980 ) ;
#1676 = CARTESIAN_POINT ( 'NONE',  ( 32.50000000000002132, 45.99999999999998579, 6.000000000000000000 ) ) ;
#1677 = EDGE_CURVE ( 'NONE', #1821, #369, #668, .T. ) ;
#1678 = DIRECTION ( 'NONE',  ( 0.000000000000000000, 1.000000000000000000, 0.000000000000000000 ) ) ;
#1679 = ORIENTED_EDGE ( 'NONE', *, *, #1218, .T. ) ;
#1680 = CIRCLE ( 'NONE', #1725, 1.750000000000001554 ) ;
#1681 = ADVANCED_FACE ( 'NONE', ( #2156 ), #1113, .F. ) ;
#1682 = DIRECTION ( 'NONE',  ( 0.000000000000000000, 0.000000000000000000, -1.000000000000000000 ) ) ;
#1683 = ORIENTED_EDGE ( 'NONE', *, *, #1910, .T. ) ;
#1684 = AXIS2_PLACEMENT_3D ( 'NONE', #2111, #154, #1555 ) ;
#1685 = CYLINDRICAL_SURFACE ( 'NONE', #36, 1.750000000000001554 ) ;
#1686 = DIRECTION ( 'NONE',  ( -1.000000000000000000, -6.308085367188392213E-16, 0.000000000000000000 ) ) ;
#1687 = VERTEX_POINT ( 'NONE', #1428 ) ;
#1688 = VERTEX_POINT ( 'NONE', #1664 ) ;
#1689 = LINE ( 'NONE', #606, #1408 ) ;
#1690 = CARTESIAN_POINT ( 'NONE',  ( 3.742640687119283438, -46.00000000000000000, 3.000000000000000000 ) ) ;
#1691 = CARTESIAN_POINT ( 'NONE',  ( -20.99999999999998579, 35.00000000000003553, 0.000000000000000000 ) ) ;
#1692 = CARTESIAN_POINT ( 'NONE',  ( 27.94000000000000128, -36.00000000000003553, 0.000000000000000000 ) ) ;
#1693 = ORIENTED_EDGE ( 'NONE', *, *, #1580, .F. ) ;
#1694 = CARTESIAN_POINT ( 'NONE',  ( -31.00000000000000711, -44.50000000000000000, 6.000000000000000000 ) ) ;
#1695 = ORIENTED_EDGE ( 'NONE', *, *, #1164, .F. ) ;
#1696 = EDGE_CURVE ( 'NONE', #1621, #731, #1951, .T. ) ;
#1697 = CARTESIAN_POINT ( 'NONE',  ( -0.4999999999999817923, 46.00000000000000000, 6.000000000000000000 ) ) ;
#1698 = CARTESIAN_POINT ( 'NONE',  ( 37.50000000000002842, 52.50000000000003553, 6.000000000000000000 ) ) ;
#1699 = ORIENTED_EDGE ( 'NONE', *, *, #2123, .F. ) ;
#1700 = EDGE_LOOP ( 'NONE', ( #1563, #1473, #1625, #1169 ) ) ;
#1701 = AXIS2_PLACEMENT_3D ( 'NONE', #377, #560, #2119 ) ;
#1702 = CARTESIAN_POINT ( 'NONE',  ( 9.500000000000028422, 51.00000000000002842, 0.000000000000000000 ) ) ;
#1703 = CARTESIAN_POINT ( 'NONE',  ( 22.50000000000002132, -38.00000000000002842, 6.000000000000000000 ) ) ;
#1704 = DIRECTION ( 'NONE',  ( 0.000000000000000000, 1.000000000000000000, 0.000000000000000000 ) ) ;
#1705 = DIRECTION ( 'NONE',  ( 1.000000000000000000, 0.000000000000000000, 0.000000000000000000 ) ) ;
#1706 = EDGE_CURVE ( 'NONE', #1154, #1159, #953, .T. ) ;
#1707 = ORIENTED_EDGE ( 'NONE', *, *, #1609, .T. ) ;
#1708 = DIRECTION ( 'NONE',  ( -1.000000000000000000, 0.000000000000000000, -0.000000000000000000 ) ) ;
#1709 = ORIENTED_EDGE ( 'NONE', *, *, #1052, .T. ) ;
#1710 =( GEOMETRIC_REPRESENTATION_CONTEXT ( 3 ) GLOBAL_UNCERTAINTY_ASSIGNED_CONTEXT ( ( #2246 ) ) GLOBAL_UNIT_ASSIGNED_CONTEXT ( ( #1916, #1884, #1215 ) ) REPRESENTATION_CONTEXT ( 'NONE', 'WORKASPACE' ) );
#1711 = CYLINDRICAL_SURFACE ( 'NONE', #158, 1.500000000000001332 ) ;
#1712 = DIRECTION ( 'NONE',  ( -1.000000000000000000, 0.000000000000000000, 0.000000000000000000 ) ) ;
#1713 = ORIENTED_EDGE ( 'NONE', *, *, #2148, .F. ) ;
#1714 = ADVANCED_FACE ( 'NONE', ( #782 ), #437, .F. ) ;
#1715 = EDGE_CURVE ( 'NONE', #467, #339, #1241, .T. ) ;
#1716 = LINE ( 'NONE', #170, #1145 ) ;
#1717 = CARTESIAN_POINT ( 'NONE',  ( -32.50000000000000711, -46.00000000000000000, 6.000000000000000000 ) ) ;
#1718 = CARTESIAN_POINT ( 'NONE',  ( 22.50000000000002132, -38.00000000000002842, 0.000000000000000000 ) ) ;
#1719 =( BOUNDED_CURVE ( )  B_SPLINE_CURVE ( 3, ( #1002, #2031, #447, #658 ),
 .UNSPECIFIED., .F., .F. ) 
 B_SPLINE_CURVE_WITH_KNOTS ( ( 4, 4 ),
 ( 1.570796326794896558, 3.141592653589793116 ),
 .UNSPECIFIED. ) 
 CURVE ( )  GEOMETRIC_REPRESENTATION_ITEM ( )  RATIONAL_B_SPLINE_CURVE ( ( 1.000000000000000000, 0.8047378541243649375, 0.8047378541243649375, 1.000000000000000000 ) ) 
 REPRESENTATION_ITEM ( '' )  );
#1720 = FACE_OUTER_BOUND ( 'NONE', #1965, .T. ) ;
#1721 = ORIENTED_EDGE ( 'NONE', *, *, #1752, .T. ) ;
#1722 = DIRECTION ( 'NONE',  ( -0.000000000000000000, -0.000000000000000000, -1.000000000000000000 ) ) ;
#1723 = ORIENTED_EDGE ( 'NONE', *, *, #203, .F. ) ;
#1724 = DIRECTION ( 'NONE',  ( 0.000000000000000000, 0.000000000000000000, 1.000000000000000000 ) ) ;
#1725 = AXIS2_PLACEMENT_3D ( 'NONE', #1213, #167, #2087 ) ;
#1726 = DIRECTION ( 'NONE',  ( 6.308085367188392213E-16, -1.000000000000000000, 0.000000000000000000 ) ) ;
#1727 = VERTEX_POINT ( 'NONE', #100 ) ;
#1728 = EDGE_LOOP ( 'NONE', ( #1277, #577, #592, #306 ) ) ;
#1729 = APPLICATION_PROTOCOL_DEFINITION ( 'draft international standard', 'automotive_design', 1998, #79 ) ;
#1730 = CARTESIAN_POINT ( 'NONE',  ( 32.50000000000002132, 45.99999999999998579, 6.000000000000000000 ) ) ;
#1731 = ADVANCED_FACE ( 'NONE', ( #1138 ), #289, .T. ) ;
#1732 = PLANE ( 'NONE',  #231 ) ;
#1733 = DIRECTION ( 'NONE',  ( -8.673617379883907282E-16, -1.000000000000000000, 0.000000000000000000 ) ) ;
#1734 = ORIENTED_EDGE ( 'NONE', *, *, #1318, .T. ) ;
#1735 = CARTESIAN_POINT ( 'NONE',  ( 27.00000000000002842, 52.70000000000002416, 6.000000000000000000 ) ) ;
#1736 = VERTEX_POINT ( 'NONE', #425 ) ;
#1737 = CYLINDRICAL_SURFACE ( 'NONE', #2151, 6.024999999999967493 ) ;
#1738 = CARTESIAN_POINT ( 'NONE',  ( -24.49999999999999645, -30.00000000000002132, 0.000000000000000000 ) ) ;
#1739 = AXIS2_PLACEMENT_3D ( 'NONE', #1789, #1612, #1593 ) ;
#1740 = AXIS2_PLACEMENT_3D ( 'NONE', #899, #368, #541 ) ;
#1741 = DIRECTION ( 'NONE',  ( 1.000000000000000000, 0.000000000000000000, 0.000000000000000000 ) ) ;
#1742 = ORIENTED_EDGE ( 'NONE', *, *, #14, .T. ) ;
#1743 = EDGE_CURVE ( 'NONE', #95, #975, #1308, .T. ) ;
#1744 = CARTESIAN_POINT ( 'NONE',  ( -32.49999999999999289, 44.50000000000000000, 1.500000000000010880 ) ) ;
#1745 = VERTEX_POINT ( 'NONE', #86 ) ;
#1746 = EDGE_CURVE ( 'NONE', #1220, #868, #1528, .T. ) ;
#1747 = DIRECTION ( 'NONE',  ( 1.000000000000000000, 3.016910393003146310E-16, 0.000000000000000000 ) ) ;
#1748 = VECTOR ( 'NONE', #1486, 1000.000000000000000 ) ;
#1749 = DIRECTION ( 'NONE',  ( 1.000000000000000000, 0.000000000000000000, 0.000000000000000000 ) ) ;
#1750 = LINE ( 'NONE', #2101, #2025 ) ;
#1751 = ORIENTED_EDGE ( 'NONE', *, *, #1394, .T. ) ;
#1752 = EDGE_CURVE ( 'NONE', #415, #2093, #2207, .T. ) ;
#1753 = DIRECTION ( 'NONE',  ( 1.000000000000000000, 0.000000000000000000, 0.000000000000000000 ) ) ;
#1754 = ORIENTED_EDGE ( 'NONE', *, *, #1875, .F. ) ;
#1755 = ADVANCED_FACE ( 'NONE', ( #1720 ), #1150, .F. ) ;
#1756 = CARTESIAN_POINT ( 'NONE',  ( 9.500000000000028422, 51.00000000000002842, 6.000000000000000000 ) ) ;
#1757 = VERTEX_POINT ( 'NONE', #967 ) ;
#1758 = VECTOR ( 'NONE', #65, 1000.000000000000000 ) ;
#1759 = DIRECTION ( 'NONE',  ( 0.000000000000000000, 0.000000000000000000, 1.000000000000000000 ) ) ;
#1760 = AXIS2_PLACEMENT_3D ( 'NONE', #523, #1219, #889 ) ;
#1761 = DIRECTION ( 'NONE',  ( 1.000000000000000000, 0.000000000000000000, 0.000000000000000000 ) ) ;
#1762 = ORIENTED_EDGE ( 'NONE', *, *, #141, .F. ) ;
#1763 = SURFACE_SIDE_STYLE ('',( #1390 ) ) ;
#1764 = EDGE_LOOP ( 'NONE', ( #303, #94, #270, #1898 ) ) ;
#1765 = CARTESIAN_POINT ( 'NONE',  ( -31.00000000000000711, -46.00000000000000000, 0.000000000000000000 ) ) ;
#1766 = ORIENTED_EDGE ( 'NONE', *, *, #896, .F. ) ;
#1767 = EDGE_CURVE ( 'NONE', #556, #40, #251, .T. ) ;
#1768 = DIRECTION ( 'NONE',  ( -1.000000000000000000, 0.000000000000000000, 0.000000000000000000 ) ) ;
#1769 = CARTESIAN_POINT ( 'NONE',  ( -27.93999999999999773, -36.00000000000002842, -4.000000000000000000 ) ) ;
#1770 = ORIENTED_EDGE ( 'NONE', *, *, #2113, .F. ) ;
#1771 = DIRECTION ( 'NONE',  ( -0.000000000000000000, 0.000000000000000000, -1.000000000000000000 ) ) ;
#1772 = DIRECTION ( 'NONE',  ( -1.000000000000000000, 0.000000000000000000, 0.000000000000000000 ) ) ;
#1773 = ORIENTED_EDGE ( 'NONE', *, *, #509, .F. ) ;
#1774 = DIRECTION ( 'NONE',  ( 1.508455196501571183E-16, 1.000000000000000000, 0.000000000000000000 ) ) ;
#1775 = ORIENTED_EDGE ( 'NONE', *, *, #397, .T. ) ;
#1776 = EDGE_CURVE ( 'NONE', #1128, #1987, #596, .T. ) ;
#1777 = DIRECTION ( 'NONE',  ( -0.000000000000000000, -0.000000000000000000, -1.000000000000000000 ) ) ;
#1778 = VECTOR ( 'NONE', #1305, 1000.000000000000000 ) ;
#1779 = ADVANCED_FACE ( 'NONE', ( #2233 ), #1860, .T. ) ;
#1780 = LINE ( 'NONE', #1970, #180 ) ;
#1781 = DIRECTION ( 'NONE',  ( -0.000000000000000000, -0.000000000000000000, 1.000000000000000000 ) ) ;
#1782 = DIRECTION ( 'NONE',  ( 1.000000000000000000, 0.000000000000000000, 0.000000000000000000 ) ) ;
#1783 = ORIENTED_EDGE ( 'NONE', *, *, #1253, .F. ) ;
#1784 = CIRCLE ( 'NONE', #1492, 1.000000000000000888 ) ;
#1785 =( BOUNDED_CURVE ( )  B_SPLINE_CURVE ( 3, ( #1461, #1605, #1425, #2130 ),
 .UNSPECIFIED., .F., .T. ) 
 B_SPLINE_CURVE_WITH_KNOTS ( ( 4, 4 ),
 ( 3.141592653589793116, 4.712388980384689674 ),
 .UNSPECIFIED. ) 
 CURVE ( )  GEOMETRIC_REPRESENTATION_ITEM ( )  RATIONAL_B_SPLINE_CURVE ( ( 1.000000000000000000, 0.8047378541243649375, 0.8047378541243649375, 1.000000000000000000 ) ) 
 REPRESENTATION_ITEM ( '' )  );
#1786 = CARTESIAN_POINT ( 'NONE',  ( -32.49999999999999289, 41.50000000000003553, 4.500000000000000888 ) ) ;
#1787 = VECTOR ( 'NONE', #2250, 1000.000000000000000 ) ;
#1788 = CIRCLE ( 'NONE', #1684, 1.000000000000000888 ) ;
#1789 = CARTESIAN_POINT ( 'NONE',  ( 32.50000000000002842, 57.22499999999999432, 0.000000000000000000 ) ) ;
#1790 = DIRECTION ( 'NONE',  ( 0.000000000000000000, 0.000000000000000000, -1.000000000000000000 ) ) ;
#1791 = EDGE_CURVE ( 'NONE', #1954, #1727, #332, .T. ) ;
#1792 = CARTESIAN_POINT ( 'NONE',  ( 37.50000000000001421, -49.00000000000004263, 6.000000000000000000 ) ) ;
#1793 = ORIENTED_EDGE ( 'NONE', *, *, #883, .T. ) ;
#1794 = DIRECTION ( 'NONE',  ( -1.000000000000000000, 0.000000000000000000, -0.000000000000000000 ) ) ;
#1795 = ORIENTED_EDGE ( 'NONE', *, *, #1662, .T. ) ;
#1796 = CARTESIAN_POINT ( 'NONE',  ( 32.50000000000001421, -51.20000000000003837, 0.000000000000000000 ) ) ;
#1797 = DIRECTION ( 'NONE',  ( -0.000000000000000000, -0.000000000000000000, 1.000000000000000000 ) ) ;
#1798 = CARTESIAN_POINT ( 'NONE',  ( -0.4999999999999813483, 46.00000000000002842, 3.000000000000011546 ) ) ;
#1799 = CARTESIAN_POINT ( 'NONE',  ( 27.50000000000001421, -52.70000000000003837, 6.000000000000000000 ) ) ;
#1800 = ADVANCED_FACE ( 'NONE', ( #2202 ), #621, .T. ) ;
#1801 = DIRECTION ( 'NONE',  ( 0.000000000000000000, 0.000000000000000000, 1.000000000000000000 ) ) ;
#1802 = ORIENTED_EDGE ( 'NONE', *, *, #724, .T. ) ;
#1803 = VECTOR ( 'NONE', #529, 1000.000000000000000 ) ;
#1804 = ADVANCED_FACE ( 'NONE', ( #113 ), #957, .T. ) ;
#1805 = CARTESIAN_POINT ( 'NONE',  ( -32.50000000000000711, -45.37867965644036161, 2.378679656440356727 ) ) ;
#1806 = ORIENTED_EDGE ( 'NONE', *, *, #54, .T. ) ;
#1807 = DIRECTION ( 'NONE',  ( -0.000000000000000000, -0.000000000000000000, -1.000000000000000000 ) ) ;
#1808 = ORIENTED_EDGE ( 'NONE', *, *, #543, .F. ) ;
#1809 = CARTESIAN_POINT ( 'NONE',  ( 29.69000000000000483, -36.00000000000003553, 6.000000000000000000 ) ) ;
#1810 = FACE_OUTER_BOUND ( 'NONE', #2088, .T. ) ;
#1811 = DIRECTION ( 'NONE',  ( -1.000000000000000000, -3.016910393003146310E-16, 0.000000000000000000 ) ) ;
#1812 = EDGE_LOOP ( 'NONE', ( #1762, #1068, #322, #513 ) ) ;
#1813 = EDGE_CURVE ( 'NONE', #1415, #2037, #2059, .T. ) ;
#1814 = DIRECTION ( 'NONE',  ( 1.000000000000000000, 0.000000000000000000, 0.000000000000000000 ) ) ;
#1815 = ORIENTED_EDGE ( 'NONE', *, *, #1430, .T. ) ;
#1816 = VECTOR ( 'NONE', #1771, 1000.000000000000000 ) ;
#1817 = EDGE_CURVE ( 'NONE', #1091, #524, #355, .T. ) ;
#1818 = DIRECTION ( 'NONE',  ( 1.000000000000000000, 0.000000000000000000, 0.000000000000000000 ) ) ;
#1819 = ORIENTED_EDGE ( 'NONE', *, *, #1244, .F. ) ;
#1820 = LINE ( 'NONE', #593, #1037 ) ;
#1821 = VERTEX_POINT ( 'NONE', #1024 ) ;
#1822 = VECTOR ( 'NONE', #359, 1000.000000000000000 ) ;
#1823 = CARTESIAN_POINT ( 'NONE',  ( 10.50000000000001776, -49.00000000000003553, 6.000000000000000000 ) ) ;
#1824 = DIRECTION ( 'NONE',  ( 0.000000000000000000, -1.000000000000000000, 0.000000000000000000 ) ) ;
#1825 = ORIENTED_EDGE ( 'NONE', *, *, #1743, .T. ) ;
#1826 = DIRECTION ( 'NONE',  ( 0.000000000000000000, 0.000000000000000000, -1.000000000000000000 ) ) ;
#1827 = VERTEX_POINT ( 'NONE', #1015 ) ;
#1828 = LINE ( 'NONE', #753, #788 ) ;
#1829 = EDGE_CURVE ( 'NONE', #162, #573, #1388, .T. ) ;
#1830 = ORIENTED_EDGE ( 'NONE', *, *, #57, .T. ) ;
#1831 = CARTESIAN_POINT ( 'NONE',  ( -22.49999999999999645, -38.00000000000002132, 0.000000000000000000 ) ) ;
#1832 = ORIENTED_EDGE ( 'NONE', *, *, #57, .F. ) ;
#1833 = CARTESIAN_POINT ( 'NONE',  ( -23.49999999999999645, -37.00000000000002132, 0.000000000000000000 ) ) ;
#1834 = CARTESIAN_POINT ( 'NONE',  ( -31.00000000000000711, -45.99999999999999289, 1.500000000000000000 ) ) ;
#1835 = VERTEX_POINT ( 'NONE', #1574 ) ;
#1836 = AXIS2_PLACEMENT_3D ( 'NONE', #1334, #1871, #1306 ) ;
#1837 = FACE_BOUND ( 'NONE', #1933, .T. ) ;
#1838 = EDGE_LOOP ( 'NONE', ( #1721, #597, #1238, #444 ) ) ;
#1839 = VECTOR ( 'NONE', #2284, 1000.000000000000000 ) ;
#1840 = AXIS2_PLACEMENT_3D ( 'NONE', #240, #944, #722 ) ;
#1841 = CARTESIAN_POINT ( 'NONE',  ( -22.99999999999998934, 28.00000000000003908, 0.000000000000000000 ) ) ;
#1842 = ORIENTED_EDGE ( 'NONE', *, *, #1231, .F. ) ;
#1843 = EDGE_CURVE ( 'NONE', #1159, #1500, #695, .T. ) ;
#1844 = DIRECTION ( 'NONE',  ( -0.000000000000000000, -0.000000000000000000, -1.000000000000000000 ) ) ;
#1845 = LINE ( 'NONE', #607, #1208 ) ;
#1846 = EDGE_CURVE ( 'NONE', #1940, #1576, #499, .T. ) ;
#1847 = FACE_OUTER_BOUND ( 'NONE', #1992, .T. ) ;
#1848 = CARTESIAN_POINT ( 'NONE',  ( 32.50000000000002842, 57.22499999999999432, 6.000000000000000000 ) ) ;
#1849 = ORIENTED_EDGE ( 'NONE', *, *, #1072, .F. ) ;
#1850 = FACE_OUTER_BOUND ( 'NONE', #1838, .T. ) ;
#1851 = ORIENTED_EDGE ( 'NONE', *, *, #2272, .T. ) ;
#1852 = FACE_OUTER_BOUND ( 'NONE', #2133, .T. ) ;
#1853 = CARTESIAN_POINT ( 'NONE',  ( -32.49999999999999289, 41.50000000000003553, 1.499999999999999556 ) ) ;
#1854 = ORIENTED_EDGE ( 'NONE', *, *, #1862, .T. ) ;
#1855 = LINE ( 'NONE', #1501, #1440 ) ;
#1856 =( BOUNDED_CURVE ( )  B_SPLINE_CURVE ( 3, ( #927, #1634, #2002, #429 ),
 .UNSPECIFIED., .F., .F. ) 
 B_SPLINE_CURVE_WITH_KNOTS ( ( 4, 4 ),
 ( 0.000000000000000000, 1.570796326794896558 ),
 .UNSPECIFIED. ) 
 CURVE ( )  GEOMETRIC_REPRESENTATION_ITEM ( )  RATIONAL_B_SPLINE_CURVE ( ( 1.000000000000000000, 0.8047378541243649375, 0.8047378541243649375, 1.000000000000000000 ) ) 
 REPRESENTATION_ITEM ( '' )  );
#1857 = CARTESIAN_POINT ( 'NONE',  ( 10.50000000000001776, -48.00000000000003553, 0.000000000000000000 ) ) ;
#1858 = CIRCLE ( 'NONE', #1484, 6.024999999999967493 ) ;
#1859 = LINE ( 'NONE', #1823, #892 ) ;
#1860 = CYLINDRICAL_SURFACE ( 'NONE', #477, 0.5000000000000004441 ) ;
#1861 = ORIENTED_EDGE ( 'NONE', *, *, #263, .F. ) ;
#1862 = EDGE_CURVE ( 'NONE', #1665, #1080, #1750, .T. ) ;
#1863 = AXIS2_PLACEMENT_3D ( 'NONE', #1467, #748, #1264 ) ;
#1864 = CARTESIAN_POINT ( 'NONE',  ( -0.4999999999999692468, 51.00000000000000000, 0.000000000000000000 ) ) ;
#1865 = ORIENTED_EDGE ( 'NONE', *, *, #1696, .F. ) ;
#1866 = VECTOR ( 'NONE', #2134, 1000.000000000000000 ) ;
#1867 = CARTESIAN_POINT ( 'NONE',  ( -27.93999999999999062, 32.57999999999996987, -4.000000000000000000 ) ) ;
#1868 = DIRECTION ( 'NONE',  ( 2.276824562219560495E-15, -1.000000000000000000, 0.000000000000000000 ) ) ;
#1869 = ORIENTED_EDGE ( 'NONE', *, *, #445, .T. ) ;
#1870 = DIRECTION ( 'NONE',  ( -0.000000000000000000, -0.000000000000000000, -1.000000000000000000 ) ) ;
#1871 = DIRECTION ( 'NONE',  ( -0.000000000000000000, -0.000000000000000000, -1.000000000000000000 ) ) ;
#1872 = CARTESIAN_POINT ( 'NONE',  ( 27.94000000000000128, -36.00000000000003553, 6.000000000000000000 ) ) ;
#1873 = DIRECTION ( 'NONE',  ( 1.000000000000000000, 0.000000000000000000, 0.000000000000000000 ) ) ;
#1874 = VERTEX_POINT ( 'NONE', #1200 ) ;
#1875 = EDGE_CURVE ( 'NONE', #187, #975, #855, .T. ) ;
#1876 = FACE_OUTER_BOUND ( 'NONE', #790, .T. ) ;
#1877 = ORIENTED_EDGE ( 'NONE', *, *, #1791, .T. ) ;
#1878 = VECTOR ( 'NONE', #779, 1000.000000000000000 ) ;
#1879 = ADVANCED_FACE ( 'NONE', ( #1552 ), #1227, .F. ) ;
#1880 = FACE_OUTER_BOUND ( 'NONE', #168, .T. ) ;
#1881 = CARTESIAN_POINT ( 'NONE',  ( -23.49999999999999645, -30.00000000000002132, 0.000000000000000000 ) ) ;
#1882 = ORIENTED_EDGE ( 'NONE', *, *, #432, .F. ) ;
#1883 = VECTOR ( 'NONE', #832, 1000.000000000000000 ) ;
#1884 =( NAMED_UNIT ( * ) PLANE_ANGLE_UNIT ( ) SI_UNIT ( $, .RADIAN. ) );
#1885 = DIRECTION ( 'NONE',  ( -1.000000000000000000, 0.000000000000000000, -0.000000000000000000 ) ) ;
#1886 = CARTESIAN_POINT ( 'NONE',  ( 29.69000000000000483, -36.00000000000003553, 0.000000000000000000 ) ) ;
#1887 = DIRECTION ( 'NONE',  ( 0.000000000000000000, 0.000000000000000000, 1.000000000000000000 ) ) ;
#1888 = ORIENTED_EDGE ( 'NONE', *, *, #109, .F. ) ;
#1889 = CARTESIAN_POINT ( 'NONE',  ( 20.30597281152818923, -59.00000000000003553, 0.000000000000000000 ) ) ;
#1890 = ORIENTED_EDGE ( 'NONE', *, *, #131, .T. ) ;
#1891 = PLANE ( 'NONE',  #989 ) ;
#1892 = CARTESIAN_POINT ( 'NONE',  ( 27.94000000000000838, 32.57999999999996277, 0.000000000000000000 ) ) ;
#1893 = ORIENTED_EDGE ( 'NONE', *, *, #1001, .F. ) ;
#1894 = ADVANCED_FACE ( 'NONE', ( #336 ), #1044, .F. ) ;
#1895 = CARTESIAN_POINT ( 'NONE',  ( -27.99999999999998579, 27.00000000000003908, 0.000000000000000000 ) ) ;
#1896 = CARTESIAN_POINT ( 'NONE',  ( -30.99999999999999289, 41.50000000000003553, 6.000000000000010658 ) ) ;
#1897 = CARTESIAN_POINT ( 'NONE',  ( -0.4999999999999692468, 51.00000000000000000, 6.000000000000000000 ) ) ;
#1898 = ORIENTED_EDGE ( 'NONE', *, *, #781, .F. ) ;
#1899 = DIRECTION ( 'NONE',  ( -1.000000000000000000, -3.016910393003146310E-16, 0.000000000000000000 ) ) ;
#1900 = ORIENTED_EDGE ( 'NONE', *, *, #2014, .T. ) ;
#1901 = CIRCLE ( 'NONE', #866, 1.750000000000001554 ) ;
#1902 = DIRECTION ( 'NONE',  ( 0.000000000000000000, 0.000000000000000000, 1.000000000000000000 ) ) ;
#1903 = VECTOR ( 'NONE', #1368, 1000.000000000000000 ) ;
#1904 = LINE ( 'NONE', #320, #1787 ) ;
#1905 = VERTEX_POINT ( 'NONE', #673 ) ;
#1906 = VERTEX_POINT ( 'NONE', #344 ) ;
#1907 = ADVANCED_FACE ( 'NONE', ( #151 ), #1539, .F. ) ;
#1908 = CARTESIAN_POINT ( 'NONE',  ( 0.000000000000000000, 0.000000000000000000, 0.000000000000000000 ) ) ;
#1909 = DIRECTION ( 'NONE',  ( 1.000000000000000000, 0.000000000000000000, 0.000000000000000000 ) ) ;
#1910 = EDGE_CURVE ( 'NONE', #78, #1597, #1399, .T. ) ;
#1911 = DIRECTION ( 'NONE',  ( -0.000000000000000000, -0.000000000000000000, -1.000000000000000000 ) ) ;
#1912 = ORIENTED_EDGE ( 'NONE', *, *, #1580, .T. ) ;
#1913 = CARTESIAN_POINT ( 'NONE',  ( -0.4999999999999816813, -51.00000000000000711, 6.000000000000000000 ) ) ;
#1914 = ORIENTED_EDGE ( 'NONE', *, *, #1353, .T. ) ;
#1915 = VECTOR ( 'NONE', #1327, 1000.000000000000000 ) ;
#1916 =( LENGTH_UNIT ( ) NAMED_UNIT ( * ) SI_UNIT ( .MILLI., .METRE. ) );
#1917 = DIRECTION ( 'NONE',  ( 0.000000000000000000, 0.000000000000000000, 1.000000000000000000 ) ) ;
#1918 = EDGE_CURVE ( 'NONE', #604, #556, #913, .T. ) ;
#1919 = VECTOR ( 'NONE', #2218, 1000.000000000000000 ) ;
#1920 = AXIS2_PLACEMENT_3D ( 'NONE', #2144, #908, #2132 ) ;
#1921 = PLANE ( 'NONE',  #293 ) ;
#1922 = ORIENTED_EDGE ( 'NONE', *, *, #1947, .F. ) ;
#1923 = EDGE_CURVE ( 'NONE', #521, #1154, #171, .T. ) ;
#1924 = FILL_AREA_STYLE_COLOUR ( '', #1657 ) ;
#1925 = ORIENTED_EDGE ( 'NONE', *, *, #131, .F. ) ;
#1926 = CARTESIAN_POINT ( 'NONE',  ( 23.60530830047594364, 51.71203832808036793, 0.000000000000000000 ) ) ;
#1927 = PRODUCT_DEFINITION ( 'UNKNOWN', '', #1592, #327 ) ;
#1928 = CARTESIAN_POINT ( 'NONE',  ( 9.500000000000028422, 45.99999999999999289, 0.000000000000000000 ) ) ;
#1929 = AXIS2_PLACEMENT_3D ( 'NONE', #1985, #1781, #47 ) ;
#1930 = ORIENTED_EDGE ( 'NONE', *, *, #1118, .T. ) ;
#1931 = ADVANCED_FACE ( 'NONE', ( #2243 ), #661, .F. ) ;
#1932 = CARTESIAN_POINT ( 'NONE',  ( -32.50000000000000711, -41.50000000000002132, 4.500000000000000888 ) ) ;
#1933 = EDGE_LOOP ( 'NONE', ( #802, #1865 ) ) ;
#1934 = AXIS2_PLACEMENT_3D ( 'NONE', #884, #538, #527 ) ;
#1935 = LINE ( 'NONE', #341, #349 ) ;
#1936 = ORIENTED_EDGE ( 'NONE', *, *, #235, .F. ) ;
#1937 = AXIS2_PLACEMENT_3D ( 'NONE', #1623, #1445, #789 ) ;
#1938 = LINE ( 'NONE', #2289, #496 ) ;
#1939 = DIRECTION ( 'NONE',  ( 0.4124169361184673033, -0.9109952089899574501, 0.000000000000000000 ) ) ;
#1940 = VERTEX_POINT ( 'NONE', #1897 ) ;
#1941 = CYLINDRICAL_SURFACE ( 'NONE', #62, 1.000000000000000888 ) ;
#1942 = ORIENTED_EDGE ( 'NONE', *, *, #1152, .F. ) ;
#1943 = ADVANCED_FACE ( 'NONE', ( #314 ), #1921, .F. ) ;
#1944 = DIRECTION ( 'NONE',  ( -0.000000000000000000, -0.000000000000000000, -1.000000000000000000 ) ) ;
#1945 = ORIENTED_EDGE ( 'NONE', *, *, #1076, .F. ) ;
#1946 =( BOUNDED_CURVE ( )  B_SPLINE_CURVE ( 3, ( #872, #2261, #2105, #1765 ),
 .UNSPECIFIED., .F., .T. ) 
 B_SPLINE_CURVE_WITH_KNOTS ( ( 4, 4 ),
 ( 4.712388980384689674, 6.283185307179586232 ),
 .UNSPECIFIED. ) 
 CURVE ( )  GEOMETRIC_REPRESENTATION_ITEM ( )  RATIONAL_B_SPLINE_CURVE ( ( 1.000000000000000000, 0.8047378541243649375, 0.8047378541243649375, 1.000000000000000000 ) ) 
 REPRESENTATION_ITEM ( '' )  );
#1947 = EDGE_CURVE ( 'NONE', #909, #2084, #250, .T. ) ;
#1948 = CARTESIAN_POINT ( 'NONE',  ( -27.99999999999998579, 26.00000000000003553, 0.000000000000000000 ) ) ;
#1949 = CARTESIAN_POINT ( 'NONE',  ( 36.65517241379311031, -52.86206896551728818, 0.000000000000000000 ) ) ;
#1950 = AXIS2_PLACEMENT_3D ( 'NONE', #1834, #276, #1705 ) ;
#1951 = CIRCLE ( 'NONE', #850, 1.750000000000001554 ) ;
#1952 = CARTESIAN_POINT ( 'NONE',  ( -20.99999999999998579, 34.00000000000003553, 6.000000000000000000 ) ) ;
#1953 = CARTESIAN_POINT ( 'NONE',  ( 26.19000000000000128, -36.00000000000003553, 0.000000000000000000 ) ) ;
#1954 = VERTEX_POINT ( 'NONE', #161 ) ;
#1955 = CARTESIAN_POINT ( 'NONE',  ( 27.50000000000001421, -52.70000000000003837, 0.000000000000000000 ) ) ;
#1956 = EDGE_LOOP ( 'NONE', ( #1495, #825 ) ) ;
#1957 = CYLINDRICAL_SURFACE ( 'NONE', #1256, 1.500000000000001332 ) ;
#1958 = EDGE_CURVE ( 'NONE', #762, #1518, #192, .T. ) ;
#1959 = DIRECTION ( 'NONE',  ( -0.000000000000000000, 0.000000000000000000, -1.000000000000000000 ) ) ;
#1960 = EDGE_LOOP ( 'NONE', ( #417, #2226, #835, #2285 ) ) ;
#1961 = CARTESIAN_POINT ( 'NONE',  ( 27.50000000000002842, 52.70000000000002416, 0.000000000000000000 ) ) ;
#1962 = DIRECTION ( 'NONE',  ( 0.000000000000000000, 0.000000000000000000, -1.000000000000000000 ) ) ;
#1963 = ORIENTED_EDGE ( 'NONE', *, *, #2231, .F. ) ;
#1964 = DIRECTION ( 'NONE',  ( 1.000000000000000000, -1.508455196501571183E-16, 0.000000000000000000 ) ) ;
#1965 = EDGE_LOOP ( 'NONE', ( #143, #1378, #1158, #1854 ) ) ;
#1966 = CARTESIAN_POINT ( 'NONE',  ( -31.00000000000000711, -59.00000000000002842, 0.000000000000000000 ) ) ;
#1967 = AXIS2_PLACEMENT_3D ( 'NONE', #457, #1358, #1868 ) ;
#1968 = EDGE_CURVE ( 'NONE', #489, #1617, #1513, .T. ) ;
#1969 = AXIS2_PLACEMENT_3D ( 'NONE', #1841, #2172, #1818 ) ;
#1970 = CARTESIAN_POINT ( 'NONE',  ( 26.79379153194079421, 53.15549760449500383, 6.000000000000000000 ) ) ;
#1971 = ORIENTED_EDGE ( 'NONE', *, *, #2196, .T. ) ;
#1972 = EDGE_CURVE ( 'NONE', #103, #1757, #720, .T. ) ;
#1973 = CARTESIAN_POINT ( 'NONE',  ( -32.49999999999999289, 41.50000000000003553, 1.499999999999999556 ) ) ;
#1974 = LINE ( 'NONE', #1792, #1622 ) ;
#1975 = EDGE_LOOP ( 'NONE', ( #220, #210, #2071, #1400 ) ) ;
#1976 = CARTESIAN_POINT ( 'NONE',  ( -0.4999999999999891753, 43.00000000000003553, 6.000000000000010658 ) ) ;
#1977 = VERTEX_POINT ( 'NONE', #730 ) ;
#1978 = CARTESIAN_POINT ( 'NONE',  ( -23.49999999999999645, -31.00000000000002132, 0.000000000000000000 ) ) ;
#1979 = ORIENTED_EDGE ( 'NONE', *, *, #1497, .F. ) ;
#1980 = DIRECTION ( 'NONE',  ( -1.000000000000000000, 0.000000000000000000, 0.000000000000000000 ) ) ;
#1981 = AXIS2_PLACEMENT_3D ( 'NONE', #853, #683, #1749 ) ;
#1982 = EDGE_CURVE ( 'NONE', #1106, #1080, #1401, .T. ) ;
#1983 = VERTEX_POINT ( 'NONE', #202 ) ;
#1984 = CIRCLE ( 'NONE', #1276, 1.000000000000000888 ) ;
#1985 = CARTESIAN_POINT ( 'NONE',  ( 10.50000000000001776, -48.00000000000003553, 6.000000000000000000 ) ) ;
#1986 = LINE ( 'NONE', #553, #1062 ) ;
#1987 = VERTEX_POINT ( 'NONE', #1282 ) ;
#1988 = EDGE_CURVE ( 'NONE', #173, #1230, #1245, .T. ) ;
#1989 = DIRECTION ( 'NONE',  ( -0.000000000000000000, 0.000000000000000000, -1.000000000000000000 ) ) ;
#1990 = ORIENTED_EDGE ( 'NONE', *, *, #986, .T. ) ;
#1991 = DIRECTION ( 'NONE',  ( 0.000000000000000000, 0.000000000000000000, 1.000000000000000000 ) ) ;
#1992 = EDGE_LOOP ( 'NONE', ( #108, #1421, #1393, #749 ) ) ;
#1993 = CARTESIAN_POINT ( 'NONE',  ( -0.5000000000002060574, -43.00000000000002132, 6.000000000000000000 ) ) ;
#1994 = CYLINDRICAL_SURFACE ( 'NONE', #1023, 1.000000000000000888 ) ;
#1995 = VECTOR ( 'NONE', #460, 1000.000000000000000 ) ;
#1996 = DIRECTION ( 'NONE',  ( 0.000000000000000000, 0.000000000000000000, 1.000000000000000000 ) ) ;
#1997 = CARTESIAN_POINT ( 'NONE',  ( -27.93999999999999062, 32.57999999999996987, 6.000000000000000000 ) ) ;
#1998 = ORIENTED_EDGE ( 'NONE', *, *, #1462, .T. ) ;
#1999 = EDGE_CURVE ( 'NONE', #1159, #415, #1418, .T. ) ;
#2000 = LINE ( 'NONE', #911, #1259 ) ;
#2001 = ORIENTED_EDGE ( 'NONE', *, *, #449, .T. ) ;
#2002 = CARTESIAN_POINT ( 'NONE',  ( -32.50000000000000711, -42.37867965644038293, 5.378679656440358059 ) ) ;
#2003 = ORIENTED_EDGE ( 'NONE', *, *, #2138, .T. ) ;
#2004 = AXIS2_PLACEMENT_3D ( 'NONE', #2217, #450, #1124 ) ;
#2005 = LINE ( 'NONE', #1673, #69 ) ;
#2006 = EDGE_LOOP ( 'NONE', ( #2060, #1893, #61, #812 ) ) ;
#2007 = EDGE_CURVE ( 'NONE', #1631, #1330, #1065, .T. ) ;
#2008 = AXIS2_PLACEMENT_3D ( 'NONE', #861, #1944, #690 ) ;
#2009 = DIRECTION ( 'NONE',  ( 1.000000000000000000, 0.000000000000000000, 0.000000000000000000 ) ) ;
#2010 = DIRECTION ( 'NONE',  ( 1.000000000000000000, -3.469446951953614583E-15, 0.000000000000000000 ) ) ;
#2011 = ORIENTED_EDGE ( 'NONE', *, *, #1336, .T. ) ;
#2012 = CYLINDRICAL_SURFACE ( 'NONE', #1160, 0.5000000000000004441 ) ;
#2013 = ORIENTED_EDGE ( 'NONE', *, *, #617, .F. ) ;
#2014 = EDGE_CURVE ( 'NONE', #489, #1584, #1603, .T. ) ;
#2015 = VERTEX_POINT ( 'NONE', #1809 ) ;
#2016 = ADVANCED_FACE ( 'NONE', ( #743 ), #181, .F. ) ;
#2017 = LINE ( 'NONE', #2200, #1748 ) ;
#2018 = DIRECTION ( 'NONE',  ( -0.000000000000000000, 0.000000000000000000, -1.000000000000000000 ) ) ;
#2019 = DIRECTION ( 'NONE',  ( -0.000000000000000000, -0.000000000000000000, -1.000000000000000000 ) ) ;
#2020 = CARTESIAN_POINT ( 'NONE',  ( -30.99999999999999289, 43.00000000000003553, 6.000000000000010658 ) ) ;
#2021 = ORIENTED_EDGE ( 'NONE', *, *, #1121, .T. ) ;
#2022 = CIRCLE ( 'NONE', #1614, 1.000000000000000888 ) ;
#2023 = CARTESIAN_POINT ( 'NONE',  ( 3.742640687119283438, 43.00000000000003553, 6.000000000000010658 ) ) ;
#2024 = EDGE_LOOP ( 'NONE', ( #1808, #2168, #1103, #960 ) ) ;
#2025 = VECTOR ( 'NONE', #1376, 1000.000000000000000 ) ;
#2026 = CARTESIAN_POINT ( 'NONE',  ( -26.18999999999998707, 32.57999999999996987, 6.000000000000000000 ) ) ;
#2027 = DIRECTION ( 'NONE',  ( -0.000000000000000000, -0.000000000000000000, -1.000000000000000000 ) ) ;
#2028 = ORIENTED_EDGE ( 'NONE', *, *, #1434, .T. ) ;
#2029 = ADVANCED_FACE ( 'NONE', ( #904 ), #886, .F. ) ;
#2030 = DIRECTION ( 'NONE',  ( 0.000000000000000000, -1.000000000000000000, 0.000000000000000000 ) ) ;
#2031 = CARTESIAN_POINT ( 'NONE',  ( -32.49999999999999289, 42.37867965644039714, 5.378679656440358059 ) ) ;
#2032 = CARTESIAN_POINT ( 'NONE',  ( -31.00000000000000711, -46.00000000000000000, 3.000000000000000000 ) ) ;
#2033 = CARTESIAN_POINT ( 'NONE',  ( -31.00000000000000711, -41.50000000000002132, 6.000000000000000000 ) ) ;
#2034 = ORIENTED_EDGE ( 'NONE', *, *, #141, .T. ) ;
#2035 = VECTOR ( 'NONE', #864, 1000.000000000000000 ) ;
#2036 = CARTESIAN_POINT ( 'NONE',  ( 27.50000000000002842, 52.70000000000002416, 0.000000000000000000 ) ) ;
#2037 = VERTEX_POINT ( 'NONE', #399 ) ;
#2038 = EDGE_CURVE ( 'NONE', #1905, #405, #1780, .T. ) ;
#2039 = DIRECTION ( 'NONE',  ( -0.000000000000000000, -0.000000000000000000, -1.000000000000000000 ) ) ;
#2040 = DIRECTION ( 'NONE',  ( -0.000000000000000000, 0.000000000000000000, -1.000000000000000000 ) ) ;
#2041 = CIRCLE ( 'NONE', #823, 1.750000000000001554 ) ;
#2042 = ORIENTED_EDGE ( 'NONE', *, *, #1076, .T. ) ;
#2043 = FACE_OUTER_BOUND ( 'NONE', #1655, .T. ) ;
#2044 = CARTESIAN_POINT ( 'NONE',  ( -30.99999999999999289, 46.00000000000002132, 1.500000000000011324 ) ) ;
#2045 = EDGE_CURVE ( 'NONE', #526, #2147, #21, .T. ) ;
#2046 = CARTESIAN_POINT ( 'NONE',  ( -0.4999999999999816813, -51.00000000000000711, 6.000000000000000000 ) ) ;
#2047 = CARTESIAN_POINT ( 'NONE',  ( 27.00000000000001421, -52.70000000000003837, 6.000000000000000000 ) ) ;
#2048 = ORIENTED_EDGE ( 'NONE', *, *, #1152, .T. ) ;
#2049 = EDGE_CURVE ( 'NONE', #996, #1940, #1638, .T. ) ;
#2050 = CIRCLE ( 'NONE', #1043, 7.999999999999998224 ) ;
#2051 = LINE ( 'NONE', #74, #1903 ) ;
#2052 = ORIENTED_EDGE ( 'NONE', *, *, #1846, .F. ) ;
#2053 = CIRCLE ( 'NONE', #2086, 1.750000000000001554 ) ;
#2054 = CARTESIAN_POINT ( 'NONE',  ( 37.50000000000001421, -49.00000000000004263, 6.000000000000000000 ) ) ;
#2055 = DIRECTION ( 'NONE',  ( -1.000000000000000000, 0.000000000000000000, 0.000000000000000000 ) ) ;
#2056 = DIRECTION ( 'NONE',  ( -0.000000000000000000, -0.000000000000000000, -1.000000000000000000 ) ) ;
#2057 = DIRECTION ( 'NONE',  ( -0.000000000000000000, 0.000000000000000000, -1.000000000000000000 ) ) ;
#2058 = DIRECTION ( 'NONE',  ( 0.000000000000000000, -1.000000000000000000, 0.000000000000000000 ) ) ;
#2059 = LINE ( 'NONE', #474, #105 ) ;
#2060 = ORIENTED_EDGE ( 'NONE', *, *, #1776, .F. ) ;
#2061 = ADVANCED_FACE ( 'NONE', ( #572 ), #895, .F. ) ;
#2062 = FACE_OUTER_BOUND ( 'NONE', #384, .T. ) ;
#2063 = VERTEX_POINT ( 'NONE', #11 ) ;
#2064 = CARTESIAN_POINT ( 'NONE',  ( 27.50000000000002842, 52.70000000000002416, 6.000000000000000000 ) ) ;
#2065 = CYLINDRICAL_SURFACE ( 'NONE', #535, 1.000000000000000888 ) ;
#2066 = EDGE_LOOP ( 'NONE', ( #2193, #1018, #2179, #1281 ) ) ;
#2067 = CARTESIAN_POINT ( 'NONE',  ( 10.50000000000001776, -49.00000000000004263, 6.000000000000000000 ) ) ;
#2068 = DIRECTION ( 'NONE',  ( -0.000000000000000000, -0.000000000000000000, -1.000000000000000000 ) ) ;
#2069 = CYLINDRICAL_SURFACE ( 'NONE', #2114, 1.000000000000000888 ) ;
#2070 = DIRECTION ( 'NONE',  ( -3.016910393003143845E-16, -1.000000000000000000, 0.000000000000000000 ) ) ;
#2071 = ORIENTED_EDGE ( 'NONE', *, *, #849, .T. ) ;
#2072 = LINE ( 'NONE', #89, #751 ) ;
#2073 = ORIENTED_EDGE ( 'NONE', *, *, #2227, .F. ) ;
#2074 = EDGE_CURVE ( 'NONE', #1251, #1180, #2169, .T. ) ;
#2075 = DIRECTION ( 'NONE',  ( 1.000000000000000000, 0.000000000000000000, 0.000000000000000000 ) ) ;
#2076 = DIRECTION ( 'NONE',  ( -0.000000000000000000, -0.000000000000000000, -1.000000000000000000 ) ) ;
#2077 = EDGE_LOOP ( 'NONE', ( #1646, #1819, #1290, #2265 ) ) ;
#2078 = VERTEX_POINT ( 'NONE', #212 ) ;
#2079 = EDGE_CURVE ( 'NONE', #1688, #308, #1268, .T. ) ;
#2080 = CYLINDRICAL_SURFACE ( 'NONE', #2163, 1.750000000000001554 ) ;
#2081 = CARTESIAN_POINT ( 'NONE',  ( 22.50000000000002132, 34.00000000000003553, 6.000000000000000000 ) ) ;
#2082 = ORIENTED_EDGE ( 'NONE', *, *, #860, .F. ) ;
#2083 = LINE ( 'NONE', #847, #333 ) ;
#2084 = VERTEX_POINT ( 'NONE', #1949 ) ;
#2085 = VECTOR ( 'NONE', #1826, 1000.000000000000000 ) ;
#2086 = AXIS2_PLACEMENT_3D ( 'NONE', #1455, #1105, #1814 ) ;
#2087 = DIRECTION ( 'NONE',  ( 1.000000000000000000, 0.000000000000000000, 0.000000000000000000 ) ) ;
#2088 = EDGE_LOOP ( 'NONE', ( #2183, #856, #1963, #2013, #321, #1553, #2259, #727, #292, #2122, #1131, #700, #1882, #773, #945, #1849, #622, #12, #1141, #5, #1098, #1405, #616, #612, #1861, #2073, #438, #1766, #1942, #2195, #1391, #1693 ) ) ;
#2089 = ADVANCED_FACE ( 'NONE', ( #756 ), #366, .F. ) ;
#2090 = EDGE_CURVE ( 'NONE', #1977, #222, #177, .T. ) ;
#2091 = CARTESIAN_POINT ( 'NONE',  ( -0.4999999999999817923, 46.00000000000000000, 0.000000000000000000 ) ) ;
#2092 = DIRECTION ( 'NONE',  ( -1.000000000000000000, 0.000000000000000000, 0.000000000000000000 ) ) ;
#2093 = VERTEX_POINT ( 'NONE', #1122 ) ;
#2094 = ORIENTED_EDGE ( 'NONE', *, *, #509, .T. ) ;
#2095 = CARTESIAN_POINT ( 'NONE',  ( 22.50000000000002132, 34.00000000000003553, 0.000000000000000000 ) ) ;
#2096 = CIRCLE ( 'NONE', #580, 1.750000000000001554 ) ;
#2097 = ORIENTED_EDGE ( 'NONE', *, *, #494, .T. ) ;
#2098 = PLANE ( 'NONE',  #1331 ) ;
#2099 = AXIS2_PLACEMENT_3D ( 'NONE', #1366, #2070, #487 ) ;
#2100 = EDGE_CURVE ( 'NONE', #1500, #222, #952, .T. ) ;
#2101 = CARTESIAN_POINT ( 'NONE',  ( 36.65517241379312452, 52.86206896551727397, 6.000000000000000000 ) ) ;
#2102 = ORIENTED_EDGE ( 'NONE', *, *, #2045, .F. ) ;
#2103 = CARTESIAN_POINT ( 'NONE',  ( -28.99999999999999289, -29.00000000000002132, 6.000000000000000000 ) ) ;
#2104 = ORIENTED_EDGE ( 'NONE', *, *, #1370, .F. ) ;
#2105 = CARTESIAN_POINT ( 'NONE',  ( -31.87867965644036872, -46.00000000000000000, -2.168404344971008868E-16 ) ) ;
#2106 = CARTESIAN_POINT ( 'NONE',  ( -23.49999999999999645, -30.00000000000002132, 0.000000000000000000 ) ) ;
#2107 = CARTESIAN_POINT ( 'NONE',  ( 27.50000000000001776, -49.00000000000004263, 0.000000000000000000 ) ) ;
#2108 = AXIS2_PLACEMENT_3D ( 'NONE', #1640, #1089, #575 ) ;
#2109 = ORIENTED_EDGE ( 'NONE', *, *, #1332, .T. ) ;
#2110 = EDGE_CURVE ( 'NONE', #1665, #1040, #1363, .T. ) ;
#2111 = CARTESIAN_POINT ( 'NONE',  ( -27.99999999999998579, 26.00000000000003553, 6.000000000000000000 ) ) ;
#2112 = EDGE_LOOP ( 'NONE', ( #1842, #381 ) ) ;
#2113 = EDGE_CURVE ( 'NONE', #996, #1220, #2187, .T. ) ;
#2114 = AXIS2_PLACEMENT_3D ( 'NONE', #2126, #548, #1590 ) ;
#2115 = CARTESIAN_POINT ( 'NONE',  ( 36.65517241379312452, 52.86206896551727397, 0.000000000000000000 ) ) ;
#2116 = ORIENTED_EDGE ( 'NONE', *, *, #1570, .T. ) ;
#2117 = CIRCLE ( 'NONE', #1601, 0.5000000000000004441 ) ;
#2118 = CYLINDRICAL_SURFACE ( 'NONE', #1073, 1.000000000000000888 ) ;
#2119 = DIRECTION ( 'NONE',  ( -2.515349040166371865E-15, -1.000000000000000000, 0.000000000000000000 ) ) ;
#2120 = LINE ( 'NONE', #540, #190 ) ;
#2121 = CARTESIAN_POINT ( 'NONE',  ( 37.50000000000002842, 49.00000000000002842, 6.000000000000000000 ) ) ;
#2122 = ORIENTED_EDGE ( 'NONE', *, *, #1197, .F. ) ;
#2123 = EDGE_CURVE ( 'NONE', #1540, #604, #1660, .T. ) ;
#2124 = LINE ( 'NONE', #679, #2188 ) ;
#2125 = VERTEX_POINT ( 'NONE', #67 ) ;
#2126 = CARTESIAN_POINT ( 'NONE',  ( -24.49999999999999645, -31.00000000000002132, 0.000000000000000000 ) ) ;
#2127 = AXIS2_PLACEMENT_3D ( 'NONE', #1857, #111, #829 ) ;
#2128 = CARTESIAN_POINT ( 'NONE',  ( -32.50000000000000711, -43.00000000000002132, 4.500000000000000888 ) ) ;
#2129 = VECTOR ( 'NONE', #2140, 1000.000000000000000 ) ;
#2130 = CARTESIAN_POINT ( 'NONE',  ( -32.50000000000000711, -41.50000000000002132, 1.500000000000000000 ) ) ;
#2131 = CARTESIAN_POINT ( 'NONE',  ( -28.99999999999999289, -29.00000000000002132, 6.000000000000000000 ) ) ;
#2132 = DIRECTION ( 'NONE',  ( 3.016910393003143352E-16, 1.000000000000000000, 0.000000000000000000 ) ) ;
#2133 = EDGE_LOOP ( 'NONE', ( #1007, #564, #2042, #1095, #777, #545 ) ) ;
#2134 = DIRECTION ( 'NONE',  ( 0.000000000000000000, 0.000000000000000000, 1.000000000000000000 ) ) ;
#2135 = ORIENTED_EDGE ( 'NONE', *, *, #1752, .F. ) ;
#2136 = EDGE_CURVE ( 'NONE', #421, #1540, #922, .T. ) ;
#2137 = DIRECTION ( 'NONE',  ( -1.000000000000000000, 1.217349807703021130E-16, 0.000000000000000000 ) ) ;
#2138 = EDGE_CURVE ( 'NONE', #1578, #1629, #1855, .T. ) ;
#2139 = AXIS2_PLACEMENT_3D ( 'NONE', #110, #818, #1524 ) ;
#2140 = DIRECTION ( 'NONE',  ( 0.000000000000000000, -1.000000000000000000, 0.000000000000000000 ) ) ;
#2141 = ORIENTED_EDGE ( 'NONE', *, *, #1999, .F. ) ;
#2142 = DIRECTION ( 'NONE',  ( -1.000000000000000000, 0.000000000000000000, 0.000000000000000000 ) ) ;
#2143 = AXIS2_PLACEMENT_3D ( 'NONE', #490, #1902, #800 ) ;
#2144 = CARTESIAN_POINT ( 'NONE',  ( 32.50000000000002132, 45.99999999999998579, 6.000000000000000000 ) ) ;
#2145 = ORIENTED_EDGE ( 'NONE', *, *, #373, .T. ) ;
#2146 = CARTESIAN_POINT ( 'NONE',  ( -27.93999999999999773, -36.00000000000002842, 0.000000000000000000 ) ) ;
#2147 = VERTEX_POINT ( 'NONE', #1146 ) ;
#2148 = EDGE_CURVE ( 'NONE', #949, #762, #2017, .T. ) ;
#2149 = CARTESIAN_POINT ( 'NONE',  ( -28.99999999999999289, -30.00000000000002487, 0.000000000000000000 ) ) ;
#2150 = EDGE_LOOP ( 'NONE', ( #195, #643, #2011, #87, #284, #971, #900, #155, #1998, #1652, #1900, #16, #736, #584, #1324, #942 ) ) ;
#2151 = AXIS2_PLACEMENT_3D ( 'NONE', #801, #2040, #1712 ) ;
#2152 = EDGE_CURVE ( 'NONE', #1458, #95, #1689, .T. ) ;
#2153 = VECTOR ( 'NONE', #1006, 1000.000000000000000 ) ;
#2154 = CARTESIAN_POINT ( 'NONE',  ( 23.60530830047592943, -51.71203832808038214, 6.000000000000000000 ) ) ;
#2155 = PLANE ( 'NONE',  #264 ) ;
#2156 = FACE_OUTER_BOUND ( 'NONE', #127, .T. ) ;
#2157 = ORIENTED_EDGE ( 'NONE', *, *, #1038, .F. ) ;
#2158 = DIRECTION ( 'NONE',  ( 1.000000000000000000, 0.000000000000000000, 0.000000000000000000 ) ) ;
#2159 = ORIENTED_EDGE ( 'NONE', *, *, #2152, .F. ) ;
#2160 = DIRECTION ( 'NONE',  ( -1.508455196501570936E-16, -1.000000000000000000, 0.000000000000000000 ) ) ;
#2161 = VERTEX_POINT ( 'NONE', #618 ) ;
#2162 = CARTESIAN_POINT ( 'NONE',  ( 27.94000000000000838, 32.57999999999996277, -4.000000000000000000 ) ) ;
#2163 = AXIS2_PLACEMENT_3D ( 'NONE', #1199, #2273, #1909 ) ;
#2164 = DIRECTION ( 'NONE',  ( 0.000000000000000000, 1.000000000000000000, 0.000000000000000000 ) ) ;
#2165 = EDGE_CURVE ( 'NONE', #556, #421, #446, .T. ) ;
#2166 = CARTESIAN_POINT ( 'NONE',  ( 27.94000000000000128, -36.00000000000003553, 6.000000000000000000 ) ) ;
#2167 = LINE ( 'NONE', #48, #915 ) ;
#2168 = ORIENTED_EDGE ( 'NONE', *, *, #724, .F. ) ;
#2169 = CIRCLE ( 'NONE', #1176, 7.999999999999998224 ) ;
#2170 = CARTESIAN_POINT ( 'NONE',  ( 9.500000000000019540, -46.00000000000000711, 6.000000000000000000 ) ) ;
#2171 = ORIENTED_EDGE ( 'NONE', *, *, #630, .T. ) ;
#2172 = DIRECTION ( 'NONE',  ( 0.000000000000000000, 0.000000000000000000, 1.000000000000000000 ) ) ;
#2173 = ORIENTED_EDGE ( 'NONE', *, *, #465, .F. ) ;
#2174 = CARTESIAN_POINT ( 'NONE',  ( 27.50000000000001421, -52.70000000000003837, 6.000000000000000000 ) ) ;
#2175 = ORIENTED_EDGE ( 'NONE', *, *, #2049, .T. ) ;
#2176 = CARTESIAN_POINT ( 'NONE',  ( -21.99999999999998934, 27.00000000000003908, 0.000000000000000000 ) ) ;
#2177 = ADVANCED_FACE ( 'NONE', ( #2043 ), #1319, .F. ) ;
#2178 = DIRECTION ( 'NONE',  ( -0.000000000000000000, -0.000000000000000000, -1.000000000000000000 ) ) ;
#2179 = ORIENTED_EDGE ( 'NONE', *, *, #2258, .T. ) ;
#2180 = VECTOR ( 'NONE', #1704, 1000.000000000000000 ) ;
#2181 = EDGE_CURVE ( 'NONE', #339, #369, #978, .T. ) ;
#2182 = CARTESIAN_POINT ( 'NONE',  ( 37.00000000000001421, -52.50000000000004974, 6.000000000000000000 ) ) ;
#2183 = ORIENTED_EDGE ( 'NONE', *, *, #1434, .F. ) ;
#2184 = CARTESIAN_POINT ( 'NONE',  ( -22.99999999999998934, 28.00000000000003908, 0.000000000000000000 ) ) ;
#2185 = ORIENTED_EDGE ( 'NONE', *, *, #737, .T. ) ;
#2186 = CIRCLE ( 'NONE', #1488, 6.024999999999967493 ) ;
#2187 = LINE ( 'NONE', #1333, #977 ) ;
#2188 = VECTOR ( 'NONE', #1422, 1000.000000000000000 ) ;
#2189 = CARTESIAN_POINT ( 'NONE',  ( 3.742640687119283438, 46.00000000000001421, 3.000000000000011546 ) ) ;
#2190 = VECTOR ( 'NONE', #611, 1000.000000000000000 ) ;
#2191 = CARTESIAN_POINT ( 'NONE',  ( 22.50000000000002132, 35.00000000000003553, 0.000000000000000000 ) ) ;
#2192 = CARTESIAN_POINT ( 'NONE',  ( -27.93999999999999062, 32.57999999999996987, 0.000000000000000000 ) ) ;
#2193 = ORIENTED_EDGE ( 'NONE', *, *, #403, .F. ) ;
#2194 = CARTESIAN_POINT ( 'NONE',  ( -23.49999999999999645, -38.00000000000002132, 6.000000000000000000 ) ) ;
#2195 = ORIENTED_EDGE ( 'NONE', *, *, #2049, .F. ) ;
#2196 = EDGE_CURVE ( 'NONE', #1576, #1251, #257, .T. ) ;
#2197 = DIRECTION ( 'NONE',  ( -0.000000000000000000, 0.000000000000000000, -1.000000000000000000 ) ) ;
#2198 = LINE ( 'NONE', #615, #44 ) ;
#2199 = EDGE_LOOP ( 'NONE', ( #1210, #1930, #401, #75 ) ) ;
#2200 = CARTESIAN_POINT ( 'NONE',  ( -32.49999999999999289, 41.50000000000003553, 6.000000000000000000 ) ) ;
#2201 = CYLINDRICAL_SURFACE ( 'NONE', #1599, 1.750000000000001554 ) ;
#2202 = FACE_OUTER_BOUND ( 'NONE', #769, .T. ) ;
#2203 = EDGE_LOOP ( 'NONE', ( #1055, #2104, #757, #241 ) ) ;
#2204 = VECTOR ( 'NONE', #1487, 1000.000000000000000 ) ;
#2205 = DIRECTION ( 'NONE',  ( 0.000000000000000000, 0.000000000000000000, 1.000000000000000000 ) ) ;
#2206 = ORIENTED_EDGE ( 'NONE', *, *, #1715, .F. ) ;
#2207 = CIRCLE ( 'NONE', #1549, 1.000000000000000888 ) ;
#2208 = DIRECTION ( 'NONE',  ( -0.000000000000000000, -0.000000000000000000, -1.000000000000000000 ) ) ;
#2209 = VECTOR ( 'NONE', #1824, 1000.000000000000000 ) ;
#2210 = CARTESIAN_POINT ( 'NONE',  ( 10.50000000000003020, 49.00000000000002842, 0.000000000000000000 ) ) ;
#2211 = ORIENTED_EDGE ( 'NONE', *, *, #2231, .T. ) ;
#2212 = ADVANCED_FACE ( 'NONE', ( #1475 ), #990, .F. ) ;
#2213 = ORIENTED_EDGE ( 'NONE', *, *, #42, .T. ) ;
#2214 = EDGE_CURVE ( 'NONE', #650, #1075, #963, .T. ) ;
#2215 = DIRECTION ( 'NONE',  ( 0.000000000000000000, 0.000000000000000000, -1.000000000000000000 ) ) ;
#2216 = CARTESIAN_POINT ( 'NONE',  ( 26.19000000000000838, 32.57999999999996277, 6.000000000000000000 ) ) ;
#2217 = CARTESIAN_POINT ( 'NONE',  ( 27.50000000000001776, -49.00000000000004263, 6.000000000000000000 ) ) ;
#2218 = DIRECTION ( 'NONE',  ( 1.000000000000000000, 0.000000000000000000, 0.000000000000000000 ) ) ;
#2219 = ORIENTED_EDGE ( 'NONE', *, *, #678, .F. ) ;
#2220 = CARTESIAN_POINT ( 'NONE',  ( -21.99999999999998934, 34.00000000000003553, 0.000000000000000000 ) ) ;
#2221 = EDGE_LOOP ( 'NONE', ( #277, #290, #185, #1311 ) ) ;
#2222 = DIRECTION ( 'NONE',  ( 1.000000000000000000, 0.000000000000000000, 0.000000000000000000 ) ) ;
#2223 = PLANE ( 'NONE',  #1967 ) ;
#2224 = CIRCLE ( 'NONE', #1109, 1.000000000000000888 ) ;
#2225 = ORIENTED_EDGE ( 'NONE', *, *, #955, .T. ) ;
#2226 = ORIENTED_EDGE ( 'NONE', *, *, #30, .T. ) ;
#2227 = EDGE_CURVE ( 'NONE', #1905, #140, #557, .T. ) ;
#2228 = DIRECTION ( 'NONE',  ( -0.000000000000000000, 0.000000000000000000, -1.000000000000000000 ) ) ;
#2229 = VECTOR ( 'NONE', #364, 1000.000000000000000 ) ;
#2230 = LINE ( 'NONE', #2189, #726 ) ;
#2231 = EDGE_CURVE ( 'NONE', #1269, #1532, #1820, .T. ) ;
#2232 = PLANE ( 'NONE',  #2004 ) ;
#2233 = FACE_OUTER_BOUND ( 'NONE', #709, .T. ) ;
#2234 = ORIENTED_EDGE ( 'NONE', *, *, #1087, .T. ) ;
#2235 = AXIS2_PLACEMENT_3D ( 'NONE', #1881, #1726, #1686 ) ;
#2236 = CYLINDRICAL_SURFACE ( 'NONE', #199, 1.000000000000000888 ) ;
#2237 = EDGE_LOOP ( 'NONE', ( #1877, #859 ) ) ;
#2238 = DIRECTION ( 'NONE',  ( 1.000000000000000000, 0.000000000000000000, 0.000000000000000000 ) ) ;
#2239 = CARTESIAN_POINT ( 'NONE',  ( -22.49999999999999645, -37.00000000000002132, 0.000000000000000000 ) ) ;
#2240 = ORIENTED_EDGE ( 'NONE', *, *, #1862, .F. ) ;
#2241 = DIRECTION ( 'NONE',  ( 1.000000000000000000, -4.336808689942015764E-16, 0.000000000000000000 ) ) ;
#2242 = CARTESIAN_POINT ( 'NONE',  ( -20.99999999999998579, 34.00000000000003553, 0.000000000000000000 ) ) ;
#2243 = FACE_OUTER_BOUND ( 'NONE', #2077, .T. ) ;
#2244 = ORIENTED_EDGE ( 'NONE', *, *, #873, .F. ) ;
#2245 = EDGE_CURVE ( 'NONE', #1597, #162, #2005, .T. ) ;
#2246 = UNCERTAINTY_MEASURE_WITH_UNIT (LENGTH_MEASURE( 1.000000000000000082E-05 ), #1916, 'distance_accuracy_value', 'NONE');
#2247 = DIRECTION ( 'NONE',  ( 0.000000000000000000, -1.000000000000000000, 0.000000000000000000 ) ) ;
#2248 = EDGE_LOOP ( 'NONE', ( #740, #1000, #1283, #1936, #878, #696, #1032, #567, #1669, #2135, #2141, #2, #1505, #1659, #1339, #754 ) ) ;
#2249 = DIRECTION ( 'NONE',  ( 0.000000000000000000, 0.000000000000000000, 1.000000000000000000 ) ) ;
#2250 = DIRECTION ( 'NONE',  ( 0.000000000000000000, 0.000000000000000000, 1.000000000000000000 ) ) ;
#2251 = EDGE_LOOP ( 'NONE', ( #1713, #561, #798, #1589 ) ) ;
#2252 = VECTOR ( 'NONE', #520, 1000.000000000000000 ) ;
#2253 = AXIS2_PLACEMENT_3D ( 'NONE', #1165, #821, #1873 ) ;
#2254 = EDGE_CURVE ( 'NONE', #521, #912, #1395, .T. ) ;
#2255 = CARTESIAN_POINT ( 'NONE',  ( 32.49999999999999289, -46.00000000000000000, 6.000000000000000000 ) ) ;
#2256 = DIRECTION ( 'NONE',  ( -0.9109952089899574501, -0.4124169361184673033, 0.000000000000000000 ) ) ;
#2257 = EDGE_LOOP ( 'NONE', ( #43, #2052, #2048, #1830 ) ) ;
#2258 = EDGE_CURVE ( 'NONE', #731, #2015, #334, .T. ) ;
#2259 = ORIENTED_EDGE ( 'NONE', *, *, #494, .F. ) ;
#2260 = EDGE_CURVE ( 'NONE', #2063, #1482, #1716, .T. ) ;
#2261 = CARTESIAN_POINT ( 'NONE',  ( -32.50000000000000711, -45.37867965644036161, 0.6213203435596424962 ) ) ;
#2262 = DIRECTION ( 'NONE',  ( 0.000000000000000000, 1.000000000000000000, 0.000000000000000000 ) ) ;
#2263 = DIRECTION ( 'NONE',  ( -1.000000000000000000, 0.000000000000000000, 0.000000000000000000 ) ) ;
#2264 = CARTESIAN_POINT ( 'NONE',  ( 9.500000000000028422, 51.00000000000002842, 6.000000000000000000 ) ) ;
#2265 = ORIENTED_EDGE ( 'NONE', *, *, #1383, .T. ) ;
#2266 = FACE_OUTER_BOUND ( 'NONE', #890, .T. ) ;
#2267 = ORIENTED_EDGE ( 'NONE', *, *, #465, .T. ) ;
#2268 = AXIS2_PLACEMENT_3D ( 'NONE', #157, #515, #1275 ) ;
#2269 = AXIS2_PLACEMENT_3D ( 'NONE', #1017, #2277, #697 ) ;
#2270 = DIRECTION ( 'NONE',  ( 0.000000000000000000, -0.000000000000000000, 1.000000000000000000 ) ) ;
#2271 = ORIENTED_EDGE ( 'NONE', *, *, #816, .T. ) ;
#2272 = EDGE_CURVE ( 'NONE', #1040, #1458, #1361, .T. ) ;
#2273 = DIRECTION ( 'NONE',  ( 0.000000000000000000, 0.000000000000000000, 1.000000000000000000 ) ) ;
#2274 = VECTOR ( 'NONE', #233, 1000.000000000000114 ) ;
#2275 = DIRECTION ( 'NONE',  ( -1.000000000000000000, 6.421350511362182739E-16, 0.000000000000000000 ) ) ;
#2276 = ORIENTED_EDGE ( 'NONE', *, *, #1164, .T. ) ;
#2277 = DIRECTION ( 'NONE',  ( 0.000000000000000000, 0.000000000000000000, 1.000000000000000000 ) ) ;
#2278 = ORIENTED_EDGE ( 'NONE', *, *, #2181, .T. ) ;
#2279 = LINE ( 'NONE', #186, #1602 ) ;
#2280 = EDGE_LOOP ( 'NONE', ( #940, #947, #723, #705 ) ) ;
#2281 = EDGE_CURVE ( 'NONE', #534, #1983, #1385, .T. ) ;
#2282 = DIRECTION ( 'NONE',  ( 1.000000000000000000, 0.000000000000000000, 0.000000000000000000 ) ) ;
#2283 = ADVANCED_FACE ( 'NONE', ( #1033 ), #2098, .F. ) ;
#2284 = DIRECTION ( 'NONE',  ( -0.000000000000000000, 0.000000000000000000, -1.000000000000000000 ) ) ;
#2285 = ORIENTED_EDGE ( 'NONE', *, *, #1207, .F. ) ;
#2286 = ORIENTED_EDGE ( 'NONE', *, *, #1662, .F. ) ;
#2287 = DIRECTION ( 'NONE',  ( -0.000000000000000000, -0.000000000000000000, -1.000000000000000000 ) ) ;
#2288 = ORIENTED_EDGE ( 'NONE', *, *, #1195, .F. ) ;
#2289 = CARTESIAN_POINT ( 'NONE',  ( 36.65517241379311031, -52.86206896551728818, 6.000000000000000000 ) ) ;
ENDSEC;
END-ISO-10303-21;
