ISO-10303-21;
HEADER;
FILE_DESCRIPTION (( 'STEP AP214' ),
    '1' );
FILE_NAME ('Motor Driver Clip Shelving - Right.STEP',
    '2026-07-26T00:21:30',
    ( '' ),
    ( '' ),
    'SwSTEP 2.0',
    'SolidWorks 2025',
    '' );
FILE_SCHEMA (( 'AUTOMOTIVE_DESIGN' ));
ENDSEC;

DATA;
#1 = EDGE_LOOP ( 'NONE', ( #3125, #3107, #2742, #3168 ) ) ;
#2 = DIRECTION ( 'NONE',  ( -1.000000000000000000, -8.673617379884034239E-17, -0.000000000000000000 ) ) ;
#3 = EDGE_CURVE ( 'NONE', #3585, #597, #3926, .T. ) ;
#4 = CARTESIAN_POINT ( 'NONE',  ( -52.00000000000004974, 51.00000000000000711, 40.00000000000000711 ) ) ;
#5 = LINE ( 'NONE', #2458, #898 ) ;
#6 = VERTEX_POINT ( 'NONE', #811 ) ;
#7 = CARTESIAN_POINT ( 'NONE',  ( -55.39999999999996305, -28.59999999999996945, 0.000000000000000000 ) ) ;
#8 = ORIENTED_EDGE ( 'NONE', *, *, #3980, .T. ) ;
#9 = EDGE_CURVE ( 'NONE', #924, #886, #3308, .T. ) ;
#10 = ADVANCED_FACE ( 'NONE', ( #1342 ), #3848, .F. ) ;
#11 = LINE ( 'NONE', #582, #1802 ) ;
#12 = CARTESIAN_POINT ( 'NONE',  ( -5.000000000000000000, -55.99999999999999289, 85.00000000000000000 ) ) ;
#13 = DIRECTION ( 'NONE',  ( 0.000000000000000000, 0.000000000000000000, 1.000000000000000000 ) ) ;
#14 = VERTEX_POINT ( 'NONE', #2426 ) ;
#15 = ORIENTED_EDGE ( 'NONE', *, *, #581, .T. ) ;
#16 = LINE ( 'NONE', #1570, #2346 ) ;
#17 = ORIENTED_EDGE ( 'NONE', *, *, #299, .T. ) ;
#18 = FACE_OUTER_BOUND ( 'NONE', #1968, .T. ) ;
#19 = EDGE_LOOP ( 'NONE', ( #515, #2336, #1313, #3145 ) ) ;
#20 = ORIENTED_EDGE ( 'NONE', *, *, #1247, .T. ) ;
#21 = DIRECTION ( 'NONE',  ( 1.000000000000000000, 0.000000000000000000, 0.000000000000000000 ) ) ;
#22 = LINE ( 'NONE', #2513, #1678 ) ;
#23 = DIRECTION ( 'NONE',  ( 0.000000000000000000, 1.000000000000000000, -0.000000000000000000 ) ) ;
#24 = ORIENTED_EDGE ( 'NONE', *, *, #3802, .T. ) ;
#25 = FACE_OUTER_BOUND ( 'NONE', #1493, .T. ) ;
#26 = ADVANCED_FACE ( 'NONE', ( #3024 ), #219, .F. ) ;
#27 = VERTEX_POINT ( 'NONE', #3042 ) ;
#28 = DIRECTION ( 'NONE',  ( -0.000000000000000000, -0.000000000000000000, -1.000000000000000000 ) ) ;
#29 = LINE ( 'NONE', #3751, #3323 ) ;
#30 = DIRECTION ( 'NONE',  ( -1.000000000000000000, -1.577021341797096821E-15, 0.000000000000000000 ) ) ;
#31 = CARTESIAN_POINT ( 'NONE',  ( -72.00000000000004263, -53.99999999999998579, 0.000000000000000000 ) ) ;
#32 = ADVANCED_FACE ( 'NONE', ( #852 ), #2706, .T. ) ;
#33 = ORIENTED_EDGE ( 'NONE', *, *, #229, .T. ) ;
#34 = FACE_OUTER_BOUND ( 'NONE', #2296, .T. ) ;
#35 = VERTEX_POINT ( 'NONE', #3330 ) ;
#36 = VECTOR ( 'NONE', #3302, 1000.000000000000000 ) ;
#37 = PLANE ( 'NONE',  #763 ) ;
#38 = ORIENTED_EDGE ( 'NONE', *, *, #385, .T. ) ;
#39 = VECTOR ( 'NONE', #2152, 1000.000000000000000 ) ;
#40 = ORIENTED_EDGE ( 'NONE', *, *, #3176, .F. ) ;
#41 = DIRECTION ( 'NONE',  ( -0.000000000000000000, -0.000000000000000000, 1.000000000000000000 ) ) ;
#42 = AXIS2_PLACEMENT_3D ( 'NONE', #3653, #2077, #1790 ) ;
#43 = VECTOR ( 'NONE', #89, 1000.000000000000000 ) ;
#44 = DIRECTION ( 'NONE',  ( 1.000000000000000000, -0.000000000000000000, 0.000000000000000000 ) ) ;
#45 = CARTESIAN_POINT ( 'NONE',  ( -75.00000000000005684, -50.99999999999998579, 5.000000000000000000 ) ) ;
#46 = ORIENTED_EDGE ( 'NONE', *, *, #3937, .F. ) ;
#47 = CARTESIAN_POINT ( 'NONE',  ( -9.500000000000003553, -53.99999999999998579, 0.000000000000000000 ) ) ;
#48 = VERTEX_POINT ( 'NONE', #523 ) ;
#49 = VECTOR ( 'NONE', #3341, 1000.000000000000000 ) ;
#50 = CARTESIAN_POINT ( 'NONE',  ( -42.00000000000004974, 43.59999999999995879, 11.00000000000001066 ) ) ;
#51 = EDGE_CURVE ( 'NONE', #623, #3359, #3749, .T. ) ;
#52 = VECTOR ( 'NONE', #665, 1000.000000000000000 ) ;
#53 = CARTESIAN_POINT ( 'NONE',  ( -5.000000000000012434, 51.00000000000000711, 80.00000000000000000 ) ) ;
#54 = CARTESIAN_POINT ( 'NONE',  ( -33.40000000000012648, 43.59999999999995879, 9.000000000000008882 ) ) ;
#55 = ORIENTED_EDGE ( 'NONE', *, *, #1207, .F. ) ;
#56 = ADVANCED_FACE ( 'NONE', ( #3963 ), #261, .F. ) ;
#57 = VERTEX_POINT ( 'NONE', #1489 ) ;
#58 = CARTESIAN_POINT ( 'NONE',  ( -55.39999999999997016, 28.59999999999995524, 0.000000000000000000 ) ) ;
#59 = ORIENTED_EDGE ( 'NONE', *, *, #824, .F. ) ;
#60 = EDGE_CURVE ( 'NONE', #382, #2480, #277, .T. ) ;
#61 = ADVANCED_FACE ( 'NONE', ( #1818 ), #3409, .F. ) ;
#62 = LINE ( 'NONE', #3827, #2785 ) ;
#63 = ORIENTED_EDGE ( 'NONE', *, *, #2108, .F. ) ;
#64 = ORIENTED_EDGE ( 'NONE', *, *, #1038, .T. ) ;
#65 = DIRECTION ( 'NONE',  ( 1.000000000000000000, 0.000000000000000000, 0.000000000000000000 ) ) ;
#66 = DIRECTION ( 'NONE',  ( -1.000000000000000000, -8.673617379884034239E-17, 0.000000000000000000 ) ) ;
#67 = CARTESIAN_POINT ( 'NONE',  ( -33.39999999999998437, 51.00000000000000711, 45.00000000000000000 ) ) ;
#68 = PLANE ( 'NONE',  #3257 ) ;
#69 = VERTEX_POINT ( 'NONE', #2753 ) ;
#70 = PLANE ( 'NONE',  #300 ) ;
#71 = ORIENTED_EDGE ( 'NONE', *, *, #2626, .F. ) ;
#72 = CARTESIAN_POINT ( 'NONE',  ( -70.50000000000004263, 53.99999999999997158, 5.000000000000000000 ) ) ;
#73 = CARTESIAN_POINT ( 'NONE',  ( -5.000000000000003553, 56.00000000000000711, 5.000000000000000000 ) ) ;
#74 = CARTESIAN_POINT ( 'NONE',  ( -15.00000000000000355, 28.59999999999995524, 0.000000000000000000 ) ) ;
#75 = FACE_OUTER_BOUND ( 'NONE', #2497, .T. ) ;
#76 = ORIENTED_EDGE ( 'NONE', *, *, #1813, .T. ) ;
#77 = ORIENTED_EDGE ( 'NONE', *, *, #652, .F. ) ;
#78 = DIRECTION ( 'NONE',  ( 0.000000000000000000, 1.000000000000000000, 0.000000000000000000 ) ) ;
#79 = ORIENTED_EDGE ( 'NONE', *, *, #3309, .F. ) ;
#80 = EDGE_CURVE ( 'NONE', #2867, #3091, #869, .T. ) ;
#81 = CARTESIAN_POINT ( 'NONE',  ( -5.000000000000014211, 51.50000000000000711, 91.00000000000000000 ) ) ;
#82 = VERTEX_POINT ( 'NONE', #2467 ) ;
#83 = ORIENTED_EDGE ( 'NONE', *, *, #3100, .T. ) ;
#84 = LINE ( 'NONE', #1329, #1226 ) ;
#85 = EDGE_CURVE ( 'NONE', #1468, #2005, #3989, .T. ) ;
#86 = FACE_OUTER_BOUND ( 'NONE', #2424, .T. ) ;
#87 = DIRECTION ( 'NONE',  ( -0.000000000000000000, 0.000000000000000000, -1.000000000000000000 ) ) ;
#88 = ORIENTED_EDGE ( 'NONE', *, *, #1583, .F. ) ;
#89 = DIRECTION ( 'NONE',  ( 1.000000000000000000, 0.000000000000000000, 0.000000000000000000 ) ) ;
#90 = ORIENTED_EDGE ( 'NONE', *, *, #707, .T. ) ;
#91 = FACE_OUTER_BOUND ( 'NONE', #452, .T. ) ;
#92 = CARTESIAN_POINT ( 'NONE',  ( -5.000000000000012434, 51.00000000000000711, 40.00000000000000000 ) ) ;
#93 = CARTESIAN_POINT ( 'NONE',  ( -55.39999999999997016, 28.59999999999995524, 40.00000000000000000 ) ) ;
#94 = VERTEX_POINT ( 'NONE', #2120 ) ;
#95 = CARTESIAN_POINT ( 'NONE',  ( -33.40000000000012648, 46.59999999999995168, 89.00000000000001421 ) ) ;
#96 = DIRECTION ( 'NONE',  ( -0.000000000000000000, -0.000000000000000000, -1.000000000000000000 ) ) ;
#97 = DIRECTION ( 'NONE',  ( -1.000000000000000000, -8.673617379884034239E-17, 0.000000000000000000 ) ) ;
#98 = ORIENTED_EDGE ( 'NONE', *, *, #2155, .T. ) ;
#99 = FACE_BOUND ( 'NONE', #1569, .T. ) ;
#100 = ORIENTED_EDGE ( 'NONE', *, *, #3424, .T. ) ;
#101 = EDGE_CURVE ( 'NONE', #2566, #2635, #1179, .T. ) ;
#102 = VERTEX_POINT ( 'NONE', #584 ) ;
#103 = CARTESIAN_POINT ( 'NONE',  ( -29.79444872453598236, -43.59999999999997300, 11.00000000000000000 ) ) ;
#104 = AXIS2_PLACEMENT_3D ( 'NONE', #2303, #3797, #703 ) ;
#105 = FACE_OUTER_BOUND ( 'NONE', #3215, .T. ) ;
#106 = EDGE_CURVE ( 'NONE', #3238, #586, #914, .T. ) ;
#107 = VECTOR ( 'NONE', #2509, 1000.000000000000000 ) ;
#108 = CARTESIAN_POINT ( 'NONE',  ( -33.39999999999998437, 51.00000000000000711, 91.00000000000000000 ) ) ;
#109 = ORIENTED_EDGE ( 'NONE', *, *, #707, .F. ) ;
#110 = FACE_OUTER_BOUND ( 'NONE', #2970, .T. ) ;
#111 = ORIENTED_EDGE ( 'NONE', *, *, #3263, .F. ) ;
#112 = VECTOR ( 'NONE', #3469, 1000.000000000000000 ) ;
#113 = VECTOR ( 'NONE', #3284, 1000.000000000000000 ) ;
#114 = LINE ( 'NONE', #416, #3632 ) ;
#115 = LINE ( 'NONE', #765, #2992 ) ;
#116 = AXIS2_PLACEMENT_3D ( 'NONE', #3152, #310, #3481 ) ;
#117 = CARTESIAN_POINT ( 'NONE',  ( -50.39999999999996305, -33.59999999999996589, 0.000000000000000000 ) ) ;
#118 = VECTOR ( 'NONE', #3354, 1000.000000000000000 ) ;
#119 = VERTEX_POINT ( 'NONE', #4008 ) ;
#120 = VECTOR ( 'NONE', #2015, 1000.000000000000000 ) ;
#121 = VECTOR ( 'NONE', #2091, 1000.000000000000000 ) ;
#122 = CARTESIAN_POINT ( 'NONE',  ( -33.40000000000012648, 43.59999999999995879, 11.00000000000001066 ) ) ;
#123 = ORIENTED_EDGE ( 'NONE', *, *, #51, .T. ) ;
#124 = FACE_OUTER_BOUND ( 'NONE', #221, .T. ) ;
#125 = VECTOR ( 'NONE', #3305, 1000.000000000000000 ) ;
#126 = ORIENTED_EDGE ( 'NONE', *, *, #1459, .F. ) ;
#127 = VECTOR ( 'NONE', #3948, 1000.000000000000000 ) ;
#128 = ORIENTED_EDGE ( 'NONE', *, *, #1532, .T. ) ;
#129 = ORIENTED_EDGE ( 'NONE', *, *, #1880, .T. ) ;
#130 = CARTESIAN_POINT ( 'NONE',  ( -33.39999999999998437, 51.00000000000000711, 5.000000000000000000 ) ) ;
#131 = CARTESIAN_POINT ( 'NONE',  ( -69.00000000000002842, 50.99999999999997868, 5.000000000000000000 ) ) ;
#132 = DIRECTION ( 'NONE',  ( -0.000000000000000000, 1.000000000000000000, -0.000000000000000000 ) ) ;
#133 = ORIENTED_EDGE ( 'NONE', *, *, #779, .F. ) ;
#134 = CARTESIAN_POINT ( 'NONE',  ( -33.39999999999997726, -46.59999999999998010, 85.00000000000000000 ) ) ;
#135 = ORIENTED_EDGE ( 'NONE', *, *, #976, .F. ) ;
#136 = EDGE_CURVE ( 'NONE', #2266, #1319, #2386, .T. ) ;
#137 = DIRECTION ( 'NONE',  ( -0.000000000000000000, -0.000000000000000000, 1.000000000000000000 ) ) ;
#138 = CARTESIAN_POINT ( 'NONE',  ( -33.39999999999998437, 51.00000000000000711, 51.00000000000000711 ) ) ;
#139 = CYLINDRICAL_SURFACE ( 'NONE', #1283, 1.500000000000001332 ) ;
#140 = EDGE_CURVE ( 'NONE', #1105, #69, #1196, .T. ) ;
#141 = EDGE_LOOP ( 'NONE', ( #2905, #2711 ) ) ;
#142 = EDGE_CURVE ( 'NONE', #2528, #2999, #1217, .T. ) ;
#143 = ORIENTED_EDGE ( 'NONE', *, *, #658, .T. ) ;
#144 = DIRECTION ( 'NONE',  ( -0.000000000000000000, -0.000000000000000000, 1.000000000000000000 ) ) ;
#145 = EDGE_LOOP ( 'NONE', ( #2345, #373, #1705, #3422, #2124, #3351, #1972, #803, #216, #896, #3794, #3679, #2429, #265, #2251, #2246, #146, #631 ) ) ;
#146 = ORIENTED_EDGE ( 'NONE', *, *, #3684, .F. ) ;
#147 = PLANE ( 'NONE',  #1157 ) ;
#148 = DIRECTION ( 'NONE',  ( -1.000000000000000000, 0.000000000000000000, 0.000000000000000000 ) ) ;
#149 = DIRECTION ( 'NONE',  ( -0.000000000000000000, 0.000000000000000000, -1.000000000000000000 ) ) ;
#150 = EDGE_LOOP ( 'NONE', ( #511, #1057, #426, #1236 ) ) ;
#151 = CARTESIAN_POINT ( 'NONE',  ( -33.40000000000012648, 43.59999999999995879, 49.00000000000000711 ) ) ;
#152 = EDGE_LOOP ( 'NONE', ( #1926, #3283, #1089, #347 ) ) ;
#153 = CARTESIAN_POINT ( 'NONE',  ( 0.000000000000000000, 0.000000000000000000, 11.00000000000000000 ) ) ;
#154 = FACE_OUTER_BOUND ( 'NONE', #1899, .T. ) ;
#155 = EDGE_CURVE ( 'NONE', #2579, #3413, #3695, .T. ) ;
#156 = LINE ( 'NONE', #1977, #3575 ) ;
#157 = LINE ( 'NONE', #3226, #2936 ) ;
#158 = VERTEX_POINT ( 'NONE', #1447 ) ;
#159 = EDGE_CURVE ( 'NONE', #1153, #1394, #2688, .T. ) ;
#160 = CARTESIAN_POINT ( 'NONE',  ( -75.00000000000005684, 50.99999999999998579, 5.000000000000000000 ) ) ;
#161 = VERTEX_POINT ( 'NONE', #2177 ) ;
#162 = ORIENTED_EDGE ( 'NONE', *, *, #2612, .T. ) ;
#163 = CARTESIAN_POINT ( 'NONE',  ( -75.00000000000000000, 51.00000000000000000, 91.00000000000000000 ) ) ;
#164 = LINE ( 'NONE', #3621, #2920 ) ;
#165 = FACE_OUTER_BOUND ( 'NONE', #1433, .T. ) ;
#166 = VECTOR ( 'NONE', #551, 1000.000000000000000 ) ;
#167 = ORIENTED_EDGE ( 'NONE', *, *, #3635, .T. ) ;
#168 = CARTESIAN_POINT ( 'NONE',  ( -5.000000000000000000, -55.99999999999999289, 80.00000000000000000 ) ) ;
#169 = ORIENTED_EDGE ( 'NONE', *, *, #3728, .T. ) ;
#170 = VECTOR ( 'NONE', #899, 1000.000000000000000 ) ;
#171 = LINE ( 'NONE', #1458, #2063 ) ;
#172 = DIRECTION ( 'NONE',  ( -1.000000000000000000, 0.000000000000000000, 0.000000000000000000 ) ) ;
#173 = CARTESIAN_POINT ( 'NONE',  ( -5.000000000000000000, -55.99999999999999289, 45.00000000000000000 ) ) ;
#174 = VECTOR ( 'NONE', #3266, 1000.000000000000000 ) ;
#175 = EDGE_CURVE ( 'NONE', #2907, #3167, #4049, .T. ) ;
#176 = VECTOR ( 'NONE', #198, 1000.000000000000000 ) ;
#177 = VECTOR ( 'NONE', #2873, 1000.000000000000000 ) ;
#178 = DIRECTION ( 'NONE',  ( 1.000000000000000000, 0.000000000000000000, 0.000000000000000000 ) ) ;
#179 = ORIENTED_EDGE ( 'NONE', *, *, #3457, .T. ) ;
#180 = DIRECTION ( 'NONE',  ( -3.048009811211187487E-15, 1.000000000000000000, 0.000000000000000000 ) ) ;
#181 = AXIS2_PLACEMENT_3D ( 'NONE', #2422, #3059, #2745 ) ;
#182 = AXIS2_PLACEMENT_3D ( 'NONE', #2297, #2972, #1644 ) ;
#183 = EDGE_CURVE ( 'NONE', #1797, #14, #1544, .T. ) ;
#184 = EDGE_CURVE ( 'NONE', #1547, #222, #1872, .T. ) ;
#185 = ORIENTED_EDGE ( 'NONE', *, *, #2127, .T. ) ;
#186 = AXIS2_PLACEMENT_3D ( 'NONE', #2591, #78, #2292 ) ;
#187 = VECTOR ( 'NONE', #1451, 1000.000000000000000 ) ;
#188 = ORIENTED_EDGE ( 'NONE', *, *, #3086, .F. ) ;
#189 = CARTESIAN_POINT ( 'NONE',  ( -50.39999999999997016, 33.59999999999995168, 0.000000000000000000 ) ) ;
#190 = EDGE_CURVE ( 'NONE', #1279, #733, #3738, .T. ) ;
#191 = EDGE_CURVE ( 'NONE', #1044, #1746, #1428, .T. ) ;
#192 = CARTESIAN_POINT ( 'NONE',  ( -20.00000000000000000, 33.59999999999995168, 0.000000000000000000 ) ) ;
#193 = LINE ( 'NONE', #3052, #4039 ) ;
#194 = ORIENTED_EDGE ( 'NONE', *, *, #4011, .F. ) ;
#195 = CARTESIAN_POINT ( 'NONE',  ( -29.79444872453598236, 43.59999999999995879, 51.00000000000000711 ) ) ;
#196 = DIRECTION ( 'NONE',  ( -0.000000000000000000, -0.000000000000000000, -1.000000000000000000 ) ) ;
#197 = CARTESIAN_POINT ( 'NONE',  ( -33.40000000000012648, 43.59999999999995879, 51.00000000000000711 ) ) ;
#198 = DIRECTION ( 'NONE',  ( -0.000000000000000000, -0.000000000000000000, 1.000000000000000000 ) ) ;
#199 = VERTEX_POINT ( 'NONE', #335 ) ;
#200 = FACE_OUTER_BOUND ( 'NONE', #3022, .T. ) ;
#201 = DIRECTION ( 'NONE',  ( 0.000000000000000000, 1.000000000000000000, 0.000000000000000000 ) ) ;
#202 = CARTESIAN_POINT ( 'NONE',  ( -33.39999999999997726, -46.59999999999998010, 45.00000000000000000 ) ) ;
#203 = VERTEX_POINT ( 'NONE', #2522 ) ;
#204 = ADVANCED_FACE ( 'NONE', ( #930 ), #3777, .F. ) ;
#205 = EDGE_LOOP ( 'NONE', ( #2893, #1515, #1834, #2819 ) ) ;
#206 = PLANE ( 'NONE',  #3118 ) ;
#207 = CARTESIAN_POINT ( 'NONE',  ( -42.00000000000004974, 43.59999999999995879, 143.0970416646374872 ) ) ;
#208 = CARTESIAN_POINT ( 'NONE',  ( -5.000000000000014211, 51.50000000000000711, 11.00000000000000000 ) ) ;
#209 = EDGE_CURVE ( 'NONE', #2037, #298, #3426, .T. ) ;
#210 = ORIENTED_EDGE ( 'NONE', *, *, #1079, .F. ) ;
#211 = LINE ( 'NONE', #195, #2796 ) ;
#212 = CARTESIAN_POINT ( 'NONE',  ( -70.50000000000004263, 53.99999999999997158, 0.000000000000000000 ) ) ;
#213 = CARTESIAN_POINT ( 'NONE',  ( -50.39999999999997016, 28.59999999999995524, 0.000000000000000000 ) ) ;
#214 = CARTESIAN_POINT ( 'NONE',  ( -20.00000000000000000, 28.59999999999995524, 85.00000000000000000 ) ) ;
#215 = CARTESIAN_POINT ( 'NONE',  ( 0.000000000000000000, 33.59999999999995168, 40.00000000000000000 ) ) ;
#216 = ORIENTED_EDGE ( 'NONE', *, *, #3630, .F. ) ;
#217 = UNCERTAINTY_MEASURE_WITH_UNIT (LENGTH_MEASURE( 1.000000000000000082E-05 ), #2647, 'distance_accuracy_value', 'NONE');
#218 = DIRECTION ( 'NONE',  ( -1.000000000000000000, -0.000000000000000000, -0.000000000000000000 ) ) ;
#219 = PLANE ( 'NONE',  #1003 ) ;
#220 = DIRECTION ( 'NONE',  ( 1.000000000000000000, 0.000000000000000000, 0.000000000000000000 ) ) ;
#221 = EDGE_LOOP ( 'NONE', ( #942, #1138, #1962, #940, #2233, #2207 ) ) ;
#222 = VERTEX_POINT ( 'NONE', #53 ) ;
#223 = DIRECTION ( 'NONE',  ( -0.000000000000000000, -0.000000000000000000, 1.000000000000000000 ) ) ;
#224 = ADVANCED_FACE ( 'NONE', ( #2487 ), #617, .F. ) ;
#225 = PLANE ( 'NONE',  #757 ) ;
#226 = CARTESIAN_POINT ( 'NONE',  ( -65.39999999999997726, -46.59999999999998010, 91.00000000000000000 ) ) ;
#227 = ORIENTED_EDGE ( 'NONE', *, *, #3460, .F. ) ;
#228 = LINE ( 'NONE', #1770, #445 ) ;
#229 = EDGE_CURVE ( 'NONE', #3114, #623, #1853, .T. ) ;
#230 = DIRECTION ( 'NONE',  ( 0.000000000000000000, -1.000000000000000000, 0.000000000000000000 ) ) ;
#231 = CARTESIAN_POINT ( 'NONE',  ( -33.39999999999997016, -50.99999999999998579, 51.00000000000000711 ) ) ;
#232 = CARTESIAN_POINT ( 'NONE',  ( -65.39999999999997726, -46.59999999999998010, 91.00000000000000000 ) ) ;
#233 = PLANE ( 'NONE',  #440 ) ;
#234 = ORIENTED_EDGE ( 'NONE', *, *, #3230, .F. ) ;
#235 = VECTOR ( 'NONE', #196, 1000.000000000000000 ) ;
#236 = CARTESIAN_POINT ( 'NONE',  ( -33.39999999999999147, 46.60000000000000142, 11.00000000000000000 ) ) ;
#237 = DIRECTION ( 'NONE',  ( 1.000000000000000000, 8.673617379884034239E-17, 0.000000000000000000 ) ) ;
#238 = VECTOR ( 'NONE', #431, 1000.000000000000000 ) ;
#239 = DIRECTION ( 'NONE',  ( -1.000000000000000000, -1.668003342285391058E-16, -0.000000000000000000 ) ) ;
#240 = VECTOR ( 'NONE', #2086, 1000.000000000000000 ) ;
#241 = VECTOR ( 'NONE', #3364, 1000.000000000000000 ) ;
#242 = EDGE_LOOP ( 'NONE', ( #2840, #1638, #3732, #3874 ) ) ;
#243 = VECTOR ( 'NONE', #1008, 1000.000000000000000 ) ;
#244 = ORIENTED_EDGE ( 'NONE', *, *, #2209, .T. ) ;
#245 = CARTESIAN_POINT ( 'NONE',  ( -5.000000000000000000, -50.99999999999999289, 0.000000000000000000 ) ) ;
#246 = VECTOR ( 'NONE', #2, 1000.000000000000000 ) ;
#247 = AXIS2_PLACEMENT_3D ( 'NONE', #2890, #149, #2578 ) ;
#248 = CARTESIAN_POINT ( 'NONE',  ( -60.00000000000000000, -43.59999999999997300, 80.00000000000000000 ) ) ;
#249 = VECTOR ( 'NONE', #3425, 1000.000000000000000 ) ;
#250 = PLANE ( 'NONE',  #3714 ) ;
#251 = VERTEX_POINT ( 'NONE', #1895 ) ;
#252 = LINE ( 'NONE', #3686, #3581 ) ;
#253 = AXIS2_PLACEMENT_3D ( 'NONE', #2427, #4009, #3675 ) ;
#254 = LINE ( 'NONE', #3418, #1675 ) ;
#255 = LINE ( 'NONE', #231, #701 ) ;
#256 = CARTESIAN_POINT ( 'NONE',  ( -50.39999999999996305, -28.59999999999996945, 80.00000000000000000 ) ) ;
#257 = FACE_OUTER_BOUND ( 'NONE', #3072, .T. ) ;
#258 = EDGE_CURVE ( 'NONE', #711, #3898, #3056, .T. ) ;
#259 = ORIENTED_EDGE ( 'NONE', *, *, #3880, .T. ) ;
#260 = LINE ( 'NONE', #3657, #634 ) ;
#261 = PLANE ( 'NONE',  #1137 ) ;
#262 = CARTESIAN_POINT ( 'NONE',  ( -65.39999999999999147, 46.60000000000000142, 45.00000000000000000 ) ) ;
#263 = EDGE_CURVE ( 'NONE', #3568, #1243, #2832, .T. ) ;
#264 = ORIENTED_EDGE ( 'NONE', *, *, #2880, .T. ) ;
#265 = ORIENTED_EDGE ( 'NONE', *, *, #3939, .T. ) ;
#266 = DIRECTION ( 'NONE',  ( 1.577021341797097018E-15, 1.000000000000000000, -0.000000000000000000 ) ) ;
#267 = VERTEX_POINT ( 'NONE', #3799 ) ;
#268 = LINE ( 'NONE', #2420, #1488 ) ;
#269 = FACE_OUTER_BOUND ( 'NONE', #19, .T. ) ;
#270 = FACE_OUTER_BOUND ( 'NONE', #3896, .T. ) ;
#271 = LINE ( 'NONE', #2726, #693 ) ;
#272 = CARTESIAN_POINT ( 'NONE',  ( -65.39999999999997726, -46.59999999999998010, 45.00000000000000000 ) ) ;
#273 = VERTEX_POINT ( 'NONE', #3752 ) ;
#274 = DIRECTION ( 'NONE',  ( -0.000000000000000000, 0.000000000000000000, -1.000000000000000000 ) ) ;
#275 = EDGE_CURVE ( 'NONE', #3829, #973, #1604, .T. ) ;
#276 = CARTESIAN_POINT ( 'NONE',  ( -55.39999999999997016, 28.59999999999995524, 0.000000000000000000 ) ) ;
#277 = LINE ( 'NONE', #3658, #1858 ) ;
#278 = CARTESIAN_POINT ( 'NONE',  ( -5.000000000000014211, 56.00000000000000711, 91.00000000000000000 ) ) ;
#279 = EDGE_CURVE ( 'NONE', #1319, #3568, #971, .T. ) ;
#280 = ORIENTED_EDGE ( 'NONE', *, *, #1712, .F. ) ;
#281 = VERTEX_POINT ( 'NONE', #1272 ) ;
#282 = CARTESIAN_POINT ( 'NONE',  ( -72.00000000000005684, 53.99999999999997158, 5.000000000000000000 ) ) ;
#283 = ORIENTED_EDGE ( 'NONE', *, *, #1055, .F. ) ;
#284 = LINE ( 'NONE', #1264, #3517 ) ;
#285 = DIRECTION ( 'NONE',  ( -1.224646799147353207E-16, 1.000000000000000000, 0.000000000000000000 ) ) ;
#286 = CARTESIAN_POINT ( 'NONE',  ( -60.00000000000000000, -50.99999999999998579, 183.0970416646374588 ) ) ;
#287 = ORIENTED_EDGE ( 'NONE', *, *, #1656, .F. ) ;
#288 = FACE_OUTER_BOUND ( 'NONE', #1779, .T. ) ;
#289 = ORIENTED_EDGE ( 'NONE', *, *, #2334, .F. ) ;
#290 = DIRECTION ( 'NONE',  ( -0.000000000000000000, 0.000000000000000000, -1.000000000000000000 ) ) ;
#291 = DIRECTION ( 'NONE',  ( 1.000000000000000000, -0.000000000000000000, -0.000000000000000000 ) ) ;
#292 = DIRECTION ( 'NONE',  ( -1.000000000000000000, 0.000000000000000000, 0.000000000000000000 ) ) ;
#293 = AXIS2_PLACEMENT_3D ( 'NONE', #1270, #3080, #1911 ) ;
#294 = EDGE_LOOP ( 'NONE', ( #2373, #844, #653, #3783 ) ) ;
#295 = EDGE_CURVE ( 'NONE', #3434, #933, #3447, .T. ) ;
#296 = AXIS2_PLACEMENT_3D ( 'NONE', #1233, #3438, #1807 ) ;
#297 = ORIENTED_EDGE ( 'NONE', *, *, #3428, .F. ) ;
#298 = VERTEX_POINT ( 'NONE', #1932 ) ;
#299 = EDGE_CURVE ( 'NONE', #2217, #389, #1317, .T. ) ;
#300 = AXIS2_PLACEMENT_3D ( 'NONE', #941, #2847, #2174 ) ;
#301 = DIRECTION ( 'NONE',  ( 0.000000000000000000, 0.000000000000000000, -1.000000000000000000 ) ) ;
#302 = CIRCLE ( 'NONE', #116, 1.500000000000001332 ) ;
#303 = EDGE_CURVE ( 'NONE', #3898, #1704, #3098, .T. ) ;
#304 = ORIENTED_EDGE ( 'NONE', *, *, #487, .F. ) ;
#305 = DIRECTION ( 'NONE',  ( 0.000000000000000000, 0.000000000000000000, 1.000000000000000000 ) ) ;
#306 = EDGE_CURVE ( 'NONE', #1648, #709, #2877, .T. ) ;
#307 = AXIS2_PLACEMENT_3D ( 'NONE', #1454, #1472, #547 ) ;
#308 = VECTOR ( 'NONE', #815, 1000.000000000000000 ) ;
#309 = CARTESIAN_POINT ( 'NONE',  ( -33.39999999999997016, -50.99999999999998579, 11.00000000000000000 ) ) ;
#310 = DIRECTION ( 'NONE',  ( 0.000000000000000000, 0.000000000000000000, 1.000000000000000000 ) ) ;
#311 = VECTOR ( 'NONE', #2103, 1000.000000000000000 ) ;
#312 = VERTEX_POINT ( 'NONE', #1421 ) ;
#313 = LINE ( 'NONE', #1867, #563 ) ;
#314 = VECTOR ( 'NONE', #3847, 1000.000000000000000 ) ;
#315 = ORIENTED_EDGE ( 'NONE', *, *, #3358, .T. ) ;
#316 = DIRECTION ( 'NONE',  ( -1.000000000000000000, -1.213093339843922584E-16, 0.000000000000000000 ) ) ;
#317 = CARTESIAN_POINT ( 'NONE',  ( -42.00000000000004974, 51.00000000000000711, 143.0970416646374872 ) ) ;
#318 = VERTEX_POINT ( 'NONE', #2895 ) ;
#319 = ORIENTED_EDGE ( 'NONE', *, *, #1785, .T. ) ;
#320 = PLANE ( 'NONE',  #2273 ) ;
#321 = ORIENTED_EDGE ( 'NONE', *, *, #652, .T. ) ;
#322 = DIRECTION ( 'NONE',  ( 1.000000000000000000, 0.000000000000000000, 0.000000000000000000 ) ) ;
#323 = ORIENTED_EDGE ( 'NONE', *, *, #1922, .T. ) ;
#324 = EDGE_CURVE ( 'NONE', #3484, #57, #3842, .T. ) ;
#325 = ORIENTED_EDGE ( 'NONE', *, *, #3840, .T. ) ;
#326 = CYLINDRICAL_SURFACE ( 'NONE', #1947, 1.500000000000001332 ) ;
#327 = CARTESIAN_POINT ( 'NONE',  ( -65.39999999999997726, 51.00000000000000000, 183.0970416646374588 ) ) ;
#328 = EDGE_CURVE ( 'NONE', #1074, #3829, #1022, .T. ) ;
#329 = CARTESIAN_POINT ( 'NONE',  ( -1.371604415045035710E-14, 56.00000000000000711, 40.00000000000000000 ) ) ;
#330 = ORIENTED_EDGE ( 'NONE', *, *, #1277, .T. ) ;
#331 = CARTESIAN_POINT ( 'NONE',  ( -5.000000000000014211, 51.50000000000000711, 51.00000000000000711 ) ) ;
#332 = ORIENTED_EDGE ( 'NONE', *, *, #2749, .F. ) ;
#333 = DIRECTION ( 'NONE',  ( -0.000000000000000000, -0.000000000000000000, 1.000000000000000000 ) ) ;
#334 = CARTESIAN_POINT ( 'NONE',  ( -75.00000000000005684, -50.99999999999998579, 5.000000000000000000 ) ) ;
#335 = CARTESIAN_POINT ( 'NONE',  ( -55.39999999999996305, -28.59999999999996945, 45.00000000000000000 ) ) ;
#336 = LINE ( 'NONE', #3778, #2081 ) ;
#337 = ORIENTED_EDGE ( 'NONE', *, *, #3207, .F. ) ;
#338 = DIRECTION ( 'NONE',  ( -0.000000000000000000, -0.000000000000000000, 1.000000000000000000 ) ) ;
#339 = VERTEX_POINT ( 'NONE', #398 ) ;
#340 = DIRECTION ( 'NONE',  ( -0.000000000000000000, -0.000000000000000000, 1.000000000000000000 ) ) ;
#341 = ORIENTED_EDGE ( 'NONE', *, *, #3211, .F. ) ;
#342 = VERTEX_POINT ( 'NONE', #2669 ) ;
#343 = PLANE ( 'NONE',  #2013 ) ;
#344 = EDGE_CURVE ( 'NONE', #3296, #1262, #115, .T. ) ;
#345 = CARTESIAN_POINT ( 'NONE',  ( -5.000000000000012434, 51.00000000000000711, 85.00000000000000000 ) ) ;
#346 = DIRECTION ( 'NONE',  ( -0.000000000000000000, -0.000000000000000000, -1.000000000000000000 ) ) ;
#347 = ORIENTED_EDGE ( 'NONE', *, *, #648, .T. ) ;
#348 = FACE_OUTER_BOUND ( 'NONE', #746, .T. ) ;
#349 = VERTEX_POINT ( 'NONE', #3595 ) ;
#350 = ADVANCED_FACE ( 'NONE', ( #1650 ), #3901, .F. ) ;
#351 = PLANE ( 'NONE',  #3170 ) ;
#352 = APPLICATION_PROTOCOL_DEFINITION ( 'draft international standard', 'automotive_design', 1998, #3823 ) ;
#353 = CARTESIAN_POINT ( 'NONE',  ( -65.39999999999997726, -46.59999999999998010, 5.000000000000000000 ) ) ;
#354 = CARTESIAN_POINT ( 'NONE',  ( -55.39999999999996305, -28.59999999999996945, 40.00000000000000000 ) ) ;
#355 = EDGE_CURVE ( 'NONE', #3167, #1408, #3882, .T. ) ;
#356 = ORIENTED_EDGE ( 'NONE', *, *, #183, .T. ) ;
#357 = ADVANCED_FACE ( 'NONE', ( #1116, #3865, #1034, #2023 ), #1364, .F. ) ;
#358 = ORIENTED_EDGE ( 'NONE', *, *, #2088, .T. ) ;
#359 = CARTESIAN_POINT ( 'NONE',  ( -5.000000000000014211, 51.50000000000000711, 91.00000000000000000 ) ) ;
#360 = ORIENTED_EDGE ( 'NONE', *, *, #1937, .T. ) ;
#361 = VECTOR ( 'NONE', #2262, 1000.000000000000000 ) ;
#362 = LINE ( 'NONE', #956, #3183 ) ;
#363 = ORIENTED_EDGE ( 'NONE', *, *, #3889, .T. ) ;
#364 = AXIS2_PLACEMENT_3D ( 'NONE', #2760, #4053, #2492 ) ;
#365 = EDGE_LOOP ( 'NONE', ( #927, #2574, #3227, #1986, #2213, #1849, #1004, #1263, #827, #978, #2605, #3221 ) ) ;
#366 = FACE_OUTER_BOUND ( 'NONE', #394, .T. ) ;
#367 = AXIS2_PLACEMENT_3D ( 'NONE', #1894, #290, #2814 ) ;
#368 = VECTOR ( 'NONE', #777, 1000.000000000000000 ) ;
#369 = CARTESIAN_POINT ( 'NONE',  ( -6.500000000000004441, -53.99999999999998579, 0.000000000000000000 ) ) ;
#370 = DIRECTION ( 'NONE',  ( -0.000000000000000000, -0.000000000000000000, 1.000000000000000000 ) ) ;
#371 = VERTEX_POINT ( 'NONE', #2286 ) ;
#372 = CARTESIAN_POINT ( 'NONE',  ( -65.39999999999997726, -43.59999999999997300, 9.000000000000000000 ) ) ;
#373 = ORIENTED_EDGE ( 'NONE', *, *, #997, .T. ) ;
#374 = VECTOR ( 'NONE', #3487, 1000.000000000000000 ) ;
#375 = CARTESIAN_POINT ( 'NONE',  ( -11.00000000000000178, 50.99999999999998579, 5.000000000000000000 ) ) ;
#376 = AXIS2_PLACEMENT_3D ( 'NONE', #3237, #1049, #1708 ) ;
#377 = CARTESIAN_POINT ( 'NONE',  ( -65.39999999999997726, -46.59999999999998010, 11.00000000000000000 ) ) ;
#378 = VECTOR ( 'NONE', #1718, 1000.000000000000000 ) ;
#379 = DIRECTION ( 'NONE',  ( -1.000000000000000000, 0.000000000000000000, 0.000000000000000000 ) ) ;
#380 = EDGE_CURVE ( 'NONE', #4051, #2615, #3271, .T. ) ;
#381 = FACE_OUTER_BOUND ( 'NONE', #2272, .T. ) ;
#382 = VERTEX_POINT ( 'NONE', #1399 ) ;
#383 = PRODUCT_DEFINITION ( 'UNKNOWN', '', #3975, #2792 ) ;
#384 = ORIENTED_EDGE ( 'NONE', *, *, #80, .T. ) ;
#385 = EDGE_CURVE ( 'NONE', #2249, #3199, #1339, .T. ) ;
#386 = CARTESIAN_POINT ( 'NONE',  ( -5.000000000000000000, -55.99999999999999289, 40.00000000000000000 ) ) ;
#387 = VERTEX_POINT ( 'NONE', #792 ) ;
#388 = DIRECTION ( 'NONE',  ( -0.000000000000000000, -0.000000000000000000, -1.000000000000000000 ) ) ;
#389 = VERTEX_POINT ( 'NONE', #3223 ) ;
#390 = ORIENTED_EDGE ( 'NONE', *, *, #3203, .F. ) ;
#391 = DIRECTION ( 'NONE',  ( 0.000000000000000000, -0.000000000000000000, -1.000000000000000000 ) ) ;
#392 = CARTESIAN_POINT ( 'NONE',  ( -8.000000000000017764, 53.99999999999998579, 5.000000000000000000 ) ) ;
#393 = CARTESIAN_POINT ( 'NONE',  ( -15.00000000000000533, 28.59999999999995524, 0.000000000000000000 ) ) ;
#394 = EDGE_LOOP ( 'NONE', ( #33, #2354, #3206, #3887 ) ) ;
#395 = CARTESIAN_POINT ( 'NONE',  ( -19.99999999999999289, -33.59999999999996589, 0.000000000000000000 ) ) ;
#396 = EDGE_LOOP ( 'NONE', ( #484, #2538, #2592, #1762, #1369, #76 ) ) ;
#397 = DIRECTION ( 'NONE',  ( 0.000000000000000000, 1.000000000000000000, 0.000000000000000000 ) ) ;
#398 = CARTESIAN_POINT ( 'NONE',  ( -65.39999999999997726, 51.00000000000000000, 40.00000000000000711 ) ) ;
#399 = LINE ( 'NONE', #1651, #3766 ) ;
#400 = ORIENTED_EDGE ( 'NONE', *, *, #2659, .T. ) ;
#401 = EDGE_CURVE ( 'NONE', #1417, #2407, #417, .T. ) ;
#402 = EDGE_CURVE ( 'NONE', #2266, #2165, #2608, .T. ) ;
#403 = EDGE_LOOP ( 'NONE', ( #2389, #645, #2710, #1611, #3828, #321 ) ) ;
#404 = CARTESIAN_POINT ( 'NONE',  ( -11.00000000000000355, 56.99999999999997868, 0.000000000000000000 ) ) ;
#405 = ORIENTED_EDGE ( 'NONE', *, *, #457, .F. ) ;
#406 = ADVANCED_FACE ( 'NONE', ( #154 ), #3288, .F. ) ;
#407 = DIRECTION ( 'NONE',  ( -1.577021341797097018E-15, 1.000000000000000000, 0.000000000000000000 ) ) ;
#408 = ORIENTED_EDGE ( 'NONE', *, *, #2236, .F. ) ;
#409 = ORIENTED_EDGE ( 'NONE', *, *, #3890, .F. ) ;
#410 = FACE_BOUND ( 'NONE', #475, .T. ) ;
#411 = FACE_OUTER_BOUND ( 'NONE', #1643, .T. ) ;
#412 = LINE ( 'NONE', #758, #120 ) ;
#413 = EDGE_LOOP ( 'NONE', ( #2927, #604, #2631, #3414 ) ) ;
#414 = DIRECTION ( 'NONE',  ( 0.000000000000000000, -0.000000000000000000, 1.000000000000000000 ) ) ;
#415 = ORIENTED_EDGE ( 'NONE', *, *, #299, .F. ) ;
#416 = CARTESIAN_POINT ( 'NONE',  ( -75.00000000000004263, 56.99999999999997158, 5.000000000000000000 ) ) ;
#417 = LINE ( 'NONE', #138, #565 ) ;
#418 = DIRECTION ( 'NONE',  ( 0.000000000000000000, 0.000000000000000000, -1.000000000000000000 ) ) ;
#419 = ORIENTED_EDGE ( 'NONE', *, *, #1577, .F. ) ;
#420 = DIRECTION ( 'NONE',  ( -3.469446951953611724E-16, 1.000000000000000000, 0.000000000000000000 ) ) ;
#421 = VERTEX_POINT ( 'NONE', #465 ) ;
#422 = DIRECTION ( 'NONE',  ( 1.000000000000000000, 0.000000000000000000, 0.000000000000000000 ) ) ;
#423 = VERTEX_POINT ( 'NONE', #480 ) ;
#424 = VECTOR ( 'NONE', #831, 1000.000000000000000 ) ;
#425 = CARTESIAN_POINT ( 'NONE',  ( -29.79444872453598236, 43.59999999999995879, 51.00000000000000711 ) ) ;
#426 = ORIENTED_EDGE ( 'NONE', *, *, #1161, .T. ) ;
#427 = ADVANCED_FACE ( 'NONE', ( #1731 ), #1958, .F. ) ;
#428 = ORIENTED_EDGE ( 'NONE', *, *, #1001, .T. ) ;
#429 = DIRECTION ( 'NONE',  ( 0.000000000000000000, 0.000000000000000000, -1.000000000000000000 ) ) ;
#430 = VECTOR ( 'NONE', #881, 1000.000000000000000 ) ;
#431 = DIRECTION ( 'NONE',  ( -0.000000000000000000, -0.000000000000000000, -1.000000000000000000 ) ) ;
#432 = EDGE_CURVE ( 'NONE', #934, #677, #3533, .T. ) ;
#433 = AXIS2_PLACEMENT_3D ( 'NONE', #1048, #1952, #1000 ) ;
#434 = LINE ( 'NONE', #3198, #2148 ) ;
#435 = EDGE_CURVE ( 'NONE', #2551, #1289, #742, .T. ) ;
#436 = ORIENTED_EDGE ( 'NONE', *, *, #3150, .F. ) ;
#437 = DIRECTION ( 'NONE',  ( -1.000000000000000000, -1.224646799147353207E-16, 0.000000000000000000 ) ) ;
#438 = VERTEX_POINT ( 'NONE', #1443 ) ;
#439 = AXIS2_PLACEMENT_3D ( 'NONE', #2735, #2798, #3991 ) ;
#440 = AXIS2_PLACEMENT_3D ( 'NONE', #1810, #3691, #2405 ) ;
#441 = CARTESIAN_POINT ( 'NONE',  ( -14.99999999999999289, -28.59999999999996945, 0.000000000000000000 ) ) ;
#442 = DIRECTION ( 'NONE',  ( -1.000000000000000000, 0.000000000000000000, 0.000000000000000000 ) ) ;
#443 = VECTOR ( 'NONE', #3746, 1000.000000000000000 ) ;
#444 = CARTESIAN_POINT ( 'NONE',  ( -5.000000000000000000, -50.99999999999999289, 5.000000000000000000 ) ) ;
#445 = VECTOR ( 'NONE', #3936, 1000.000000000000000 ) ;
#446 = ORIENTED_EDGE ( 'NONE', *, *, #3498, .T. ) ;
#447 = VECTOR ( 'NONE', #3622, 1000.000000000000000 ) ;
#448 = VECTOR ( 'NONE', #2350, 1000.000000000000000 ) ;
#449 = VERTEX_POINT ( 'NONE', #2401 ) ;
#450 = DIRECTION ( 'NONE',  ( -1.000000000000000000, -0.000000000000000000, -0.000000000000000000 ) ) ;
#451 = VECTOR ( 'NONE', #931, 1000.000000000000000 ) ;
#452 = EDGE_LOOP ( 'NONE', ( #786, #133, #63, #3844, #2617, #20 ) ) ;
#453 = ORIENTED_EDGE ( 'NONE', *, *, #3939, .F. ) ;
#454 = ORIENTED_EDGE ( 'NONE', *, *, #1640, .T. ) ;
#455 = FACE_BOUND ( 'NONE', #2219, .T. ) ;
#456 = EDGE_CURVE ( 'NONE', #423, #273, #1751, .T. ) ;
#457 = EDGE_CURVE ( 'NONE', #2838, #3598, #1479, .T. ) ;
#458 = LINE ( 'NONE', #1707, #496 ) ;
#459 = DIRECTION ( 'NONE',  ( 1.577021341797097018E-15, 1.000000000000000000, -0.000000000000000000 ) ) ;
#460 = EDGE_LOOP ( 'NONE', ( #799, #1711, #3465, #1655 ) ) ;
#461 = LINE ( 'NONE', #2051, #174 ) ;
#462 = EDGE_LOOP ( 'NONE', ( #3027, #319, #1356, #3578, #3666, #1455, #3210, #689 ) ) ;
#463 = EDGE_CURVE ( 'NONE', #2913, #1068, #2684, .T. ) ;
#464 = PLANE ( 'NONE',  #2388 ) ;
#465 = CARTESIAN_POINT ( 'NONE',  ( -5.000000000000004441, -56.99999999999997868, 0.000000000000000000 ) ) ;
#466 = LINE ( 'NONE', #499, #1151 ) ;
#467 = CARTESIAN_POINT ( 'NONE',  ( 0.000000000000000000, -55.99999999999999289, 85.00000000000000000 ) ) ;
#468 = ORIENTED_EDGE ( 'NONE', *, *, #80, .F. ) ;
#469 = LINE ( 'NONE', #3558, #962 ) ;
#470 = VERTEX_POINT ( 'NONE', #2724 ) ;
#471 = ORIENTED_EDGE ( 'NONE', *, *, #1736, .F. ) ;
#472 = CARTESIAN_POINT ( 'NONE',  ( -70.50000000000002842, -53.99999999999998579, 0.000000000000000000 ) ) ;
#473 = CARTESIAN_POINT ( 'NONE',  ( 0.000000000000000000, -33.59999999999996589, 80.00000000000000000 ) ) ;
#474 = CARTESIAN_POINT ( 'NONE',  ( -5.000000000000014211, 56.00000000000000711, 80.00000000000000000 ) ) ;
#475 = EDGE_LOOP ( 'NONE', ( #129, #1735 ) ) ;
#476 = CARTESIAN_POINT ( 'NONE',  ( 0.000000000000000000, -55.99999999999999289, 40.00000000000000000 ) ) ;
#477 = ADVANCED_FACE ( 'NONE', ( #498, #3610 ), #2701, .T. ) ;
#478 = EDGE_LOOP ( 'NONE', ( #2415, #1396, #1667, #1042 ) ) ;
#479 = LINE ( 'NONE', #1771, #1343 ) ;
#480 = CARTESIAN_POINT ( 'NONE',  ( -33.40000000000012648, 46.59999999999995879, 89.00000000000001421 ) ) ;
#481 = DIRECTION ( 'NONE',  ( 7.228014483236707402E-16, 1.000000000000000000, 0.000000000000000000 ) ) ;
#482 = ADVANCED_FACE ( 'NONE', ( #2054 ), #3982, .F. ) ;
#483 = FACE_OUTER_BOUND ( 'NONE', #2774, .T. ) ;
#484 = ORIENTED_EDGE ( 'NONE', *, *, #402, .F. ) ;
#485 = EDGE_CURVE ( 'NONE', #3548, #2266, #255, .T. ) ;
#486 = CARTESIAN_POINT ( 'NONE',  ( -5.000000000000030198, -51.50000000000000711, 91.00000000000000000 ) ) ;
#487 = EDGE_CURVE ( 'NONE', #1309, #3167, #865, .T. ) ;
#488 = EDGE_LOOP ( 'NONE', ( #1691, #1901, #2569, #2738 ) ) ;
#489 = ORIENTED_EDGE ( 'NONE', *, *, #2477, .F. ) ;
#490 = CARTESIAN_POINT ( 'NONE',  ( -69.00000000000002842, 56.99999999999997158, 5.000000000000000000 ) ) ;
#491 = CARTESIAN_POINT ( 'NONE',  ( -42.00000000000004974, 51.00000000000000711, 11.00000000000000000 ) ) ;
#492 = DIRECTION ( 'NONE',  ( 2.891205793294679312E-16, -1.000000000000000000, 0.000000000000000000 ) ) ;
#493 = AXIS2_PLACEMENT_3D ( 'NONE', #2400, #3651, #534 ) ;
#494 = VERTEX_POINT ( 'NONE', #807 ) ;
#495 = CARTESIAN_POINT ( 'NONE',  ( -33.39999999999998437, 51.00000000000000711, 85.00000000000000000 ) ) ;
#496 = VECTOR ( 'NONE', #2048, 1000.000000000000000 ) ;
#497 = LINE ( 'NONE', #212, #684 ) ;
#498 = FACE_BOUND ( 'NONE', #141, .T. ) ;
#499 = CARTESIAN_POINT ( 'NONE',  ( -65.39999999999997726, 43.59999999999995879, 51.00000000000000711 ) ) ;
#500 = AXIS2_PLACEMENT_3D ( 'NONE', #826, #2078, #3327 ) ;
#501 = EDGE_CURVE ( 'NONE', #82, #986, #3303, .T. ) ;
#502 = CARTESIAN_POINT ( 'NONE',  ( -1.639234110326708464E-14, -51.50000000000000711, 11.00000000000000000 ) ) ;
#503 = EDGE_LOOP ( 'NONE', ( #1081, #2886, #3346, #2009 ) ) ;
#504 = LINE ( 'NONE', #3579, #3436 ) ;
#505 = CIRCLE ( 'NONE', #770, 4.999999999999993783 ) ;
#506 = VECTOR ( 'NONE', #1723, 1000.000000000000000 ) ;
#507 = ADVANCED_FACE ( 'NONE', ( #270 ), #3627, .F. ) ;
#508 = VERTEX_POINT ( 'NONE', #1190 ) ;
#509 = VECTOR ( 'NONE', #747, 1000.000000000000000 ) ;
#510 = VECTOR ( 'NONE', #3962, 1000.000000000000000 ) ;
#511 = ORIENTED_EDGE ( 'NONE', *, *, #3352, .F. ) ;
#512 = LINE ( 'NONE', #3012, #187 ) ;
#513 = DIRECTION ( 'NONE',  ( -0.000000000000000000, 1.000000000000000000, -0.000000000000000000 ) ) ;
#514 = CARTESIAN_POINT ( 'NONE',  ( -5.000000000000030198, -51.50000000000000711, 51.00000000000000711 ) ) ;
#515 = ORIENTED_EDGE ( 'NONE', *, *, #1814, .F. ) ;
#516 = FACE_OUTER_BOUND ( 'NONE', #2971, .T. ) ;
#517 = CARTESIAN_POINT ( 'NONE',  ( -33.40000000000012648, 43.59999999999995879, 89.00000000000001421 ) ) ;
#518 = DIRECTION ( 'NONE',  ( -0.000000000000000000, -1.000000000000000000, -0.000000000000000000 ) ) ;
#519 = LINE ( 'NONE', #554, #2853 ) ;
#520 = CARTESIAN_POINT ( 'NONE',  ( -52.00000000000004974, 43.59999999999995879, 51.00000000000000711 ) ) ;
#521 = ORIENTED_EDGE ( 'NONE', *, *, #750, .T. ) ;
#522 = DIRECTION ( 'NONE',  ( -1.000000000000000000, 0.000000000000000000, 0.000000000000000000 ) ) ;
#523 = CARTESIAN_POINT ( 'NONE',  ( -5.000000000000014211, 51.50000000000000711, 11.00000000000000000 ) ) ;
#524 = CARTESIAN_POINT ( 'NONE',  ( -5.000000000000030198, -51.50000000000000711, 91.00000000000000000 ) ) ;
#525 = ADVANCED_FACE ( 'NONE', ( #2115 ), #3037, .F. ) ;
#526 = ORIENTED_EDGE ( 'NONE', *, *, #1030, .F. ) ;
#527 = EDGE_LOOP ( 'NONE', ( #3789, #2356 ) ) ;
#528 = CARTESIAN_POINT ( 'NONE',  ( -42.00000000000004974, 51.00000000000000711, 80.00000000000000000 ) ) ;
#529 = EDGE_CURVE ( 'NONE', #1884, #837, #3689, .T. ) ;
#530 = DIRECTION ( 'NONE',  ( 0.000000000000000000, 0.000000000000000000, 1.000000000000000000 ) ) ;
#531 = FACE_OUTER_BOUND ( 'NONE', #2516, .T. ) ;
#532 = ORIENTED_EDGE ( 'NONE', *, *, #3862, .T. ) ;
#533 = DIRECTION ( 'NONE',  ( 1.000000000000000000, 0.000000000000000000, 0.000000000000000000 ) ) ;
#534 = DIRECTION ( 'NONE',  ( 1.000000000000000000, 0.000000000000000000, 0.000000000000000000 ) ) ;
#535 = CARTESIAN_POINT ( 'NONE',  ( -11.00000000000000178, 50.99999999999998579, 0.000000000000000000 ) ) ;
#536 = LINE ( 'NONE', #3941, #2935 ) ;
#537 = CARTESIAN_POINT ( 'NONE',  ( -1.371604415045035710E-14, 56.00000000000000711, 51.00000000000000711 ) ) ;
#538 = ORIENTED_EDGE ( 'NONE', *, *, #3635, .F. ) ;
#539 = LINE ( 'NONE', #1793, #1757 ) ;
#540 = CARTESIAN_POINT ( 'NONE',  ( 0.000000000000000000, 0.000000000000000000, 51.00000000000000711 ) ) ;
#541 = LINE ( 'NONE', #3043, #3065 ) ;
#542 = ORIENTED_EDGE ( 'NONE', *, *, #1600, .F. ) ;
#543 = ORIENTED_EDGE ( 'NONE', *, *, #1306, .T. ) ;
#544 = DIRECTION ( 'NONE',  ( -1.000000000000000000, -1.213093339843922584E-16, 0.000000000000000000 ) ) ;
#545 = CARTESIAN_POINT ( 'NONE',  ( -65.39999999999997726, 51.00000000000000000, 80.00000000000000000 ) ) ;
#546 = EDGE_CURVE ( 'NONE', #1827, #2566, #1686, .T. ) ;
#547 = DIRECTION ( 'NONE',  ( 0.000000000000000000, 0.000000000000000000, 1.000000000000000000 ) ) ;
#548 = EDGE_LOOP ( 'NONE', ( #109, #3741, #358, #1965 ) ) ;
#549 = FACE_OUTER_BOUND ( 'NONE', #2105, .T. ) ;
#550 = EDGE_CURVE ( 'NONE', #3240, #1384, #883, .T. ) ;
#551 = DIRECTION ( 'NONE',  ( 0.000000000000000000, 1.000000000000000000, 0.000000000000000000 ) ) ;
#552 = ADVANCED_FACE ( 'NONE', ( #823 ), #3343, .F. ) ;
#553 = CARTESIAN_POINT ( 'NONE',  ( -5.000000000000000000, -55.99999999999999289, 80.00000000000000000 ) ) ;
#554 = CARTESIAN_POINT ( 'NONE',  ( 0.000000000000000000, -55.99999999999999289, 0.000000000000000000 ) ) ;
#555 = LINE ( 'NONE', #885, #1484 ) ;
#556 = ORIENTED_EDGE ( 'NONE', *, *, #258, .F. ) ;
#557 = VECTOR ( 'NONE', #2700, 1000.000000000000000 ) ;
#558 = LINE ( 'NONE', #913, #2020 ) ;
#559 = DIRECTION ( 'NONE',  ( -1.224646799147353207E-16, 1.000000000000000000, 0.000000000000000000 ) ) ;
#560 = VECTOR ( 'NONE', #716, 1000.000000000000000 ) ;
#561 = CARTESIAN_POINT ( 'NONE',  ( -5.000000000000030198, -51.50000000000000711, 11.00000000000000000 ) ) ;
#562 = CIRCLE ( 'NONE', #3510, 1.499999999999999556 ) ;
#563 = VECTOR ( 'NONE', #2240, 1000.000000000000000 ) ;
#564 = VERTEX_POINT ( 'NONE', #4019 ) ;
#565 = VECTOR ( 'NONE', #1381, 1000.000000000000000 ) ;
#566 = VERTEX_POINT ( 'NONE', #3325 ) ;
#567 = AXIS2_PLACEMENT_3D ( 'NONE', #2636, #781, #1685 ) ;
#568 = VECTOR ( 'NONE', #1990, 1000.000000000000000 ) ;
#569 = DIRECTION ( 'NONE',  ( 1.000000000000000000, 0.000000000000000000, 0.000000000000000000 ) ) ;
#570 = CARTESIAN_POINT ( 'NONE',  ( -72.00000000000005684, 53.99999999999997158, 0.000000000000000000 ) ) ;
#571 = ORIENTED_EDGE ( 'NONE', *, *, #981, .T. ) ;
#572 = DIRECTION ( 'NONE',  ( 1.224646799147353207E-16, -1.000000000000000000, 0.000000000000000000 ) ) ;
#573 = EDGE_CURVE ( 'NONE', #6, #1440, #1131, .T. ) ;
#574 = EDGE_CURVE ( 'NONE', #267, #3911, #1789, .T. ) ;
#575 = LINE ( 'NONE', #3711, #2514 ) ;
#576 = DIRECTION ( 'NONE',  ( 1.000000000000000000, 0.000000000000000000, 0.000000000000000000 ) ) ;
#577 = DIRECTION ( 'NONE',  ( -0.000000000000000000, 0.000000000000000000, -1.000000000000000000 ) ) ;
#578 = DIRECTION ( 'NONE',  ( -0.000000000000000000, -0.000000000000000000, 1.000000000000000000 ) ) ;
#579 = ADVANCED_FACE ( 'NONE', ( #2787 ), #1907, .F. ) ;
#580 = ORIENTED_EDGE ( 'NONE', *, *, #3712, .F. ) ;
#581 = EDGE_CURVE ( 'NONE', #1483, #3032, #1625, .T. ) ;
#582 = CARTESIAN_POINT ( 'NONE',  ( -14.99999999999999822, -2.729460014648825137E-15, 85.00000000000000000 ) ) ;
#583 = PLANE ( 'NONE',  #3123 ) ;
#584 = CARTESIAN_POINT ( 'NONE',  ( 0.000000000000000000, -55.99999999999999289, 0.000000000000000000 ) ) ;
#585 = LINE ( 'NONE', #1838, #2715 ) ;
#586 = VERTEX_POINT ( 'NONE', #329 ) ;
#587 = ORIENTED_EDGE ( 'NONE', *, *, #903, .T. ) ;
#588 = ORIENTED_EDGE ( 'NONE', *, *, #1459, .T. ) ;
#589 = DIRECTION ( 'NONE',  ( 0.000000000000000000, 0.000000000000000000, 1.000000000000000000 ) ) ;
#590 = ORIENTED_EDGE ( 'NONE', *, *, #3534, .T. ) ;
#591 = CARTESIAN_POINT ( 'NONE',  ( -14.99999999999999822, -2.729460014648825137E-15, 5.000000000000000000 ) ) ;
#592 = LINE ( 'NONE', #4041, #3899 ) ;
#593 = CARTESIAN_POINT ( 'NONE',  ( -42.00000000000004974, 51.00000000000000711, 183.0970416646374588 ) ) ;
#594 = EDGE_CURVE ( 'NONE', #2390, #664, #2871, .T. ) ;
#595 = LINE ( 'NONE', #848, #3704 ) ;
#596 = DIRECTION ( 'NONE',  ( 1.000000000000000000, 0.000000000000000000, 0.000000000000000000 ) ) ;
#597 = VERTEX_POINT ( 'NONE', #3135 ) ;
#598 = DIRECTION ( 'NONE',  ( -0.000000000000000000, -0.000000000000000000, -1.000000000000000000 ) ) ;
#599 = CARTESIAN_POINT ( 'NONE',  ( 0.000000000000000000, 0.000000000000000000, 0.000000000000000000 ) ) ;
#600 = CARTESIAN_POINT ( 'NONE',  ( -15.00000000000000533, 28.59999999999995524, 0.000000000000000000 ) ) ;
#601 = EDGE_CURVE ( 'NONE', #951, #2480, #3094, .T. ) ;
#602 = PLANE ( 'NONE',  #439 ) ;
#603 = EDGE_CURVE ( 'NONE', #1541, #1187, #964, .T. ) ;
#604 = ORIENTED_EDGE ( 'NONE', *, *, #1204, .T. ) ;
#605 = EDGE_CURVE ( 'NONE', #342, #2035, #302, .T. ) ;
#606 = ORIENTED_EDGE ( 'NONE', *, *, #4036, .T. ) ;
#607 = LINE ( 'NONE', #2474, #3699 ) ;
#608 = ORIENTED_EDGE ( 'NONE', *, *, #1510, .F. ) ;
#609 = PLANE ( 'NONE',  #3318 ) ;
#610 = AXIS2_PLACEMENT_3D ( 'NONE', #540, #3348, #890 ) ;
#611 = DIRECTION ( 'NONE',  ( -1.000000000000000000, -0.000000000000000000, -0.000000000000000000 ) ) ;
#612 = DIRECTION ( 'NONE',  ( -0.000000000000000000, -0.000000000000000000, -1.000000000000000000 ) ) ;
#613 = EDGE_LOOP ( 'NONE', ( #2758, #700, #3959, #2300, #179, #3440, #670, #3700 ) ) ;
#614 = LINE ( 'NONE', #3421, #3376 ) ;
#615 = ORIENTED_EDGE ( 'NONE', *, *, #3083, .T. ) ;
#616 = CARTESIAN_POINT ( 'NONE',  ( -20.00000000000000000, 28.59999999999995524, 5.000000000000000000 ) ) ;
#617 = PLANE ( 'NONE',  #2464 ) ;
#618 = DIRECTION ( 'NONE',  ( 1.819640009765883753E-16, -1.000000000000000000, 0.000000000000000000 ) ) ;
#619 = VECTOR ( 'NONE', #2096, 1000.000000000000000 ) ;
#620 = ORIENTED_EDGE ( 'NONE', *, *, #3555, .F. ) ;
#621 = ADVANCED_FACE ( 'NONE', ( #1846 ), #2216, .F. ) ;
#622 = VECTOR ( 'NONE', #148, 1000.000000000000000 ) ;
#623 = VERTEX_POINT ( 'NONE', #1579 ) ;
#624 = EDGE_LOOP ( 'NONE', ( #3544, #2027, #1245, #4005 ) ) ;
#625 = VECTOR ( 'NONE', #1113, 1000.000000000000000 ) ;
#626 = EDGE_CURVE ( 'NONE', #1450, #1513, #1293, .T. ) ;
#627 = LINE ( 'NONE', #1228, #1146 ) ;
#628 = EDGE_LOOP ( 'NONE', ( #2383, #409, #111, #2952 ) ) ;
#629 = AXIS2_PLACEMENT_3D ( 'NONE', #1865, #23, #1249 ) ;
#630 = VECTOR ( 'NONE', #3239, 1000.000000000000000 ) ;
#631 = ORIENTED_EDGE ( 'NONE', *, *, #159, .F. ) ;
#632 = CARTESIAN_POINT ( 'NONE',  ( -20.00000000000000000, 28.59999999999995524, 0.000000000000000000 ) ) ;
#633 = VECTOR ( 'NONE', #1110, 1000.000000000000000 ) ;
#634 = VECTOR ( 'NONE', #2143, 1000.000000000000000 ) ;
#635 = DIRECTION ( 'NONE',  ( -1.000000000000000000, 0.000000000000000000, -0.000000000000000000 ) ) ;
#636 = DIRECTION ( 'NONE',  ( -2.312964634635746211E-15, 1.000000000000000000, -0.000000000000000000 ) ) ;
#637 = VECTOR ( 'NONE', #3363, 1000.000000000000000 ) ;
#638 = ORIENTED_EDGE ( 'NONE', *, *, #3103, .F. ) ;
#639 = CARTESIAN_POINT ( 'NONE',  ( -65.39999999999997726, -46.59999999999997300, 89.00000000000000000 ) ) ;
#640 = AXIS2_PLACEMENT_3D ( 'NONE', #599, #1912, #3160 ) ;
#641 = ORIENTED_EDGE ( 'NONE', *, *, #3358, .F. ) ;
#642 = CARTESIAN_POINT ( 'NONE',  ( -29.79444872453598236, -46.59999999999997300, 89.00000000000000000 ) ) ;
#643 = CARTESIAN_POINT ( 'NONE',  ( -33.39999999999997016, -50.99999999999998579, 51.00000000000000711 ) ) ;
#644 = CARTESIAN_POINT ( 'NONE',  ( -5.000000000000012434, 51.00000000000000711, 45.00000000000000000 ) ) ;
#645 = ORIENTED_EDGE ( 'NONE', *, *, #3100, .F. ) ;
#646 = EDGE_LOOP ( 'NONE', ( #669, #1225, #2241, #3770, #2147, #3863, #2295, #2204, #415, #3935, #1855, #2817, #542, #1843, #1006, #2572, #283, #862, #468, #1719 ) ) ;
#647 = PLANE ( 'NONE',  #2469 ) ;
#648 = EDGE_CURVE ( 'NONE', #3482, #1297, #3793, .T. ) ;
#649 = ORIENTED_EDGE ( 'NONE', *, *, #3780, .F. ) ;
#650 = CARTESIAN_POINT ( 'NONE',  ( 0.000000000000000000, 51.50000000000000711, 51.00000000000000711 ) ) ;
#651 = ORIENTED_EDGE ( 'NONE', *, *, #574, .T. ) ;
#652 = EDGE_CURVE ( 'NONE', #423, #69, #2826, .T. ) ;
#653 = ORIENTED_EDGE ( 'NONE', *, *, #3990, .T. ) ;
#654 = DIRECTION ( 'NONE',  ( -1.819640009765883753E-16, 1.000000000000000000, 0.000000000000000000 ) ) ;
#655 = FACE_OUTER_BOUND ( 'NONE', #2531, .T. ) ;
#656 = EDGE_CURVE ( 'NONE', #1262, #3701, #983, .T. ) ;
#657 = DIRECTION ( 'NONE',  ( -0.000000000000000000, -0.000000000000000000, -1.000000000000000000 ) ) ;
#658 = EDGE_CURVE ( 'NONE', #1917, #2000, #3419, .T. ) ;
#659 = DIRECTION ( 'NONE',  ( 0.000000000000000000, -0.000000000000000000, 1.000000000000000000 ) ) ;
#660 = ORIENTED_EDGE ( 'NONE', *, *, #2777, .T. ) ;
#661 = CARTESIAN_POINT ( 'NONE',  ( -33.39999999999998437, 51.00000000000000711, 51.00000000000000711 ) ) ;
#662 = CARTESIAN_POINT ( 'NONE',  ( -33.39999999999998437, -43.59999999999997300, 91.00000000000000000 ) ) ;
#663 = LINE ( 'NONE', #972, #3122 ) ;
#664 = VERTEX_POINT ( 'NONE', #674 ) ;
#665 = DIRECTION ( 'NONE',  ( -3.048009811211187487E-15, 1.000000000000000000, 0.000000000000000000 ) ) ;
#666 = ORIENTED_EDGE ( 'NONE', *, *, #3757, .F. ) ;
#667 = EDGE_CURVE ( 'NONE', #916, #1182, #1561, .T. ) ;
#668 = FACE_OUTER_BOUND ( 'NONE', #3046, .T. ) ;
#669 = ORIENTED_EDGE ( 'NONE', *, *, #3712, .T. ) ;
#670 = ORIENTED_EDGE ( 'NONE', *, *, #2805, .T. ) ;
#671 = CARTESIAN_POINT ( 'NONE',  ( -50.39999999999996305, -33.59999999999996589, 80.00000000000000000 ) ) ;
#672 = EDGE_CURVE ( 'NONE', #2153, #3165, #3769, .T. ) ;
#673 = CARTESIAN_POINT ( 'NONE',  ( -5.000000000000012434, 51.00000000000000711, 45.00000000000000000 ) ) ;
#674 = CARTESIAN_POINT ( 'NONE',  ( -5.000000000000000000, -50.99999999999999289, 40.00000000000000000 ) ) ;
#675 = ORIENTED_EDGE ( 'NONE', *, *, #3076, .T. ) ;
#676 = LINE ( 'NONE', #639, #177 ) ;
#677 = VERTEX_POINT ( 'NONE', #1235 ) ;
#678 = EDGE_CURVE ( 'NONE', #2390, #1390, #5, .T. ) ;
#679 = CARTESIAN_POINT ( 'NONE',  ( -5.000000000000014211, 56.00000000000000711, 11.00000000000000000 ) ) ;
#680 = DIRECTION ( 'NONE',  ( -0.000000000000000000, -0.000000000000000000, -1.000000000000000000 ) ) ;
#681 = DIRECTION ( 'NONE',  ( 0.000000000000000000, 0.000000000000000000, 1.000000000000000000 ) ) ;
#682 = VERTEX_POINT ( 'NONE', #906 ) ;
#683 = VERTEX_POINT ( 'NONE', #2496 ) ;
#684 = VECTOR ( 'NONE', #3003, 1000.000000000000000 ) ;
#685 = CARTESIAN_POINT ( 'NONE',  ( -5.000000000000000000, -50.99999999999999289, 85.00000000000000000 ) ) ;
#686 = ORIENTED_EDGE ( 'NONE', *, *, #101, .T. ) ;
#687 = VECTOR ( 'NONE', #2012, 1000.000000000000000 ) ;
#688 = LINE ( 'NONE', #81, #1411 ) ;
#689 = ORIENTED_EDGE ( 'NONE', *, *, #258, .T. ) ;
#690 = AXIS2_PLACEMENT_3D ( 'NONE', #908, #1506, #3957 ) ;
#691 = VERTEX_POINT ( 'NONE', #2158 ) ;
#692 = DIRECTION ( 'NONE',  ( 0.000000000000000000, 0.000000000000000000, -1.000000000000000000 ) ) ;
#693 = VECTOR ( 'NONE', #2765, 1000.000000000000000 ) ;
#694 = VECTOR ( 'NONE', #2381, 1000.000000000000000 ) ;
#695 = FACE_OUTER_BOUND ( 'NONE', #242, .T. ) ;
#696 = DIRECTION ( 'NONE',  ( -1.224646799147353207E-16, 1.000000000000000000, 0.000000000000000000 ) ) ;
#697 = ORIENTED_EDGE ( 'NONE', *, *, #295, .F. ) ;
#698 = CARTESIAN_POINT ( 'NONE',  ( -1.371604415045035710E-14, 56.00000000000000711, 91.00000000000000000 ) ) ;
#699 = ADVANCED_FACE ( 'NONE', ( #2479 ), #3403, .T. ) ;
#700 = ORIENTED_EDGE ( 'NONE', *, *, #550, .T. ) ;
#701 = VECTOR ( 'NONE', #1772, 1000.000000000000000 ) ;
#702 = CIRCLE ( 'NONE', #1754, 1.499999999999999556 ) ;
#703 = DIRECTION ( 'NONE',  ( -1.000000000000000000, 0.000000000000000000, -0.000000000000000000 ) ) ;
#704 = CIRCLE ( 'NONE', #2530, 4.999999999999997335 ) ;
#705 = CARTESIAN_POINT ( 'NONE',  ( 0.000000000000000000, -55.99999999999999289, 80.00000000000000000 ) ) ;
#706 = DIRECTION ( 'NONE',  ( 1.000000000000000000, 0.000000000000000000, 0.000000000000000000 ) ) ;
#707 = EDGE_CURVE ( 'NONE', #387, #1193, #434, .T. ) ;
#708 = ORIENTED_EDGE ( 'NONE', *, *, #191, .T. ) ;
#709 = VERTEX_POINT ( 'NONE', #393 ) ;
#710 = LINE ( 'NONE', #3472, #52 ) ;
#711 = VERTEX_POINT ( 'NONE', #1646 ) ;
#712 = LINE ( 'NONE', #1966, #2923 ) ;
#713 = ORIENTED_EDGE ( 'NONE', *, *, #2127, .F. ) ;
#714 = ORIENTED_EDGE ( 'NONE', *, *, #1273, .T. ) ;
#715 = CARTESIAN_POINT ( 'NONE',  ( -1.371604415045035710E-14, 56.00000000000000711, 45.00000000000000000 ) ) ;
#716 = DIRECTION ( 'NONE',  ( -0.000000000000000000, -0.000000000000000000, -1.000000000000000000 ) ) ;
#717 = LINE ( 'NONE', #737, #3385 ) ;
#718 = ORIENTED_EDGE ( 'NONE', *, *, #2228, .T. ) ;
#719 = DIRECTION ( 'NONE',  ( -1.000000000000000000, 0.000000000000000000, -0.000000000000000000 ) ) ;
#720 = ORIENTED_EDGE ( 'NONE', *, *, #730, .T. ) ;
#721 = CARTESIAN_POINT ( 'NONE',  ( -29.79444872453598236, 46.59999999999995879, 49.00000000000001421 ) ) ;
#722 = CARTESIAN_POINT ( 'NONE',  ( -11.00000000000000178, -50.99999999999998579, 0.000000000000000000 ) ) ;
#723 = DIRECTION ( 'NONE',  ( 0.000000000000000000, -0.000000000000000000, -1.000000000000000000 ) ) ;
#724 = VERTEX_POINT ( 'NONE', #3835 ) ;
#725 = ADVANCED_FACE ( 'NONE', ( #3528 ), #785, .F. ) ;
#726 = CARTESIAN_POINT ( 'NONE',  ( 0.000000000000000000, 51.50000000000000711, 91.00000000000000000 ) ) ;
#727 = ORIENTED_EDGE ( 'NONE', *, *, #2016, .T. ) ;
#728 = CARTESIAN_POINT ( 'NONE',  ( -72.00000000000004263, -53.99999999999998579, 5.000000000000000000 ) ) ;
#729 = VERTEX_POINT ( 'NONE', #3589 ) ;
#730 = EDGE_CURVE ( 'NONE', #438, #222, #2034, .T. ) ;
#731 = EDGE_CURVE ( 'NONE', #3568, #2930, #1355, .T. ) ;
#732 = CARTESIAN_POINT ( 'NONE',  ( -5.000000000000030198, -51.50000000000000711, 91.00000000000000000 ) ) ;
#733 = VERTEX_POINT ( 'NONE', #3859 ) ;
#734 = ORIENTED_EDGE ( 'NONE', *, *, #1959, .T. ) ;
#735 = LINE ( 'NONE', #163, #3381 ) ;
#736 = CARTESIAN_POINT ( 'NONE',  ( -5.000000000000000000, -50.99999999999999289, 45.00000000000000000 ) ) ;
#737 = CARTESIAN_POINT ( 'NONE',  ( -5.000000000000012434, 51.00000000000000711, 45.00000000000000000 ) ) ;
#738 = ORIENTED_EDGE ( 'NONE', *, *, #142, .F. ) ;
#739 = LINE ( 'NONE', #1710, #625 ) ;
#740 = VERTEX_POINT ( 'NONE', #2602 ) ;
#741 = LINE ( 'NONE', #679, #1864 ) ;
#742 = LINE ( 'NONE', #1996, #1353 ) ;
#743 = PLANE ( 'NONE',  #1756 ) ;
#744 = ORIENTED_EDGE ( 'NONE', *, *, #2570, .T. ) ;
#745 = CARTESIAN_POINT ( 'NONE',  ( -50.39999999999997016, 28.59999999999995524, 80.00000000000000000 ) ) ;
#746 = EDGE_LOOP ( 'NONE', ( #3370, #2343, #3928, #3089 ) ) ;
#747 = DIRECTION ( 'NONE',  ( 2.312964634635746211E-15, 1.000000000000000000, 0.000000000000000000 ) ) ;
#748 = EDGE_CURVE ( 'NONE', #119, #966, #3973, .T. ) ;
#749 = ORIENTED_EDGE ( 'NONE', *, *, #2824, .F. ) ;
#750 = EDGE_CURVE ( 'NONE', #1182, #2165, #2939, .T. ) ;
#751 = ORIENTED_EDGE ( 'NONE', *, *, #3103, .T. ) ;
#752 = ORIENTED_EDGE ( 'NONE', *, *, #3270, .F. ) ;
#753 = LINE ( 'NONE', #2276, #2079 ) ;
#754 = ADVANCED_FACE ( 'NONE', ( #1725 ), #68, .F. ) ;
#755 = VECTOR ( 'NONE', #3745, 1000.000000000000000 ) ;
#756 = FACE_OUTER_BOUND ( 'NONE', #1386, .T. ) ;
#757 = AXIS2_PLACEMENT_3D ( 'NONE', #3338, #1125, #3604 ) ;
#758 = CARTESIAN_POINT ( 'NONE',  ( -1.371604415045035710E-14, 56.00000000000000711, 85.00000000000000000 ) ) ;
#759 = ORIENTED_EDGE ( 'NONE', *, *, #2288, .T. ) ;
#760 = CARTESIAN_POINT ( 'NONE',  ( -5.000000000000004441, 56.99999999999997868, 0.000000000000000000 ) ) ;
#761 = ORIENTED_EDGE ( 'NONE', *, *, #1929, .F. ) ;
#762 = VECTOR ( 'NONE', #3224, 1000.000000000000000 ) ;
#763 = AXIS2_PLACEMENT_3D ( 'NONE', #2904, #1347, #2594 ) ;
#764 = CARTESIAN_POINT ( 'NONE',  ( -5.000000000000004441, 56.99999999999997868, 5.000000000000000000 ) ) ;
#765 = CARTESIAN_POINT ( 'NONE',  ( -5.000000000000030198, -51.50000000000000711, 11.00000000000000000 ) ) ;
#766 = VECTOR ( 'NONE', #3820, 1000.000000000000000 ) ;
#767 = DIRECTION ( 'NONE',  ( 1.000000000000000000, 0.000000000000000000, 0.000000000000000000 ) ) ;
#768 = AXIS2_PLACEMENT_3D ( 'NONE', #3092, #4038, #1535 ) ;
#769 = ORIENTED_EDGE ( 'NONE', *, *, #2056, .F. ) ;
#770 = AXIS2_PLACEMENT_3D ( 'NONE', #1784, #3339, #2376 ) ;
#771 = VECTOR ( 'NONE', #2196, 1000.000000000000000 ) ;
#772 = DIRECTION ( 'NONE',  ( 1.000000000000000000, 3.469446951953611724E-16, -0.000000000000000000 ) ) ;
#773 = ORIENTED_EDGE ( 'NONE', *, *, #4036, .F. ) ;
#774 = DIRECTION ( 'NONE',  ( -1.577021341797096821E-15, -1.000000000000000000, 0.000000000000000000 ) ) ;
#775 = AXIS2_PLACEMENT_3D ( 'NONE', #3368, #3395, #220 ) ;
#776 = EDGE_CURVE ( 'NONE', #94, #312, #2318, .T. ) ;
#777 = DIRECTION ( 'NONE',  ( -1.489033026589534369E-16, 1.000000000000000000, -0.000000000000000000 ) ) ;
#778 = EDGE_LOOP ( 'NONE', ( #1961, #1080, #4016, #1665, #1878 ) ) ;
#779 = EDGE_CURVE ( 'NONE', #2362, #4051, #717, .T. ) ;
#780 = ORIENTED_EDGE ( 'NONE', *, *, #809, .F. ) ;
#781 = DIRECTION ( 'NONE',  ( 0.000000000000000000, 0.000000000000000000, -1.000000000000000000 ) ) ;
#782 = VECTOR ( 'NONE', #1913, 1000.000000000000000 ) ;
#783 = CARTESIAN_POINT ( 'NONE',  ( -33.39999999999998437, 51.00000000000000711, 5.000000000000000000 ) ) ;
#784 = EDGE_CURVE ( 'NONE', #3822, #1440, #1393, .T. ) ;
#785 = CYLINDRICAL_SURFACE ( 'NONE', #376, 4.999999999999997335 ) ;
#786 = ORIENTED_EDGE ( 'NONE', *, *, #2057, .T. ) ;
#787 = DIRECTION ( 'NONE',  ( 0.000000000000000000, -1.000000000000000000, 0.000000000000000000 ) ) ;
#788 = ORIENTED_EDGE ( 'NONE', *, *, #1085, .F. ) ;
#789 = EDGE_CURVE ( 'NONE', #371, #2118, #3814, .T. ) ;
#790 = LINE ( 'NONE', #1147, #36 ) ;
#791 = EDGE_CURVE ( 'NONE', #3275, #1658, #1332, .T. ) ;
#792 = CARTESIAN_POINT ( 'NONE',  ( -52.00000000000004974, 43.59999999999995879, 40.00000000000000711 ) ) ;
#793 = PLANE ( 'NONE',  #1554 ) ;
#794 = DIRECTION ( 'NONE',  ( -3.854941057726234153E-16, -1.000000000000000000, 0.000000000000000000 ) ) ;
#795 = ORIENTED_EDGE ( 'NONE', *, *, #3203, .T. ) ;
#796 = CARTESIAN_POINT ( 'NONE',  ( -75.00000000000000000, -50.99999999999998579, 51.00000000000000711 ) ) ;
#797 = CARTESIAN_POINT ( 'NONE',  ( -33.39999999999998437, 51.00000000000000711, 11.00000000000000000 ) ) ;
#798 = VERTEX_POINT ( 'NONE', #1067 ) ;
#799 = ORIENTED_EDGE ( 'NONE', *, *, #2861, .F. ) ;
#800 = CARTESIAN_POINT ( 'NONE',  ( -8.000000000000003553, -53.99999999999998579, 0.000000000000000000 ) ) ;
#801 = LINE ( 'NONE', #3281, #3048 ) ;
#802 = LINE ( 'NONE', #1439, #3060 ) ;
#803 = ORIENTED_EDGE ( 'NONE', *, *, #603, .T. ) ;
#804 = DIRECTION ( 'NONE',  ( -0.000000000000000000, -0.000000000000000000, -1.000000000000000000 ) ) ;
#805 = ADVANCED_FACE ( 'NONE', ( #2559 ), #2256, .F. ) ;
#806 = LINE ( 'NONE', #3609, #1608 ) ;
#807 = CARTESIAN_POINT ( 'NONE',  ( -5.000000000000012434, 51.50000000000000711, 45.00000000000000000 ) ) ;
#808 = CARTESIAN_POINT ( 'NONE',  ( -65.39999999999997726, -43.59999999999997300, 80.00000000000000000 ) ) ;
#809 = EDGE_CURVE ( 'NONE', #3102, #3640, #412, .T. ) ;
#810 = DIRECTION ( 'NONE',  ( -0.000000000000000000, -0.000000000000000000, -1.000000000000000000 ) ) ;
#811 = CARTESIAN_POINT ( 'NONE',  ( -19.99999999999999289, -33.59999999999996589, 45.00000000000000000 ) ) ;
#812 = CARTESIAN_POINT ( 'NONE',  ( -11.00000000000000178, -50.99999999999998579, 5.000000000000000000 ) ) ;
#813 = ORIENTED_EDGE ( 'NONE', *, *, #1302, .T. ) ;
#814 = EDGE_LOOP ( 'NONE', ( #3970, #1636, #788, #2590, #453, #3502, #2915, #2821 ) ) ;
#815 = DIRECTION ( 'NONE',  ( -1.000000000000000000, -8.673617379884034239E-17, -0.000000000000000000 ) ) ;
#816 = CARTESIAN_POINT ( 'NONE',  ( -55.39999999999997016, 28.59999999999995524, 80.00000000000000000 ) ) ;
#817 = CYLINDRICAL_SURFACE ( 'NONE', #3583, 1.500000000000001332 ) ;
#818 = AXIS2_PLACEMENT_3D ( 'NONE', #153, #1172, #2683 ) ;
#819 = EDGE_LOOP ( 'NONE', ( #1674, #4044, #2100, #2676, #920, #2071, #3591, #651, #1617, #2947 ) ) ;
#820 = DIRECTION ( 'NONE',  ( -1.000000000000000000, -1.224646799147353207E-16, 0.000000000000000000 ) ) ;
#821 = AXIS2_PLACEMENT_3D ( 'NONE', #736, #2540, #1374 ) ;
#822 = FACE_OUTER_BOUND ( 'NONE', #294, .T. ) ;
#823 = FACE_OUTER_BOUND ( 'NONE', #1379, .T. ) ;
#824 = EDGE_CURVE ( 'NONE', #3822, #1450, #704, .T. ) ;
#825 = DIRECTION ( 'NONE',  ( -0.000000000000000000, -0.000000000000000000, -1.000000000000000000 ) ) ;
#826 = CARTESIAN_POINT ( 'NONE',  ( -29.79444872453598236, 46.59999999999995879, 9.000000000000010658 ) ) ;
#827 = ORIENTED_EDGE ( 'NONE', *, *, #904, .T. ) ;
#828 = VECTOR ( 'NONE', #787, 1000.000000000000000 ) ;
#829 = VECTOR ( 'NONE', #3119, 1000.000000000000000 ) ;
#830 = CARTESIAN_POINT ( 'NONE',  ( 0.000000000000000000, 51.50000000000000711, 11.00000000000000000 ) ) ;
#831 = DIRECTION ( 'NONE',  ( -0.000000000000000000, -0.000000000000000000, -1.000000000000000000 ) ) ;
#832 = EDGE_CURVE ( 'NONE', #2037, #3249, #2911, .T. ) ;
#833 = CARTESIAN_POINT ( 'NONE',  ( -50.39999999999997016, 33.59999999999995168, 0.000000000000000000 ) ) ;
#834 = VECTOR ( 'NONE', #338, 1000.000000000000000 ) ;
#835 = VECTOR ( 'NONE', #2739, 1000.000000000000000 ) ;
#836 = CARTESIAN_POINT ( 'NONE',  ( -69.00000000000002842, -50.99999999999997868, 5.000000000000000000 ) ) ;
#837 = VERTEX_POINT ( 'NONE', #3547 ) ;
#838 = VECTOR ( 'NONE', #1997, 1000.000000000000000 ) ;
#839 = VECTOR ( 'NONE', #794, 1000.000000000000000 ) ;
#840 = ORIENTED_EDGE ( 'NONE', *, *, #2717, .F. ) ;
#841 = CARTESIAN_POINT ( 'NONE',  ( -1.371604415045035710E-14, 56.00000000000000711, 80.00000000000000000 ) ) ;
#842 = FACE_OUTER_BOUND ( 'NONE', #1305, .T. ) ;
#843 = DIRECTION ( 'NONE',  ( 0.000000000000000000, -0.000000000000000000, 1.000000000000000000 ) ) ;
#844 = ORIENTED_EDGE ( 'NONE', *, *, #2736, .T. ) ;
#845 = DIRECTION ( 'NONE',  ( 1.000000000000000000, 3.469446951953611724E-16, -0.000000000000000000 ) ) ;
#846 = CARTESIAN_POINT ( 'NONE',  ( -5.000000000000014211, 56.00000000000000711, 45.00000000000000000 ) ) ;
#847 = DIRECTION ( 'NONE',  ( 1.000000000000000000, 0.000000000000000000, 0.000000000000000000 ) ) ;
#848 = CARTESIAN_POINT ( 'NONE',  ( -69.00000000000002842, 50.99999999999997868, 5.000000000000000000 ) ) ;
#849 = DIRECTION ( 'NONE',  ( -0.000000000000000000, -0.000000000000000000, 1.000000000000000000 ) ) ;
#850 = ORIENTED_EDGE ( 'NONE', *, *, #658, .F. ) ;
#851 = DIRECTION ( 'NONE',  ( -1.000000000000000000, 0.000000000000000000, 0.000000000000000000 ) ) ;
#852 = FACE_OUTER_BOUND ( 'NONE', #3818, .T. ) ;
#853 = CARTESIAN_POINT ( 'NONE',  ( -5.510910596163077723E-16, -51.50000000000000711, 85.00000000000000000 ) ) ;
#854 = ADVANCED_FACE ( 'NONE', ( #1169 ), #2662, .F. ) ;
#855 = VERTEX_POINT ( 'NONE', #2679 ) ;
#856 = VERTEX_POINT ( 'NONE', #3015 ) ;
#857 = DIRECTION ( 'NONE',  ( 0.000000000000000000, 0.000000000000000000, 1.000000000000000000 ) ) ;
#858 = EDGE_CURVE ( 'NONE', #339, #1592, #2741, .T. ) ;
#859 = ADVANCED_FACE ( 'NONE', ( #3950 ), #3377, .T. ) ;
#860 = CARTESIAN_POINT ( 'NONE',  ( -42.00000000000004974, 51.00000000000000711, 40.00000000000000711 ) ) ;
#861 = LINE ( 'NONE', #3683, #2403 ) ;
#862 = ORIENTED_EDGE ( 'NONE', *, *, #3929, .F. ) ;
#863 = FACE_BOUND ( 'NONE', #462, .T. ) ;
#864 = CARTESIAN_POINT ( 'NONE',  ( -6.500000000000004441, -53.99999999999998579, 0.000000000000000000 ) ) ;
#865 = LINE ( 'NONE', #553, #1618 ) ;
#866 = CARTESIAN_POINT ( 'NONE',  ( -65.39999999999997726, -46.59999999999997300, 49.00000000000000000 ) ) ;
#867 = EDGE_LOOP ( 'NONE', ( #3826, #1861 ) ) ;
#868 = LINE ( 'NONE', #1816, #1695 ) ;
#869 = LINE ( 'NONE', #2733, #1991 ) ;
#870 = LINE ( 'NONE', #1197, #2006 ) ;
#871 = EDGE_CURVE ( 'NONE', #709, #2500, #505, .T. ) ;
#872 = ORIENTED_EDGE ( 'NONE', *, *, #750, .F. ) ;
#873 = ADVANCED_FACE ( 'NONE', ( #531 ), #3998, .F. ) ;
#874 = ORIENTED_EDGE ( 'NONE', *, *, #897, .T. ) ;
#875 = DIRECTION ( 'NONE',  ( -1.000000000000000000, -8.673617379884034239E-17, -0.000000000000000000 ) ) ;
#876 = PLANE ( 'NONE',  #1087 ) ;
#877 = DIRECTION ( 'NONE',  ( 0.000000000000000000, -0.000000000000000000, -1.000000000000000000 ) ) ;
#878 = ADVANCED_FACE ( 'NONE', ( #165 ), #3918, .F. ) ;
#879 = ORIENTED_EDGE ( 'NONE', *, *, #2473, .F. ) ;
#880 = CARTESIAN_POINT ( 'NONE',  ( -42.00000000000004974, 51.00000000000000711, 11.00000000000000000 ) ) ;
#881 = DIRECTION ( 'NONE',  ( -1.577021341797097018E-15, 1.000000000000000000, 0.000000000000000000 ) ) ;
#882 = VECTOR ( 'NONE', #2463, 1000.000000000000000 ) ;
#883 = LINE ( 'NONE', #197, #958 ) ;
#884 = DIRECTION ( 'NONE',  ( 1.000000000000000000, 0.000000000000000000, 0.000000000000000000 ) ) ;
#885 = CARTESIAN_POINT ( 'NONE',  ( -65.39999999999997726, 43.59999999999995879, 11.00000000000001066 ) ) ;
#886 = VERTEX_POINT ( 'NONE', #2718 ) ;
#887 = VECTOR ( 'NONE', #285, 1000.000000000000000 ) ;
#888 = LINE ( 'NONE', #661, #882 ) ;
#889 = DIRECTION ( 'NONE',  ( -0.000000000000000000, -0.000000000000000000, 1.000000000000000000 ) ) ;
#890 = DIRECTION ( 'NONE',  ( -1.000000000000000000, 0.000000000000000000, -0.000000000000000000 ) ) ;
#891 = VECTOR ( 'NONE', #2536, 1000.000000000000000 ) ;
#892 = LINE ( 'NONE', #2446, #311 ) ;
#893 = CIRCLE ( 'NONE', #3182, 4.999999999999993783 ) ;
#894 = AXIS2_PLACEMENT_3D ( 'NONE', #2036, #3878, #414 ) ;
#895 = ORIENTED_EDGE ( 'NONE', *, *, #60, .T. ) ;
#896 = ORIENTED_EDGE ( 'NONE', *, *, #1378, .F. ) ;
#897 = EDGE_CURVE ( 'NONE', #2597, #2867, #2696, .T. ) ;
#898 = VECTOR ( 'NONE', #3713, 1000.000000000000000 ) ;
#899 = DIRECTION ( 'NONE',  ( 0.000000000000000000, -1.000000000000000000, 0.000000000000000000 ) ) ;
#900 = VECTOR ( 'NONE', #3347, 1000.000000000000000 ) ;
#901 = ORIENTED_EDGE ( 'NONE', *, *, #328, .T. ) ;
#902 = CARTESIAN_POINT ( 'NONE',  ( 0.000000000000000000, 51.50000000000000711, 51.00000000000000711 ) ) ;
#903 = EDGE_CURVE ( 'NONE', #3685, #1827, #3299, .T. ) ;
#904 = EDGE_CURVE ( 'NONE', #1127, #2390, #802, .T. ) ;
#905 = CARTESIAN_POINT ( 'NONE',  ( -50.39999999999997016, 33.59999999999995168, 0.000000000000000000 ) ) ;
#906 = CARTESIAN_POINT ( 'NONE',  ( -55.39999999999996305, -28.59999999999996945, 0.000000000000000000 ) ) ;
#907 = CARTESIAN_POINT ( 'NONE',  ( -14.99999999999999289, -28.59999999999996945, 0.000000000000000000 ) ) ;
#908 = CARTESIAN_POINT ( 'NONE',  ( -8.000000000000003553, -53.99999999999998579, 5.000000000000000000 ) ) ;
#909 = ORIENTED_EDGE ( 'NONE', *, *, #3460, .T. ) ;
#910 = EDGE_CURVE ( 'NONE', #2436, #1592, #193, .T. ) ;
#911 = EDGE_CURVE ( 'NONE', #1575, #2555, #3976, .T. ) ;
#912 = CARTESIAN_POINT ( 'NONE',  ( -8.000000000000017764, 53.99999999999998579, 0.000000000000000000 ) ) ;
#913 = CARTESIAN_POINT ( 'NONE',  ( -29.79444872453598236, 43.59999999999995879, 49.00000000000000711 ) ) ;
#914 = LINE ( 'NONE', #1837, #1664 ) ;
#915 = CARTESIAN_POINT ( 'NONE',  ( -50.39999999999997016, 33.59999999999995168, 45.00000000000000000 ) ) ;
#916 = VERTEX_POINT ( 'NONE', #3665 ) ;
#917 = EDGE_LOOP ( 'NONE', ( #332, #3219, #587, #3208 ) ) ;
#918 = ORIENTED_EDGE ( 'NONE', *, *, #3916, .T. ) ;
#919 = LINE ( 'NONE', #2740, #2004 ) ;
#920 = ORIENTED_EDGE ( 'NONE', *, *, #435, .F. ) ;
#921 = CARTESIAN_POINT ( 'NONE',  ( -72.00000000000004263, -53.99999999999998579, 0.000000000000000000 ) ) ;
#922 = DIRECTION ( 'NONE',  ( 0.000000000000000000, 1.000000000000000000, -0.000000000000000000 ) ) ;
#923 = DIRECTION ( 'NONE',  ( -1.213093339843922584E-16, 1.000000000000000000, 0.000000000000000000 ) ) ;
#924 = VERTEX_POINT ( 'NONE', #2396 ) ;
#925 = LINE ( 'NONE', #2622, #828 ) ;
#926 = EDGE_CURVE ( 'NONE', #1297, #1746, #861, .T. ) ;
#927 = ORIENTED_EDGE ( 'NONE', *, *, #3656, .F. ) ;
#928 = LINE ( 'NONE', #1565, #2709 ) ;
#929 = DIRECTION ( 'NONE',  ( -0.000000000000000000, -0.000000000000000000, -1.000000000000000000 ) ) ;
#930 = FACE_OUTER_BOUND ( 'NONE', #3868, .T. ) ;
#931 = DIRECTION ( 'NONE',  ( -0.000000000000000000, -0.000000000000000000, 1.000000000000000000 ) ) ;
#932 = ADVANCED_FACE ( 'NONE', ( #3357 ), #250, .F. ) ;
#933 = VERTEX_POINT ( 'NONE', #514 ) ;
#934 = VERTEX_POINT ( 'NONE', #2049 ) ;
#935 = FACE_OUTER_BOUND ( 'NONE', #1220, .T. ) ;
#936 = ORIENTED_EDGE ( 'NONE', *, *, #3735, .T. ) ;
#937 = CARTESIAN_POINT ( 'NONE',  ( -1.371604415045035710E-14, 56.00000000000000711, 0.000000000000000000 ) ) ;
#938 = LINE ( 'NONE', #2763, #887 ) ;
#939 = CARTESIAN_POINT ( 'NONE',  ( -5.000000000000000000, -50.99999999999999289, 45.00000000000000000 ) ) ;
#940 = ORIENTED_EDGE ( 'NONE', *, *, #550, .F. ) ;
#941 = CARTESIAN_POINT ( 'NONE',  ( 0.000000000000000000, 0.000000000000000000, 51.00000000000000711 ) ) ;
#942 = ORIENTED_EDGE ( 'NONE', *, *, #3356, .T. ) ;
#943 = CARTESIAN_POINT ( 'NONE',  ( -65.39999999999999147, 46.60000000000000142, 5.000000000000000000 ) ) ;
#944 = ADVANCED_FACE ( 'NONE', ( #2128 ), #817, .F. ) ;
#945 = PLANE ( 'NONE',  #2932 ) ;
#946 = CARTESIAN_POINT ( 'NONE',  ( -5.000000000000012434, 51.00000000000000711, 85.00000000000000000 ) ) ;
#947 = LINE ( 'NONE', #3120, #112 ) ;
#948 = CIRCLE ( 'NONE', #293, 1.500000000000001332 ) ;
#949 = EDGE_CURVE ( 'NONE', #349, #48, #1768, .T. ) ;
#950 = AXIS2_PLACEMENT_3D ( 'NONE', #392, #3479, #1924 ) ;
#951 = VERTEX_POINT ( 'NONE', #3758 ) ;
#952 = CARTESIAN_POINT ( 'NONE',  ( -55.39999999999996305, -28.59999999999996945, 5.000000000000000000 ) ) ;
#953 = ORIENTED_EDGE ( 'NONE', *, *, #1550, .T. ) ;
#954 = VECTOR ( 'NONE', #1567, 1000.000000000000000 ) ;
#955 = CIRCLE ( 'NONE', #1218, 1.500000000000001332 ) ;
#956 = CARTESIAN_POINT ( 'NONE',  ( -69.00000000000002842, 50.99999999999997868, 0.000000000000000000 ) ) ;
#957 = ORIENTED_EDGE ( 'NONE', *, *, #3309, .T. ) ;
#958 = VECTOR ( 'NONE', #3075, 1000.000000000000000 ) ;
#959 = AXIS2_PLACEMENT_3D ( 'NONE', #2698, #845, #2398 ) ;
#960 = ORIENTED_EDGE ( 'NONE', *, *, #2884, .T. ) ;
#961 = CYLINDRICAL_SURFACE ( 'NONE', #2526, 4.999999999999995559 ) ;
#962 = VECTOR ( 'NONE', #3888, 1000.000000000000000 ) ;
#963 = DIRECTION ( 'NONE',  ( -1.489033026589534369E-16, 1.000000000000000000, -0.000000000000000000 ) ) ;
#964 = LINE ( 'NONE', #4042, #2073 ) ;
#965 = CIRCLE ( 'NONE', #253, 4.999999999999997335 ) ;
#966 = VERTEX_POINT ( 'NONE', #952 ) ;
#967 = CARTESIAN_POINT ( 'NONE',  ( -65.39999999999999147, 46.60000000000000142, 51.00000000000000711 ) ) ;
#968 = ORIENTED_EDGE ( 'NONE', *, *, #2693, .F. ) ;
#969 = CARTESIAN_POINT ( 'NONE',  ( -33.39999999999997016, -50.99999999999998579, 5.000000000000000000 ) ) ;
#970 = PRODUCT_CONTEXT ( 'NONE', #2987, 'mechanical' ) ;
#971 = LINE ( 'NONE', #2797, #2660 ) ;
#972 = CARTESIAN_POINT ( 'NONE',  ( -15.00000000000000533, 28.59999999999995524, 0.000000000000000000 ) ) ;
#973 = VERTEX_POINT ( 'NONE', #2227 ) ;
#974 = CARTESIAN_POINT ( 'NONE',  ( -29.79444872453598236, 43.59999999999995879, 11.00000000000001066 ) ) ;
#975 = ORIENTED_EDGE ( 'NONE', *, *, #2824, .T. ) ;
#976 = EDGE_CURVE ( 'NONE', #3293, #2913, #710, .T. ) ;
#977 = PLANE ( 'NONE',  #3702 ) ;
#978 = ORIENTED_EDGE ( 'NONE', *, *, #678, .T. ) ;
#979 = ORIENTED_EDGE ( 'NONE', *, *, #1661, .F. ) ;
#980 = LINE ( 'NONE', #3108, #2406 ) ;
#981 = EDGE_CURVE ( 'NONE', #586, #2447, #16, .T. ) ;
#982 = DIRECTION ( 'NONE',  ( 1.000000000000000000, 0.000000000000000000, 0.000000000000000000 ) ) ;
#983 = LINE ( 'NONE', #2237, #2202 ) ;
#984 = ORIENTED_EDGE ( 'NONE', *, *, #3127, .F. ) ;
#985 = CARTESIAN_POINT ( 'NONE',  ( -65.39999999999997726, 43.59999999999995879, 9.000000000000008882 ) ) ;
#986 = VERTEX_POINT ( 'NONE', #404 ) ;
#987 = CARTESIAN_POINT ( 'NONE',  ( -33.40000000000012648, 46.59999999999995879, 9.000000000000010658 ) ) ;
#988 = CARTESIAN_POINT ( 'NONE',  ( -73.50000000000004263, -53.99999999999998579, 0.000000000000000000 ) ) ;
#989 = DIRECTION ( 'NONE',  ( 1.577021341797096821E-15, -1.000000000000000000, 0.000000000000000000 ) ) ;
#990 = PLANE ( 'NONE',  #2599 ) ;
#991 = VERTEX_POINT ( 'NONE', #386 ) ;
#992 = ORIENTED_EDGE ( 'NONE', *, *, #3862, .F. ) ;
#993 = DIRECTION ( 'NONE',  ( 9.912705577010329247E-17, -1.000000000000000000, 0.000000000000000000 ) ) ;
#994 = ORIENTED_EDGE ( 'NONE', *, *, #463, .F. ) ;
#995 = LINE ( 'NONE', #3166, #891 ) ;
#996 = VERTEX_POINT ( 'NONE', #1916 ) ;
#997 = EDGE_CURVE ( 'NONE', #1967, #3598, #3784, .T. ) ;
#998 = ORIENTED_EDGE ( 'NONE', *, *, #1327, .F. ) ;
#999 = FACE_OUTER_BOUND ( 'NONE', #1786, .T. ) ;
#1000 = DIRECTION ( 'NONE',  ( -1.000000000000000000, 0.000000000000000000, -0.000000000000000000 ) ) ;
#1001 = EDGE_CURVE ( 'NONE', #251, #2984, #3452, .T. ) ;
#1002 = CARTESIAN_POINT ( 'NONE',  ( -55.39999999999997016, -6.720537102735326942E-15, 85.00000000000000000 ) ) ;
#1003 = AXIS2_PLACEMENT_3D ( 'NONE', #1465, #3007, #1158 ) ;
#1004 = ORIENTED_EDGE ( 'NONE', *, *, #3867, .F. ) ;
#1005 = CARTESIAN_POINT ( 'NONE',  ( -33.39999999999998437, 51.00000000000000711, 91.00000000000000000 ) ) ;
#1006 = ORIENTED_EDGE ( 'NONE', *, *, #667, .F. ) ;
#1007 = FACE_OUTER_BOUND ( 'NONE', #3879, .T. ) ;
#1008 = DIRECTION ( 'NONE',  ( -1.000000000000000000, -0.000000000000000000, -0.000000000000000000 ) ) ;
#1009 = CARTESIAN_POINT ( 'NONE',  ( -75.00000000000004263, -56.99999999999997158, 5.000000000000000000 ) ) ;
#1010 = ORIENTED_EDGE ( 'NONE', *, *, #401, .T. ) ;
#1011 = ORIENTED_EDGE ( 'NONE', *, *, #1202, .F. ) ;
#1012 = AXIS2_PLACEMENT_3D ( 'NONE', #2875, #3222, #1380 ) ;
#1013 = FACE_OUTER_BOUND ( 'NONE', #2025, .T. ) ;
#1014 = EDGE_LOOP ( 'NONE', ( #1594, #2848, #3259, #2281 ) ) ;
#1015 = AXIS2_PLACEMENT_3D ( 'NONE', #2889, #1970, #982 ) ;
#1016 = DIRECTION ( 'NONE',  ( 1.000000000000000000, -0.000000000000000000, -0.000000000000000000 ) ) ;
#1017 = ORIENTED_EDGE ( 'NONE', *, *, #789, .F. ) ;
#1018 = VECTOR ( 'NONE', #1192, 1000.000000000000000 ) ;
#1019 = ORIENTED_EDGE ( 'NONE', *, *, #1906, .F. ) ;
#1020 = DIRECTION ( 'NONE',  ( -1.000000000000000000, -1.577021341797096821E-15, 0.000000000000000000 ) ) ;
#1021 = ADVANCED_FACE ( 'NONE', ( #3164 ), #3209, .F. ) ;
#1022 = CIRCLE ( 'NONE', #1946, 4.999999999999993783 ) ;
#1023 = LINE ( 'NONE', #3171, #2586 ) ;
#1024 = DIRECTION ( 'NONE',  ( -0.000000000000000000, -0.000000000000000000, -1.000000000000000000 ) ) ;
#1025 = ORIENTED_EDGE ( 'NONE', *, *, #2433, .T. ) ;
#1026 = DIRECTION ( 'NONE',  ( 0.000000000000000000, 0.000000000000000000, -1.000000000000000000 ) ) ;
#1027 = ORIENTED_EDGE ( 'NONE', *, *, #2225, .T. ) ;
#1028 = VECTOR ( 'NONE', #2371, 1000.000000000000000 ) ;
#1029 = AXIS2_PLACEMENT_3D ( 'NONE', #2807, #2214, #21 ) ;
#1030 = EDGE_CURVE ( 'NONE', #1376, #2226, #1259, .T. ) ;
#1031 = LINE ( 'NONE', #3864, #2261 ) ;
#1032 = VECTOR ( 'NONE', #3331, 1000.000000000000000 ) ;
#1033 = VECTOR ( 'NONE', #3006, 1000.000000000000000 ) ;
#1034 = FACE_BOUND ( 'NONE', #867, .T. ) ;
#1035 = LINE ( 'NONE', #2368, #3520 ) ;
#1036 = ADVANCED_FACE ( 'NONE', ( #1013, #2837, #1940 ), #647, .F. ) ;
#1037 = VERTEX_POINT ( 'NONE', #1612 ) ;
#1038 = EDGE_CURVE ( 'NONE', #1297, #1372, #3540, .T. ) ;
#1039 = CARTESIAN_POINT ( 'NONE',  ( -50.39999999999996305, -33.59999999999996589, 40.00000000000000000 ) ) ;
#1040 = CARTESIAN_POINT ( 'NONE',  ( -15.00000000000000355, 28.59999999999995524, 0.000000000000000000 ) ) ;
#1041 = DIRECTION ( 'NONE',  ( 1.000000000000000000, 9.912705577010329247E-17, 0.000000000000000000 ) ) ;
#1042 = ORIENTED_EDGE ( 'NONE', *, *, #2330, .F. ) ;
#1043 = LINE ( 'NONE', #425, #1154 ) ;
#1044 = VERTEX_POINT ( 'NONE', #685 ) ;
#1045 = VERTEX_POINT ( 'NONE', #1898 ) ;
#1046 = LINE ( 'NONE', #2031, #506 ) ;
#1047 = PRODUCT_DEFINITION_SHAPE ( 'NONE', 'NONE',  #383 ) ;
#1048 = CARTESIAN_POINT ( 'NONE',  ( 0.000000000000000000, 0.000000000000000000, 91.00000000000000000 ) ) ;
#1049 = DIRECTION ( 'NONE',  ( -0.000000000000000000, -0.000000000000000000, 1.000000000000000000 ) ) ;
#1050 = EDGE_LOOP ( 'NONE', ( #3717, #3785, #1122, #1070, #3420, #2642 ) ) ;
#1051 = DIRECTION ( 'NONE',  ( -0.000000000000000000, 0.000000000000000000, -1.000000000000000000 ) ) ;
#1052 = ORIENTED_EDGE ( 'NONE', *, *, #3590, .F. ) ;
#1053 = CARTESIAN_POINT ( 'NONE',  ( -75.00000000000004263, -56.99999999999997158, 0.000000000000000000 ) ) ;
#1054 = CARTESIAN_POINT ( 'NONE',  ( -29.79444872453598236, -43.59999999999997300, 51.00000000000000711 ) ) ;
#1055 = EDGE_CURVE ( 'NONE', #1044, #1309, #2529, .T. ) ;
#1056 = DIRECTION ( 'NONE',  ( 1.000000000000000000, -9.912705577010326782E-17, -0.000000000000000000 ) ) ;
#1057 = ORIENTED_EDGE ( 'NONE', *, *, #1880, .F. ) ;
#1058 = DIRECTION ( 'NONE',  ( -1.000000000000000000, 0.000000000000000000, 0.000000000000000000 ) ) ;
#1059 = ORIENTED_EDGE ( 'NONE', *, *, #2577, .T. ) ;
#1060 = ADVANCED_FACE ( 'NONE', ( #2900 ), #2568, .F. ) ;
#1061 = LINE ( 'NONE', #3907, #1359 ) ;
#1062 = ORIENTED_EDGE ( 'NONE', *, *, #457, .T. ) ;
#1063 = ORIENTED_EDGE ( 'NONE', *, *, #435, .T. ) ;
#1064 = ORIENTED_EDGE ( 'NONE', *, *, #9, .F. ) ;
#1065 = DIRECTION ( 'NONE',  ( 0.000000000000000000, -1.000000000000000000, 0.000000000000000000 ) ) ;
#1066 = FACE_OUTER_BOUND ( 'NONE', #2548, .T. ) ;
#1067 = CARTESIAN_POINT ( 'NONE',  ( -33.39999999999997726, -46.59999999999997300, 9.000000000000000000 ) ) ;
#1068 = VERTEX_POINT ( 'NONE', #3126 ) ;
#1069 = CARTESIAN_POINT ( 'NONE',  ( -1.371604415045035710E-14, 56.00000000000000711, 45.00000000000000000 ) ) ;
#1070 = ORIENTED_EDGE ( 'NONE', *, *, #2060, .F. ) ;
#1071 = CARTESIAN_POINT ( 'NONE',  ( -5.000000000000014211, 51.50000000000000711, 51.00000000000000711 ) ) ;
#1072 = DIRECTION ( 'NONE',  ( -0.000000000000000000, -0.000000000000000000, 1.000000000000000000 ) ) ;
#1073 = DIRECTION ( 'NONE',  ( 1.000000000000000000, 0.000000000000000000, 0.000000000000000000 ) ) ;
#1074 = VERTEX_POINT ( 'NONE', #2862 ) ;
#1075 = EDGE_CURVE ( 'NONE', #2555, #312, #2268, .T. ) ;
#1076 = PLANE ( 'NONE',  #3522 ) ;
#1077 = ORIENTED_EDGE ( 'NONE', *, *, #1512, .F. ) ;
#1078 = DIRECTION ( 'NONE',  ( 1.000000000000000000, 0.000000000000000000, 0.000000000000000000 ) ) ;
#1079 = EDGE_CURVE ( 'NONE', #1262, #2321, #1321, .T. ) ;
#1080 = ORIENTED_EDGE ( 'NONE', *, *, #1430, .F. ) ;
#1081 = ORIENTED_EDGE ( 'NONE', *, *, #1979, .F. ) ;
#1082 = CARTESIAN_POINT ( 'NONE',  ( -33.39999999999997726, -46.59999999999997300, 49.00000000000000000 ) ) ;
#1083 = ADVANCED_FACE ( 'NONE', ( #34 ), #320, .F. ) ;
#1084 = AXIS2_PLACEMENT_3D ( 'NONE', #846, #2347, #1420 ) ;
#1085 = EDGE_CURVE ( 'NONE', #158, #2579, #2550, .T. ) ;
#1086 = CARTESIAN_POINT ( 'NONE',  ( -50.39999999999997016, 33.59999999999995168, 5.000000000000000000 ) ) ;
#1087 = AXIS2_PLACEMENT_3D ( 'NONE', #1882, #2804, #1825 ) ;
#1088 = DIRECTION ( 'NONE',  ( 1.000000000000000000, 0.000000000000000000, 0.000000000000000000 ) ) ;
#1089 = ORIENTED_EDGE ( 'NONE', *, *, #1129, .F. ) ;
#1090 = CARTESIAN_POINT ( 'NONE',  ( -19.99999999999999289, -28.59999999999996945, 45.00000000000000000 ) ) ;
#1091 = ORIENTED_EDGE ( 'NONE', *, *, #1550, .F. ) ;
#1092 = AXIS2_PLACEMENT_3D ( 'NONE', #3344, #1444, #2136 ) ;
#1093 = VECTOR ( 'NONE', #3985, 1000.000000000000000 ) ;
#1094 = CARTESIAN_POINT ( 'NONE',  ( -52.00000000000004974, 51.00000000000000711, 143.0970416646374872 ) ) ;
#1095 = DIRECTION ( 'NONE',  ( -0.000000000000000000, -0.000000000000000000, 1.000000000000000000 ) ) ;
#1096 = AXIS2_PLACEMENT_3D ( 'NONE', #2075, #3019, #3940 ) ;
#1097 = CARTESIAN_POINT ( 'NONE',  ( -5.000000000000014211, 51.50000000000000711, 51.00000000000000711 ) ) ;
#1098 = AXIS2_PLACEMENT_3D ( 'NONE', #1500, #1206, #3360 ) ;
#1099 = VECTOR ( 'NONE', #2515, 1000.000000000000000 ) ;
#1100 = AXIS2_PLACEMENT_3D ( 'NONE', #189, #1435, #2677 ) ;
#1101 = DIRECTION ( 'NONE',  ( -0.000000000000000000, 0.000000000000000000, -1.000000000000000000 ) ) ;
#1102 = ORIENTED_EDGE ( 'NONE', *, *, #3677, .F. ) ;
#1103 = CARTESIAN_POINT ( 'NONE',  ( -11.00000000000000355, 56.99999999999997868, 5.000000000000000000 ) ) ;
#1104 = DIRECTION ( 'NONE',  ( 0.000000000000000000, 0.000000000000000000, 1.000000000000000000 ) ) ;
#1105 = VERTEX_POINT ( 'NONE', #2507 ) ;
#1106 = EDGE_CURVE ( 'NONE', #35, #1541, #1061, .T. ) ;
#1107 = ORIENTED_EDGE ( 'NONE', *, *, #626, .F. ) ;
#1108 = DIRECTION ( 'NONE',  ( 1.000000000000000000, 0.000000000000000000, 0.000000000000000000 ) ) ;
#1109 = DIRECTION ( 'NONE',  ( -1.000000000000000000, 0.000000000000000000, 0.000000000000000000 ) ) ;
#1110 = DIRECTION ( 'NONE',  ( -0.000000000000000000, -1.000000000000000000, -0.000000000000000000 ) ) ;
#1111 = ADVANCED_FACE ( 'NONE', ( #1404, #3276 ), #1676, .T. ) ;
#1112 = ORIENTED_EDGE ( 'NONE', *, *, #1597, .F. ) ;
#1113 = DIRECTION ( 'NONE',  ( -0.000000000000000000, -1.000000000000000000, -0.000000000000000000 ) ) ;
#1114 = ORIENTED_EDGE ( 'NONE', *, *, #3608, .F. ) ;
#1115 = LINE ( 'NONE', #3938, #2450 ) ;
#1116 = FACE_BOUND ( 'NONE', #1588, .T. ) ;
#1117 = DIRECTION ( 'NONE',  ( 0.000000000000000000, -1.000000000000000000, 0.000000000000000000 ) ) ;
#1118 = DIRECTION ( 'NONE',  ( 1.577021341797096821E-15, -1.000000000000000000, -5.782411586589351722E-16 ) ) ;
#1119 = CARTESIAN_POINT ( 'NONE',  ( -70.50000000000002842, -53.99999999999998579, 0.000000000000000000 ) ) ;
#1120 = LINE ( 'NONE', #486, #1162 ) ;
#1121 = ORIENTED_EDGE ( 'NONE', *, *, #1959, .F. ) ;
#1122 = ORIENTED_EDGE ( 'NONE', *, *, #1639, .F. ) ;
#1123 = CARTESIAN_POINT ( 'NONE',  ( -5.000000000000014211, 51.50000000000000711, 45.00000000000000000 ) ) ;
#1124 = EDGE_CURVE ( 'NONE', #1468, #1928, #2633, .T. ) ;
#1125 = DIRECTION ( 'NONE',  ( 0.000000000000000000, 0.000000000000000000, -1.000000000000000000 ) ) ;
#1126 = CARTESIAN_POINT ( 'NONE',  ( -5.000000000000030198, -51.50000000000000711, 51.00000000000000711 ) ) ;
#1127 = VERTEX_POINT ( 'NONE', #1702 ) ;
#1128 = LINE ( 'NONE', #2072, #3188 ) ;
#1129 = EDGE_CURVE ( 'NONE', #3482, #2309, #1120, .T. ) ;
#1130 = DIRECTION ( 'NONE',  ( 3.469446951953611231E-16, -1.000000000000000000, 0.000000000000000000 ) ) ;
#1131 = LINE ( 'NONE', #2367, #694 ) ;
#1132 = LINE ( 'NONE', #1521, #176 ) ;
#1133 = ORIENTED_EDGE ( 'NONE', *, *, #1485, .T. ) ;
#1134 = CARTESIAN_POINT ( 'NONE',  ( -19.99999999999999289, -28.59999999999996945, 0.000000000000000000 ) ) ;
#1135 = DIRECTION ( 'NONE',  ( 0.000000000000000000, 0.000000000000000000, -1.000000000000000000 ) ) ;
#1136 = CARTESIAN_POINT ( 'NONE',  ( -5.000000000000014211, 56.00000000000000711, 45.00000000000000000 ) ) ;
#1137 = AXIS2_PLACEMENT_3D ( 'NONE', #2411, #2163, #237 ) ;
#1138 = ORIENTED_EDGE ( 'NONE', *, *, #401, .F. ) ;
#1139 = EDGE_LOOP ( 'NONE', ( #1763, #3492, #3040, #3872 ) ) ;
#1140 = CARTESIAN_POINT ( 'NONE',  ( -14.99999999999999289, -28.59999999999996945, 0.000000000000000000 ) ) ;
#1141 = DIRECTION ( 'NONE',  ( -0.000000000000000000, -0.000000000000000000, -1.000000000000000000 ) ) ;
#1142 = CARTESIAN_POINT ( 'NONE',  ( -55.39999999999997016, -6.720537102735326942E-15, 80.00000000000000000 ) ) ;
#1143 = VECTOR ( 'NONE', #3668, 1000.000000000000000 ) ;
#1144 = ORIENTED_EDGE ( 'NONE', *, *, #3076, .F. ) ;
#1145 = FACE_OUTER_BOUND ( 'NONE', #1223, .T. ) ;
#1146 = VECTOR ( 'NONE', #1497, 1000.000000000000000 ) ;
#1147 = CARTESIAN_POINT ( 'NONE',  ( -75.00000000000004263, -56.99999999999997158, 5.000000000000000000 ) ) ;
#1148 = CARTESIAN_POINT ( 'NONE',  ( -5.000000000000014211, 56.00000000000000711, 51.00000000000000711 ) ) ;
#1149 = CARTESIAN_POINT ( 'NONE',  ( -50.39999999999996305, -33.59999999999996589, 0.000000000000000000 ) ) ;
#1150 = CARTESIAN_POINT ( 'NONE',  ( -52.00000000000004974, 51.00000000000000711, 183.0970416646374588 ) ) ;
#1151 = VECTOR ( 'NONE', #418, 1000.000000000000000 ) ;
#1152 = ADVANCED_FACE ( 'NONE', ( #124 ), #1737, .F. ) ;
#1153 = VERTEX_POINT ( 'NONE', #1103 ) ;
#1154 = VECTOR ( 'NONE', #3787, 1000.000000000000000 ) ;
#1155 = VECTOR ( 'NONE', #346, 1000.000000000000000 ) ;
#1156 = DIRECTION ( 'NONE',  ( -0.000000000000000000, -0.000000000000000000, -1.000000000000000000 ) ) ;
#1157 = AXIS2_PLACEMENT_3D ( 'NONE', #715, #1065, #391 ) ;
#1158 = DIRECTION ( 'NONE',  ( 1.000000000000000000, 0.000000000000000000, -0.000000000000000000 ) ) ;
#1159 = EDGE_CURVE ( 'NONE', #1182, #3548, #3614, .T. ) ;
#1160 = CARTESIAN_POINT ( 'NONE',  ( -65.39999999999997726, 51.00000000000000000, 11.00000000000000000 ) ) ;
#1161 = EDGE_CURVE ( 'NONE', #1528, #1045, #3311, .T. ) ;
#1162 = VECTOR ( 'NONE', #450, 1000.000000000000000 ) ;
#1163 = VECTOR ( 'NONE', #1156, 1000.000000000000000 ) ;
#1164 = ORIENTED_EDGE ( 'NONE', *, *, #355, .T. ) ;
#1165 = VECTOR ( 'NONE', #3020, 1000.000000000000000 ) ;
#1166 = ORIENTED_EDGE ( 'NONE', *, *, #1979, .T. ) ;
#1167 = CARTESIAN_POINT ( 'NONE',  ( -5.000000000000000000, 50.99999999999999289, 5.000000000000000000 ) ) ;
#1168 = CARTESIAN_POINT ( 'NONE',  ( -52.00000000000004974, 51.00000000000000000, 80.00000000000000000 ) ) ;
#1169 = FACE_OUTER_BOUND ( 'NONE', #2806, .T. ) ;
#1170 = ORIENTED_EDGE ( 'NONE', *, *, #2155, .F. ) ;
#1171 = DIRECTION ( 'NONE',  ( -0.000000000000000000, -0.000000000000000000, 1.000000000000000000 ) ) ;
#1172 = DIRECTION ( 'NONE',  ( -0.000000000000000000, 0.000000000000000000, 1.000000000000000000 ) ) ;
#1173 = DIRECTION ( 'NONE',  ( -1.000000000000000000, -0.000000000000000000, -0.000000000000000000 ) ) ;
#1174 = CARTESIAN_POINT ( 'NONE',  ( -20.00000000000000000, 33.59999999999995168, 80.00000000000000000 ) ) ;
#1175 = CARTESIAN_POINT ( 'NONE',  ( -19.99999999999999289, -28.59999999999996945, 0.000000000000000000 ) ) ;
#1176 = ORIENTED_EDGE ( 'NONE', *, *, #2366, .F. ) ;
#1177 = EDGE_CURVE ( 'NONE', #2493, #2704, #469, .T. ) ;
#1178 = CARTESIAN_POINT ( 'NONE',  ( 0.000000000000000000, -55.99999999999999289, 5.000000000000000000 ) ) ;
#1179 = LINE ( 'NONE', #1526, #3423 ) ;
#1180 = LINE ( 'NONE', #1241, #1032 ) ;
#1181 = EDGE_CURVE ( 'NONE', #2035, #2611, #3228, .T. ) ;
#1182 = VERTEX_POINT ( 'NONE', #2968 ) ;
#1183 = ORIENTED_EDGE ( 'NONE', *, *, #3630, .T. ) ;
#1184 = LINE ( 'NONE', #1798, #2929 ) ;
#1185 = CARTESIAN_POINT ( 'NONE',  ( -65.39999999999999147, 46.60000000000000142, 45.00000000000000000 ) ) ;
#1186 = DIRECTION ( 'NONE',  ( 0.000000000000000000, -1.000000000000000000, 0.000000000000000000 ) ) ;
#1187 = VERTEX_POINT ( 'NONE', #812 ) ;
#1188 = LINE ( 'NONE', #2437, #4040 ) ;
#1189 = CARTESIAN_POINT ( 'NONE',  ( -60.00000000000005684, -50.99999999999998579, 40.00000000000000711 ) ) ;
#1190 = CARTESIAN_POINT ( 'NONE',  ( -65.39999999999997726, 43.59999999999995879, 89.00000000000001421 ) ) ;
#1191 = LINE ( 'NONE', #232, #1748 ) ;
#1192 = DIRECTION ( 'NONE',  ( -1.000000000000000000, -8.673617379884034239E-17, -0.000000000000000000 ) ) ;
#1193 = VERTEX_POINT ( 'NONE', #3871 ) ;
#1194 = LINE ( 'NONE', #3408, #3306 ) ;
#1195 = FACE_BOUND ( 'NONE', #2151, .T. ) ;
#1196 = LINE ( 'NONE', #3634, #2184 ) ;
#1197 = CARTESIAN_POINT ( 'NONE',  ( 0.000000000000000000, -55.99999999999999289, 0.000000000000000000 ) ) ;
#1198 = EDGE_LOOP ( 'NONE', ( #3734, #1549, #2891, #718 ) ) ;
#1199 = EDGE_CURVE ( 'NONE', #3484, #3199, #504, .T. ) ;
#1200 = ORIENTED_EDGE ( 'NONE', *, *, #2843, .F. ) ;
#1201 = ORIENTED_EDGE ( 'NONE', *, *, #3584, .F. ) ;
#1202 = EDGE_CURVE ( 'NONE', #27, #2951, #2028, .T. ) ;
#1203 = CYLINDRICAL_SURFACE ( 'NONE', #364, 1.500000000000001332 ) ;
#1204 = EDGE_CURVE ( 'NONE', #3278, #339, #2614, .T. ) ;
#1205 = ORIENTED_EDGE ( 'NONE', *, *, #2659, .F. ) ;
#1206 = DIRECTION ( 'NONE',  ( 0.000000000000000000, 0.000000000000000000, -1.000000000000000000 ) ) ;
#1207 = EDGE_CURVE ( 'NONE', #312, #564, #3247, .T. ) ;
#1208 = LINE ( 'NONE', #327, #2778 ) ;
#1209 = AXIS2_PLACEMENT_3D ( 'NONE', #2380, #3922, #1478 ) ;
#1210 = CARTESIAN_POINT ( 'NONE',  ( -33.39999999999999147, 46.60000000000000142, 91.00000000000000000 ) ) ;
#1211 = CARTESIAN_POINT ( 'NONE',  ( -29.79444872453598236, 43.59999999999995879, 91.00000000000001421 ) ) ;
#1212 = CYLINDRICAL_SURFACE ( 'NONE', #3706, 4.999999999999995559 ) ;
#1213 = ORIENTED_EDGE ( 'NONE', *, *, #2776, .T. ) ;
#1214 = VECTOR ( 'NONE', #513, 1000.000000000000000 ) ;
#1215 = FACE_OUTER_BOUND ( 'NONE', #2454, .T. ) ;
#1216 = FACE_OUTER_BOUND ( 'NONE', #2267, .T. ) ;
#1217 = LINE ( 'NONE', #1759, #1470 ) ;
#1218 = AXIS2_PLACEMENT_3D ( 'NONE', #1370, #3616, #3277 ) ;
#1219 = DIRECTION ( 'NONE',  ( -1.224646799147353207E-16, 1.000000000000000000, 0.000000000000000000 ) ) ;
#1220 = EDGE_LOOP ( 'NONE', ( #446, #1286, #3475, #3353, #1936 ) ) ;
#1221 = VECTOR ( 'NONE', #3445, 1000.000000000000000 ) ;
#1222 = AXIS2_PLACEMENT_3D ( 'NONE', #3004, #3669, #847 ) ;
#1223 = EDGE_LOOP ( 'NONE', ( #720, #3177, #126, #2094, #526, #3153 ) ) ;
#1224 = VECTOR ( 'NONE', #3144, 1000.000000000000000 ) ;
#1225 = ORIENTED_EDGE ( 'NONE', *, *, #3994, .T. ) ;
#1226 = VECTOR ( 'NONE', #2357, 1000.000000000000000 ) ;
#1227 = VECTOR ( 'NONE', #3804, 1000.000000000000000 ) ;
#1228 = CARTESIAN_POINT ( 'NONE',  ( -65.39999999999997726, 46.59999999999995879, 9.000000000000010658 ) ) ;
#1229 = VECTOR ( 'NONE', #3041, 1000.000000000000000 ) ;
#1230 = EDGE_CURVE ( 'NONE', #3251, #3102, #3294, .T. ) ;
#1231 = ORIENTED_EDGE ( 'NONE', *, *, #2777, .F. ) ;
#1232 = CARTESIAN_POINT ( 'NONE',  ( -69.00000000000002842, -50.99999999999998579, 0.000000000000000000 ) ) ;
#1233 = CARTESIAN_POINT ( 'NONE',  ( 0.000000000000000000, -55.99999999999999289, 45.00000000000000000 ) ) ;
#1234 = ADVANCED_FACE ( 'NONE', ( #2926 ), #2044, .T. ) ;
#1235 = CARTESIAN_POINT ( 'NONE',  ( -65.39999999999997726, -43.59999999999997300, 91.00000000000000000 ) ) ;
#1236 = ORIENTED_EDGE ( 'NONE', *, *, #2334, .T. ) ;
#1237 = FACE_OUTER_BOUND ( 'NONE', #3267, .T. ) ;
#1238 = EDGE_LOOP ( 'NONE', ( #3174, #1652, #1121, #3334 ) ) ;
#1239 = LINE ( 'NONE', #642, #3172 ) ;
#1240 = DIRECTION ( 'NONE',  ( 1.577021341797096821E-15, -1.000000000000000000, 0.000000000000000000 ) ) ;
#1241 = CARTESIAN_POINT ( 'NONE',  ( -1.639234110326708464E-14, -51.50000000000000711, 91.00000000000000000 ) ) ;
#1242 = ORIENTED_EDGE ( 'NONE', *, *, #779, .T. ) ;
#1243 = VERTEX_POINT ( 'NONE', #202 ) ;
#1244 = DIRECTION ( 'NONE',  ( 0.000000000000000000, 0.000000000000000000, 1.000000000000000000 ) ) ;
#1245 = ORIENTED_EDGE ( 'NONE', *, *, #776, .F. ) ;
#1246 = CARTESIAN_POINT ( 'NONE',  ( -1.371604415045035710E-14, 56.00000000000000711, 0.000000000000000000 ) ) ;
#1247 = EDGE_CURVE ( 'NONE', #1068, #2447, #1448, .T. ) ;
#1248 = CYLINDRICAL_SURFACE ( 'NONE', #2845, 4.999999999999997335 ) ;
#1249 = DIRECTION ( 'NONE',  ( 0.000000000000000000, 0.000000000000000000, 1.000000000000000000 ) ) ;
#1250 = ORIENTED_EDGE ( 'NONE', *, *, #3373, .F. ) ;
#1251 = LINE ( 'NONE', #2218, #43 ) ;
#1252 = ORIENTED_EDGE ( 'NONE', *, *, #2412, .T. ) ;
#1253 = EDGE_CURVE ( 'NONE', #1564, #597, #1494, .T. ) ;
#1254 = DIRECTION ( 'NONE',  ( -1.000000000000000000, 0.000000000000000000, 0.000000000000000000 ) ) ;
#1255 = DIRECTION ( 'NONE',  ( 1.213093339843922584E-16, -1.000000000000000000, 0.000000000000000000 ) ) ;
#1256 = DIRECTION ( 'NONE',  ( 1.000000000000000000, 0.000000000000000000, -0.000000000000000000 ) ) ;
#1257 = ORIENTED_EDGE ( 'NONE', *, *, #106, .F. ) ;
#1258 = ORIENTED_EDGE ( 'NONE', *, *, #3086, .T. ) ;
#1259 = LINE ( 'NONE', #359, #2725 ) ;
#1260 = ORIENTED_EDGE ( 'NONE', *, *, #2552, .F. ) ;
#1261 = PLANE ( 'NONE',  #1812 ) ;
#1262 = VERTEX_POINT ( 'NONE', #561 ) ;
#1263 = ORIENTED_EDGE ( 'NONE', *, *, #1532, .F. ) ;
#1264 = CARTESIAN_POINT ( 'NONE',  ( -55.39999999999997016, 28.59999999999995524, 0.000000000000000000 ) ) ;
#1265 = PLANE ( 'NONE',  #296 ) ;
#1266 = CARTESIAN_POINT ( 'NONE',  ( -55.39999999999997016, -6.720537102735326942E-15, 40.00000000000000000 ) ) ;
#1267 = ORIENTED_EDGE ( 'NONE', *, *, #1577, .T. ) ;
#1268 = DIRECTION ( 'NONE',  ( 0.000000000000000000, -0.000000000000000000, -1.000000000000000000 ) ) ;
#1269 = VERTEX_POINT ( 'NONE', #915 ) ;
#1270 = CARTESIAN_POINT ( 'NONE',  ( -72.00000000000004263, -53.99999999999998579, 5.000000000000000000 ) ) ;
#1271 = LINE ( 'NONE', #2243, #1821 ) ;
#1272 = CARTESIAN_POINT ( 'NONE',  ( -6.500000000000004441, -53.99999999999998579, 5.000000000000000000 ) ) ;
#1273 = EDGE_CURVE ( 'NONE', #470, #1269, #965, .T. ) ;
#1274 = CARTESIAN_POINT ( 'NONE',  ( -75.00000000000004263, -56.99999999999997158, 5.000000000000000000 ) ) ;
#1275 = CIRCLE ( 'NONE', #3961, 1.500000000000001332 ) ;
#1276 = ORIENTED_EDGE ( 'NONE', *, *, #142, .T. ) ;
#1277 = EDGE_CURVE ( 'NONE', #1153, #986, #1546, .T. ) ;
#1278 = VECTOR ( 'NONE', #1292, 1000.000000000000000 ) ;
#1279 = VERTEX_POINT ( 'NONE', #1819 ) ;
#1280 = EDGE_CURVE ( 'NONE', #1580, #1592, #3068, .T. ) ;
#1281 = CARTESIAN_POINT ( 'NONE',  ( -5.000000000000012434, 51.00000000000000711, 45.00000000000000000 ) ) ;
#1282 = VERTEX_POINT ( 'NONE', #2121 ) ;
#1283 = AXIS2_PLACEMENT_3D ( 'NONE', #1400, #1365, #767 ) ;
#1284 = AXIS2_PLACEMENT_3D ( 'NONE', #2481, #1599, #3464 ) ;
#1285 = PLANE ( 'NONE',  #1413 ) ;
#1286 = ORIENTED_EDGE ( 'NONE', *, *, #3802, .F. ) ;
#1287 = AXIS2_PLACEMENT_3D ( 'NONE', #2323, #3552, #442 ) ;
#1288 = AXIS2_PLACEMENT_3D ( 'NONE', #1804, #2762, #533 ) ;
#1289 = VERTEX_POINT ( 'NONE', #262 ) ;
#1290 = CARTESIAN_POINT ( 'NONE',  ( -29.79444872453598236, 43.59999999999995879, 9.000000000000008882 ) ) ;
#1291 = VECTOR ( 'NONE', #2418, 1000.000000000000000 ) ;
#1292 = DIRECTION ( 'NONE',  ( -2.891205793294679312E-16, 1.000000000000000000, 0.000000000000000000 ) ) ;
#1293 = LINE ( 'NONE', #1266, #2928 ) ;
#1294 = VECTOR ( 'NONE', #3721, 1000.000000000000000 ) ;
#1295 = ORIENTED_EDGE ( 'NONE', *, *, #3034, .T. ) ;
#1296 = LINE ( 'NONE', #3771, #1545 ) ;
#1297 = VERTEX_POINT ( 'NONE', #853 ) ;
#1298 = LINE ( 'NONE', #1071, #1406 ) ;
#1299 = CARTESIAN_POINT ( 'NONE',  ( -14.99999999999999822, -2.729460014648825137E-15, 80.00000000000000000 ) ) ;
#1300 = LINE ( 'NONE', #3184, #451 ) ;
#1301 = ORIENTED_EDGE ( 'NONE', *, *, #2717, .T. ) ;
#1302 = EDGE_CURVE ( 'NONE', #2309, #1746, #1795, .T. ) ;
#1303 = EDGE_LOOP ( 'NONE', ( #2811, #1998, #795, #1276 ) ) ;
#1304 = DIRECTION ( 'NONE',  ( 1.489033026589534369E-16, -1.000000000000000000, 0.000000000000000000 ) ) ;
#1305 = EDGE_LOOP ( 'NONE', ( #3416, #3128, #3617, #521 ) ) ;
#1306 = EDGE_CURVE ( 'NONE', #691, #27, #1511, .T. ) ;
#1307 = LINE ( 'NONE', #650, #3178 ) ;
#1308 = VERTEX_POINT ( 'NONE', #2708 ) ;
#1309 = VERTEX_POINT ( 'NONE', #3025 ) ;
#1310 = CARTESIAN_POINT ( 'NONE',  ( -29.79444872453598236, 46.59999999999995879, 9.000000000000010658 ) ) ;
#1311 = CARTESIAN_POINT ( 'NONE',  ( -52.00000000000004974, 51.00000000000000711, 11.00000000000000000 ) ) ;
#1312 = DIRECTION ( 'NONE',  ( -1.213093339843922584E-16, 1.000000000000000000, 0.000000000000000000 ) ) ;
#1313 = ORIENTED_EDGE ( 'NONE', *, *, #2749, .T. ) ;
#1314 = LINE ( 'NONE', #3441, #2335 ) ;
#1315 = ORIENTED_EDGE ( 'NONE', *, *, #1387, .F. ) ;
#1316 = DIRECTION ( 'NONE',  ( -1.000000000000000000, -0.000000000000000000, -0.000000000000000000 ) ) ;
#1317 = LINE ( 'NONE', #2244, #374 ) ;
#1318 = CARTESIAN_POINT ( 'NONE',  ( -33.40000000000012648, 43.59999999999995879, 91.00000000000001421 ) ) ;
#1319 = VERTEX_POINT ( 'NONE', #3965 ) ;
#1320 = ORIENTED_EDGE ( 'NONE', *, *, #1630, .F. ) ;
#1321 = LINE ( 'NONE', #3491, #1752 ) ;
#1322 = EDGE_CURVE ( 'NONE', #102, #3413, #870, .T. ) ;
#1323 = ORIENTED_EDGE ( 'NONE', *, *, #2056, .T. ) ;
#1324 = DIRECTION ( 'NONE',  ( -0.000000000000000000, -0.000000000000000000, -1.000000000000000000 ) ) ;
#1325 = ORIENTED_EDGE ( 'NONE', *, *, #731, .F. ) ;
#1326 = EDGE_CURVE ( 'NONE', #1376, #438, #892, .T. ) ;
#1327 = EDGE_CURVE ( 'NONE', #1941, #1495, #2413, .T. ) ;
#1328 = ORIENTED_EDGE ( 'NONE', *, *, #1689, .T. ) ;
#1329 = CARTESIAN_POINT ( 'NONE',  ( -11.00000000000000178, -50.99999999999998579, 5.000000000000000000 ) ) ;
#1330 = PLANE ( 'NONE',  #2194 ) ;
#1331 = EDGE_CURVE ( 'NONE', #1956, #3585, #2535, .T. ) ;
#1332 = LINE ( 'NONE', #3218, #2076 ) ;
#1333 = AXIS2_PLACEMENT_3D ( 'NONE', #2145, #3067, #2085 ) ;
#1334 = EDGE_CURVE ( 'NONE', #3685, #682, #541, .T. ) ;
#1335 = ORIENTED_EDGE ( 'NONE', *, *, #1085, .T. ) ;
#1336 = CARTESIAN_POINT ( 'NONE',  ( -33.39999999999998437, 51.00000000000000711, 91.00000000000000000 ) ) ;
#1337 = VERTEX_POINT ( 'NONE', #4050 ) ;
#1338 = PLANE ( 'NONE',  #1084 ) ;
#1339 = LINE ( 'NONE', #722, #2721 ) ;
#1340 = CARTESIAN_POINT ( 'NONE',  ( -29.79444872453598236, -43.59999999999997300, 9.000000000000000000 ) ) ;
#1341 = VERTEX_POINT ( 'NONE', #4026 ) ;
#1342 = FACE_OUTER_BOUND ( 'NONE', #2046, .T. ) ;
#1343 = VECTOR ( 'NONE', #2365, 1000.000000000000000 ) ;
#1344 = DIRECTION ( 'NONE',  ( -3.854941057726234153E-16, -1.000000000000000000, 0.000000000000000000 ) ) ;
#1345 = EDGE_LOOP ( 'NONE', ( #1166, #1063, #2730, #608 ) ) ;
#1346 = AXIS2_PLACEMENT_3D ( 'NONE', #3071, #3431, #301 ) ;
#1347 = DIRECTION ( 'NONE',  ( -1.000000000000000000, 1.577021341797096821E-15, 0.000000000000000000 ) ) ;
#1348 = ORIENTED_EDGE ( 'NONE', *, *, #2901, .T. ) ;
#1349 = AXIS2_PLACEMENT_3D ( 'NONE', #2320, #1026, #719 ) ;
#1350 = ORIENTED_EDGE ( 'NONE', *, *, #3156, .T. ) ;
#1351 = CARTESIAN_POINT ( 'NONE',  ( -5.000000000000004441, -56.99999999999997868, 5.000000000000000000 ) ) ;
#1352 = EDGE_CURVE ( 'NONE', #3249, #1677, #585, .T. ) ;
#1353 = VECTOR ( 'NONE', #3243, 1000.000000000000000 ) ;
#1354 = LINE ( 'NONE', #1624, #560 ) ;
#1355 = LINE ( 'NONE', #1690, #1425 ) ;
#1356 = ORIENTED_EDGE ( 'NONE', *, *, #776, .T. ) ;
#1357 = CARTESIAN_POINT ( 'NONE',  ( -5.000000000000031974, -56.00000000000000711, 91.00000000000000000 ) ) ;
#1358 = ORIENTED_EDGE ( 'NONE', *, *, #1850, .F. ) ;
#1359 = VECTOR ( 'NONE', #2352, 1000.000000000000000 ) ;
#1360 = ADVANCED_FACE ( 'NONE', ( #1490 ), #602, .F. ) ;
#1361 = EDGE_CURVE ( 'NONE', #1859, #3482, #1180, .T. ) ;
#1362 = CARTESIAN_POINT ( 'NONE',  ( -69.00000000000002842, 56.99999999999997158, 0.000000000000000000 ) ) ;
#1363 = VECTOR ( 'NONE', #1753, 1000.000000000000000 ) ;
#1364 = PLANE ( 'NONE',  #1287 ) ;
#1365 = DIRECTION ( 'NONE',  ( -0.000000000000000000, -0.000000000000000000, 1.000000000000000000 ) ) ;
#1366 = ORIENTED_EDGE ( 'NONE', *, *, #3256, .F. ) ;
#1367 = ORIENTED_EDGE ( 'NONE', *, *, #3590, .T. ) ;
#1368 = CARTESIAN_POINT ( 'NONE',  ( -6.500000000000015987, 53.99999999999998579, 0.000000000000000000 ) ) ;
#1369 = ORIENTED_EDGE ( 'NONE', *, *, #1630, .T. ) ;
#1370 = CARTESIAN_POINT ( 'NONE',  ( -72.00000000000005684, 53.99999999999997158, 0.000000000000000000 ) ) ;
#1371 = ORIENTED_EDGE ( 'NONE', *, *, #380, .F. ) ;
#1372 = VERTEX_POINT ( 'NONE', #3085 ) ;
#1373 = DIRECTION ( 'NONE',  ( 0.000000000000000000, -1.000000000000000000, 0.000000000000000000 ) ) ;
#1374 = DIRECTION ( 'NONE',  ( -1.000000000000000000, 9.912705577010328015E-17, 0.000000000000000000 ) ) ;
#1375 = DIRECTION ( 'NONE',  ( 0.000000000000000000, 0.000000000000000000, 1.000000000000000000 ) ) ;
#1376 = VERTEX_POINT ( 'NONE', #278 ) ;
#1377 = PLANE ( 'NONE',  #1349 ) ;
#1378 = EDGE_CURVE ( 'NONE', #3529, #161, #1527, .T. ) ;
#1379 = EDGE_LOOP ( 'NONE', ( #872, #3451, #3136, #2653 ) ) ;
#1380 = DIRECTION ( 'NONE',  ( -1.000000000000000000, 0.000000000000000000, 0.000000000000000000 ) ) ;
#1381 = DIRECTION ( 'NONE',  ( -0.000000000000000000, -0.000000000000000000, -1.000000000000000000 ) ) ;
#1382 = CARTESIAN_POINT ( 'NONE',  ( -11.00000000000000355, -56.99999999999997868, 5.000000000000000000 ) ) ;
#1383 = EDGE_CURVE ( 'NONE', #389, #449, #1854, .T. ) ;
#1384 = VERTEX_POINT ( 'NONE', #3099 ) ;
#1385 = LINE ( 'NONE', #726, #314 ) ;
#1386 = EDGE_LOOP ( 'NONE', ( #2166, #1250, #3803, #3328 ) ) ;
#1387 = EDGE_CURVE ( 'NONE', #3504, #1269, #3637, .T. ) ;
#1388 = CARTESIAN_POINT ( 'NONE',  ( -33.39999999999998437, 51.00000000000000711, 51.00000000000000711 ) ) ;
#1389 = ORIENTED_EDGE ( 'NONE', *, *, #2693, .T. ) ;
#1390 = VERTEX_POINT ( 'NONE', #1914 ) ;
#1391 = DIRECTION ( 'NONE',  ( 8.673617379884034239E-17, -1.000000000000000000, 0.000000000000000000 ) ) ;
#1392 = LINE ( 'NONE', #783, #3245 ) ;
#1393 = LINE ( 'NONE', #1971, #3845 ) ;
#1394 = VERTEX_POINT ( 'NONE', #2547 ) ;
#1395 = LINE ( 'NONE', #1357, #1943 ) ;
#1396 = ORIENTED_EDGE ( 'NONE', *, *, #1635, .F. ) ;
#1397 = ADVANCED_FACE ( 'NONE', ( #2179 ), #990, .F. ) ;
#1398 = CARTESIAN_POINT ( 'NONE',  ( 0.000000000000000000, 51.50000000000000711, 45.00000000000000000 ) ) ;
#1399 = CARTESIAN_POINT ( 'NONE',  ( -42.00000000000004974, 43.59999999999995879, 51.00000000000000711 ) ) ;
#1400 = CARTESIAN_POINT ( 'NONE',  ( -72.00000000000005684, 53.99999999999997158, 0.000000000000000000 ) ) ;
#1401 = EDGE_CURVE ( 'NONE', #709, #724, #663, .T. ) ;
#1402 = CARTESIAN_POINT ( 'NONE',  ( -15.00000000000000533, 28.59999999999995524, 40.00000000000000000 ) ) ;
#1403 = ORIENTED_EDGE ( 'NONE', *, *, #3728, .F. ) ;
#1404 = FACE_BOUND ( 'NONE', #2173, .T. ) ;
#1405 = EDGE_CURVE ( 'NONE', #2106, #2037, #3142, .T. ) ;
#1406 = VECTOR ( 'NONE', #2242, 1000.000000000000000 ) ;
#1407 = CARTESIAN_POINT ( 'NONE',  ( -8.000000000000017764, 53.99999999999998579, 0.000000000000000000 ) ) ;
#1408 = VERTEX_POINT ( 'NONE', #2245 ) ;
#1409 = ORIENTED_EDGE ( 'NONE', *, *, #2007, .F. ) ;
#1410 = CARTESIAN_POINT ( 'NONE',  ( -8.000000000000003553, -53.99999999999998579, 0.000000000000000000 ) ) ;
#1411 = VECTOR ( 'NONE', #1900, 1000.000000000000000 ) ;
#1412 = FACE_OUTER_BOUND ( 'NONE', #3855, .T. ) ;
#1413 = AXIS2_PLACEMENT_3D ( 'NONE', #1641, #3761, #2885 ) ;
#1414 = DIRECTION ( 'NONE',  ( 0.000000000000000000, -0.000000000000000000, -1.000000000000000000 ) ) ;
#1415 = ORIENTED_EDGE ( 'NONE', *, *, #1634, .T. ) ;
#1416 = DIRECTION ( 'NONE',  ( 1.224646799147353207E-16, -1.000000000000000000, 0.000000000000000000 ) ) ;
#1417 = VERTEX_POINT ( 'NONE', #1632 ) ;
#1418 = VECTOR ( 'NONE', #2404, 1000.000000000000000 ) ;
#1419 = AXIS2_PLACEMENT_3D ( 'NONE', #3795, #3154, #2192 ) ;
#1420 = DIRECTION ( 'NONE',  ( -3.469446951953611724E-16, 1.000000000000000000, 0.000000000000000000 ) ) ;
#1421 = CARTESIAN_POINT ( 'NONE',  ( -55.39999999999997016, 28.59999999999995524, 85.00000000000000000 ) ) ;
#1422 = AXIS2_PLACEMENT_3D ( 'NONE', #2541, #370, #3462 ) ;
#1423 = CARTESIAN_POINT ( 'NONE',  ( -20.00000000000000000, 33.59999999999995168, 45.00000000000000000 ) ) ;
#1424 = AXIS2_PLACEMENT_3D ( 'NONE', #2131, #1518, #2154 ) ;
#1425 = VECTOR ( 'NONE', #2956, 1000.000000000000000 ) ;
#1426 = AXIS2_PLACEMENT_3D ( 'NONE', #3925, #1101, #1058 ) ;
#1427 = FILL_AREA_STYLE_COLOUR ( '', #2667 ) ;
#1428 = LINE ( 'NONE', #1566, #3313 ) ;
#1429 = CARTESIAN_POINT ( 'NONE',  ( -69.00000000000002842, -50.99999999999997868, 5.000000000000000000 ) ) ;
#1430 = EDGE_CURVE ( 'NONE', #3762, #102, #336, .T. ) ;
#1431 = ADVANCED_FACE ( 'NONE', ( #3488 ), #2878, .F. ) ;
#1432 = CARTESIAN_POINT ( 'NONE',  ( -65.39999999999997726, 51.00000000000000000, 80.00000000000000000 ) ) ;
#1433 = EDGE_LOOP ( 'NONE', ( #1358, #2351, #1726, #471 ) ) ;
#1434 = ORIENTED_EDGE ( 'NONE', *, *, #3584, .T. ) ;
#1435 = DIRECTION ( 'NONE',  ( -0.000000000000000000, 1.000000000000000000, 0.000000000000000000 ) ) ;
#1436 = VECTOR ( 'NONE', #3161, 1000.000000000000000 ) ;
#1437 = ADVANCED_FACE ( 'NONE', ( #75 ), #2816, .T. ) ;
#1438 = DIRECTION ( 'NONE',  ( -0.000000000000000000, -0.000000000000000000, -1.000000000000000000 ) ) ;
#1439 = CARTESIAN_POINT ( 'NONE',  ( -5.000000000000000000, -50.99999999999999289, 45.00000000000000000 ) ) ;
#1440 = VERTEX_POINT ( 'NONE', #3754 ) ;
#1441 = DIRECTION ( 'NONE',  ( -1.000000000000000000, -8.673617379884034239E-17, -0.000000000000000000 ) ) ;
#1442 = CARTESIAN_POINT ( 'NONE',  ( -33.39999999999997726, -46.59999999999997300, 89.00000000000000000 ) ) ;
#1443 = CARTESIAN_POINT ( 'NONE',  ( -5.000000000000014211, 56.00000000000000711, 80.00000000000000000 ) ) ;
#1444 = DIRECTION ( 'NONE',  ( -1.000000000000000000, -1.489033026589534369E-16, 0.000000000000000000 ) ) ;
#1445 = ORIENTED_EDGE ( 'NONE', *, *, #2780, .F. ) ;
#1446 = PLANE ( 'NONE',  #3776 ) ;
#1447 = CARTESIAN_POINT ( 'NONE',  ( 0.000000000000000000, 51.50000000000000711, 11.00000000000000000 ) ) ;
#1448 = LINE ( 'NONE', #1136, #3979 ) ;
#1449 = EDGE_LOOP ( 'NONE', ( #408, #1019, #3707, #1371, #3163, #2879, #1257, #1231, #234, #88, #3045, #3525, #3489, #1700 ) ) ;
#1450 = VERTEX_POINT ( 'NONE', #354 ) ;
#1451 = DIRECTION ( 'NONE',  ( -0.000000000000000000, -0.000000000000000000, -1.000000000000000000 ) ) ;
#1452 = DIRECTION ( 'NONE',  ( -1.000000000000000000, -1.668003342285391058E-16, -0.000000000000000000 ) ) ;
#1453 = EDGE_CURVE ( 'NONE', #2930, #2872, #947, .T. ) ;
#1454 = CARTESIAN_POINT ( 'NONE',  ( -42.00000000000004974, 51.00000000000000711, 183.0970416646374588 ) ) ;
#1455 = ORIENTED_EDGE ( 'NONE', *, *, #1716, .T. ) ;
#1456 = CYLINDRICAL_SURFACE ( 'NONE', #1288, 4.999999999999995559 ) ;
#1457 = EDGE_CURVE ( 'NONE', #2362, #2407, #3800, .T. ) ;
#1458 = CARTESIAN_POINT ( 'NONE',  ( -33.39999999999998437, -43.59999999999997300, 11.00000000000000000 ) ) ;
#1459 = EDGE_CURVE ( 'NONE', #1037, #1547, #1587, .T. ) ;
#1460 = CARTESIAN_POINT ( 'NONE',  ( -5.000000000000031974, -56.00000000000000711, 51.00000000000000711 ) ) ;
#1461 = LINE ( 'NONE', #3061, #1418 ) ;
#1462 = LINE ( 'NONE', #215, #241 ) ;
#1463 = EDGE_LOOP ( 'NONE', ( #532, #2665, #55, #2691 ) ) ;
#1464 = DIRECTION ( 'NONE',  ( -0.000000000000000000, -0.000000000000000000, -1.000000000000000000 ) ) ;
#1465 = CARTESIAN_POINT ( 'NONE',  ( -29.79444872453598236, -46.59999999999997300, 89.00000000000000000 ) ) ;
#1466 = CARTESIAN_POINT ( 'NONE',  ( -75.00000000000005684, 50.99999999999998579, 5.000000000000000000 ) ) ;
#1467 = ORIENTED_EDGE ( 'NONE', *, *, #2629, .T. ) ;
#1468 = VERTEX_POINT ( 'NONE', #2833 ) ;
#1469 = DIRECTION ( 'NONE',  ( 1.213093339843922584E-16, -1.000000000000000000, 0.000000000000000000 ) ) ;
#1470 = VECTOR ( 'NONE', #201, 1000.000000000000000 ) ;
#1471 = CARTESIAN_POINT ( 'NONE',  ( -1.371604415045035710E-14, 56.00000000000000711, 80.00000000000000000 ) ) ;
#1472 = DIRECTION ( 'NONE',  ( -1.000000000000000000, 0.000000000000000000, 0.000000000000000000 ) ) ;
#1473 = VECTOR ( 'NONE', #2021, 1000.000000000000000 ) ;
#1474 = ORIENTED_EDGE ( 'NONE', *, *, #1334, .T. ) ;
#1475 = CARTESIAN_POINT ( 'NONE',  ( -5.000000000000014211, 51.50000000000000711, 11.00000000000000000 ) ) ;
#1476 = EDGE_CURVE ( 'NONE', #3585, #1956, #2198, .T. ) ;
#1477 = VECTOR ( 'NONE', #1141, 1000.000000000000000 ) ;
#1478 = DIRECTION ( 'NONE',  ( -1.000000000000000000, -8.673617379884034239E-17, 0.000000000000000000 ) ) ;
#1479 = LINE ( 'NONE', #2439, #2791 ) ;
#1480 = DIRECTION ( 'NONE',  ( 0.000000000000000000, -0.000000000000000000, -1.000000000000000000 ) ) ;
#1481 = PLANE ( 'NONE',  #2008 ) ;
#1482 = VECTOR ( 'NONE', #2164, 1000.000000000000000 ) ;
#1483 = VERTEX_POINT ( 'NONE', #1274 ) ;
#1484 = VECTOR ( 'NONE', #2703, 1000.000000000000000 ) ;
#1485 = EDGE_CURVE ( 'NONE', #3829, #740, #2856, .T. ) ;
#1486 = VECTOR ( 'NONE', #2962, 1000.000000000000000 ) ;
#1487 = FACE_OUTER_BOUND ( 'NONE', #1449, .T. ) ;
#1488 = VECTOR ( 'NONE', #3667, 1000.000000000000000 ) ;
#1489 = CARTESIAN_POINT ( 'NONE',  ( -69.00000000000002842, -56.99999999999997158, 0.000000000000000000 ) ) ;
#1490 = FACE_OUTER_BOUND ( 'NONE', #1868, .T. ) ;
#1491 = AXIS2_PLACEMENT_3D ( 'NONE', #3731, #3282, #2342 ) ;
#1492 = VECTOR ( 'NONE', #3023, 1000.000000000000000 ) ;
#1493 = EDGE_LOOP ( 'NONE', ( #1027, #3495, #3101, #3779 ) ) ;
#1494 = CIRCLE ( 'NONE', #2731, 1.500000000000001332 ) ;
#1495 = VERTEX_POINT ( 'NONE', #54 ) ;
#1496 = CYLINDRICAL_SURFACE ( 'NONE', #3444, 1.499999999999999556 ) ;
#1497 = DIRECTION ( 'NONE',  ( -0.000000000000000000, 1.000000000000000000, 5.782411586589351722E-16 ) ) ;
#1498 = DIRECTION ( 'NONE',  ( -1.000000000000000000, -0.000000000000000000, -0.000000000000000000 ) ) ;
#1499 = ORIENTED_EDGE ( 'NONE', *, *, #85, .F. ) ;
#1500 = CARTESIAN_POINT ( 'NONE',  ( 0.000000000000000000, 0.000000000000000000, 85.00000000000000000 ) ) ;
#1501 = EDGE_CURVE ( 'NONE', #1684, #6, #1300, .T. ) ;
#1502 = DIRECTION ( 'NONE',  ( -0.000000000000000000, 1.000000000000000000, 5.782411586589351722E-16 ) ) ;
#1503 = DIRECTION ( 'NONE',  ( -1.000000000000000000, 0.000000000000000000, 0.000000000000000000 ) ) ;
#1504 = ADVANCED_FACE ( 'NONE', ( #381 ), #2565, .F. ) ;
#1505 = DIRECTION ( 'NONE',  ( 1.577021341797096821E-15, -1.000000000000000000, 0.000000000000000000 ) ) ;
#1506 = DIRECTION ( 'NONE',  ( 0.000000000000000000, 0.000000000000000000, 1.000000000000000000 ) ) ;
#1507 = ORIENTED_EDGE ( 'NONE', *, *, #3786, .F. ) ;
#1508 = CARTESIAN_POINT ( 'NONE',  ( -19.99999999999999289, -33.59999999999996589, 85.00000000000000000 ) ) ;
#1509 = DIRECTION ( 'NONE',  ( -1.819640009765883753E-16, 1.000000000000000000, 0.000000000000000000 ) ) ;
#1510 = EDGE_CURVE ( 'NONE', #996, #2902, #3427, .T. ) ;
#1511 = LINE ( 'NONE', #1466, #2800 ) ;
#1512 = EDGE_CURVE ( 'NONE', #3165, #855, #399, .T. ) ;
#1513 = VERTEX_POINT ( 'NONE', #93 ) ;
#1514 = EDGE_CURVE ( 'NONE', #1417, #2480, #2488, .T. ) ;
#1515 = ORIENTED_EDGE ( 'NONE', *, *, #824, .T. ) ;
#1516 = DIRECTION ( 'NONE',  ( -1.000000000000000000, 0.000000000000000000, 0.000000000000000000 ) ) ;
#1517 = ORIENTED_EDGE ( 'NONE', *, *, #3786, .T. ) ;
#1518 = DIRECTION ( 'NONE',  ( 0.000000000000000000, 0.000000000000000000, 1.000000000000000000 ) ) ;
#1519 = CARTESIAN_POINT ( 'NONE',  ( -50.39999999999996305, -33.59999999999996589, 0.000000000000000000 ) ) ;
#1520 = DIRECTION ( 'NONE',  ( -1.000000000000000000, 0.000000000000000000, -0.000000000000000000 ) ) ;
#1521 = CARTESIAN_POINT ( 'NONE',  ( -50.39999999999997016, 33.59999999999995168, 0.000000000000000000 ) ) ;
#1522 = DIRECTION ( 'NONE',  ( 1.000000000000000000, 0.000000000000000000, 0.000000000000000000 ) ) ;
#1523 = EDGE_LOOP ( 'NONE', ( #1064, #3993, #590, #3453 ) ) ;
#1524 = LINE ( 'NONE', #3736, #2333 ) ;
#1525 = DIRECTION ( 'NONE',  ( -1.000000000000000000, -1.213093339843922584E-16, 0.000000000000000000 ) ) ;
#1526 = CARTESIAN_POINT ( 'NONE',  ( 0.000000000000000000, 33.59999999999995168, 5.000000000000000000 ) ) ;
#1527 = LINE ( 'NONE', #2771, #3850 ) ;
#1528 = VERTEX_POINT ( 'NONE', #1699 ) ;
#1529 = EDGE_CURVE ( 'NONE', #267, #566, #466, .T. ) ;
#1530 = ORIENTED_EDGE ( 'NONE', *, *, #140, .T. ) ;
#1531 = VERTEX_POINT ( 'NONE', #3866 ) ;
#1532 = EDGE_CURVE ( 'NONE', #1127, #1243, #2919, .T. ) ;
#1533 = DIRECTION ( 'NONE',  ( 1.000000000000000000, 0.000000000000000000, -0.000000000000000000 ) ) ;
#1534 = ORIENTED_EDGE ( 'NONE', *, *, #2477, .T. ) ;
#1535 = DIRECTION ( 'NONE',  ( 0.000000000000000000, -1.000000000000000000, -5.782411586589351722E-16 ) ) ;
#1536 = FACE_OUTER_BOUND ( 'NONE', #2302, .T. ) ;
#1537 = AXIS2_PLACEMENT_3D ( 'NONE', #3202, #397, #1696 ) ;
#1538 = CARTESIAN_POINT ( 'NONE',  ( -33.39999999999997726, -46.59999999999998010, 91.00000000000000000 ) ) ;
#1539 = ORIENTED_EDGE ( 'NONE', *, *, #1640, .F. ) ;
#1540 = DIRECTION ( 'NONE',  ( -1.000000000000000000, -1.489033026589534369E-16, 0.000000000000000000 ) ) ;
#1541 = VERTEX_POINT ( 'NONE', #3924 ) ;
#1542 = CIRCLE ( 'NONE', #2067, 1.500000000000001332 ) ;
#1543 = CARTESIAN_POINT ( 'NONE',  ( -50.39999999999996305, -33.59999999999996589, 0.000000000000000000 ) ) ;
#1544 = LINE ( 'NONE', #662, #782 ) ;
#1545 = VECTOR ( 'NONE', #2498, 1000.000000000000000 ) ;
#1546 = LINE ( 'NONE', #2754, #2277 ) ;
#1547 = VERTEX_POINT ( 'NONE', #3902 ) ;
#1548 = AXIS2_PLACEMENT_3D ( 'NONE', #2815, #2852, #2503 ) ;
#1549 = ORIENTED_EDGE ( 'NONE', *, *, #605, .F. ) ;
#1550 = EDGE_CURVE ( 'NONE', #161, #2249, #3272, .T. ) ;
#1551 = VECTOR ( 'NONE', #3439, 1000.000000000000000 ) ;
#1552 = ORIENTED_EDGE ( 'NONE', *, *, #2161, .F. ) ;
#1553 = VECTOR ( 'NONE', #1171, 1000.000000000000000 ) ;
#1554 = AXIS2_PLACEMENT_3D ( 'NONE', #173, #1073, #2324 ) ;
#1555 = CARTESIAN_POINT ( 'NONE',  ( -73.50000000000005684, 53.99999999999997158, 5.000000000000000000 ) ) ;
#1556 =( GEOMETRIC_REPRESENTATION_CONTEXT ( 3 ) GLOBAL_UNCERTAINTY_ASSIGNED_CONTEXT ( ( #217 ) ) GLOBAL_UNIT_ASSIGNED_CONTEXT ( ( #2647, #2898, #2589 ) ) REPRESENTATION_CONTEXT ( 'NONE', 'WORKASPACE' ) );
#1557 = ADVANCED_FACE ( 'NONE', ( #2627 ), #2963, .F. ) ;
#1558 = ORIENTED_EDGE ( 'NONE', *, *, #51, .F. ) ;
#1559 = PLANE ( 'NONE',  #768 ) ;
#1560 = CARTESIAN_POINT ( 'NONE',  ( -11.00000000000000355, -56.99999999999997868, 0.000000000000000000 ) ) ;
#1561 = LINE ( 'NONE', #286, #1551 ) ;
#1562 = EDGE_LOOP ( 'NONE', ( #620, #2788, #3265, #1252 ) ) ;
#1563 = LINE ( 'NONE', #395, #3967 ) ;
#1564 = VERTEX_POINT ( 'NONE', #2946 ) ;
#1565 = CARTESIAN_POINT ( 'NONE',  ( -5.000000000000000000, 50.99999999999999289, 0.000000000000000000 ) ) ;
#1566 = CARTESIAN_POINT ( 'NONE',  ( -5.000000000000000000, -55.99999999999999289, 85.00000000000000000 ) ) ;
#1567 = DIRECTION ( 'NONE',  ( 0.000000000000000000, 0.000000000000000000, 1.000000000000000000 ) ) ;
#1568 = ORIENTED_EDGE ( 'NONE', *, *, #1902, .T. ) ;
#1569 = EDGE_LOOP ( 'NONE', ( #2883, #3772, #2887, #714, #325, #2587, #675, #3407 ) ) ;
#1570 = CARTESIAN_POINT ( 'NONE',  ( -1.371604415045035710E-14, 56.00000000000000711, 40.00000000000000000 ) ) ;
#1571 = ORIENTED_EDGE ( 'NONE', *, *, #2751, .T. ) ;
#1572 = ADVANCED_FACE ( 'NONE', ( #2287 ), #139, .F. ) ;
#1573 = DIRECTION ( 'NONE',  ( 0.000000000000000000, -0.000000000000000000, -1.000000000000000000 ) ) ;
#1574 = ORIENTED_EDGE ( 'NONE', *, *, #3424, .F. ) ;
#1575 = VERTEX_POINT ( 'NONE', #2609 ) ;
#1576 = DIRECTION ( 'NONE',  ( -1.000000000000000000, -8.673617379884034239E-17, -0.000000000000000000 ) ) ;
#1577 = EDGE_CURVE ( 'NONE', #2430, #57, #156, .T. ) ;
#1578 = DIRECTION ( 'NONE',  ( 1.000000000000000000, 0.000000000000000000, 0.000000000000000000 ) ) ;
#1579 = CARTESIAN_POINT ( 'NONE',  ( -14.99999999999999289, -28.59999999999996945, 80.00000000000000000 ) ) ;
#1580 = VERTEX_POINT ( 'NONE', #3883 ) ;
#1581 = CARTESIAN_POINT ( 'NONE',  ( -33.39999999999997016, -50.99999999999999289, 85.00000000000000000 ) ) ;
#1582 = VERTEX_POINT ( 'NONE', #2645 ) ;
#1583 = EDGE_CURVE ( 'NONE', #2217, #664, #1035, .T. ) ;
#1584 = ADVANCED_FACE ( 'NONE', ( #3611 ), #743, .F. ) ;
#1585 = DIRECTION ( 'NONE',  ( 1.819640009765883753E-16, -1.000000000000000000, 0.000000000000000000 ) ) ;
#1586 = CARTESIAN_POINT ( 'NONE',  ( -55.39999999999997016, 28.59999999999995524, 0.000000000000000000 ) ) ;
#1587 = LINE ( 'NONE', #3162, #3322 ) ;
#1588 = EDGE_LOOP ( 'NONE', ( #3538, #3566, #727, #2544, #686, #3518, #1792, #3930 ) ) ;
#1589 = CARTESIAN_POINT ( 'NONE',  ( -52.00000000000004974, 51.00000000000000711, 51.00000000000000711 ) ) ;
#1590 = ORIENTED_EDGE ( 'NONE', *, *, #2861, .T. ) ;
#1591 = CARTESIAN_POINT ( 'NONE',  ( -5.000000000000031974, -56.00000000000000711, 11.00000000000000000 ) ) ;
#1592 = VERTEX_POINT ( 'NONE', #2305 ) ;
#1593 = ADVANCED_FACE ( 'NONE', ( #3535 ), #793, .F. ) ;
#1594 = ORIENTED_EDGE ( 'NONE', *, *, #1030, .T. ) ;
#1595 = FACE_BOUND ( 'NONE', #1703, .T. ) ;
#1596 = DIRECTION ( 'NONE',  ( 0.000000000000000000, 0.000000000000000000, -1.000000000000000000 ) ) ;
#1597 = EDGE_CURVE ( 'NONE', #2615, #3295, #2024, .T. ) ;
#1598 = ORIENTED_EDGE ( 'NONE', *, *, #3625, .T. ) ;
#1599 = DIRECTION ( 'NONE',  ( 0.000000000000000000, 0.000000000000000000, 1.000000000000000000 ) ) ;
#1600 = EDGE_CURVE ( 'NONE', #3548, #1127, #2349, .T. ) ;
#1601 = ORIENTED_EDGE ( 'NONE', *, *, #1635, .T. ) ;
#1602 = CARTESIAN_POINT ( 'NONE',  ( -73.50000000000004263, -53.99999999999998579, 0.000000000000000000 ) ) ;
#1603 = CARTESIAN_POINT ( 'NONE',  ( -9.500000000000019540, 53.99999999999998579, 5.000000000000000000 ) ) ;
#1604 = LINE ( 'NONE', #600, #3773 ) ;
#1605 = PRODUCT_RELATED_PRODUCT_CATEGORY ( 'part', '', ( #1670 ) ) ;
#1606 = DIRECTION ( 'NONE',  ( 1.000000000000000000, 0.000000000000000000, 0.000000000000000000 ) ) ;
#1607 = ADVANCED_FACE ( 'NONE', ( #3244 ), #2041, .T. ) ;
#1608 = VECTOR ( 'NONE', #2039, 1000.000000000000000 ) ;
#1609 = VERTEX_POINT ( 'NONE', #1423 ) ;
#1610 = VECTOR ( 'NONE', #2601, 1000.000000000000000 ) ;
#1611 = ORIENTED_EDGE ( 'NONE', *, *, #1405, .F. ) ;
#1612 = CARTESIAN_POINT ( 'NONE',  ( -5.000000000000012434, 51.50000000000000711, 85.00000000000000000 ) ) ;
#1613 = EDGE_LOOP ( 'NONE', ( #337, #2327, #2311, #3562, #1659, #3543, #979, #1840, #259, #38, #3095, #2090, #185, #1876, #2560, #3921 ) ) ;
#1614 = AXIS2_PLACEMENT_3D ( 'NONE', #256, #577, #3404 ) ;
#1615 = VECTOR ( 'NONE', #3549, 1000.000000000000000 ) ;
#1616 = DIRECTION ( 'NONE',  ( 0.000000000000000000, -0.000000000000000000, 1.000000000000000000 ) ) ;
#1617 = ORIENTED_EDGE ( 'NONE', *, *, #2209, .F. ) ;
#1618 = VECTOR ( 'NONE', #518, 1000.000000000000000 ) ;
#1619 = AXIS2_PLACEMENT_3D ( 'NONE', #3459, #3790, #654 ) ;
#1620 = ORIENTED_EDGE ( 'NONE', *, *, #2776, .F. ) ;
#1621 = LINE ( 'NONE', #1290, #246 ) ;
#1622 = VECTOR ( 'NONE', #3519, 1000.000000000000000 ) ;
#1623 = CIRCLE ( 'NONE', #3388, 4.999999999999997335 ) ;
#1624 = CARTESIAN_POINT ( 'NONE',  ( -42.00000000000004974, 43.59999999999995879, 183.0970416646374588 ) ) ;
#1625 = LINE ( 'NONE', #45, #1749 ) ;
#1626 = ORIENTED_EDGE ( 'NONE', *, *, #2134, .F. ) ;
#1627 = CARTESIAN_POINT ( 'NONE',  ( -19.99999999999999289, -28.59999999999996945, 40.00000000000000000 ) ) ;
#1628 = EDGE_LOOP ( 'NONE', ( #2508, #2372, #1590, #454 ) ) ;
#1629 = PLANE ( 'NONE',  #104 ) ;
#1630 = EDGE_CURVE ( 'NONE', #2828, #2640, #2670, .T. ) ;
#1631 = CARTESIAN_POINT ( 'NONE',  ( -29.79444872453598236, 43.59999999999995879, 91.00000000000001421 ) ) ;
#1632 = CARTESIAN_POINT ( 'NONE',  ( -33.39999999999998437, 51.00000000000000711, 51.00000000000000711 ) ) ;
#1633 = ORIENTED_EDGE ( 'NONE', *, *, #487, .T. ) ;
#1634 = EDGE_CURVE ( 'NONE', #1531, #2999, #3005, .T. ) ;
#1635 = EDGE_CURVE ( 'NONE', #3195, #3214, #1831, .T. ) ;
#1636 = ORIENTED_EDGE ( 'NONE', *, *, #155, .F. ) ;
#1637 = CARTESIAN_POINT ( 'NONE',  ( -65.39999999999999147, 46.60000000000000142, 11.00000000000000000 ) ) ;
#1638 = ORIENTED_EDGE ( 'NONE', *, *, #2201, .T. ) ;
#1639 = EDGE_CURVE ( 'NONE', #1531, #798, #536, .T. ) ;
#1640 = EDGE_CURVE ( 'NONE', #508, #273, #3670, .T. ) ;
#1641 = CARTESIAN_POINT ( 'NONE',  ( 0.000000000000000000, 0.000000000000000000, 45.00000000000000000 ) ) ;
#1642 = ORIENTED_EDGE ( 'NONE', *, *, #1055, .T. ) ;
#1643 = EDGE_LOOP ( 'NONE', ( #2315, #2475, #3672, #751 ) ) ;
#1644 = DIRECTION ( 'NONE',  ( -1.819640009765883753E-16, 1.000000000000000000, 0.000000000000000000 ) ) ;
#1645 = DIRECTION ( 'NONE',  ( 0.000000000000000000, -1.000000000000000000, -0.000000000000000000 ) ) ;
#1646 = CARTESIAN_POINT ( 'NONE',  ( -14.99999999999999289, -28.59999999999996945, 85.00000000000000000 ) ) ;
#1647 = DIRECTION ( 'NONE',  ( 0.000000000000000000, -1.000000000000000000, 0.000000000000000000 ) ) ;
#1648 = VERTEX_POINT ( 'NONE', #907 ) ;
#1649 = CARTESIAN_POINT ( 'NONE',  ( -33.40000000000012648, 43.59999999999995879, 91.00000000000001421 ) ) ;
#1650 = FACE_OUTER_BOUND ( 'NONE', #1841, .T. ) ;
#1651 = CARTESIAN_POINT ( 'NONE',  ( -65.39999999999997726, -46.59999999999998010, 85.00000000000000000 ) ) ;
#1652 = ORIENTED_EDGE ( 'NONE', *, *, #2751, .F. ) ;
#1653 = ORIENTED_EDGE ( 'NONE', *, *, #1833, .T. ) ;
#1654 = CARTESIAN_POINT ( 'NONE',  ( -5.000000000000000000, -50.99999999999999289, 85.00000000000000000 ) ) ;
#1655 = ORIENTED_EDGE ( 'NONE', *, *, #1679, .T. ) ;
#1656 = EDGE_CURVE ( 'NONE', #3398, #1575, #2654, .T. ) ;
#1657 = FACE_OUTER_BOUND ( 'NONE', #2562, .T. ) ;
#1658 = VERTEX_POINT ( 'NONE', #1174 ) ;
#1659 = ORIENTED_EDGE ( 'NONE', *, *, #3498, .F. ) ;
#1660 = DIRECTION ( 'NONE',  ( -1.000000000000000000, -1.668003342285391058E-16, -0.000000000000000000 ) ) ;
#1661 = EDGE_CURVE ( 'NONE', #886, #102, #519, .T. ) ;
#1662 = LINE ( 'NONE', #3833, #1610 ) ;
#1663 = DIRECTION ( 'NONE',  ( -1.000000000000000000, 0.000000000000000000, 0.000000000000000000 ) ) ;
#1664 = VECTOR ( 'NONE', #559, 1000.000000000000000 ) ;
#1665 = ORIENTED_EDGE ( 'NONE', *, *, #2606, .T. ) ;
#1666 = PLANE ( 'NONE',  #894 ) ;
#1667 = ORIENTED_EDGE ( 'NONE', *, *, #1814, .T. ) ;
#1668 = DIRECTION ( 'NONE',  ( 0.000000000000000000, 0.000000000000000000, -1.000000000000000000 ) ) ;
#1669 = DIRECTION ( 'NONE',  ( -0.000000000000000000, -0.000000000000000000, 1.000000000000000000 ) ) ;
#1670 = PRODUCT ( 'Motor Driver Clip Shelving - Right', 'Motor Driver Clip Shelving - Right', '', ( #970 ) ) ;
#1671 = DIRECTION ( 'NONE',  ( -1.577021341797097018E-15, 1.000000000000000000, 0.000000000000000000 ) ) ;
#1672 = EDGE_LOOP ( 'NONE', ( #1200, #3678, #400, #1626 ) ) ;
#1673 = SURFACE_STYLE_FILL_AREA ( #2026 ) ;
#1674 = ORIENTED_EDGE ( 'NONE', *, *, #2646, .F. ) ;
#1675 = VECTOR ( 'NONE', #611, 1000.000000000000000 ) ;
#1676 = PLANE ( 'NONE',  #3644 ) ;
#1677 = VERTEX_POINT ( 'NONE', #3326 ) ;
#1678 = VECTOR ( 'NONE', #963, 1000.000000000000000 ) ;
#1679 = EDGE_CURVE ( 'NONE', #298, #508, #1461, .T. ) ;
#1680 = ORIENTED_EDGE ( 'NONE', *, *, #3684, .T. ) ;
#1681 = ADVANCED_FACE ( 'NONE', ( #2702 ), #1847, .F. ) ;
#1682 = AXIS2_PLACEMENT_3D ( 'NONE', #317, #3448, #13 ) ;
#1683 = VECTOR ( 'NONE', #4045, 1000.000000000000000 ) ;
#1684 = VERTEX_POINT ( 'NONE', #2459 ) ;
#1685 = DIRECTION ( 'NONE',  ( -1.000000000000000000, 0.000000000000000000, 0.000000000000000000 ) ) ;
#1686 = CIRCLE ( 'NONE', #2593, 4.999999999999997335 ) ;
#1687 = CARTESIAN_POINT ( 'NONE',  ( -69.00000000000002842, -56.99999999999997158, 5.000000000000000000 ) ) ;
#1688 = AXIS2_PLACEMENT_3D ( 'NONE', #3379, #820, #572 ) ;
#1689 = EDGE_CURVE ( 'NONE', #3070, #2175, #562, .T. ) ;
#1690 = CARTESIAN_POINT ( 'NONE',  ( -29.79444872453598236, -46.59999999999997300, 49.00000000000000000 ) ) ;
#1691 = ORIENTED_EDGE ( 'NONE', *, *, #1656, .T. ) ;
#1692 = CARTESIAN_POINT ( 'NONE',  ( -33.39999999999998437, 51.00000000000000711, 85.00000000000000000 ) ) ;
#1693 = ORIENTED_EDGE ( 'NONE', *, *, #3755, .F. ) ;
#1694 = VECTOR ( 'NONE', #2950, 1000.000000000000000 ) ;
#1695 = VECTOR ( 'NONE', #3393, 1000.000000000000000 ) ;
#1696 = DIRECTION ( 'NONE',  ( 0.000000000000000000, -0.000000000000000000, 1.000000000000000000 ) ) ;
#1697 = AXIS2_PLACEMENT_3D ( 'NONE', #444, #2980, #481 ) ;
#1698 = DIRECTION ( 'NONE',  ( -1.000000000000000000, -0.000000000000000000, -0.000000000000000000 ) ) ;
#1699 = CARTESIAN_POINT ( 'NONE',  ( -6.500000000000015987, 53.99999999999998579, 0.000000000000000000 ) ) ;
#1700 = ORIENTED_EDGE ( 'NONE', *, *, #1204, .F. ) ;
#1701 = ORIENTED_EDGE ( 'NONE', *, *, #1937, .F. ) ;
#1702 = CARTESIAN_POINT ( 'NONE',  ( -33.39999999999997016, -50.99999999999999289, 45.00000000000000000 ) ) ;
#1703 = EDGE_LOOP ( 'NONE', ( #287, #1769, #1558, #2482, #1693, #1983, #992, #3613 ) ) ;
#1704 = VERTEX_POINT ( 'NONE', #2746 ) ;
#1705 = ORIENTED_EDGE ( 'NONE', *, *, #2505, .F. ) ;
#1706 = FACE_BOUND ( 'NONE', #2229, .T. ) ;
#1707 = CARTESIAN_POINT ( 'NONE',  ( -65.39999999999999147, 46.60000000000000142, 91.00000000000000000 ) ) ;
#1708 = DIRECTION ( 'NONE',  ( 1.000000000000000000, 0.000000000000000000, 0.000000000000000000 ) ) ;
#1709 = EDGE_LOOP ( 'NONE', ( #1796, #4052, #100, #3942 ) ) ;
#1710 = CARTESIAN_POINT ( 'NONE',  ( -5.000000000000000000, -55.99999999999999289, 40.00000000000000000 ) ) ;
#1711 = ORIENTED_EDGE ( 'NONE', *, *, #1405, .T. ) ;
#1712 = EDGE_CURVE ( 'NONE', #3698, #691, #595, .T. ) ;
#1713 = CARTESIAN_POINT ( 'NONE',  ( -65.39999999999999147, 46.60000000000000142, 85.00000000000000000 ) ) ;
#1714 = DIRECTION ( 'NONE',  ( 1.000000000000000000, -0.000000000000000000, -0.000000000000000000 ) ) ;
#1715 = DIRECTION ( 'NONE',  ( -1.000000000000000000, -1.668003342285391058E-16, -0.000000000000000000 ) ) ;
#1716 = EDGE_CURVE ( 'NONE', #1308, #2419, #2138, .T. ) ;
#1717 = EDGE_CURVE ( 'NONE', #3275, #564, #1132, .T. ) ;
#1718 = DIRECTION ( 'NONE',  ( -0.000000000000000000, -0.000000000000000000, -1.000000000000000000 ) ) ;
#1719 = ORIENTED_EDGE ( 'NONE', *, *, #897, .F. ) ;
#1720 = CARTESIAN_POINT ( 'NONE',  ( -73.50000000000005684, 53.99999999999997158, 0.000000000000000000 ) ) ;
#1721 = ORIENTED_EDGE ( 'NONE', *, *, #3885, .T. ) ;
#1722 = ORIENTED_EDGE ( 'NONE', *, *, #1124, .T. ) ;
#1723 = DIRECTION ( 'NONE',  ( -1.000000000000000000, -9.912705577010329247E-17, 0.000000000000000000 ) ) ;
#1724 = LINE ( 'NONE', #491, #1214 ) ;
#1725 = FACE_OUTER_BOUND ( 'NONE', #3121, .T. ) ;
#1726 = ORIENTED_EDGE ( 'NONE', *, *, #1512, .T. ) ;
#1727 = CARTESIAN_POINT ( 'NONE',  ( 0.000000000000000000, 51.50000000000000711, 91.00000000000000000 ) ) ;
#1728 = ORIENTED_EDGE ( 'NONE', *, *, #1922, .F. ) ;
#1729 = CARTESIAN_POINT ( 'NONE',  ( -69.00000000000002842, 56.99999999999997158, 5.000000000000000000 ) ) ;
#1730 = AXIS2_PLACEMENT_3D ( 'NONE', #1040, #2291, #1509 ) ;
#1731 = FACE_OUTER_BOUND ( 'NONE', #2634, .T. ) ;
#1732 = ADVANCED_FACE ( 'NONE', ( #2098 ), #4003, .F. ) ;
#1733 = CARTESIAN_POINT ( 'NONE',  ( -33.39999999999997016, -50.99999999999998579, 45.00000000000000000 ) ) ;
#1734 = LINE ( 'NONE', #2983, #2409 ) ;
#1735 = ORIENTED_EDGE ( 'NONE', *, *, #2854, .T. ) ;
#1736 = EDGE_CURVE ( 'NONE', #1337, #855, #1191, .T. ) ;
#1737 = PLANE ( 'NONE',  #3446 ) ;
#1738 = CIRCLE ( 'NONE', #493, 4.999999999999997335 ) ;
#1739 = ORIENTED_EDGE ( 'NONE', *, *, #3030, .F. ) ;
#1740 = ORIENTED_EDGE ( 'NONE', *, *, #1378, .T. ) ;
#1741 = DIRECTION ( 'NONE',  ( -7.228014483236707402E-16, -1.000000000000000000, 0.000000000000000000 ) ) ;
#1742 = VECTOR ( 'NONE', #1767, 1000.000000000000000 ) ;
#1743 = CARTESIAN_POINT ( 'NONE',  ( -42.00000000000004974, 51.00000000000000711, 51.00000000000000711 ) ) ;
#1744 = CIRCLE ( 'NONE', #1419, 4.999999999999997335 ) ;
#1745 = CARTESIAN_POINT ( 'NONE',  ( -75.00000000000000000, -50.99999999999998579, 91.00000000000000000 ) ) ;
#1746 = VERTEX_POINT ( 'NONE', #2685 ) ;
#1747 = DIRECTION ( 'NONE',  ( -1.000000000000000000, -9.912705577010329247E-17, 0.000000000000000000 ) ) ;
#1748 = VECTOR ( 'NONE', #825, 1000.000000000000000 ) ;
#1749 = VECTOR ( 'NONE', #636, 1000.000000000000000 ) ;
#1750 = CARTESIAN_POINT ( 'NONE',  ( -5.000000000000014211, 56.00000000000000711, 45.00000000000000000 ) ) ;
#1751 = LINE ( 'NONE', #1808, #2270 ) ;
#1752 = VECTOR ( 'NONE', #1344, 1000.000000000000000 ) ;
#1753 = DIRECTION ( 'NONE',  ( -0.000000000000000000, -0.000000000000000000, -1.000000000000000000 ) ) ;
#1754 = AXIS2_PLACEMENT_3D ( 'NONE', #1410, #3915, #1108 ) ;
#1755 = ADVANCED_FACE ( 'NONE', ( #2441 ), #3386, .F. ) ;
#1756 = AXIS2_PLACEMENT_3D ( 'NONE', #1097, #2055, #3572 ) ;
#1757 = VECTOR ( 'NONE', #3307, 1000.000000000000000 ) ;
#1758 = LINE ( 'NONE', #236, #2082 ) ;
#1759 = CARTESIAN_POINT ( 'NONE',  ( -65.39999999999997726, -46.59999999999997300, 9.000000000000000000 ) ) ;
#1760 = DIRECTION ( 'NONE',  ( 0.000000000000000000, 0.000000000000000000, -1.000000000000000000 ) ) ;
#1761 = EDGE_CURVE ( 'NONE', #3995, #203, #271, .T. ) ;
#1762 = ORIENTED_EDGE ( 'NONE', *, *, #2646, .T. ) ;
#1763 = ORIENTED_EDGE ( 'NONE', *, *, #3958, .F. ) ;
#1764 = LINE ( 'NONE', #1140, #835 ) ;
#1765 = ADVANCED_FACE ( 'NONE', ( #3984 ), #4020, .F. ) ;
#1766 = EDGE_CURVE ( 'NONE', #2000, #1981, #2830, .T. ) ;
#1767 = DIRECTION ( 'NONE',  ( -1.000000000000000000, -9.912705577010329247E-17, 0.000000000000000000 ) ) ;
#1768 = LINE ( 'NONE', #208, #633 ) ;
#1769 = ORIENTED_EDGE ( 'NONE', *, *, #2483, .F. ) ;
#1770 = CARTESIAN_POINT ( 'NONE',  ( -1.639234110326708464E-14, -51.50000000000000711, 51.00000000000000711 ) ) ;
#1771 = CARTESIAN_POINT ( 'NONE',  ( -75.00000000000004263, -56.99999999999997158, 0.000000000000000000 ) ) ;
#1772 = DIRECTION ( 'NONE',  ( -1.577021341797097018E-15, 1.000000000000000000, 0.000000000000000000 ) ) ;
#1773 = DIRECTION ( 'NONE',  ( -0.000000000000000000, -1.000000000000000000, -0.000000000000000000 ) ) ;
#1774 = LINE ( 'NONE', #7, #3051 ) ;
#1775 = ORIENTED_EDGE ( 'NONE', *, *, #3286, .F. ) ;
#1776 = DIRECTION ( 'NONE',  ( 1.000000000000000000, 0.000000000000000000, 0.000000000000000000 ) ) ;
#1777 = DIRECTION ( 'NONE',  ( -0.000000000000000000, 1.000000000000000000, -0.000000000000000000 ) ) ;
#1778 = DIRECTION ( 'NONE',  ( -0.000000000000000000, 1.000000000000000000, -0.000000000000000000 ) ) ;
#1779 = EDGE_LOOP ( 'NONE', ( #2613, #1915, #3946, #2537, #2542, #1539, #3400, #3756 ) ) ;
#1780 = EDGE_CURVE ( 'NONE', #996, #3240, #2195, .T. ) ;
#1781 = ORIENTED_EDGE ( 'NONE', *, *, #2484, .T. ) ;
#1782 = FACE_OUTER_BOUND ( 'NONE', #624, .T. ) ;
#1783 = PLANE ( 'NONE',  #1935 ) ;
#1784 = CARTESIAN_POINT ( 'NONE',  ( -20.00000000000000000, 28.59999999999995524, 0.000000000000000000 ) ) ;
#1785 = EDGE_CURVE ( 'NONE', #1704, #94, #3903, .T. ) ;
#1786 = EDGE_LOOP ( 'NONE', ( #3477, #2949, #1052, #2252, #2942, #3550, #3796, #304, #1176, #1897, #1320, #71, #879, #2065 ) ) ;
#1787 = CARTESIAN_POINT ( 'NONE',  ( -52.00000000000004974, 51.00000000000000711, 40.00000000000000711 ) ) ;
#1788 = LINE ( 'NONE', #3035, #2916 ) ;
#1789 = LINE ( 'NONE', #1925, #443 ) ;
#1790 = DIRECTION ( 'NONE',  ( 0.000000000000000000, -1.000000000000000000, -5.782411586589351722E-16 ) ) ;
#1791 = FACE_OUTER_BOUND ( 'NONE', #403, .T. ) ;
#1792 = ORIENTED_EDGE ( 'NONE', *, *, #3270, .T. ) ;
#1793 = CARTESIAN_POINT ( 'NONE',  ( -29.79444872453598236, -43.59999999999997300, 49.00000000000000000 ) ) ;
#1794 = DIRECTION ( 'NONE',  ( -0.000000000000000000, -0.000000000000000000, -1.000000000000000000 ) ) ;
#1795 = LINE ( 'NONE', #524, #1482 ) ;
#1796 = ORIENTED_EDGE ( 'NONE', *, *, #2989, .F. ) ;
#1797 = VERTEX_POINT ( 'NONE', #4023 ) ;
#1798 = CARTESIAN_POINT ( 'NONE',  ( -29.79444872453598236, 43.59999999999995879, 11.00000000000001066 ) ) ;
#1799 = EDGE_CURVE ( 'NONE', #2635, #724, #893, .T. ) ;
#1800 = FACE_OUTER_BOUND ( 'NONE', #3860, .T. ) ;
#1801 = DIRECTION ( 'NONE',  ( -0.000000000000000000, -0.000000000000000000, 1.000000000000000000 ) ) ;
#1802 = VECTOR ( 'NONE', #1585, 1000.000000000000000 ) ;
#1803 = ORIENTED_EDGE ( 'NONE', *, *, #1597, .T. ) ;
#1804 = CARTESIAN_POINT ( 'NONE',  ( -20.00000000000000000, 28.59999999999995524, 0.000000000000000000 ) ) ;
#1805 = EDGE_CURVE ( 'NONE', #1541, #1279, #2141, .T. ) ;
#1806 = AXIS2_PLACEMENT_3D ( 'NONE', #3262, #3317, #2695 ) ;
#1807 = DIRECTION ( 'NONE',  ( 0.000000000000000000, 0.000000000000000000, 1.000000000000000000 ) ) ;
#1808 = CARTESIAN_POINT ( 'NONE',  ( -29.79444872453598236, 46.59999999999995879, 89.00000000000001421 ) ) ;
#1809 = DIRECTION ( 'NONE',  ( 1.000000000000000000, -0.000000000000000000, -0.000000000000000000 ) ) ;
#1810 = CARTESIAN_POINT ( 'NONE',  ( -65.39999999999999147, 46.60000000000000142, 91.00000000000000000 ) ) ;
#1811 = VERTEX_POINT ( 'NONE', #3392 ) ;
#1812 = AXIS2_PLACEMENT_3D ( 'NONE', #1918, #2211, #1616 ) ;
#1813 = EDGE_CURVE ( 'NONE', #2640, #2165, #1524, .T. ) ;
#1814 = EDGE_CURVE ( 'NONE', #3195, #119, #3116, .T. ) ;
#1815 = AXIS2_PLACEMENT_3D ( 'NONE', #3509, #1072, #3571 ) ;
#1816 = CARTESIAN_POINT ( 'NONE',  ( -65.39999999999997726, -46.59999999999998010, 11.00000000000000000 ) ) ;
#1817 = VECTOR ( 'NONE', #429, 1000.000000000000000 ) ;
#1818 = FACE_OUTER_BOUND ( 'NONE', #3279, .T. ) ;
#1819 = CARTESIAN_POINT ( 'NONE',  ( -33.39999999999997726, -46.59999999999998010, 5.000000000000000000 ) ) ;
#1820 = AXIS2_PLACEMENT_3D ( 'NONE', #3565, #1953, #2299 ) ;
#1821 = VECTOR ( 'NONE', #929, 1000.000000000000000 ) ;
#1822 = ORIENTED_EDGE ( 'NONE', *, *, #809, .T. ) ;
#1823 = VECTOR ( 'NONE', #1778, 1000.000000000000000 ) ;
#1824 = ORIENTED_EDGE ( 'NONE', *, *, #3539, .T. ) ;
#1825 = DIRECTION ( 'NONE',  ( 1.000000000000000000, 0.000000000000000000, 0.000000000000000000 ) ) ;
#1826 = DIRECTION ( 'NONE',  ( -1.000000000000000000, 0.000000000000000000, 0.000000000000000000 ) ) ;
#1827 = VERTEX_POINT ( 'NONE', #3693 ) ;
#1828 = DIRECTION ( 'NONE',  ( 1.577021341797097018E-15, 1.000000000000000000, -0.000000000000000000 ) ) ;
#1829 = DIRECTION ( 'NONE',  ( -0.000000000000000000, -0.000000000000000000, 1.000000000000000000 ) ) ;
#1830 = CARTESIAN_POINT ( 'NONE',  ( 0.000000000000000000, 0.000000000000000000, 51.00000000000000711 ) ) ;
#1831 = LINE ( 'NONE', #1149, #637 ) ;
#1832 = DIRECTION ( 'NONE',  ( -1.000000000000000000, 1.577021341797096821E-15, 0.000000000000000000 ) ) ;
#1833 = EDGE_CURVE ( 'NONE', #597, #1564, #948, .T. ) ;
#1834 = ORIENTED_EDGE ( 'NONE', *, *, #2989, .T. ) ;
#1835 = DIRECTION ( 'NONE',  ( -0.000000000000000000, 1.000000000000000000, 0.000000000000000000 ) ) ;
#1836 = FACE_OUTER_BOUND ( 'NONE', #917, .T. ) ;
#1837 = CARTESIAN_POINT ( 'NONE',  ( 0.000000000000000000, -55.99999999999999289, 40.00000000000000000 ) ) ;
#1838 = CARTESIAN_POINT ( 'NONE',  ( -75.00000000000000000, 51.00000000000000000, 91.00000000000000000 ) ) ;
#1839 = EDGE_CURVE ( 'NONE', #3026, #729, #928, .T. ) ;
#1840 = ORIENTED_EDGE ( 'NONE', *, *, #3729, .T. ) ;
#1841 = EDGE_LOOP ( 'NONE', ( #2790, #1170, #3618, #2616 ) ) ;
#1842 = LINE ( 'NONE', #2126, #3372 ) ;
#1843 = ORIENTED_EDGE ( 'NONE', *, *, #1159, .F. ) ;
#1844 = CARTESIAN_POINT ( 'NONE',  ( -9.500000000000019540, 53.99999999999998579, 0.000000000000000000 ) ) ;
#1845 = LINE ( 'NONE', #4, #166 ) ;
#1846 = FACE_OUTER_BOUND ( 'NONE', #778, .T. ) ;
#1847 = PLANE ( 'NONE',  #42 ) ;
#1848 = PLANE ( 'NONE',  #3767 ) ;
#1849 = ORIENTED_EDGE ( 'NONE', *, *, #3131, .F. ) ;
#1850 = EDGE_CURVE ( 'NONE', #2153, #1337, #1239, .T. ) ;
#1851 = LINE ( 'NONE', #4048, #2328 ) ;
#1852 = EDGE_CURVE ( 'NONE', #2419, #711, #11, .T. ) ;
#1853 = LINE ( 'NONE', #1299, #766 ) ;
#1854 = LINE ( 'NONE', #2468, #1294 ) ;
#1855 = ORIENTED_EDGE ( 'NONE', *, *, #594, .F. ) ;
#1856 = ADVANCED_FACE ( 'NONE', ( #1215 ), #351, .F. ) ;
#1857 = ORIENTED_EDGE ( 'NONE', *, *, #1273, .F. ) ;
#1858 = VECTOR ( 'NONE', #1777, 1000.000000000000000 ) ;
#1859 = VERTEX_POINT ( 'NONE', #2768 ) ;
#1860 = PLANE ( 'NONE',  #1346 ) ;
#1861 = ORIENTED_EDGE ( 'NONE', *, *, #2880, .F. ) ;
#1862 = DIRECTION ( 'NONE',  ( -1.000000000000000000, 2.891205793294679312E-16, 0.000000000000000000 ) ) ;
#1863 = DIRECTION ( 'NONE',  ( -7.228014483236707402E-16, -1.000000000000000000, 0.000000000000000000 ) ) ;
#1864 = VECTOR ( 'NONE', #1316, 1000.000000000000000 ) ;
#1865 = CARTESIAN_POINT ( 'NONE',  ( 0.000000000000000000, -55.99999999999999289, 5.000000000000000000 ) ) ;
#1866 = ORIENTED_EDGE ( 'NONE', *, *, #3454, .T. ) ;
#1867 = CARTESIAN_POINT ( 'NONE',  ( -60.00000000000005684, -43.59999999999997300, 143.0970416646374872 ) ) ;
#1868 = EDGE_LOOP ( 'NONE', ( #1781, #3097, #2064, #1822 ) ) ;
#1869 = VECTOR ( 'NONE', #388, 1000.000000000000000 ) ;
#1870 = CARTESIAN_POINT ( 'NONE',  ( -33.40000000000012648, 46.59999999999995168, 49.00000000000001421 ) ) ;
#1871 = DIRECTION ( 'NONE',  ( 0.000000000000000000, -0.000000000000000000, -1.000000000000000000 ) ) ;
#1872 = LINE ( 'NONE', #946, #1436 ) ;
#1873 = CIRCLE ( 'NONE', #2655, 4.999999999999997335 ) ;
#1874 = DIRECTION ( 'NONE',  ( 0.000000000000000000, -1.000000000000000000, 0.000000000000000000 ) ) ;
#1875 = AXIS2_PLACEMENT_3D ( 'NONE', #3923, #1095, #3204 ) ;
#1876 = ORIENTED_EDGE ( 'NONE', *, *, #1124, .F. ) ;
#1877 = VECTOR ( 'NONE', #132, 1000.000000000000000 ) ;
#1878 = ORIENTED_EDGE ( 'NONE', *, *, #9, .T. ) ;
#1879 = VECTOR ( 'NONE', #857, 1000.000000000000000 ) ;
#1880 = EDGE_CURVE ( 'NONE', #1528, #1811, #3760, .T. ) ;
#1881 = AXIS2_PLACEMENT_3D ( 'NONE', #1429, #2673, #1760 ) ;
#1882 = CARTESIAN_POINT ( 'NONE',  ( 0.000000000000000000, 0.000000000000000000, 91.00000000000000000 ) ) ;
#1883 =( GEOMETRIC_REPRESENTATION_CONTEXT ( 3 ) GLOBAL_UNCERTAINTY_ASSIGNED_CONTEXT ( ( #3291 ) ) GLOBAL_UNIT_ASSIGNED_CONTEXT ( ( #3737, #2486, #2876 ) ) REPRESENTATION_CONTEXT ( 'NONE', 'WORKASPACE' ) );
#1884 = VERTEX_POINT ( 'NONE', #3750 ) ;
#1885 = EDGE_CURVE ( 'NONE', #1440, #199, #3104, .T. ) ;
#1886 = EDGE_LOOP ( 'NONE', ( #1201, #3947, #2449, #244 ) ) ;
#1887 = DIRECTION ( 'NONE',  ( -0.000000000000000000, -0.000000000000000000, 1.000000000000000000 ) ) ;
#1888 = EDGE_CURVE ( 'NONE', #1384, #1417, #888, .T. ) ;
#1889 = CARTESIAN_POINT ( 'NONE',  ( -50.39999999999996305, -28.59999999999996945, 0.000000000000000000 ) ) ;
#1890 = CARTESIAN_POINT ( 'NONE',  ( -65.39999999999999147, 46.60000000000000142, 11.00000000000000000 ) ) ;
#1891 = ORIENTED_EDGE ( 'NONE', *, *, #2307, .T. ) ;
#1892 = FACE_OUTER_BOUND ( 'NONE', #1345, .T. ) ;
#1893 = ORIENTED_EDGE ( 'NONE', *, *, #2104, .T. ) ;
#1894 = CARTESIAN_POINT ( 'NONE',  ( -50.39999999999996305, -28.59999999999996945, 85.00000000000000000 ) ) ;
#1895 = CARTESIAN_POINT ( 'NONE',  ( -52.00000000000004974, 51.00000000000000711, 51.00000000000000711 ) ) ;
#1896 = DIRECTION ( 'NONE',  ( -1.000000000000000000, -9.912705577010329247E-17, 0.000000000000000000 ) ) ;
#1897 = ORIENTED_EDGE ( 'NONE', *, *, #4014, .F. ) ;
#1898 = CARTESIAN_POINT ( 'NONE',  ( -6.500000000000015987, 53.99999999999998579, 5.000000000000000000 ) ) ;
#1899 = EDGE_LOOP ( 'NONE', ( #2772, #3662, #2761, #3692 ) ) ;
#1900 = DIRECTION ( 'NONE',  ( 1.000000000000000000, 0.000000000000000000, 0.000000000000000000 ) ) ;
#1901 = ORIENTED_EDGE ( 'NONE', *, *, #3336, .T. ) ;
#1902 = EDGE_CURVE ( 'NONE', #2226, #1037, #1194, .T. ) ;
#1903 = VERTEX_POINT ( 'NONE', #2485 ) ;
#1904 = DIRECTION ( 'NONE',  ( -0.000000000000000000, -0.000000000000000000, 1.000000000000000000 ) ) ;
#1905 = DIRECTION ( 'NONE',  ( 1.224646799147353207E-16, -1.000000000000000000, 0.000000000000000000 ) ) ;
#1906 = EDGE_CURVE ( 'NONE', #3378, #387, #1851, .T. ) ;
#1907 = CYLINDRICAL_SURFACE ( 'NONE', #1422, 4.999999999999997335 ) ;
#1908 = VERTEX_POINT ( 'NONE', #2894 ) ;
#1909 = DIRECTION ( 'NONE',  ( -0.000000000000000000, 0.000000000000000000, -1.000000000000000000 ) ) ;
#1910 = ORIENTED_EDGE ( 'NONE', *, *, #263, .F. ) ;
#1911 = DIRECTION ( 'NONE',  ( 1.000000000000000000, 0.000000000000000000, 0.000000000000000000 ) ) ;
#1912 = DIRECTION ( 'NONE',  ( 0.000000000000000000, 0.000000000000000000, 1.000000000000000000 ) ) ;
#1913 = DIRECTION ( 'NONE',  ( 0.000000000000000000, 0.000000000000000000, -1.000000000000000000 ) ) ;
#1914 = CARTESIAN_POINT ( 'NONE',  ( -5.000000000000030198, -51.50000000000000711, 45.00000000000000000 ) ) ;
#1915 = ORIENTED_EDGE ( 'NONE', *, *, #3084, .F. ) ;
#1916 = CARTESIAN_POINT ( 'NONE',  ( -33.40000000000012648, 46.59999999999995879, 49.00000000000001421 ) ) ;
#1917 = VERTEX_POINT ( 'NONE', #3242 ) ;
#1918 = CARTESIAN_POINT ( 'NONE',  ( -50.39999999999997016, 33.59999999999995168, 0.000000000000000000 ) ) ;
#1919 = EDGE_LOOP ( 'NONE', ( #3655, #2414, #1025, #330 ) ) ;
#1920 = ORIENTED_EDGE ( 'NONE', *, *, #175, .F. ) ;
#1921 = DIRECTION ( 'NONE',  ( 1.000000000000000000, 0.000000000000000000, -0.000000000000000000 ) ) ;
#1922 = EDGE_CURVE ( 'NONE', #2951, #1468, #114, .T. ) ;
#1923 = EDGE_CURVE ( 'NONE', #3359, #3898, #2285, .T. ) ;
#1924 = DIRECTION ( 'NONE',  ( -1.000000000000000000, 0.000000000000000000, 0.000000000000000000 ) ) ;
#1925 = CARTESIAN_POINT ( 'NONE',  ( -65.39999999999997726, 51.00000000000000000, 51.00000000000000711 ) ) ;
#1926 = ORIENTED_EDGE ( 'NONE', *, *, #926, .T. ) ;
#1927 = CARTESIAN_POINT ( 'NONE',  ( -50.39999999999997016, 28.59999999999995524, 40.00000000000000000 ) ) ;
#1928 = VERTEX_POINT ( 'NONE', #1053 ) ;
#1929 = EDGE_CURVE ( 'NONE', #1609, #973, #3241, .T. ) ;
#1930 = AXIS2_PLACEMENT_3D ( 'NONE', #1931, #2944, #2624 ) ;
#1931 = CARTESIAN_POINT ( 'NONE',  ( -52.00000000000004974, 51.00000000000000711, 183.0970416646374588 ) ) ;
#1932 = CARTESIAN_POINT ( 'NONE',  ( -65.39999999999997726, 43.59999999999995879, 91.00000000000001421 ) ) ;
#1933 = DIRECTION ( 'NONE',  ( 3.469446951953611231E-16, -1.000000000000000000, 0.000000000000000000 ) ) ;
#1934 = ADVANCED_FACE ( 'NONE', ( #1007 ), #3819, .F. ) ;
#1935 = AXIS2_PLACEMENT_3D ( 'NONE', #3298, #2375, #2317 ) ;
#1936 = ORIENTED_EDGE ( 'NONE', *, *, #155, .T. ) ;
#1937 = EDGE_CURVE ( 'NONE', #740, #1582, #1995, .T. ) ;
#1938 = AXIS2_PLACEMENT_3D ( 'NONE', #1090, #1051, #2018 ) ;
#1939 = EDGE_LOOP ( 'NONE', ( #1323, #2621, #323, #1722, #227, #15, #580, #1114 ) ) ;
#1940 = FACE_BOUND ( 'NONE', #413, .T. ) ;
#1941 = VERTEX_POINT ( 'NONE', #987 ) ;
#1942 = AXIS2_PLACEMENT_3D ( 'NONE', #214, #3038, #3690 ) ;
#1943 = VECTOR ( 'NONE', #3861, 1000.000000000000000 ) ;
#1944 = CARTESIAN_POINT ( 'NONE',  ( -5.000000000000000000, -55.99999999999999289, 45.00000000000000000 ) ) ;
#1945 = EDGE_LOOP ( 'NONE', ( #2003, #3524, #264, #2737 ) ) ;
#1946 = AXIS2_PLACEMENT_3D ( 'NONE', #2918, #2625, #172 ) ;
#1947 = AXIS2_PLACEMENT_3D ( 'NONE', #921, #1904, #65 ) ;
#1948 = ORIENTED_EDGE ( 'NONE', *, *, #3880, .F. ) ;
#1949 = CARTESIAN_POINT ( 'NONE',  ( -29.79444872453598236, 43.59999999999995879, 11.00000000000001066 ) ) ;
#1950 = VECTOR ( 'NONE', #2818, 1000.000000000000000 ) ;
#1951 = AXIS2_PLACEMENT_3D ( 'NONE', #1134, #889, #1776 ) ;
#1952 = DIRECTION ( 'NONE',  ( 0.000000000000000000, 0.000000000000000000, -1.000000000000000000 ) ) ;
#1953 = DIRECTION ( 'NONE',  ( 1.000000000000000000, 0.000000000000000000, 0.000000000000000000 ) ) ;
#1954 = VERTEX_POINT ( 'NONE', #72 ) ;
#1955 = PLANE ( 'NONE',  #2069 ) ;
#1956 = VERTEX_POINT ( 'NONE', #1602 ) ;
#1957 = CARTESIAN_POINT ( 'NONE',  ( -55.39999999999997016, -6.720537102735326942E-15, 5.000000000000000000 ) ) ;
#1958 = CYLINDRICAL_SURFACE ( 'NONE', #2339, 4.999999999999997335 ) ;
#1959 = EDGE_CURVE ( 'NONE', #3087, #3293, #1031, .T. ) ;
#1960 = CARTESIAN_POINT ( 'NONE',  ( -33.39999999999999147, 46.60000000000000142, 51.00000000000000711 ) ) ;
#1961 = ORIENTED_EDGE ( 'NONE', *, *, #1661, .T. ) ;
#1962 = ORIENTED_EDGE ( 'NONE', *, *, #1888, .F. ) ;
#1963 = EDGE_CURVE ( 'NONE', #1068, #3087, #1298, .T. ) ;
#1964 = CARTESIAN_POINT ( 'NONE',  ( 0.000000000000000000, -55.99999999999999289, 85.00000000000000000 ) ) ;
#1965 = ORIENTED_EDGE ( 'NONE', *, *, #2161, .T. ) ;
#1966 = CARTESIAN_POINT ( 'NONE',  ( -33.39999999999997016, -50.99999999999998579, 91.00000000000000000 ) ) ;
#1967 = VERTEX_POINT ( 'NONE', #375 ) ;
#1968 = EDGE_LOOP ( 'NONE', ( #2257, #1403, #3986, #1987 ) ) ;
#1969 = FACE_OUTER_BOUND ( 'NONE', #1613, .T. ) ;
#1970 = DIRECTION ( 'NONE',  ( 0.000000000000000000, 0.000000000000000000, 1.000000000000000000 ) ) ;
#1971 = CARTESIAN_POINT ( 'NONE',  ( -50.39999999999996305, -33.59999999999996589, 0.000000000000000000 ) ) ;
#1972 = ORIENTED_EDGE ( 'NONE', *, *, #1805, .F. ) ;
#1973 = CARTESIAN_POINT ( 'NONE',  ( 0.000000000000000000, -55.99999999999999289, 5.000000000000000000 ) ) ;
#1974 = ORIENTED_EDGE ( 'NONE', *, *, #1230, .F. ) ;
#1975 = PLANE ( 'NONE',  #1537 ) ;
#1976 = CARTESIAN_POINT ( 'NONE',  ( -65.39999999999997726, -43.59999999999997300, 91.00000000000000000 ) ) ;
#1977 = CARTESIAN_POINT ( 'NONE',  ( -69.00000000000002842, -56.99999999999997158, 5.000000000000000000 ) ) ;
#1978 = ORIENTED_EDGE ( 'NONE', *, *, #574, .F. ) ;
#1979 = EDGE_CURVE ( 'NONE', #996, #2551, #3551, .T. ) ;
#1980 = CARTESIAN_POINT ( 'NONE',  ( -52.00000000000004974, 43.59999999999995879, 183.0970416646374588 ) ) ;
#1981 = VERTEX_POINT ( 'NONE', #2583 ) ;
#1982 = DIRECTION ( 'NONE',  ( 0.000000000000000000, 0.000000000000000000, 1.000000000000000000 ) ) ;
#1983 = ORIENTED_EDGE ( 'NONE', *, *, #791, .F. ) ;
#1984 = ADVANCED_FACE ( 'NONE', ( #3841 ), #1975, .F. ) ;
#1985 = FACE_OUTER_BOUND ( 'NONE', #365, .T. ) ;
#1986 = ORIENTED_EDGE ( 'NONE', *, *, #3356, .F. ) ;
#1987 = ORIENTED_EDGE ( 'NONE', *, *, #101, .F. ) ;
#1988 = LINE ( 'NONE', #1949, #308 ) ;
#1989 = LINE ( 'NONE', #3236, #238 ) ;
#1990 = DIRECTION ( 'NONE',  ( 3.469446951953611231E-16, -1.000000000000000000, 0.000000000000000000 ) ) ;
#1991 = VECTOR ( 'NONE', #1794, 1000.000000000000000 ) ;
#1992 = ORIENTED_EDGE ( 'NONE', *, *, #1280, .T. ) ;
#1993 = CARTESIAN_POINT ( 'NONE',  ( -11.00000000000000178, 50.99999999999998579, 5.000000000000000000 ) ) ;
#1994 = ORIENTED_EDGE ( 'NONE', *, *, #2384, .T. ) ;
#1995 = LINE ( 'NONE', #441, #2001 ) ;
#1996 = CARTESIAN_POINT ( 'NONE',  ( -65.39999999999999147, 46.60000000000000142, 51.00000000000000711 ) ) ;
#1997 = DIRECTION ( 'NONE',  ( -0.000000000000000000, -0.000000000000000000, -1.000000000000000000 ) ) ;
#1998 = ORIENTED_EDGE ( 'NONE', *, *, #1639, .T. ) ;
#1999 = DIRECTION ( 'NONE',  ( 1.000000000000000000, 0.000000000000000000, 0.000000000000000000 ) ) ;
#2000 = VERTEX_POINT ( 'NONE', #3570 ) ;
#2001 = VECTOR ( 'NONE', #3881, 1000.000000000000000 ) ;
#2002 = DIRECTION ( 'NONE',  ( -1.000000000000000000, -9.912705577010329247E-17, 0.000000000000000000 ) ) ;
#2003 = ORIENTED_EDGE ( 'NONE', *, *, #1689, .F. ) ;
#2004 = VECTOR ( 'NONE', #4033, 1000.000000000000000 ) ;
#2005 = VERTEX_POINT ( 'NONE', #1362 ) ;
#2006 = VECTOR ( 'NONE', #1219, 1000.000000000000000 ) ;
#2007 = EDGE_CURVE ( 'NONE', #1394, #3026, #3508, .T. ) ;
#2008 = AXIS2_PLACEMENT_3D ( 'NONE', #2727, #1832, #3078 ) ;
#2009 = ORIENTED_EDGE ( 'NONE', *, *, #2260, .T. ) ;
#2010 = PLANE ( 'NONE',  #3910 ) ;
#2011 = VECTOR ( 'NONE', #379, 1000.000000000000000 ) ;
#2012 = DIRECTION ( 'NONE',  ( -0.000000000000000000, -0.000000000000000000, 1.000000000000000000 ) ) ;
#2013 = AXIS2_PLACEMENT_3D ( 'NONE', #3417, #305, #1921 ) ;
#2014 = EDGE_CURVE ( 'NONE', #3701, #924, #2917, .T. ) ;
#2015 = DIRECTION ( 'NONE',  ( -0.000000000000000000, -0.000000000000000000, -1.000000000000000000 ) ) ;
#2016 = EDGE_CURVE ( 'NONE', #966, #1827, #3269, .T. ) ;
#2017 = ORIENTED_EDGE ( 'NONE', *, *, #3638, .T. ) ;
#2018 = DIRECTION ( 'NONE',  ( -1.000000000000000000, 0.000000000000000000, 0.000000000000000000 ) ) ;
#2019 = VERTEX_POINT ( 'NONE', #50 ) ;
#2020 = VECTOR ( 'NONE', #2084, 1000.000000000000000 ) ;
#2021 = DIRECTION ( 'NONE',  ( -7.228014483236707402E-16, -1.000000000000000000, 0.000000000000000000 ) ) ;
#2022 = VECTOR ( 'NONE', #2002, 1000.000000000000000 ) ;
#2023 = FACE_BOUND ( 'NONE', #3892, .T. ) ;
#2024 = LINE ( 'NONE', #3553, #838 ) ;
#2025 = EDGE_LOOP ( 'NONE', ( #3397, #1803, #2933, #1062, #3557, #3333, #3561, #638, #543, #769, #3623, #83, #3851, #3155, #1367, #3312, #3788, #1010, #4047, #1242 ) ) ;
#2026 = FILL_AREA_STYLE ('',( #1427 ) ) ;
#2027 = ORIENTED_EDGE ( 'NONE', *, *, #1075, .T. ) ;
#2028 = LINE ( 'NONE', #160, #509 ) ;
#2029 = ORIENTED_EDGE ( 'NONE', *, *, #573, .F. ) ;
#2030 = ORIENTED_EDGE ( 'NONE', *, *, #1361, .F. ) ;
#2031 = CARTESIAN_POINT ( 'NONE',  ( -5.000000000000012434, 51.00000000000000711, 80.00000000000000000 ) ) ;
#2032 = ADVANCED_FACE ( 'NONE', ( #2545 ), #1629, .F. ) ;
#2033 = LINE ( 'NONE', #3029, #687 ) ;
#2034 = LINE ( 'NONE', #474, #568 ) ;
#2035 = VERTEX_POINT ( 'NONE', #3485 ) ;
#2036 = CARTESIAN_POINT ( 'NONE',  ( -5.000000000000004441, 56.99999999999997868, 5.000000000000000000 ) ) ;
#2037 = VERTEX_POINT ( 'NONE', #1649 ) ;
#2038 = EDGE_CURVE ( 'NONE', #2579, #349, #741, .T. ) ;
#2039 = DIRECTION ( 'NONE',  ( -0.000000000000000000, -0.000000000000000000, -1.000000000000000000 ) ) ;
#2040 = DIRECTION ( 'NONE',  ( 2.891205793294679312E-16, 1.000000000000000000, -0.000000000000000000 ) ) ;
#2041 = PLANE ( 'NONE',  #1697 ) ;
#2042 = LINE ( 'NONE', #95, #2278 ) ;
#2043 = ORIENTED_EDGE ( 'NONE', *, *, #2805, .F. ) ;
#2044 = PLANE ( 'NONE',  #1881 ) ;
#2045 = VERTEX_POINT ( 'NONE', #2563 ) ;
#2046 = EDGE_LOOP ( 'NONE', ( #3514, #2462, #3314, #752 ) ) ;
#2047 = CARTESIAN_POINT ( 'NONE',  ( -69.00000000000002842, 50.99999999999997868, 0.000000000000000000 ) ) ;
#2048 = DIRECTION ( 'NONE',  ( -0.000000000000000000, -0.000000000000000000, -1.000000000000000000 ) ) ;
#2049 = CARTESIAN_POINT ( 'NONE',  ( -65.39999999999997726, -43.59999999999997300, 89.00000000000000000 ) ) ;
#2050 = EDGE_LOOP ( 'NONE', ( #3559, #4010, #1389, #3396 ) ) ;
#2051 = CARTESIAN_POINT ( 'NONE',  ( -29.79444872453598236, -46.59999999999997300, 9.000000000000000000 ) ) ;
#2052 = ADVANCED_FACE ( 'NONE', ( #91 ), #1338, .F. ) ;
#2053 = LINE ( 'NONE', #1729, #3831 ) ;
#2054 = FACE_OUTER_BOUND ( 'NONE', #1050, .T. ) ;
#2055 = DIRECTION ( 'NONE',  ( 0.000000000000000000, 1.000000000000000000, 0.000000000000000000 ) ) ;
#2056 = EDGE_CURVE ( 'NONE', #1677, #27, #806, .T. ) ;
#2057 = EDGE_CURVE ( 'NONE', #2447, #4051, #3900, .T. ) ;
#2058 = PRESENTATION_STYLE_ASSIGNMENT (( #3612 ) ) ;
#2059 = ORIENTED_EDGE ( 'NONE', *, *, #1453, .F. ) ;
#2060 = EDGE_CURVE ( 'NONE', #1903, #1531, #171, .T. ) ;
#2061 = CARTESIAN_POINT ( 'NONE',  ( 0.000000000000000000, 0.000000000000000000, 5.000000000000000000 ) ) ;
#2062 = ADVANCED_FACE ( 'NONE', ( #822 ), #3342, .T. ) ;
#2063 = VECTOR ( 'NONE', #3018, 1000.000000000000000 ) ;
#2064 = ORIENTED_EDGE ( 'NONE', *, *, #3515, .F. ) ;
#2065 = ORIENTED_EDGE ( 'NONE', *, *, #1177, .F. ) ;
#2066 = CARTESIAN_POINT ( 'NONE',  ( -33.40000000000012648, 43.59999999999995879, 11.00000000000001066 ) ) ;
#2067 = AXIS2_PLACEMENT_3D ( 'NONE', #282, #1244, #1516 ) ;
#2068 = PLANE ( 'NONE',  #1806 ) ;
#2069 = AXIS2_PLACEMENT_3D ( 'NONE', #2517, #1647, #1268 ) ;
#2070 = DIRECTION ( 'NONE',  ( -0.000000000000000000, -0.000000000000000000, 1.000000000000000000 ) ) ;
#2071 = ORIENTED_EDGE ( 'NONE', *, *, #2260, .F. ) ;
#2072 = CARTESIAN_POINT ( 'NONE',  ( -20.00000000000000000, 33.59999999999995168, 0.000000000000000000 ) ) ;
#2073 = VECTOR ( 'NONE', #2846, 1000.000000000000000 ) ;
#2074 = LINE ( 'NONE', #1713, #557 ) ;
#2075 = CARTESIAN_POINT ( 'NONE',  ( -65.39999999999997726, -46.59999999999998010, 51.00000000000000711 ) ) ;
#2076 = VECTOR ( 'NONE', #1088, 1000.000000000000000 ) ;
#2077 = DIRECTION ( 'NONE',  ( 5.015442563508421592E-32, -5.782411586589351722E-16, 1.000000000000000000 ) ) ;
#2078 = DIRECTION ( 'NONE',  ( 5.015442563508421592E-32, -5.782411586589351722E-16, 1.000000000000000000 ) ) ;
#2079 = VECTOR ( 'NONE', #2908, 1000.000000000000000 ) ;
#2080 = ORIENTED_EDGE ( 'NONE', *, *, #2014, .T. ) ;
#2081 = VECTOR ( 'NONE', #3512, 1000.000000000000000 ) ;
#2082 = VECTOR ( 'NONE', #1464, 1000.000000000000000 ) ;
#2083 = EDGE_CURVE ( 'NONE', #1684, #3822, #1115, .T. ) ;
#2084 = DIRECTION ( 'NONE',  ( -1.000000000000000000, -8.673617379884034239E-17, -0.000000000000000000 ) ) ;
#2085 = DIRECTION ( 'NONE',  ( -7.228014483236707402E-16, 1.000000000000000000, 0.000000000000000000 ) ) ;
#2086 = DIRECTION ( 'NONE',  ( -0.000000000000000000, -0.000000000000000000, 1.000000000000000000 ) ) ;
#2087 = ADVANCED_FACE ( 'NONE', ( #3287 ), #3324, .F. ) ;
#2088 = EDGE_CURVE ( 'NONE', #3278, #2436, #3594, .T. ) ;
#2089 = ORIENTED_EDGE ( 'NONE', *, *, #3705, .T. ) ;
#2090 = ORIENTED_EDGE ( 'NONE', *, *, #324, .T. ) ;
#2091 = DIRECTION ( 'NONE',  ( 7.228014483236707402E-16, -1.000000000000000000, -0.000000000000000000 ) ) ;
#2092 = CARTESIAN_POINT ( 'NONE',  ( -60.00000000000000000, -43.59999999999997300, 183.0970416646374588 ) ) ;
#2093 = DIRECTION ( 'NONE',  ( -0.000000000000000000, -0.000000000000000000, -1.000000000000000000 ) ) ;
#2094 = ORIENTED_EDGE ( 'NONE', *, *, #1902, .F. ) ;
#2095 = PLANE ( 'NONE',  #1098 ) ;
#2096 = DIRECTION ( 'NONE',  ( 3.469446951953611231E-16, -1.000000000000000000, 0.000000000000000000 ) ) ;
#2097 = DIRECTION ( 'NONE',  ( 1.000000000000000000, 0.000000000000000000, 0.000000000000000000 ) ) ;
#2098 = FACE_OUTER_BOUND ( 'NONE', #819, .T. ) ;
#2099 = DIRECTION ( 'NONE',  ( 1.000000000000000000, 0.000000000000000000, 0.000000000000000000 ) ) ;
#2100 = ORIENTED_EDGE ( 'NONE', *, *, #1453, .T. ) ;
#2101 = DIRECTION ( 'NONE',  ( 0.000000000000000000, -1.000000000000000000, 0.000000000000000000 ) ) ;
#2102 = CARTESIAN_POINT ( 'NONE',  ( -19.99999999999999289, -28.59999999999996945, 80.00000000000000000 ) ) ;
#2103 = DIRECTION ( 'NONE',  ( -0.000000000000000000, -0.000000000000000000, -1.000000000000000000 ) ) ;
#2104 = EDGE_CURVE ( 'NONE', #3698, #2005, #2053, .T. ) ;
#2105 = EDGE_LOOP ( 'NONE', ( #1102, #901, #4029, #761 ) ) ;
#2106 = VERTEX_POINT ( 'NONE', #517 ) ;
#2107 = FACE_OUTER_BOUND ( 'NONE', #1945, .T. ) ;
#2108 = EDGE_CURVE ( 'NONE', #494, #2362, #2668, .T. ) ;
#2109 = CARTESIAN_POINT ( 'NONE',  ( -65.39999999999997726, -43.59999999999997300, 51.00000000000000711 ) ) ;
#2110 = CARTESIAN_POINT ( 'NONE',  ( -55.39999999999997016, 28.59999999999995524, 0.000000000000000000 ) ) ;
#2111 = EDGE_CURVE ( 'NONE', #2430, #1483, #790, .T. ) ;
#2112 = ORIENTED_EDGE ( 'NONE', *, *, #648, .F. ) ;
#2113 = FACE_OUTER_BOUND ( 'NONE', #3968, .T. ) ;
#2114 = FACE_OUTER_BOUND ( 'NONE', #2050, .T. ) ;
#2115 = FACE_OUTER_BOUND ( 'NONE', #3389, .T. ) ;
#2116 = CARTESIAN_POINT ( 'NONE',  ( -65.39999999999997726, 46.59999999999995879, 89.00000000000001421 ) ) ;
#2117 = LINE ( 'NONE', #2789, #1683 ) ;
#2118 = VERTEX_POINT ( 'NONE', #1398 ) ;
#2119 = CARTESIAN_POINT ( 'NONE',  ( -65.39999999999997726, 51.00000000000000000, 40.00000000000000711 ) ) ;
#2120 = CARTESIAN_POINT ( 'NONE',  ( -55.39999999999996305, -28.59999999999996945, 85.00000000000000000 ) ) ;
#2121 = CARTESIAN_POINT ( 'NONE',  ( -65.39999999999997726, -43.59999999999997300, 49.00000000000000000 ) ) ;
#2122 = EDGE_CURVE ( 'NONE', #855, #1105, #2074, .T. ) ;
#2123 = ORIENTED_EDGE ( 'NONE', *, *, #2452, .T. ) ;
#2124 = ORIENTED_EDGE ( 'NONE', *, *, #2313, .F. ) ;
#2125 = DIRECTION ( 'NONE',  ( 0.000000000000000000, -1.000000000000000000, 0.000000000000000000 ) ) ;
#2126 = CARTESIAN_POINT ( 'NONE',  ( -33.39999999999998437, 51.00000000000000711, 11.00000000000000000 ) ) ;
#2127 = EDGE_CURVE ( 'NONE', #57, #1928, #479, .T. ) ;
#2128 = FACE_OUTER_BOUND ( 'NONE', #1672, .T. ) ;
#2129 = VECTOR ( 'NONE', #1829, 1000.000000000000000 ) ;
#2130 = ORIENTED_EDGE ( 'NONE', *, *, #432, .T. ) ;
#2131 = CARTESIAN_POINT ( 'NONE',  ( -19.99999999999999289, -28.59999999999996945, 0.000000000000000000 ) ) ;
#2132 = AXIS2_PLACEMENT_3D ( 'NONE', #3474, #3193, #3853 ) ;
#2133 = PLANE ( 'NONE',  #3369 ) ;
#2134 = EDGE_CURVE ( 'NONE', #342, #1954, #497, .T. ) ;
#2135 = DIRECTION ( 'NONE',  ( -1.000000000000000000, -8.673617379884034239E-17, -0.000000000000000000 ) ) ;
#2136 = DIRECTION ( 'NONE',  ( 1.489033026589534369E-16, -1.000000000000000000, 0.000000000000000000 ) ) ;
#2137 = CARTESIAN_POINT ( 'NONE',  ( -8.000000000000003553, -53.99999999999998579, 0.000000000000000000 ) ) ;
#2138 = CIRCLE ( 'NONE', #1942, 4.999999999999993783 ) ;
#2139 = ORIENTED_EDGE ( 'NONE', *, *, #328, .F. ) ;
#2140 = CIRCLE ( 'NONE', #1284, 1.500000000000001332 ) ;
#2141 = LINE ( 'NONE', #969, #1221 ) ;
#2142 = AXIS2_PLACEMENT_3D ( 'NONE', #1830, #3652, #1520 ) ;
#2143 = DIRECTION ( 'NONE',  ( -0.000000000000000000, -0.000000000000000000, -1.000000000000000000 ) ) ;
#2144 = VECTOR ( 'NONE', #3837, 1000.000000000000000 ) ;
#2145 = CARTESIAN_POINT ( 'NONE',  ( -5.000000000000000000, 50.99999999999999289, 5.000000000000000000 ) ) ;
#2146 = DIRECTION ( 'NONE',  ( 1.577021341797096821E-15, -1.000000000000000000, -5.782411586589351722E-16 ) ) ;
#2147 = ORIENTED_EDGE ( 'NONE', *, *, #2360, .F. ) ;
#2148 = VECTOR ( 'NONE', #1024, 1000.000000000000000 ) ;
#2149 = VECTOR ( 'NONE', #2125, 1000.000000000000000 ) ;
#2150 = ORIENTED_EDGE ( 'NONE', *, *, #3337, .T. ) ;
#2151 = EDGE_LOOP ( 'NONE', ( #59, #2212, #3601, #3748, #2139, #2957, #188, #1107 ) ) ;
#2152 = DIRECTION ( 'NONE',  ( -0.000000000000000000, -0.000000000000000000, 1.000000000000000000 ) ) ;
#2153 = VERTEX_POINT ( 'NONE', #1442 ) ;
#2154 = DIRECTION ( 'NONE',  ( 1.000000000000000000, 0.000000000000000000, 0.000000000000000000 ) ) ;
#2155 = EDGE_CURVE ( 'NONE', #3112, #3685, #1738, .T. ) ;
#2156 = LINE ( 'NONE', #3402, #2649 ) ;
#2157 = ADVANCED_BREP_SHAPE_REPRESENTATION ( 'Motor Driver Clip Shelving - Right', ( #3857, #640 ), #1883 ) ;
#2158 = CARTESIAN_POINT ( 'NONE',  ( -69.00000000000002842, 50.99999999999997868, 5.000000000000000000 ) ) ;
#2159 = CYLINDRICAL_SURFACE ( 'NONE', #3506, 1.499999999999999556 ) ;
#2160 = ORIENTED_EDGE ( 'NONE', *, *, #1038, .F. ) ;
#2161 = EDGE_CURVE ( 'NONE', #2436, #1193, #1788, .T. ) ;
#2162 = CARTESIAN_POINT ( 'NONE',  ( -50.39999999999997016, 33.59999999999995168, 0.000000000000000000 ) ) ;
#2163 = DIRECTION ( 'NONE',  ( 8.673617379884034239E-17, -1.000000000000000000, 0.000000000000000000 ) ) ;
#2164 = DIRECTION ( 'NONE',  ( -0.000000000000000000, -0.000000000000000000, -1.000000000000000000 ) ) ;
#2165 = VERTEX_POINT ( 'NONE', #2723 ) ;
#2166 = ORIENTED_EDGE ( 'NONE', *, *, #60, .F. ) ;
#2167 = LINE ( 'NONE', #1185, #2331 ) ;
#2168 = ORIENTED_EDGE ( 'NONE', *, *, #3815, .F. ) ;
#2169 = FACE_OUTER_BOUND ( 'NONE', #503, .T. ) ;
#2170 = LINE ( 'NONE', #3768, #2189 ) ;
#2171 = DIRECTION ( 'NONE',  ( -0.000000000000000000, -0.000000000000000000, -1.000000000000000000 ) ) ;
#2172 = EDGE_CURVE ( 'NONE', #3114, #2419, #3981, .T. ) ;
#2173 = EDGE_LOOP ( 'NONE', ( #3138, #1205 ) ) ;
#2174 = DIRECTION ( 'NONE',  ( 1.000000000000000000, 0.000000000000000000, 0.000000000000000000 ) ) ;
#2175 = VERTEX_POINT ( 'NONE', #864 ) ;
#2176 = DIRECTION ( 'NONE',  ( -1.000000000000000000, 0.000000000000000000, 0.000000000000000000 ) ) ;
#2177 = CARTESIAN_POINT ( 'NONE',  ( -11.00000000000000355, -56.99999999999997868, 5.000000000000000000 ) ) ;
#2178 = ADVANCED_FACE ( 'NONE', ( #2114 ), #464, .F. ) ;
#2179 = FACE_OUTER_BOUND ( 'NONE', #1139, .T. ) ;
#2180 = EDGE_CURVE ( 'NONE', #924, #3529, #575, .T. ) ;
#2181 = ORIENTED_EDGE ( 'NONE', *, *, #2288, .F. ) ;
#2182 = ADVANCED_FACE ( 'NONE', ( #269 ), #1248, .F. ) ;
#2183 = EDGE_LOOP ( 'NONE', ( #1112, #918, #1534, #2123 ) ) ;
#2184 = VECTOR ( 'NONE', #2445, 1000.000000000000000 ) ;
#2185 = CARTESIAN_POINT ( 'NONE',  ( -1.371604415045035710E-14, 56.00000000000000711, 11.00000000000000000 ) ) ;
#2186 = ORIENTED_EDGE ( 'NONE', *, *, #3660, .F. ) ;
#2187 = DIRECTION ( 'NONE',  ( -1.000000000000000000, 0.000000000000000000, 0.000000000000000000 ) ) ;
#2188 = CARTESIAN_POINT ( 'NONE',  ( -65.39999999999997726, -43.59999999999998010, 40.00000000000000000 ) ) ;
#2189 = VECTOR ( 'NONE', #2457, 1000.000000000000000 ) ;
#2190 = DIRECTION ( 'NONE',  ( -0.000000000000000000, -0.000000000000000000, -1.000000000000000000 ) ) ;
#2191 = ORIENTED_EDGE ( 'NONE', *, *, #190, .T. ) ;
#2192 = DIRECTION ( 'NONE',  ( -1.000000000000000000, 0.000000000000000000, 0.000000000000000000 ) ) ;
#2193 = ORIENTED_EDGE ( 'NONE', *, *, #2007, .T. ) ;
#2194 = AXIS2_PLACEMENT_3D ( 'NONE', #2255, #1645, #1596 ) ;
#2195 = LINE ( 'NONE', #1870, #4034 ) ;
#2196 = DIRECTION ( 'NONE',  ( -0.000000000000000000, -0.000000000000000000, 1.000000000000000000 ) ) ;
#2197 = DIRECTION ( 'NONE',  ( -0.000000000000000000, -0.000000000000000000, 1.000000000000000000 ) ) ;
#2198 = CIRCLE ( 'NONE', #3261, 1.500000000000001332 ) ;
#2199 = CIRCLE ( 'NONE', #2588, 1.500000000000001332 ) ;
#2200 = CARTESIAN_POINT ( 'NONE',  ( -29.79444872453598236, -46.59999999999997300, 49.00000000000000000 ) ) ;
#2201 = EDGE_CURVE ( 'NONE', #3398, #1704, #3093, .T. ) ;
#2202 = VECTOR ( 'NONE', #2171, 1000.000000000000000 ) ;
#2203 = VECTOR ( 'NONE', #3624, 1000.000000000000000 ) ;
#2204 = ORIENTED_EDGE ( 'NONE', *, *, #2632, .F. ) ;
#2205 = DIRECTION ( 'NONE',  ( -0.000000000000000000, -1.000000000000000000, -0.000000000000000000 ) ) ;
#2206 = VECTOR ( 'NONE', #144, 1000.000000000000000 ) ;
#2207 = ORIENTED_EDGE ( 'NONE', *, *, #1510, .T. ) ;
#2208 = CIRCLE ( 'NONE', #1426, 4.999999999999993783 ) ;
#2209 = EDGE_CURVE ( 'NONE', #2860, #3911, #1208, .T. ) ;
#2210 = AXIS2_PLACEMENT_3D ( 'NONE', #2264, #3739, #706 ) ;
#2211 = DIRECTION ( 'NONE',  ( -0.000000000000000000, 1.000000000000000000, 0.000000000000000000 ) ) ;
#2212 = ORIENTED_EDGE ( 'NONE', *, *, #2083, .F. ) ;
#2213 = ORIENTED_EDGE ( 'NONE', *, *, #2651, .F. ) ;
#2214 = DIRECTION ( 'NONE',  ( -0.000000000000000000, -0.000000000000000000, 1.000000000000000000 ) ) ;
#2215 = CARTESIAN_POINT ( 'NONE',  ( -11.00000000000000178, 50.99999999999998579, 5.000000000000000000 ) ) ;
#2216 = PLANE ( 'NONE',  #629 ) ;
#2217 = VERTEX_POINT ( 'NONE', #1189 ) ;
#2218 = CARTESIAN_POINT ( 'NONE',  ( -75.00000000000004263, 56.99999999999997158, 5.000000000000000000 ) ) ;
#2219 = EDGE_LOOP ( 'NONE', ( #2782, #2990 ) ) ;
#2220 = CARTESIAN_POINT ( 'NONE',  ( -50.39999999999996305, -28.59999999999996945, 45.00000000000000000 ) ) ;
#2221 = DIRECTION ( 'NONE',  ( -1.000000000000000000, 0.000000000000000000, -0.000000000000000000 ) ) ;
#2222 = CARTESIAN_POINT ( 'NONE',  ( -33.39999999999997726, -46.59999999999998010, 51.00000000000000711 ) ) ;
#2223 = DIRECTION ( 'NONE',  ( -0.000000000000000000, -0.000000000000000000, 1.000000000000000000 ) ) ;
#2224 = ORIENTED_EDGE ( 'NONE', *, *, #3840, .F. ) ;
#2225 = EDGE_CURVE ( 'NONE', #318, #3701, #254, .T. ) ;
#2226 = VERTEX_POINT ( 'NONE', #3361 ) ;
#2227 = CARTESIAN_POINT ( 'NONE',  ( -15.00000000000000533, 28.59999999999995524, 45.00000000000000000 ) ) ;
#2228 = EDGE_CURVE ( 'NONE', #1954, #2611, #1275, .T. ) ;
#2229 = EDGE_LOOP ( 'NONE', ( #1598, #1328 ) ) ;
#2230 = DIRECTION ( 'NONE',  ( -3.854941057726234153E-16, -1.000000000000000000, 0.000000000000000000 ) ) ;
#2231 = ORIENTED_EDGE ( 'NONE', *, *, #2122, .F. ) ;
#2232 = EDGE_CURVE ( 'NONE', #2239, #2045, #2170, .T. ) ;
#2233 = ORIENTED_EDGE ( 'NONE', *, *, #1780, .F. ) ;
#2234 = DIRECTION ( 'NONE',  ( 0.000000000000000000, 0.000000000000000000, -1.000000000000000000 ) ) ;
#2235 = CARTESIAN_POINT ( 'NONE',  ( -15.00000000000000533, 28.59999999999995524, 85.00000000000000000 ) ) ;
#2236 = EDGE_CURVE ( 'NONE', #387, #3278, #1845, .T. ) ;
#2237 = CARTESIAN_POINT ( 'NONE',  ( -5.000000000000030198, -51.50000000000000711, 11.00000000000000000 ) ) ;
#2238 = EDGE_CURVE ( 'NONE', #35, #1903, #3110, .T. ) ;
#2239 = VERTEX_POINT ( 'NONE', #2188 ) ;
#2240 = DIRECTION ( 'NONE',  ( -0.000000000000000000, -0.000000000000000000, -1.000000000000000000 ) ) ;
#2241 = ORIENTED_EDGE ( 'NONE', *, *, #2552, .T. ) ;
#2242 = DIRECTION ( 'NONE',  ( -0.000000000000000000, -1.000000000000000000, -0.000000000000000000 ) ) ;
#2243 = CARTESIAN_POINT ( 'NONE',  ( -5.000000000000014211, 51.50000000000000711, 11.00000000000000000 ) ) ;
#2244 = CARTESIAN_POINT ( 'NONE',  ( -60.00000000000005684, -50.99999999999998579, 143.0970416646374872 ) ) ;
#2245 = CARTESIAN_POINT ( 'NONE',  ( 0.000000000000000000, -55.99999999999999289, 80.00000000000000000 ) ) ;
#2246 = ORIENTED_EDGE ( 'NONE', *, *, #1761, .F. ) ;
#2247 = ORIENTED_EDGE ( 'NONE', *, *, #858, .F. ) ;
#2248 = DIRECTION ( 'NONE',  ( -8.673617379884034239E-17, 1.000000000000000000, 0.000000000000000000 ) ) ;
#2249 = VERTEX_POINT ( 'NONE', #1560 ) ;
#2250 = DIRECTION ( 'NONE',  ( -0.000000000000000000, -0.000000000000000000, -1.000000000000000000 ) ) ;
#2251 = ORIENTED_EDGE ( 'NONE', *, *, #2912, .F. ) ;
#2252 = ORIENTED_EDGE ( 'NONE', *, *, #730, .F. ) ;
#2253 = FACE_OUTER_BOUND ( 'NONE', #2822, .T. ) ;
#2254 = ADVANCED_FACE ( 'NONE', ( #2825 ), #2133, .F. ) ;
#2255 = CARTESIAN_POINT ( 'NONE',  ( -5.000000000000004441, -56.99999999999997868, 5.000000000000000000 ) ) ;
#2256 = PLANE ( 'NONE',  #1820 ) ;
#2257 = ORIENTED_EDGE ( 'NONE', *, *, #2283, .F. ) ;
#2258 = DIRECTION ( 'NONE',  ( -0.000000000000000000, 0.000000000000000000, -1.000000000000000000 ) ) ;
#2259 = ORIENTED_EDGE ( 'NONE', *, *, #275, .F. ) ;
#2260 = EDGE_CURVE ( 'NONE', #566, #2551, #592, .T. ) ;
#2261 = VECTOR ( 'NONE', #3532, 1000.000000000000000 ) ;
#2262 = DIRECTION ( 'NONE',  ( -1.000000000000000000, -8.673617379884034239E-17, -0.000000000000000000 ) ) ;
#2263 = DIRECTION ( 'NONE',  ( -0.000000000000000000, -0.000000000000000000, -1.000000000000000000 ) ) ;
#2264 = CARTESIAN_POINT ( 'NONE',  ( -72.00000000000004263, -53.99999999999998579, 0.000000000000000000 ) ) ;
#2265 = VECTOR ( 'NONE', #3645, 1000.000000000000000 ) ;
#2266 = VERTEX_POINT ( 'NONE', #2808 ) ;
#2267 = EDGE_LOOP ( 'NONE', ( #1701, #1295, #2663, #3320 ) ) ;
#2268 = LINE ( 'NONE', #58, #834 ) ;
#2269 = ORIENTED_EDGE ( 'NONE', *, *, #529, .F. ) ;
#2270 = VECTOR ( 'NONE', #2135, 1000.000000000000000 ) ;
#2271 = CARTESIAN_POINT ( 'NONE',  ( 0.000000000000000000, 0.000000000000000000, 11.00000000000000000 ) ) ;
#2272 = EDGE_LOOP ( 'NONE', ( #2289, #606, #2603, #2690 ) ) ;
#2273 = AXIS2_PLACEMENT_3D ( 'NONE', #1637, #3190, #1304 ) ;
#2274 = VECTOR ( 'NONE', #3260, 1000.000000000000000 ) ;
#2275 = ORIENTED_EDGE ( 'NONE', *, *, #2448, .T. ) ;
#2276 = CARTESIAN_POINT ( 'NONE',  ( -29.79444872453598236, -43.59999999999997300, 91.00000000000000000 ) ) ;
#2277 = VECTOR ( 'NONE', #3411, 1000.000000000000000 ) ;
#2278 = VECTOR ( 'NONE', #1118, 1000.000000000000000 ) ;
#2279 = PLANE ( 'NONE',  #821 ) ;
#2280 = CARTESIAN_POINT ( 'NONE',  ( -60.00000000000000000, -43.59999999999997300, 51.00000000000000711 ) ) ;
#2281 = ORIENTED_EDGE ( 'NONE', *, *, #3515, .T. ) ;
#2282 = LINE ( 'NONE', #2664, #2395 ) ;
#2283 = EDGE_CURVE ( 'NONE', #3112, #2566, #2495, .T. ) ;
#2284 = ORIENTED_EDGE ( 'NONE', *, *, #1327, .T. ) ;
#2285 = LINE ( 'NONE', #2322, #2582 ) ;
#2286 = CARTESIAN_POINT ( 'NONE',  ( -5.510910596163077723E-16, -51.50000000000000711, 45.00000000000000000 ) ) ;
#2287 = FACE_OUTER_BOUND ( 'NONE', #1198, .T. ) ;
#2288 = EDGE_CURVE ( 'NONE', #14, #2153, #2156, .T. ) ;
#2289 = ORIENTED_EDGE ( 'NONE', *, *, #1331, .F. ) ;
#2290 = CARTESIAN_POINT ( 'NONE',  ( -5.000000000000014211, 51.50000000000000711, 85.00000000000000000 ) ) ;
#2291 = DIRECTION ( 'NONE',  ( 1.000000000000000000, 1.819640009765883753E-16, 0.000000000000000000 ) ) ;
#2292 = DIRECTION ( 'NONE',  ( 0.000000000000000000, -0.000000000000000000, 1.000000000000000000 ) ) ;
#2293 = ORIENTED_EDGE ( 'NONE', *, *, #3088, .T. ) ;
#2294 = DIRECTION ( 'NONE',  ( -0.000000000000000000, -1.000000000000000000, -0.000000000000000000 ) ) ;
#2295 = ORIENTED_EDGE ( 'NONE', *, *, #1106, .F. ) ;
#2296 = EDGE_LOOP ( 'NONE', ( #840, #738, #8, #2802, #850, #3132, #2874, #1992, #2247, #1721 ) ) ;
#2297 = CARTESIAN_POINT ( 'NONE',  ( -15.00000000000000355, 28.59999999999995524, 0.000000000000000000 ) ) ;
#2298 = DIRECTION ( 'NONE',  ( -0.000000000000000000, -0.000000000000000000, 1.000000000000000000 ) ) ;
#2299 = DIRECTION ( 'NONE',  ( 0.000000000000000000, 0.000000000000000000, -1.000000000000000000 ) ) ;
#2300 = ORIENTED_EDGE ( 'NONE', *, *, #2402, .F. ) ;
#2301 = CARTESIAN_POINT ( 'NONE',  ( -5.000000000000012434, 51.00000000000000711, 0.000000000000000000 ) ) ;
#2302 = EDGE_LOOP ( 'NONE', ( #660, #3458, #2269, #3723 ) ) ;
#2303 = CARTESIAN_POINT ( 'NONE',  ( 0.000000000000000000, 0.000000000000000000, 91.00000000000000000 ) ) ;
#2304 = CARTESIAN_POINT ( 'NONE',  ( -19.99999999999999289, -28.59999999999996945, 0.000000000000000000 ) ) ;
#2305 = CARTESIAN_POINT ( 'NONE',  ( -65.39999999999997726, 51.00000000000000000, 11.00000000000000000 ) ) ;
#2306 = ORIENTED_EDGE ( 'NONE', *, *, #456, .T. ) ;
#2307 = EDGE_CURVE ( 'NONE', #1408, #3640, #938, .T. ) ;
#2308 = LINE ( 'NONE', #3886, #448 ) ;
#2309 = VERTEX_POINT ( 'NONE', #4018 ) ;
#2310 = DIRECTION ( 'NONE',  ( -0.000000000000000000, -0.000000000000000000, 1.000000000000000000 ) ) ;
#2311 = ORIENTED_EDGE ( 'NONE', *, *, #3211, .T. ) ;
#2312 = ADVANCED_FACE ( 'NONE', ( #1536 ), #1265, .F. ) ;
#2313 = EDGE_CURVE ( 'NONE', #733, #2000, #22, .T. ) ;
#2314 = ORIENTED_EDGE ( 'NONE', *, *, #1766, .T. ) ;
#2315 = ORIENTED_EDGE ( 'NONE', *, *, #2809, .F. ) ;
#2316 = LINE ( 'NONE', #2575, #3846 ) ;
#2317 = DIRECTION ( 'NONE',  ( 1.000000000000000000, 8.673617379884034239E-17, 0.000000000000000000 ) ) ;
#2318 = LINE ( 'NONE', #1002, #3775 ) ;
#2319 = EDGE_LOOP ( 'NONE', ( #2259, #1133, #360, #1144 ) ) ;
#2320 = CARTESIAN_POINT ( 'NONE',  ( 0.000000000000000000, 0.000000000000000000, 11.00000000000000000 ) ) ;
#2321 = VERTEX_POINT ( 'NONE', #3058 ) ;
#2322 = CARTESIAN_POINT ( 'NONE',  ( -19.99999999999999289, -33.59999999999996589, 0.000000000000000000 ) ) ;
#2323 = CARTESIAN_POINT ( 'NONE',  ( 0.000000000000000000, 0.000000000000000000, 5.000000000000000000 ) ) ;
#2324 = DIRECTION ( 'NONE',  ( 0.000000000000000000, 0.000000000000000000, -1.000000000000000000 ) ) ;
#2325 = ORIENTED_EDGE ( 'NONE', *, *, #3304, .F. ) ;
#2326 = DIRECTION ( 'NONE',  ( -0.000000000000000000, 0.000000000000000000, -1.000000000000000000 ) ) ;
#2327 = ORIENTED_EDGE ( 'NONE', *, *, #501, .T. ) ;
#2328 = VECTOR ( 'NONE', #2176, 1000.000000000000000 ) ;
#2329 = DIRECTION ( 'NONE',  ( -0.000000000000000000, 0.000000000000000000, 1.000000000000000000 ) ) ;
#2330 = EDGE_CURVE ( 'NONE', #683, #119, #2744, .T. ) ;
#2331 = VECTOR ( 'NONE', #322, 1000.000000000000000 ) ;
#2332 = ORIENTED_EDGE ( 'NONE', *, *, #3539, .F. ) ;
#2333 = VECTOR ( 'NONE', #28, 1000.000000000000000 ) ;
#2334 = EDGE_CURVE ( 'NONE', #1045, #4031, #3964, .T. ) ;
#2335 = VECTOR ( 'NONE', #2561, 1000.000000000000000 ) ;
#2336 = ORIENTED_EDGE ( 'NONE', *, *, #2612, .F. ) ;
#2337 = CARTESIAN_POINT ( 'NONE',  ( -75.00000000000000000, 51.00000000000000000, 51.00000000000000711 ) ) ;
#2338 = ADVANCED_FACE ( 'NONE', ( #695 ), #2576, .F. ) ;
#2339 = AXIS2_PLACEMENT_3D ( 'NONE', #2304, #2979, #2584 ) ;
#2340 = LINE ( 'NONE', #473, #2265 ) ;
#2341 = VECTOR ( 'NONE', #2455, 1000.000000000000000 ) ;
#2342 = DIRECTION ( 'NONE',  ( 0.000000000000000000, -0.000000000000000000, 1.000000000000000000 ) ) ;
#2343 = ORIENTED_EDGE ( 'NONE', *, *, #529, .T. ) ;
#2344 = CARTESIAN_POINT ( 'NONE',  ( -33.39999999999997726, -46.59999999999998010, 11.00000000000000000 ) ) ;
#2345 = ORIENTED_EDGE ( 'NONE', *, *, #2433, .F. ) ;
#2346 = VECTOR ( 'NONE', #1826, 1000.000000000000000 ) ;
#2347 = DIRECTION ( 'NONE',  ( 1.000000000000000000, 3.469446951953611724E-16, -0.000000000000000000 ) ) ;
#2348 = DIRECTION ( 'NONE',  ( 0.000000000000000000, -1.000000000000000000, 0.000000000000000000 ) ) ;
#2349 = LINE ( 'NONE', #3596, #1363 ) ;
#2350 = DIRECTION ( 'NONE',  ( 0.000000000000000000, 1.000000000000000000, 0.000000000000000000 ) ) ;
#2351 = ORIENTED_EDGE ( 'NONE', *, *, #672, .T. ) ;
#2352 = DIRECTION ( 'NONE',  ( -0.000000000000000000, -0.000000000000000000, -1.000000000000000000 ) ) ;
#2353 = DIRECTION ( 'NONE',  ( -1.000000000000000000, 0.000000000000000000, 0.000000000000000000 ) ) ;
#2354 = ORIENTED_EDGE ( 'NONE', *, *, #3660, .T. ) ;
#2355 = ADVANCED_FACE ( 'NONE', ( #86 ), #1330, .T. ) ;
#2356 = ORIENTED_EDGE ( 'NONE', *, *, #2843, .T. ) ;
#2357 = DIRECTION ( 'NONE',  ( 2.891205793294679312E-16, 1.000000000000000000, -0.000000000000000000 ) ) ;
#2358 = CARTESIAN_POINT ( 'NONE',  ( -5.000000000000012434, 51.00000000000000711, 80.00000000000000000 ) ) ;
#2359 = ADVANCED_FACE ( 'NONE', ( #2844 ), #2279, .F. ) ;
#2360 = EDGE_CURVE ( 'NONE', #1187, #3199, #1662, .T. ) ;
#2361 = CARTESIAN_POINT ( 'NONE',  ( -65.39999999999999147, 46.60000000000000142, 11.00000000000000000 ) ) ;
#2362 = VERTEX_POINT ( 'NONE', #673 ) ;
#2363 = LINE ( 'NONE', #2976, #3109 ) ;
#2364 = ADVANCED_FACE ( 'NONE', ( #655 ), #2909, .F. ) ;
#2365 = DIRECTION ( 'NONE',  ( -1.000000000000000000, -0.000000000000000000, -0.000000000000000000 ) ) ;
#2366 = EDGE_CURVE ( 'NONE', #916, #1309, #1023, .T. ) ;
#2367 = CARTESIAN_POINT ( 'NONE',  ( 0.000000000000000000, -33.59999999999996589, 45.00000000000000000 ) ) ;
#2368 = CARTESIAN_POINT ( 'NONE',  ( -5.000000000000000000, -50.99999999999999289, 40.00000000000000000 ) ) ;
#2369 = CARTESIAN_POINT ( 'NONE',  ( -5.000000000000014211, 56.00000000000000711, 5.000000000000000000 ) ) ;
#2370 = DIRECTION ( 'NONE',  ( -0.000000000000000000, -0.000000000000000000, 1.000000000000000000 ) ) ;
#2371 = DIRECTION ( 'NONE',  ( -0.000000000000000000, -1.000000000000000000, -0.000000000000000000 ) ) ;
#2372 = ORIENTED_EDGE ( 'NONE', *, *, #3782, .T. ) ;
#2373 = ORIENTED_EDGE ( 'NONE', *, *, #1079, .T. ) ;
#2374 = LINE ( 'NONE', #1167, #121 ) ;
#2375 = DIRECTION ( 'NONE',  ( 8.673617379884034239E-17, -1.000000000000000000, 0.000000000000000000 ) ) ;
#2376 = DIRECTION ( 'NONE',  ( -1.000000000000000000, 0.000000000000000000, 0.000000000000000000 ) ) ;
#2377 = ORIENTED_EDGE ( 'NONE', *, *, #3929, .T. ) ;
#2378 = FACE_OUTER_BOUND ( 'NONE', #3233, .T. ) ;
#2379 = EDGE_CURVE ( 'NONE', #2175, #281, #3858, .T. ) ;
#2380 = CARTESIAN_POINT ( 'NONE',  ( -29.79444872453598236, 43.59999999999995879, 51.00000000000000711 ) ) ;
#2381 = DIRECTION ( 'NONE',  ( -1.000000000000000000, 0.000000000000000000, 0.000000000000000000 ) ) ;
#2382 = DIRECTION ( 'NONE',  ( 0.000000000000000000, -1.000000000000000000, 0.000000000000000000 ) ) ;
#2383 = ORIENTED_EDGE ( 'NONE', *, *, #2912, .T. ) ;
#2384 = EDGE_CURVE ( 'NONE', #837, #3238, #1989, .T. ) ;
#2385 = CARTESIAN_POINT ( 'NONE',  ( -65.39999999999997726, -46.59999999999998010, 45.00000000000000000 ) ) ;
#2386 = LINE ( 'NONE', #2770, #3951 ) ;
#2387 = DIRECTION ( 'NONE',  ( -0.000000000000000000, -0.000000000000000000, -1.000000000000000000 ) ) ;
#2388 = AXIS2_PLACEMENT_3D ( 'NONE', #2961, #2643, #635 ) ;
#2389 = ORIENTED_EDGE ( 'NONE', *, *, #3256, .T. ) ;
#2390 = VERTEX_POINT ( 'NONE', #2870 ) ;
#2391 = DIRECTION ( 'NONE',  ( 0.000000000000000000, -1.000000000000000000, 0.000000000000000000 ) ) ;
#2392 = VECTOR ( 'NONE', #1438, 1000.000000000000000 ) ;
#2393 = CARTESIAN_POINT ( 'NONE',  ( -65.39999999999997726, 46.59999999999995879, 49.00000000000001421 ) ) ;
#2394 = VECTOR ( 'NONE', #618, 1000.000000000000000 ) ;
#2395 = VECTOR ( 'NONE', #804, 1000.000000000000000 ) ;
#2396 = CARTESIAN_POINT ( 'NONE',  ( -5.000000000000000000, -55.99999999999999289, 5.000000000000000000 ) ) ;
#2397 = ORIENTED_EDGE ( 'NONE', *, *, #2734, .F. ) ;
#2398 = DIRECTION ( 'NONE',  ( -3.469446951953611724E-16, 1.000000000000000000, 0.000000000000000000 ) ) ;
#2399 = VECTOR ( 'NONE', #2348, 1000.000000000000000 ) ;
#2400 = CARTESIAN_POINT ( 'NONE',  ( -50.39999999999997016, 28.59999999999995524, 0.000000000000000000 ) ) ;
#2401 = CARTESIAN_POINT ( 'NONE',  ( -60.00000000000005684, -43.59999999999997300, 11.00000000000000000 ) ) ;
#2402 = EDGE_CURVE ( 'NONE', #1341, #382, #1354, .T. ) ;
#2403 = VECTOR ( 'NONE', #1498, 1000.000000000000000 ) ;
#2404 = DIRECTION ( 'NONE',  ( 0.000000000000000000, 0.000000000000000000, -1.000000000000000000 ) ) ;
#2405 = DIRECTION ( 'NONE',  ( 0.000000000000000000, -0.000000000000000000, 1.000000000000000000 ) ) ;
#2406 = VECTOR ( 'NONE', #2556, 1000.000000000000000 ) ;
#2407 = VERTEX_POINT ( 'NONE', #67 ) ;
#2408 = VECTOR ( 'NONE', #2585, 1000.000000000000000 ) ;
#2409 = VECTOR ( 'NONE', #178, 1000.000000000000000 ) ;
#2410 = LINE ( 'NONE', #3366, #900 ) ;
#2411 = CARTESIAN_POINT ( 'NONE',  ( -29.79444872453598236, -43.59999999999997300, 51.00000000000000711 ) ) ;
#2412 = EDGE_CURVE ( 'NONE', #281, #856, #3500, .T. ) ;
#2413 = LINE ( 'NONE', #3349, #4043 ) ;
#2414 = ORIENTED_EDGE ( 'NONE', *, *, #3235, .F. ) ;
#2415 = ORIENTED_EDGE ( 'NONE', *, *, #3088, .F. ) ;
#2416 = CARTESIAN_POINT ( 'NONE',  ( -50.39999999999997016, 33.59999999999995168, 0.000000000000000000 ) ) ;
#2417 = CARTESIAN_POINT ( 'NONE',  ( -52.00000000000004974, 51.00000000000000711, 143.0970416646374872 ) ) ;
#2418 = DIRECTION ( 'NONE',  ( -1.213093339843922584E-16, 1.000000000000000000, 0.000000000000000000 ) ) ;
#2419 = VERTEX_POINT ( 'NONE', #2235 ) ;
#2420 = CARTESIAN_POINT ( 'NONE',  ( -20.00000000000000000, 33.59999999999995168, 0.000000000000000000 ) ) ;
#2421 = CARTESIAN_POINT ( 'NONE',  ( -15.00000000000000533, 28.59999999999995524, 0.000000000000000000 ) ) ;
#2422 = CARTESIAN_POINT ( 'NONE',  ( -33.39999999999997016, -50.99999999999998579, 11.00000000000000000 ) ) ;
#2423 = DIRECTION ( 'NONE',  ( 1.489033026589534369E-16, -1.000000000000000000, 0.000000000000000000 ) ) ;
#2424 = EDGE_LOOP ( 'NONE', ( #1948, #3069, #1740, #953 ) ) ;
#2425 = CARTESIAN_POINT ( 'NONE',  ( -5.000000000000004441, -56.99999999999997868, 0.000000000000000000 ) ) ;
#2426 = CARTESIAN_POINT ( 'NONE',  ( -33.39999999999998437, -43.59999999999997300, 89.00000000000000000 ) ) ;
#2427 = CARTESIAN_POINT ( 'NONE',  ( -50.39999999999997016, 28.59999999999995524, 45.00000000000000000 ) ) ;
#2428 = ADVANCED_FACE ( 'NONE', ( #105 ), #3217, .F. ) ;
#2429 = ORIENTED_EDGE ( 'NONE', *, *, #2225, .F. ) ;
#2430 = VERTEX_POINT ( 'NONE', #1687 ) ;
#2431 = LINE ( 'NONE', #3680, #2149 ) ;
#2432 = ADVANCED_FACE ( 'NONE', ( #411 ), #2938, .T. ) ;
#2433 = EDGE_CURVE ( 'NONE', #1967, #1153, #3876, .T. ) ;
#2434 = DIRECTION ( 'NONE',  ( 1.000000000000000000, 0.000000000000000000, 0.000000000000000000 ) ) ;
#2435 = DIRECTION ( 'NONE',  ( 0.000000000000000000, 1.000000000000000000, 0.000000000000000000 ) ) ;
#2436 = VERTEX_POINT ( 'NONE', #1311 ) ;
#2437 = CARTESIAN_POINT ( 'NONE',  ( -33.39999999999998437, 51.00000000000000711, 45.00000000000000000 ) ) ;
#2438 = DIRECTION ( 'NONE',  ( -1.000000000000000000, 0.000000000000000000, 0.000000000000000000 ) ) ;
#2439 = CARTESIAN_POINT ( 'NONE',  ( -33.39999999999998437, 51.00000000000000711, 11.00000000000000000 ) ) ;
#2440 = VECTOR ( 'NONE', #2370, 1000.000000000000000 ) ;
#2441 = FACE_OUTER_BOUND ( 'NONE', #152, .T. ) ;
#2442 = LINE ( 'NONE', #1150, #1093 ) ;
#2443 = ORIENTED_EDGE ( 'NONE', *, *, #1177, .T. ) ;
#2444 = DIRECTION ( 'NONE',  ( -1.000000000000000000, 0.000000000000000000, 0.000000000000000000 ) ) ;
#2445 = DIRECTION ( 'NONE',  ( 1.000000000000000000, 0.000000000000000000, 0.000000000000000000 ) ) ;
#2446 = CARTESIAN_POINT ( 'NONE',  ( -5.000000000000014211, 56.00000000000000711, 85.00000000000000000 ) ) ;
#2447 = VERTEX_POINT ( 'NONE', #3461 ) ;
#2448 = EDGE_CURVE ( 'NONE', #1547, #3143, #3151, .T. ) ;
#2449 = ORIENTED_EDGE ( 'NONE', *, *, #2473, .T. ) ;
#2450 = VECTOR ( 'NONE', #3955, 1000.000000000000000 ) ;
#2451 = CARTESIAN_POINT ( 'NONE',  ( -1.371604415045035710E-14, 56.00000000000000711, 5.000000000000000000 ) ) ;
#2452 = EDGE_CURVE ( 'NONE', #2019, #3295, #1724, .T. ) ;
#2453 = VECTOR ( 'NONE', #1324, 1000.000000000000000 ) ;
#2454 = EDGE_LOOP ( 'NONE', ( #3494, #2150, #2510, #3255 ) ) ;
#2455 = DIRECTION ( 'NONE',  ( -1.000000000000000000, -8.673617379884034239E-17, -0.000000000000000000 ) ) ;
#2456 = VECTOR ( 'NONE', #1747, 1000.000000000000000 ) ;
#2457 = DIRECTION ( 'NONE',  ( 1.000000000000000000, 0.000000000000000000, 0.000000000000000000 ) ) ;
#2458 = CARTESIAN_POINT ( 'NONE',  ( -5.000000000000000000, -55.99999999999999289, 45.00000000000000000 ) ) ;
#2459 = CARTESIAN_POINT ( 'NONE',  ( -19.99999999999999289, -33.59999999999996589, 40.00000000000000000 ) ) ;
#2460 = CYLINDRICAL_SURFACE ( 'NONE', #3437, 4.999999999999997335 ) ;
#2461 = AXIS2_PLACEMENT_3D ( 'NONE', #3077, #2382, #1480 ) ;
#2462 = ORIENTED_EDGE ( 'NONE', *, *, #306, .F. ) ;
#2463 = DIRECTION ( 'NONE',  ( 1.577021341797097018E-15, 1.000000000000000000, -0.000000000000000000 ) ) ;
#2464 = AXIS2_PLACEMENT_3D ( 'NONE', #1586, #316, #1255 ) ;
#2465 = LINE ( 'NONE', #502, #1033 ) ;
#2466 = VECTOR ( 'NONE', #1660, 1000.000000000000000 ) ;
#2467 = CARTESIAN_POINT ( 'NONE',  ( -11.00000000000000178, 50.99999999999998579, 0.000000000000000000 ) ) ;
#2468 = CARTESIAN_POINT ( 'NONE',  ( -60.00000000000005684, -43.59999999999997300, 11.00000000000000000 ) ) ;
#2469 = AXIS2_PLACEMENT_3D ( 'NONE', #1281, #993, #1041 ) ;
#2470 = AXIS2_PLACEMENT_3D ( 'NONE', #3537, #1999, #3597 ) ;
#2471 = ORIENTED_EDGE ( 'NONE', *, *, #3813, .F. ) ;
#2472 = EDGE_LOOP ( 'NONE', ( #2940, #2397, #666, #744, #3011, #3554 ) ) ;
#2473 = EDGE_CURVE ( 'NONE', #2704, #2860, #2955, .T. ) ;
#2474 = CARTESIAN_POINT ( 'NONE',  ( -5.000000000000000000, -55.99999999999999289, 5.000000000000000000 ) ) ;
#2475 = ORIENTED_EDGE ( 'NONE', *, *, #2104, .F. ) ;
#2476 = CARTESIAN_POINT ( 'NONE',  ( 0.000000000000000000, 0.000000000000000000, 80.00000000000000000 ) ) ;
#2477 = EDGE_CURVE ( 'NONE', #3378, #2019, #3014, .T. ) ;
#2478 = DIRECTION ( 'NONE',  ( -0.000000000000000000, -0.000000000000000000, -1.000000000000000000 ) ) ;
#2479 = FACE_OUTER_BOUND ( 'NONE', #3490, .T. ) ;
#2480 = VERTEX_POINT ( 'NONE', #1743 ) ;
#2481 = CARTESIAN_POINT ( 'NONE',  ( -8.000000000000017764, 53.99999999999998579, 5.000000000000000000 ) ) ;
#2482 = ORIENTED_EDGE ( 'NONE', *, *, #229, .F. ) ;
#2483 = EDGE_CURVE ( 'NONE', #3359, #3398, #2340, .T. ) ;
#2484 = EDGE_CURVE ( 'NONE', #3640, #438, #2996, .T. ) ;
#2485 = CARTESIAN_POINT ( 'NONE',  ( -33.39999999999998437, -43.59999999999997300, 11.00000000000000000 ) ) ;
#2486 =( NAMED_UNIT ( * ) PLANE_ANGLE_UNIT ( ) SI_UNIT ( $, .RADIAN. ) );
#2487 = FACE_OUTER_BOUND ( 'NONE', #1709, .T. ) ;
#2488 = LINE ( 'NONE', #3843, #2922 ) ;
#2489 = ORIENTED_EDGE ( 'NONE', *, *, #3030, .T. ) ;
#2490 = ORIENTED_EDGE ( 'NONE', *, *, #3937, .T. ) ;
#2491 = ORIENTED_EDGE ( 'NONE', *, *, #1850, .T. ) ;
#2492 = DIRECTION ( 'NONE',  ( 1.000000000000000000, 0.000000000000000000, 0.000000000000000000 ) ) ;
#2493 = VERTEX_POINT ( 'NONE', #3894 ) ;
#2494 = DIRECTION ( 'NONE',  ( -1.000000000000000000, 0.000000000000000000, 0.000000000000000000 ) ) ;
#2495 = LINE ( 'NONE', #905, #2129 ) ;
#2496 = CARTESIAN_POINT ( 'NONE',  ( -19.99999999999999289, -33.59999999999996589, 5.000000000000000000 ) ) ;
#2497 = EDGE_LOOP ( 'NONE', ( #713, #419, #2966, #909 ) ) ;
#2498 = DIRECTION ( 'NONE',  ( 1.819640009765883753E-16, -1.000000000000000000, 0.000000000000000000 ) ) ;
#2499 = EDGE_CURVE ( 'NONE', #3091, #3165, #3588, .T. ) ;
#2500 = VERTEX_POINT ( 'NONE', #192 ) ;
#2501 = DIRECTION ( 'NONE',  ( -1.000000000000000000, 0.000000000000000000, 0.000000000000000000 ) ) ;
#2502 = DIRECTION ( 'NONE',  ( 0.000000000000000000, 0.000000000000000000, -1.000000000000000000 ) ) ;
#2503 = DIRECTION ( 'NONE',  ( -1.000000000000000000, 0.000000000000000000, 0.000000000000000000 ) ) ;
#2504 = DIRECTION ( 'NONE',  ( 0.000000000000000000, -0.000000000000000000, -1.000000000000000000 ) ) ;
#2505 = EDGE_CURVE ( 'NONE', #1981, #3598, #1392, .T. ) ;
#2506 = ORIENTED_EDGE ( 'NONE', *, *, #2083, .T. ) ;
#2507 = CARTESIAN_POINT ( 'NONE',  ( -65.39999999999999147, 46.60000000000000142, 85.00000000000000000 ) ) ;
#2508 = ORIENTED_EDGE ( 'NONE', *, *, #456, .F. ) ;
#2509 = DIRECTION ( 'NONE',  ( 1.000000000000000000, 0.000000000000000000, 0.000000000000000000 ) ) ;
#2510 = ORIENTED_EDGE ( 'NONE', *, *, #2675, .F. ) ;
#2511 = ORIENTED_EDGE ( 'NONE', *, *, #1383, .F. ) ;
#2512 = CARTESIAN_POINT ( 'NONE',  ( -75.00000000000004263, -56.99999999999997158, 5.000000000000000000 ) ) ;
#2513 = CARTESIAN_POINT ( 'NONE',  ( -65.39999999999999147, 46.60000000000000142, 5.000000000000000000 ) ) ;
#2514 = VECTOR ( 'NONE', #1863, 1000.000000000000000 ) ;
#2515 = DIRECTION ( 'NONE',  ( -0.000000000000000000, -0.000000000000000000, -1.000000000000000000 ) ) ;
#2516 = EDGE_LOOP ( 'NONE', ( #2648, #2017, #3574, #895 ) ) ;
#2517 = CARTESIAN_POINT ( 'NONE',  ( -5.000000000000030198, -51.50000000000000711, 11.00000000000000000 ) ) ;
#2518 = ORIENTED_EDGE ( 'NONE', *, *, #175, .T. ) ;
#2519 = VECTOR ( 'NONE', #3792, 1000.000000000000000 ) ;
#2520 = DIRECTION ( 'NONE',  ( 0.000000000000000000, 0.000000000000000000, 1.000000000000000000 ) ) ;
#2521 = EDGE_CURVE ( 'NONE', #2838, #3295, #801, .T. ) ;
#2522 = CARTESIAN_POINT ( 'NONE',  ( -5.000000000000000000, 51.50000000000000711, 5.000000000000000000 ) ) ;
#2523 = VECTOR ( 'NONE', #1671, 1000.000000000000000 ) ;
#2524 = CARTESIAN_POINT ( 'NONE',  ( -14.99999999999999822, -2.729460014648825137E-15, 40.00000000000000000 ) ) ;
#2525 = VECTOR ( 'NONE', #2263, 1000.000000000000000 ) ;
#2526 = AXIS2_PLACEMENT_3D ( 'NONE', #632, #1887, #3478 ) ;
#2527 = ADVANCED_FACE ( 'NONE', ( #756 ), #225, .F. ) ;
#2528 = VERTEX_POINT ( 'NONE', #2638 ) ;
#2529 = LINE ( 'NONE', #1654, #1224 ) ;
#2530 = AXIS2_PLACEMENT_3D ( 'NONE', #3264, #87, #1663 ) ;
#2531 = EDGE_LOOP ( 'NONE', ( #1824, #3722, #3884, #3053, #3432, #2868, #874, #3285 ) ) ;
#2532 = PRESENTATION_LAYER_ASSIGNMENT (  '', '', ( #2728 ) ) ;
#2533 = EDGE_CURVE ( 'NONE', #1648, #2767, #2033, .T. ) ;
#2534 = ADVANCED_FACE ( 'NONE', ( #1066 ), #1783, .F. ) ;
#2535 = CIRCLE ( 'NONE', #775, 1.500000000000001332 ) ;
#2536 = DIRECTION ( 'NONE',  ( -0.000000000000000000, -0.000000000000000000, 1.000000000000000000 ) ) ;
#2537 = ORIENTED_EDGE ( 'NONE', *, *, #2122, .T. ) ;
#2538 = ORIENTED_EDGE ( 'NONE', *, *, #136, .T. ) ;
#2539 = LINE ( 'NONE', #1310, #3710 ) ;
#2540 = DIRECTION ( 'NONE',  ( 9.912705577010328015E-17, 1.000000000000000000, -0.000000000000000000 ) ) ;
#2541 = CARTESIAN_POINT ( 'NONE',  ( -50.39999999999996305, -28.59999999999996945, 0.000000000000000000 ) ) ;
#2542 = ORIENTED_EDGE ( 'NONE', *, *, #2577, .F. ) ;
#2543 = CARTESIAN_POINT ( 'NONE',  ( -75.00000000000005684, -50.99999999999998579, 5.000000000000000000 ) ) ;
#2544 = ORIENTED_EDGE ( 'NONE', *, *, #546, .T. ) ;
#2545 = FACE_OUTER_BOUND ( 'NONE', #1014, .T. ) ;
#2546 = DIRECTION ( 'NONE',  ( -0.000000000000000000, -1.000000000000000000, -0.000000000000000000 ) ) ;
#2547 = CARTESIAN_POINT ( 'NONE',  ( -5.000000000000004441, 56.99999999999997868, 5.000000000000000000 ) ) ;
#2548 = EDGE_LOOP ( 'NONE', ( #2332, #356, #315, #2130 ) ) ;
#2549 = ORIENTED_EDGE ( 'NONE', *, *, #183, .F. ) ;
#2550 = LINE ( 'NONE', #2882, #3117 ) ;
#2551 = VERTEX_POINT ( 'NONE', #2393 ) ;
#2552 = EDGE_CURVE ( 'NONE', #2841, #3484, #164, .T. ) ;
#2553 = LINE ( 'NONE', #3807, #368 ) ;
#2554 = ORIENTED_EDGE ( 'NONE', *, *, #140, .F. ) ;
#2555 = VERTEX_POINT ( 'NONE', #816 ) ;
#2556 = DIRECTION ( 'NONE',  ( -1.000000000000000000, 0.000000000000000000, 0.000000000000000000 ) ) ;
#2557 = ADVANCED_FACE ( 'NONE', ( #1412 ), #2068, .F. ) ;
#2558 = DIRECTION ( 'NONE',  ( 0.000000000000000000, -0.000000000000000000, -1.000000000000000000 ) ) ;
#2559 = FACE_OUTER_BOUND ( 'NONE', #1939, .T. ) ;
#2560 = ORIENTED_EDGE ( 'NONE', *, *, #85, .T. ) ;
#2561 = DIRECTION ( 'NONE',  ( -1.213093339843922584E-16, 1.000000000000000000, 0.000000000000000000 ) ) ;
#2562 = EDGE_LOOP ( 'NONE', ( #2511, #3838, #3661, #957 ) ) ;
#2563 = CARTESIAN_POINT ( 'NONE',  ( -60.00000000000005684, -43.59999999999997300, 40.00000000000000711 ) ) ;
#2564 = DIRECTION ( 'NONE',  ( -1.819640009765883753E-16, 1.000000000000000000, -0.000000000000000000 ) ) ;
#2565 = CYLINDRICAL_SURFACE ( 'NONE', #2210, 1.500000000000001332 ) ;
#2566 = VERTEX_POINT ( 'NONE', #1086 ) ;
#2567 = ORIENTED_EDGE ( 'NONE', *, *, #3428, .T. ) ;
#2568 = PLANE ( 'NONE',  #3516 ) ;
#2569 = ORIENTED_EDGE ( 'NONE', *, *, #1785, .F. ) ;
#2570 = EDGE_CURVE ( 'NONE', #933, #1390, #3564, .T. ) ;
#2571 = CARTESIAN_POINT ( 'NONE',  ( -1.639234110326708464E-14, -51.50000000000000711, 51.00000000000000711 ) ) ;
#2572 = ORIENTED_EDGE ( 'NONE', *, *, #2366, .T. ) ;
#2573 = ADVANCED_FACE ( 'NONE', ( #842 ), #3917, .F. ) ;
#2574 = ORIENTED_EDGE ( 'NONE', *, *, #2108, .T. ) ;
#2575 = CARTESIAN_POINT ( 'NONE',  ( -5.000000000000014211, 56.00000000000000711, 91.00000000000000000 ) ) ;
#2576 = PLANE ( 'NONE',  #3573 ) ;
#2577 = EDGE_CURVE ( 'NONE', #273, #1105, #458, .T. ) ;
#2578 = DIRECTION ( 'NONE',  ( -1.000000000000000000, 0.000000000000000000, 0.000000000000000000 ) ) ;
#2579 = VERTEX_POINT ( 'NONE', #2185 ) ;
#2580 = LINE ( 'NONE', #1692, #2144 ) ;
#2581 = ORIENTED_EDGE ( 'NONE', *, *, #2038, .T. ) ;
#2582 = VECTOR ( 'NONE', #137, 1000.000000000000000 ) ;
#2583 = CARTESIAN_POINT ( 'NONE',  ( -33.39999999999999147, 46.60000000000000142, 5.000000000000000000 ) ) ;
#2584 = DIRECTION ( 'NONE',  ( 1.000000000000000000, 0.000000000000000000, 0.000000000000000000 ) ) ;
#2585 = DIRECTION ( 'NONE',  ( -1.000000000000000000, -8.673617379884034239E-17, -0.000000000000000000 ) ) ;
#2586 = VECTOR ( 'NONE', #3527, 1000.000000000000000 ) ;
#2587 = ORIENTED_EDGE ( 'NONE', *, *, #1929, .T. ) ;
#2588 = AXIS2_PLACEMENT_3D ( 'NONE', #1407, #1104, #2353 ) ;
#2589 =( NAMED_UNIT ( * ) SI_UNIT ( $, .STERADIAN. ) SOLID_ANGLE_UNIT ( ) );
#2590 = ORIENTED_EDGE ( 'NONE', *, *, #3890, .T. ) ;
#2591 = CARTESIAN_POINT ( 'NONE',  ( -5.000000000000014211, 51.50000000000000711, 11.00000000000000000 ) ) ;
#2592 = ORIENTED_EDGE ( 'NONE', *, *, #3958, .T. ) ;
#2593 = AXIS2_PLACEMENT_3D ( 'NONE', #3362, #3956, #1503 ) ;
#2594 = DIRECTION ( 'NONE',  ( -1.577021341797096821E-15, -1.000000000000000000, 0.000000000000000000 ) ) ;
#2595 = EDGE_LOOP ( 'NONE', ( #3873, #3808, #697, #1213 ) ) ;
#2596 = VECTOR ( 'NONE', #2391, 1000.000000000000000 ) ;
#2597 = VERTEX_POINT ( 'NONE', #3399 ) ;
#2598 = LINE ( 'NONE', #2618, #2274 ) ;
#2599 = AXIS2_PLACEMENT_3D ( 'NONE', #2200, #681, #1256 ) ;
#2600 = VECTOR ( 'NONE', #3869, 1000.000000000000000 ) ;
#2601 = DIRECTION ( 'NONE',  ( 0.000000000000000000, 0.000000000000000000, -1.000000000000000000 ) ) ;
#2602 = CARTESIAN_POINT ( 'NONE',  ( -14.99999999999999289, -28.59999999999996945, 40.00000000000000000 ) ) ;
#2603 = ORIENTED_EDGE ( 'NONE', *, *, #1253, .T. ) ;
#2604 = LINE ( 'NONE', #1069, #1615 ) ;
#2605 = ORIENTED_EDGE ( 'NONE', *, *, #2969, .F. ) ;
#2606 = EDGE_CURVE ( 'NONE', #2321, #924, #607, .T. ) ;
#2607 = CARTESIAN_POINT ( 'NONE',  ( -5.000000000000000000, -50.99999999999999289, 5.000000000000000000 ) ) ;
#2608 = LINE ( 'NONE', #1054, #1486 ) ;
#2609 = CARTESIAN_POINT ( 'NONE',  ( -55.39999999999996305, -28.59999999999996945, 80.00000000000000000 ) ) ;
#2610 = ADVANCED_FACE ( 'NONE', ( #1800 ), #1860, .F. ) ;
#2611 = VERTEX_POINT ( 'NONE', #1555 ) ;
#2612 = EDGE_CURVE ( 'NONE', #682, #3195, #2781, .T. ) ;
#2613 = ORIENTED_EDGE ( 'NONE', *, *, #432, .F. ) ;
#2614 = LINE ( 'NONE', #3250, #2022 ) ;
#2615 = VERTEX_POINT ( 'NONE', #860 ) ;
#2616 = ORIENTED_EDGE ( 'NONE', *, *, #546, .F. ) ;
#2617 = ORIENTED_EDGE ( 'NONE', *, *, #1963, .F. ) ;
#2618 = CARTESIAN_POINT ( 'NONE',  ( -9.500000000000003553, -53.99999999999998579, 0.000000000000000000 ) ) ;
#2619 = DIRECTION ( 'NONE',  ( 0.000000000000000000, 0.000000000000000000, -1.000000000000000000 ) ) ;
#2620 = DIRECTION ( 'NONE',  ( -0.000000000000000000, -0.000000000000000000, -1.000000000000000000 ) ) ;
#2621 = ORIENTED_EDGE ( 'NONE', *, *, #1202, .T. ) ;
#2622 = CARTESIAN_POINT ( 'NONE',  ( -69.00000000000002842, -50.99999999999997868, 5.000000000000000000 ) ) ;
#2623 = ORIENTED_EDGE ( 'NONE', *, *, #1129, .T. ) ;
#2624 = DIRECTION ( 'NONE',  ( -0.000000000000000000, 0.000000000000000000, -1.000000000000000000 ) ) ;
#2625 = DIRECTION ( 'NONE',  ( -0.000000000000000000, 0.000000000000000000, -1.000000000000000000 ) ) ;
#2626 = EDGE_CURVE ( 'NONE', #2860, #2828, #3974, .T. ) ;
#2627 = FACE_OUTER_BOUND ( 'NONE', #478, .T. ) ;
#2628 = ORIENTED_EDGE ( 'NONE', *, *, #2959, .T. ) ;
#2629 = EDGE_CURVE ( 'NONE', #3079, #1917, #627, .T. ) ;
#2630 = FACE_OUTER_BOUND ( 'NONE', #3759, .T. ) ;
#2631 = ORIENTED_EDGE ( 'NONE', *, *, #858, .T. ) ;
#2632 = EDGE_CURVE ( 'NONE', #389, #35, #919, .T. ) ;
#2633 = LINE ( 'NONE', #2689, #1028 ) ;
#2634 = EDGE_LOOP ( 'NONE', ( #123, #3246, #556, #2186 ) ) ;
#2635 = VERTEX_POINT ( 'NONE', #3997 ) ;
#2636 = CARTESIAN_POINT ( 'NONE',  ( 0.000000000000000000, 0.000000000000000000, 0.000000000000000000 ) ) ;
#2637 = VECTOR ( 'NONE', #96, 1000.000000000000000 ) ;
#2638 = CARTESIAN_POINT ( 'NONE',  ( -65.39999999999997726, -46.59999999999997300, 9.000000000000000000 ) ) ;
#2639 = DIRECTION ( 'NONE',  ( -0.000000000000000000, -0.000000000000000000, 1.000000000000000000 ) ) ;
#2640 = VERTEX_POINT ( 'NONE', #248 ) ;
#2641 = LINE ( 'NONE', #2301, #2456 ) ;
#2642 = ORIENTED_EDGE ( 'NONE', *, *, #1106, .T. ) ;
#2643 = DIRECTION ( 'NONE',  ( 0.000000000000000000, 0.000000000000000000, -1.000000000000000000 ) ) ;
#2644 = CARTESIAN_POINT ( 'NONE',  ( -69.00000000000002842, -50.99999999999997868, 0.000000000000000000 ) ) ;
#2645 = CARTESIAN_POINT ( 'NONE',  ( -14.99999999999999289, -28.59999999999996945, 45.00000000000000000 ) ) ;
#2646 = EDGE_CURVE ( 'NONE', #1282, #2828, #3725, .T. ) ;
#2647 =( LENGTH_UNIT ( ) NAMED_UNIT ( * ) SI_UNIT ( .MILLI., .METRE. ) );
#2648 = ORIENTED_EDGE ( 'NONE', *, *, #601, .F. ) ;
#2649 = VECTOR ( 'NONE', #3074, 1000.000000000000000 ) ;
#2650 = CARTESIAN_POINT ( 'NONE',  ( 0.000000000000000000, 51.50000000000000711, 91.00000000000000000 ) ) ;
#2651 = EDGE_CURVE ( 'NONE', #1289, #2902, #2167, .T. ) ;
#2652 = AXIS2_PLACEMENT_3D ( 'NONE', #2417, #1533, #3415 ) ;
#2653 = ORIENTED_EDGE ( 'NONE', *, *, #402, .T. ) ;
#2654 = CIRCLE ( 'NONE', #1614, 4.999999999999997335 ) ;
#2655 = AXIS2_PLACEMENT_3D ( 'NONE', #1627, #1909, #3200 ) ;
#2656 = ORIENTED_EDGE ( 'NONE', *, *, #1963, .T. ) ;
#2657 = CARTESIAN_POINT ( 'NONE',  ( -33.39999999999997016, -50.99999999999998579, 51.00000000000000711 ) ) ;
#2658 = ADVANCED_FACE ( 'NONE', ( #3105 ), #3049, .F. ) ;
#2659 = EDGE_CURVE ( 'NONE', #2611, #1954, #1542, .T. ) ;
#2660 = VECTOR ( 'NONE', #989, 1000.000000000000000 ) ;
#2661 = DIRECTION ( 'NONE',  ( 0.000000000000000000, 0.000000000000000000, -1.000000000000000000 ) ) ;
#2662 = PLANE ( 'NONE',  #2666 ) ;
#2663 = ORIENTED_EDGE ( 'NONE', *, *, #1501, .T. ) ;
#2664 = CARTESIAN_POINT ( 'NONE',  ( -5.000000000000014211, 51.50000000000000711, 51.00000000000000711 ) ) ;
#2665 = ORIENTED_EDGE ( 'NONE', *, *, #1717, .T. ) ;
#2666 = AXIS2_PLACEMENT_3D ( 'NONE', #2361, #2435, #843 ) ;
#2667 = COLOUR_RGB ( '',0.7921568627450980005, 0.8196078431372548767, 0.9333333333333333481 ) ;
#2668 = LINE ( 'NONE', #1750, #619 ) ;
#2669 = CARTESIAN_POINT ( 'NONE',  ( -70.50000000000004263, 53.99999999999997158, 0.000000000000000000 ) ) ;
#2670 = LINE ( 'NONE', #808, #125 ) ;
#2671 = SURFACE_SIDE_STYLE ('',( #1673 ) ) ;
#2672 = ORIENTED_EDGE ( 'NONE', *, *, #3009, .F. ) ;
#2673 = DIRECTION ( 'NONE',  ( 1.000000000000000000, 0.000000000000000000, 0.000000000000000000 ) ) ;
#2674 = ORIENTED_EDGE ( 'NONE', *, *, #910, .T. ) ;
#2675 = EDGE_CURVE ( 'NONE', #564, #1308, #3355, .T. ) ;
#2676 = ORIENTED_EDGE ( 'NONE', *, *, #3131, .T. ) ;
#2677 = DIRECTION ( 'NONE',  ( 0.000000000000000000, -0.000000000000000000, 1.000000000000000000 ) ) ;
#2678 = DIRECTION ( 'NONE',  ( 1.577021341797097018E-15, 1.000000000000000000, -0.000000000000000000 ) ) ;
#2679 = CARTESIAN_POINT ( 'NONE',  ( -65.39999999999997726, -46.59999999999998010, 85.00000000000000000 ) ) ;
#2680 = ADVANCED_FACE ( 'NONE', ( #3682 ), #876, .T. ) ;
#2681 = ORIENTED_EDGE ( 'NONE', *, *, #672, .F. ) ;
#2682 = CARTESIAN_POINT ( 'NONE',  ( -42.00000000000004974, 43.59999999999995168, 40.00000000000000000 ) ) ;
#2683 = DIRECTION ( 'NONE',  ( 1.000000000000000000, 0.000000000000000000, 0.000000000000000000 ) ) ;
#2684 = LINE ( 'NONE', #1148, #3641 ) ;
#2685 = CARTESIAN_POINT ( 'NONE',  ( -5.000000000000030198, -51.50000000000000711, 85.00000000000000000 ) ) ;
#2686 = EDGE_LOOP ( 'NONE', ( #1164, #1507, #40, #2518 ) ) ;
#2687 = CARTESIAN_POINT ( 'NONE',  ( 0.000000000000000000, 0.000000000000000000, 51.00000000000000711 ) ) ;
#2688 = LINE ( 'NONE', #3944, #2707 ) ;
#2689 = CARTESIAN_POINT ( 'NONE',  ( -75.00000000000000000, -50.99999999999998579, 0.000000000000000000 ) ) ;
#2690 = ORIENTED_EDGE ( 'NONE', *, *, #3, .F. ) ;
#2691 = ORIENTED_EDGE ( 'NONE', *, *, #1075, .F. ) ;
#2692 = LINE ( 'NONE', #2416, #127 ) ;
#2693 = EDGE_CURVE ( 'NONE', #3806, #2838, #1842, .T. ) ;
#2694 = ADVANCED_FACE ( 'NONE', ( #3742 ), #1203, .F. ) ;
#2695 = DIRECTION ( 'NONE',  ( 0.000000000000000000, -0.000000000000000000, -1.000000000000000000 ) ) ;
#2696 = LINE ( 'NONE', #1745, #447 ) ;
#2697 = EDGE_LOOP ( 'NONE', ( #390, #1350, #2191, #2921 ) ) ;
#2698 = CARTESIAN_POINT ( 'NONE',  ( -5.000000000000014211, 56.00000000000000711, 85.00000000000000000 ) ) ;
#2699 = ADVANCED_FACE ( 'NONE', ( #935 ), #3129, .F. ) ;
#2700 = DIRECTION ( 'NONE',  ( -1.489033026589534369E-16, 1.000000000000000000, -0.000000000000000000 ) ) ;
#2701 = PLANE ( 'NONE',  #1222 ) ;
#2702 = FACE_OUTER_BOUND ( 'NONE', #1628, .T. ) ;
#2703 = DIRECTION ( 'NONE',  ( 0.000000000000000000, 0.000000000000000000, -1.000000000000000000 ) ) ;
#2704 = VERTEX_POINT ( 'NONE', #1168 ) ;
#2705 = LINE ( 'NONE', #2119, #3913 ) ;
#2706 = PLANE ( 'NONE',  #1333 ) ;
#2707 = VECTOR ( 'NONE', #291, 1000.000000000000000 ) ;
#2708 = CARTESIAN_POINT ( 'NONE',  ( -20.00000000000000000, 33.59999999999995168, 85.00000000000000000 ) ) ;
#2709 = VECTOR ( 'NONE', #3158, 1000.000000000000000 ) ;
#2710 = ORIENTED_EDGE ( 'NONE', *, *, #832, .F. ) ;
#2711 = ORIENTED_EDGE ( 'NONE', *, *, #1253, .F. ) ;
#2712 = DIRECTION ( 'NONE',  ( 1.000000000000000000, 0.000000000000000000, 0.000000000000000000 ) ) ;
#2713 = VECTOR ( 'NONE', #2298, 1000.000000000000000 ) ;
#2714 = DIRECTION ( 'NONE',  ( -1.000000000000000000, -9.912705577010329247E-17, 0.000000000000000000 ) ) ;
#2715 = VECTOR ( 'NONE', #239, 1000.000000000000000 ) ;
#2716 = VECTOR ( 'NONE', #3503, 1000.000000000000000 ) ;
#2717 = EDGE_CURVE ( 'NONE', #2999, #2239, #3664, .T. ) ;
#2718 = CARTESIAN_POINT ( 'NONE',  ( -5.000000000000003553, -55.99999999999999289, 0.000000000000000000 ) ) ;
#2719 = ORIENTED_EDGE ( 'NONE', *, *, #3304, .T. ) ;
#2720 = PLANE ( 'NONE',  #959 ) ;
#2721 = VECTOR ( 'NONE', #2040, 1000.000000000000000 ) ;
#2722 = AXIS2_PLACEMENT_3D ( 'NONE', #2476, #692, #2494 ) ;
#2723 = CARTESIAN_POINT ( 'NONE',  ( -60.00000000000000000, -43.59999999999997300, 51.00000000000000711 ) ) ;
#2724 = CARTESIAN_POINT ( 'NONE',  ( -55.39999999999997016, 28.59999999999995524, 45.00000000000000000 ) ) ;
#2725 = VECTOR ( 'NONE', #2205, 1000.000000000000000 ) ;
#2726 = CARTESIAN_POINT ( 'NONE',  ( -5.000000000000000000, 50.99999999999999289, 5.000000000000000000 ) ) ;
#2727 = CARTESIAN_POINT ( 'NONE',  ( -33.39999999999998437, 51.00000000000000711, 91.00000000000000000 ) ) ;
#2728 = STYLED_ITEM ( 'NONE', ( #2058 ), #3857 ) ;
#2729 = ADVANCED_FACE ( 'NONE', ( #1657 ), #3523, .F. ) ;
#2730 = ORIENTED_EDGE ( 'NONE', *, *, #2651, .T. ) ;
#2731 = AXIS2_PLACEMENT_3D ( 'NONE', #728, #1982, #422 ) ;
#2732 = CARTESIAN_POINT ( 'NONE',  ( 0.000000000000000000, 0.000000000000000000, 40.00000000000000000 ) ) ;
#2733 = CARTESIAN_POINT ( 'NONE',  ( -33.39999999999997016, -50.99999999999998579, 91.00000000000000000 ) ) ;
#2734 = EDGE_CURVE ( 'NONE', #1884, #991, #3146, .T. ) ;
#2735 = CARTESIAN_POINT ( 'NONE',  ( -1.371604415045035710E-14, 56.00000000000000711, 85.00000000000000000 ) ) ;
#2736 = EDGE_CURVE ( 'NONE', #2321, #3762, #2866, .T. ) ;
#2737 = ORIENTED_EDGE ( 'NONE', *, *, #2379, .F. ) ;
#2738 = ORIENTED_EDGE ( 'NONE', *, *, #2201, .F. ) ;
#2739 = DIRECTION ( 'NONE',  ( -0.000000000000000000, -0.000000000000000000, 1.000000000000000000 ) ) ;
#2740 = CARTESIAN_POINT ( 'NONE',  ( -75.00000000000000000, -50.99999999999998579, 11.00000000000000000 ) ) ;
#2741 = LINE ( 'NONE', #3031, #2794 ) ;
#2742 = ORIENTED_EDGE ( 'NONE', *, *, #1401, .T. ) ;
#2743 = LINE ( 'NONE', #1844, #3774 ) ;
#2744 = LINE ( 'NONE', #4001, #2519 ) ;
#2745 = DIRECTION ( 'NONE',  ( 1.577021341797096821E-15, -1.000000000000000000, 0.000000000000000000 ) ) ;
#2746 = CARTESIAN_POINT ( 'NONE',  ( -50.39999999999996305, -33.59999999999996589, 85.00000000000000000 ) ) ;
#2747 = CARTESIAN_POINT ( 'NONE',  ( -33.39999999999999147, 46.60000000000000142, 45.00000000000000000 ) ) ;
#2748 = EDGE_LOOP ( 'NONE', ( #975, #2960, #3521, #2623 ) ) ;
#2749 = EDGE_CURVE ( 'NONE', #682, #966, #995, .T. ) ;
#2750 = DIRECTION ( 'NONE',  ( -0.000000000000000000, 0.000000000000000000, -1.000000000000000000 ) ) ;
#2751 = EDGE_CURVE ( 'NONE', #3293, #2118, #1307, .T. ) ;
#2752 = CYLINDRICAL_SURFACE ( 'NONE', #1951, 4.999999999999997335 ) ;
#2753 = CARTESIAN_POINT ( 'NONE',  ( -33.39999999999999147, 46.60000000000000142, 85.00000000000000000 ) ) ;
#2754 = CARTESIAN_POINT ( 'NONE',  ( -11.00000000000000355, 56.99999999999997868, 5.000000000000000000 ) ) ;
#2755 = EDGE_LOOP ( 'NONE', ( #2953, #1260, #3147, #1267 ) ) ;
#2756 = ADVANCED_FACE ( 'NONE', ( #99, #1985 ), #1285, .F. ) ;
#2757 = ADVANCED_FACE ( 'NONE', ( #2839 ), #977, .F. ) ;
#2758 = ORIENTED_EDGE ( 'NONE', *, *, #3908, .F. ) ;
#2759 = EDGE_LOOP ( 'NONE', ( #3810, #3430, #984, #3536 ) ) ;
#2760 = CARTESIAN_POINT ( 'NONE',  ( -8.000000000000017764, 53.99999999999998579, 0.000000000000000000 ) ) ;
#2761 = ORIENTED_EDGE ( 'NONE', *, *, #3009, .T. ) ;
#2762 = DIRECTION ( 'NONE',  ( -0.000000000000000000, -0.000000000000000000, 1.000000000000000000 ) ) ;
#2763 = CARTESIAN_POINT ( 'NONE',  ( 0.000000000000000000, -55.99999999999999289, 80.00000000000000000 ) ) ;
#2764 = DIRECTION ( 'NONE',  ( -0.000000000000000000, -0.000000000000000000, -1.000000000000000000 ) ) ;
#2765 = DIRECTION ( 'NONE',  ( 7.228014483236707402E-16, -1.000000000000000000, -0.000000000000000000 ) ) ;
#2766 = CARTESIAN_POINT ( 'NONE',  ( -75.00000000000004263, 56.99999999999997158, 5.000000000000000000 ) ) ;
#2767 = VERTEX_POINT ( 'NONE', #3493 ) ;
#2768 = CARTESIAN_POINT ( 'NONE',  ( -3.154072573846893698E-14, -56.00000000000000711, 91.00000000000000000 ) ) ;
#2769 = LINE ( 'NONE', #3633, #510 ) ;
#2770 = CARTESIAN_POINT ( 'NONE',  ( -33.39999999999998437, -43.59999999999997300, 51.00000000000000711 ) ) ;
#2771 = CARTESIAN_POINT ( 'NONE',  ( -5.000000000000004441, -56.99999999999997868, 5.000000000000000000 ) ) ;
#2772 = ORIENTED_EDGE ( 'NONE', *, *, #2854, .F. ) ;
#2773 = EDGE_CURVE ( 'NONE', #2226, #3251, #688, .T. ) ;
#2774 = EDGE_LOOP ( 'NONE', ( #363, #2857, #194, #3063 ) ) ;
#2775 = EDGE_LOOP ( 'NONE', ( #773, #3429, #3541, #1653 ) ) ;
#2776 = EDGE_CURVE ( 'NONE', #3434, #371, #3231, .T. ) ;
#2777 = EDGE_CURVE ( 'NONE', #991, #3238, #62, .T. ) ;
#2778 = VECTOR ( 'NONE', #2478, 1000.000000000000000 ) ;
#2779 = CARTESIAN_POINT ( 'NONE',  ( -50.39999999999996305, -28.59999999999996945, 0.000000000000000000 ) ) ;
#2780 = EDGE_CURVE ( 'NONE', #2867, #1797, #712, .T. ) ;
#2781 = CIRCLE ( 'NONE', #3763, 4.999999999999997335 ) ;
#2782 = ORIENTED_EDGE ( 'NONE', *, *, #1476, .T. ) ;
#2783 = CARTESIAN_POINT ( 'NONE',  ( -1.639234110326708464E-14, -51.50000000000000711, 91.00000000000000000 ) ) ;
#2784 = ADVANCED_FACE ( 'NONE', ( #668 ), #37, .F. ) ;
#2785 = VECTOR ( 'NONE', #1016, 1000.000000000000000 ) ;
#2786 = CARTESIAN_POINT ( 'NONE',  ( 0.000000000000000000, -55.99999999999999289, 85.00000000000000000 ) ) ;
#2787 = FACE_OUTER_BOUND ( 'NONE', #488, .T. ) ;
#2788 = ORIENTED_EDGE ( 'NONE', *, *, #3625, .F. ) ;
#2789 = CARTESIAN_POINT ( 'NONE',  ( -5.000000000000030198, -51.50000000000000711, 45.00000000000000000 ) ) ;
#2790 = ORIENTED_EDGE ( 'NONE', *, *, #903, .F. ) ;
#2791 = VECTOR ( 'NONE', #2764, 1000.000000000000000 ) ;
#2792 = PRODUCT_DEFINITION_CONTEXT ( 'detailed design', #3823, 'design' ) ;
#2793 = DIRECTION ( 'NONE',  ( 0.000000000000000000, -0.000000000000000000, 1.000000000000000000 ) ) ;
#2794 = VECTOR ( 'NONE', #2093, 1000.000000000000000 ) ;
#2795 = SHAPE_DEFINITION_REPRESENTATION ( #1047, #2157 ) ;
#2796 = VECTOR ( 'NONE', #1441, 1000.000000000000000 ) ;
#2797 = CARTESIAN_POINT ( 'NONE',  ( -33.39999999999997726, -46.59999999999998010, 49.00000000000000000 ) ) ;
#2798 = DIRECTION ( 'NONE',  ( 0.000000000000000000, -1.000000000000000000, 0.000000000000000000 ) ) ;
#2799 = EDGE_LOOP ( 'NONE', ( #3471, #2471, #3764, #1568 ) ) ;
#2800 = VECTOR ( 'NONE', #3696, 1000.000000000000000 ) ;
#2801 = MECHANICAL_DESIGN_GEOMETRIC_PRESENTATION_REPRESENTATION (  '', ( #2728 ), #1556 ) ;
#2802 = ORIENTED_EDGE ( 'NONE', *, *, #2313, .T. ) ;
#2803 = ORIENTED_EDGE ( 'NONE', *, *, #3677, .T. ) ;
#2804 = DIRECTION ( 'NONE',  ( -0.000000000000000000, 0.000000000000000000, 1.000000000000000000 ) ) ;
#2805 = EDGE_CURVE ( 'NONE', #2984, #267, #1043, .T. ) ;
#2806 = EDGE_LOOP ( 'NONE', ( #1866, #143, #2314, #46 ) ) ;
#2807 = CARTESIAN_POINT ( 'NONE',  ( -50.39999999999997016, 28.59999999999995524, 0.000000000000000000 ) ) ;
#2808 = CARTESIAN_POINT ( 'NONE',  ( -33.39999999999998437, -43.59999999999997300, 51.00000000000000711 ) ) ;
#2809 = EDGE_CURVE ( 'NONE', #2005, #3743, #362, .T. ) ;
#2810 = DIRECTION ( 'NONE',  ( -0.000000000000000000, -0.000000000000000000, -1.000000000000000000 ) ) ;
#2811 = ORIENTED_EDGE ( 'NONE', *, *, #1634, .F. ) ;
#2812 = DIRECTION ( 'NONE',  ( -0.000000000000000000, -0.000000000000000000, 1.000000000000000000 ) ) ;
#2813 = EDGE_LOOP ( 'NONE', ( #3456, #2325, #2293, #3600 ) ) ;
#2814 = DIRECTION ( 'NONE',  ( -1.000000000000000000, 0.000000000000000000, 0.000000000000000000 ) ) ;
#2815 = CARTESIAN_POINT ( 'NONE',  ( -19.99999999999999289, -28.59999999999996945, 85.00000000000000000 ) ) ;
#2816 = PLANE ( 'NONE',  #3587 ) ;
#2817 = ORIENTED_EDGE ( 'NONE', *, *, #904, .F. ) ;
#2818 = DIRECTION ( 'NONE',  ( 0.000000000000000000, -1.000000000000000000, 0.000000000000000000 ) ) ;
#2819 = ORIENTED_EDGE ( 'NONE', *, *, #1885, .F. ) ;
#2820 = CARTESIAN_POINT ( 'NONE',  ( -65.39999999999997726, -43.59999999999997300, 80.00000000000000000 ) ) ;
#2821 = ORIENTED_EDGE ( 'NONE', *, *, #1430, .T. ) ;
#2822 = EDGE_LOOP ( 'NONE', ( #3442, #1091, #1183, #3606 ) ) ;
#2823 = CARTESIAN_POINT ( 'NONE',  ( -50.39999999999997016, 33.59999999999995168, 40.00000000000000000 ) ) ;
#2824 = EDGE_CURVE ( 'NONE', #2309, #2907, #3542, .T. ) ;
#2825 = FACE_OUTER_BOUND ( 'NONE', #2686, .T. ) ;
#2826 = LINE ( 'NONE', #1210, #3443 ) ;
#2827 = CARTESIAN_POINT ( 'NONE',  ( -15.00000000000000533, 28.59999999999995524, 80.00000000000000000 ) ) ;
#2828 = VERTEX_POINT ( 'NONE', #2820 ) ;
#2829 = ADVANCED_FACE ( 'NONE', ( #18 ), #1261, .F. ) ;
#2830 = LINE ( 'NONE', #943, #3375 ) ;
#2831 = DIRECTION ( 'NONE',  ( 0.000000000000000000, -1.000000000000000000, 0.000000000000000000 ) ) ;
#2832 = LINE ( 'NONE', #2222, #2525 ) ;
#2833 = CARTESIAN_POINT ( 'NONE',  ( -75.00000000000004263, 56.99999999999997158, 0.000000000000000000 ) ) ;
#2834 = EDGE_CURVE ( 'NONE', #677, #298, #2553, .T. ) ;
#2835 = EDGE_LOOP ( 'NONE', ( #162, #1601, #2719, #2897, #3906, #169, #98, #1474 ) ) ;
#2836 = EDGE_LOOP ( 'NONE', ( #297, #3854, #2089, #489, #3824, #90, #167, #1348 ) ) ;
#2837 = FACE_BOUND ( 'NONE', #1886, .T. ) ;
#2838 = VERTEX_POINT ( 'NONE', #797 ) ;
#2839 = FACE_OUTER_BOUND ( 'NONE', #3919, .T. ) ;
#2840 = ORIENTED_EDGE ( 'NONE', *, *, #2483, .T. ) ;
#2841 = VERTEX_POINT ( 'NONE', #836 ) ;
#2842 = CARTESIAN_POINT ( 'NONE',  ( -11.00000000000000178, -50.99999999999998579, 5.000000000000000000 ) ) ;
#2843 = EDGE_CURVE ( 'NONE', #2035, #342, #955, .T. ) ;
#2844 = FACE_OUTER_BOUND ( 'NONE', #646, .T. ) ;
#2845 = AXIS2_PLACEMENT_3D ( 'NONE', #1889, #3134, #1578 ) ;
#2846 = DIRECTION ( 'NONE',  ( 1.000000000000000000, -9.912705577010326782E-17, -0.000000000000000000 ) ) ;
#2847 = DIRECTION ( 'NONE',  ( -0.000000000000000000, 0.000000000000000000, 1.000000000000000000 ) ) ;
#2848 = ORIENTED_EDGE ( 'NONE', *, *, #2773, .T. ) ;
#2849 = VECTOR ( 'NONE', #2434, 1000.000000000000000 ) ;
#2850 = DIRECTION ( 'NONE',  ( -1.213093339843922584E-16, 1.000000000000000000, 0.000000000000000000 ) ) ;
#2851 = CARTESIAN_POINT ( 'NONE',  ( -5.000000000000012434, 51.00000000000000711, 40.00000000000000000 ) ) ;
#2852 = DIRECTION ( 'NONE',  ( -0.000000000000000000, 0.000000000000000000, -1.000000000000000000 ) ) ;
#2853 = VECTOR ( 'NONE', #1809, 1000.000000000000000 ) ;
#2854 = EDGE_CURVE ( 'NONE', #1811, #1528, #2199, .T. ) ;
#2855 = AXIS2_PLACEMENT_3D ( 'NONE', #1927, #2258, #3137 ) ;
#2856 = LINE ( 'NONE', #2524, #2394 ) ;
#2857 = ORIENTED_EDGE ( 'NONE', *, *, #1761, .T. ) ;
#2858 = VECTOR ( 'NONE', #4002, 1000.000000000000000 ) ;
#2859 = AXIS2_PLACEMENT_3D ( 'NONE', #3234, #1020, #2888 ) ;
#2860 = VERTEX_POINT ( 'NONE', #1432 ) ;
#2861 = EDGE_CURVE ( 'NONE', #2106, #508, #3615, .T. ) ;
#2862 = CARTESIAN_POINT ( 'NONE',  ( -20.00000000000000000, 33.59999999999995168, 40.00000000000000000 ) ) ;
#2863 = AXIS2_PLACEMENT_3D ( 'NONE', #3319, #3647, #492 ) ;
#2864 = ORIENTED_EDGE ( 'NONE', *, *, #136, .F. ) ;
#2865 = VECTOR ( 'NONE', #1741, 1000.000000000000000 ) ;
#2866 = LINE ( 'NONE', #1591, #107 ) ;
#2867 = VERTEX_POINT ( 'NONE', #3039 ) ;
#2868 = ORIENTED_EDGE ( 'NONE', *, *, #3608, .T. ) ;
#2869 = FACE_OUTER_BOUND ( 'NONE', #2775, .T. ) ;
#2870 = CARTESIAN_POINT ( 'NONE',  ( -5.000000000000000000, -50.99999999999999289, 45.00000000000000000 ) ) ;
#2871 = LINE ( 'NONE', #939, #4035 ) ;
#2872 = VERTEX_POINT ( 'NONE', #272 ) ;
#2873 = DIRECTION ( 'NONE',  ( 0.000000000000000000, 1.000000000000000000, 0.000000000000000000 ) ) ;
#2874 = ORIENTED_EDGE ( 'NONE', *, *, #2901, .F. ) ;
#2875 = CARTESIAN_POINT ( 'NONE',  ( -20.00000000000000000, 28.59999999999995524, 45.00000000000000000 ) ) ;
#2876 =( NAMED_UNIT ( * ) SI_UNIT ( $, .STERADIAN. ) SOLID_ANGLE_UNIT ( ) );
#2877 = LINE ( 'NONE', #74, #3709 ) ;
#2878 = PLANE ( 'NONE',  #1682 ) ;
#2879 = ORIENTED_EDGE ( 'NONE', *, *, #981, .F. ) ;
#2880 = EDGE_CURVE ( 'NONE', #856, #281, #4032, .T. ) ;
#2881 = ORIENTED_EDGE ( 'NONE', *, *, #656, .T. ) ;
#2882 = CARTESIAN_POINT ( 'NONE',  ( 0.000000000000000000, 51.50000000000000711, 11.00000000000000000 ) ) ;
#2883 = ORIENTED_EDGE ( 'NONE', *, *, #573, .T. ) ;
#2884 = EDGE_CURVE ( 'NONE', #2704, #251, #2442, .T. ) ;
#2885 = DIRECTION ( 'NONE',  ( -1.000000000000000000, 0.000000000000000000, 0.000000000000000000 ) ) ;
#2886 = ORIENTED_EDGE ( 'NONE', *, *, #1780, .T. ) ;
#2887 = ORIENTED_EDGE ( 'NONE', *, *, #3064, .T. ) ;
#2888 = DIRECTION ( 'NONE',  ( 1.577021341797096821E-15, -1.000000000000000000, 0.000000000000000000 ) ) ;
#2889 = CARTESIAN_POINT ( 'NONE',  ( -8.000000000000003553, -53.99999999999998579, 5.000000000000000000 ) ) ;
#2890 = CARTESIAN_POINT ( 'NONE',  ( -50.39999999999996305, -28.59999999999996945, 5.000000000000000000 ) ) ;
#2891 = ORIENTED_EDGE ( 'NONE', *, *, #2134, .T. ) ;
#2892 = PLANE ( 'NONE',  #3576 ) ;
#2893 = ORIENTED_EDGE ( 'NONE', *, *, #784, .F. ) ;
#2894 = CARTESIAN_POINT ( 'NONE',  ( 0.000000000000000000, 51.50000000000000711, 5.000000000000000000 ) ) ;
#2895 = CARTESIAN_POINT ( 'NONE',  ( -5.510910596163077723E-16, -51.50000000000000711, 5.000000000000000000 ) ) ;
#2896 = DIRECTION ( 'NONE',  ( -1.000000000000000000, -0.000000000000000000, -0.000000000000000000 ) ) ;
#2897 = ORIENTED_EDGE ( 'NONE', *, *, #306, .T. ) ;
#2898 =( NAMED_UNIT ( * ) PLANE_ANGLE_UNIT ( ) SI_UNIT ( $, .RADIAN. ) );
#2899 = CARTESIAN_POINT ( 'NONE',  ( -5.000000000000000000, -55.99999999999999289, 5.000000000000000000 ) ) ;
#2900 = FACE_OUTER_BOUND ( 'NONE', #2836, .T. ) ;
#2901 = EDGE_CURVE ( 'NONE', #1580, #3079, #555, .T. ) ;
#2902 = VERTEX_POINT ( 'NONE', #2747 ) ;
#2903 = VECTOR ( 'NONE', #3674, 1000.000000000000000 ) ;
#2904 = CARTESIAN_POINT ( 'NONE',  ( -33.39999999999998437, 51.00000000000000711, 11.00000000000000000 ) ) ;
#2905 = ORIENTED_EDGE ( 'NONE', *, *, #1833, .F. ) ;
#2906 = ADVANCED_FACE ( 'NONE', ( #257 ), #233, .F. ) ;
#2907 = VERTEX_POINT ( 'NONE', #3021 ) ;
#2908 = DIRECTION ( 'NONE',  ( -1.000000000000000000, -8.673617379884034239E-17, -0.000000000000000000 ) ) ;
#2909 = PLANE ( 'NONE',  #433 ) ;
#2910 = ADVANCED_FACE ( 'NONE', ( #3654 ), #2159, .F. ) ;
#2911 = LINE ( 'NONE', #108, #3001 ) ;
#2912 = EDGE_CURVE ( 'NONE', #203, #1908, #3345, .T. ) ;
#2913 = VERTEX_POINT ( 'NONE', #537 ) ;
#2914 = LINE ( 'NONE', #2344, #3904 ) ;
#2915 = ORIENTED_EDGE ( 'NONE', *, *, #3990, .F. ) ;
#2916 = VECTOR ( 'NONE', #230, 1000.000000000000000 ) ;
#2917 = LINE ( 'NONE', #2607, #1473 ) ;
#2918 = CARTESIAN_POINT ( 'NONE',  ( -20.00000000000000000, 28.59999999999995524, 40.00000000000000000 ) ) ;
#2919 = LINE ( 'NONE', #1733, #2523 ) ;
#2920 = VECTOR ( 'NONE', #2661, 1000.000000000000000 ) ;
#2921 = ORIENTED_EDGE ( 'NONE', *, *, #3980, .F. ) ;
#2922 = VECTOR ( 'NONE', #1715, 1000.000000000000000 ) ;
#2923 = VECTOR ( 'NONE', #407, 1000.000000000000000 ) ;
#2924 = LINE ( 'NONE', #467, #378 ) ;
#2925 = ORIENTED_EDGE ( 'NONE', *, *, #2172, .T. ) ;
#2926 = FACE_OUTER_BOUND ( 'NONE', #2755, .T. ) ;
#2927 = ORIENTED_EDGE ( 'NONE', *, *, #2088, .F. ) ;
#2928 = VECTOR ( 'NONE', #923, 1000.000000000000000 ) ;
#2929 = VECTOR ( 'NONE', #875, 1000.000000000000000 ) ;
#2930 = VERTEX_POINT ( 'NONE', #866 ) ;
#2931 = VECTOR ( 'NONE', #1801, 1000.000000000000000 ) ;
#2932 = AXIS2_PLACEMENT_3D ( 'NONE', #377, #2831, #1871 ) ;
#2933 = ORIENTED_EDGE ( 'NONE', *, *, #2521, .F. ) ;
#2934 = FACE_OUTER_BOUND ( 'NONE', #2319, .T. ) ;
#2935 = VECTOR ( 'NONE', #1505, 1000.000000000000000 ) ;
#2936 = VECTOR ( 'NONE', #3292, 1000.000000000000000 ) ;
#2937 = ADVANCED_FACE ( 'NONE', ( #3716 ), #1212, .F. ) ;
#2938 = PLANE ( 'NONE',  #3433 ) ;
#2939 = LINE ( 'NONE', #2280, #1877 ) ;
#2940 = ORIENTED_EDGE ( 'NONE', *, *, #3230, .T. ) ;
#2941 = LINE ( 'NONE', #1475, #2203 ) ;
#2942 = ORIENTED_EDGE ( 'NONE', *, *, #2484, .F. ) ;
#2943 = ADVANCED_FACE ( 'NONE', ( #1791 ), #1481, .F. ) ;
#2944 = DIRECTION ( 'NONE',  ( 1.000000000000000000, 0.000000000000000000, -0.000000000000000000 ) ) ;
#2945 = DIRECTION ( 'NONE',  ( -1.000000000000000000, -9.912705577010329247E-17, 0.000000000000000000 ) ) ;
#2946 = CARTESIAN_POINT ( 'NONE',  ( -73.50000000000004263, -53.99999999999998579, 5.000000000000000000 ) ) ;
#2947 = ORIENTED_EDGE ( 'NONE', *, *, #2626, .T. ) ;
#2948 = CARTESIAN_POINT ( 'NONE',  ( -3.154072573846893698E-14, -56.00000000000000711, 11.00000000000000000 ) ) ;
#2949 = ORIENTED_EDGE ( 'NONE', *, *, #3638, .F. ) ;
#2950 = DIRECTION ( 'NONE',  ( 1.000000000000000000, 0.000000000000000000, 0.000000000000000000 ) ) ;
#2951 = VERTEX_POINT ( 'NONE', #2766 ) ;
#2952 = ORIENTED_EDGE ( 'NONE', *, *, #4011, .T. ) ;
#2953 = ORIENTED_EDGE ( 'NONE', *, *, #324, .F. ) ;
#2954 = FACE_OUTER_BOUND ( 'NONE', #3016, .T. ) ;
#2955 = LINE ( 'NONE', #2358, #1742 ) ;
#2956 = DIRECTION ( 'NONE',  ( -1.000000000000000000, -8.673617379884034239E-17, -0.000000000000000000 ) ) ;
#2957 = ORIENTED_EDGE ( 'NONE', *, *, #2959, .F. ) ;
#2958 = LINE ( 'NONE', #1993, #630 ) ;
#2959 = EDGE_CURVE ( 'NONE', #3504, #1074, #1462, .T. ) ;
#2960 = ORIENTED_EDGE ( 'NONE', *, *, #3176, .T. ) ;
#2961 = CARTESIAN_POINT ( 'NONE',  ( 0.000000000000000000, 0.000000000000000000, 11.00000000000000000 ) ) ;
#2962 = DIRECTION ( 'NONE',  ( -1.000000000000000000, -8.673617379884034239E-17, -0.000000000000000000 ) ) ;
#2963 = PLANE ( 'NONE',  #3050 ) ;
#2964 = ADVANCED_FACE ( 'NONE', ( #4021 ), #2460, .F. ) ;
#2965 = LINE ( 'NONE', #1980, #3002 ) ;
#2966 = ORIENTED_EDGE ( 'NONE', *, *, #2111, .T. ) ;
#2967 = ADVANCED_FACE ( 'NONE', ( #288 ), #1848, .F. ) ;
#2968 = CARTESIAN_POINT ( 'NONE',  ( -60.00000000000000000, -50.99999999999998579, 51.00000000000000711 ) ) ;
#2969 = EDGE_CURVE ( 'NONE', #371, #1390, #2117, .T. ) ;
#2970 = EDGE_LOOP ( 'NONE', ( #341, #3225, #4022, #2193 ) ) ;
#2971 = EDGE_LOOP ( 'NONE', ( #3740, #436, #135, #1571, #1017, #1620, #1775, #1994 ) ) ;
#2972 = DIRECTION ( 'NONE',  ( 1.000000000000000000, 1.819640009765883753E-16, 0.000000000000000000 ) ) ;
#2973 = DIRECTION ( 'NONE',  ( -1.577021341797097018E-15, 1.000000000000000000, 0.000000000000000000 ) ) ;
#2974 = DIRECTION ( 'NONE',  ( 1.000000000000000000, 0.000000000000000000, 0.000000000000000000 ) ) ;
#2975 = ORIENTED_EDGE ( 'NONE', *, *, #2499, .T. ) ;
#2976 = CARTESIAN_POINT ( 'NONE',  ( -65.39999999999999147, 46.60000000000000142, 45.00000000000000000 ) ) ;
#2977 = EDGE_LOOP ( 'NONE', ( #1315, #2628, #2803, #2224 ) ) ;
#2978 = DIRECTION ( 'NONE',  ( 0.000000000000000000, 0.000000000000000000, -1.000000000000000000 ) ) ;
#2979 = DIRECTION ( 'NONE',  ( -0.000000000000000000, -0.000000000000000000, 1.000000000000000000 ) ) ;
#2980 = DIRECTION ( 'NONE',  ( 1.000000000000000000, -7.228014483236707402E-16, 0.000000000000000000 ) ) ;
#2981 = VECTOR ( 'NONE', #1130, 1000.000000000000000 ) ;
#2982 = ADVANCED_FACE ( 'NONE', ( #1237 ), #3629, .F. ) ;
#2983 = CARTESIAN_POINT ( 'NONE',  ( 0.000000000000000000, 33.59999999999995168, 45.00000000000000000 ) ) ;
#2984 = VERTEX_POINT ( 'NONE', #520 ) ;
#2985 = AXIS2_PLACEMENT_3D ( 'NONE', #3499, #3197, #1905 ) ;
#2986 = DIRECTION ( 'NONE',  ( -1.000000000000000000, 0.000000000000000000, 0.000000000000000000 ) ) ;
#2987 = APPLICATION_CONTEXT ( 'automotive_design' ) ;
#2988 = VECTOR ( 'NONE', #2099, 1000.000000000000000 ) ;
#2989 = EDGE_CURVE ( 'NONE', #1450, #199, #1774, .T. ) ;
#2990 = ORIENTED_EDGE ( 'NONE', *, *, #1331, .T. ) ;
#2991 = AXIS2_PLACEMENT_3D ( 'NONE', #1211, #3791, #66 ) ;
#2992 = VECTOR ( 'NONE', #1698, 1000.000000000000000 ) ;
#2993 = ORIENTED_EDGE ( 'NONE', *, *, #1280, .F. ) ;
#2994 = PLANE ( 'NONE',  #1100 ) ;
#2995 = VECTOR ( 'NONE', #696, 1000.000000000000000 ) ;
#2996 = LINE ( 'NONE', #1471, #622 ) ;
#2997 = VECTOR ( 'NONE', #2187, 1000.000000000000000 ) ;
#2998 = DIRECTION ( 'NONE',  ( 1.000000000000000000, -9.912705577010326782E-17, -0.000000000000000000 ) ) ;
#2999 = VERTEX_POINT ( 'NONE', #372 ) ;
#3000 = FACE_OUTER_BOUND ( 'NONE', #3724, .T. ) ;
#3001 = VECTOR ( 'NONE', #459, 1000.000000000000000 ) ;
#3002 = VECTOR ( 'NONE', #810, 1000.000000000000000 ) ;
#3003 = DIRECTION ( 'NONE',  ( -0.000000000000000000, -0.000000000000000000, 1.000000000000000000 ) ) ;
#3004 = CARTESIAN_POINT ( 'NONE',  ( 0.000000000000000000, 0.000000000000000000, 5.000000000000000000 ) ) ;
#3005 = LINE ( 'NONE', #1340, #2408 ) ;
#3006 = DIRECTION ( 'NONE',  ( 3.366307696711519806E-15, 1.000000000000000000, -0.000000000000000000 ) ) ;
#3007 = DIRECTION ( 'NONE',  ( 0.000000000000000000, 0.000000000000000000, 1.000000000000000000 ) ) ;
#3008 = CARTESIAN_POINT ( 'NONE',  ( -50.39999999999997016, 28.59999999999995524, 85.00000000000000000 ) ) ;
#3009 = EDGE_CURVE ( 'NONE', #4031, #1045, #2140, .T. ) ;
#3010 = ORIENTED_EDGE ( 'NONE', *, *, #3150, .T. ) ;
#3011 = ORIENTED_EDGE ( 'NONE', *, *, #678, .F. ) ;
#3012 = CARTESIAN_POINT ( 'NONE',  ( -75.00000000000000000, -50.99999999999998579, 45.00000000000000000 ) ) ;
#3013 = ADVANCED_FACE ( 'NONE', ( #1892 ), #2892, .F. ) ;
#3014 = LINE ( 'NONE', #207, #2392 ) ;
#3015 = CARTESIAN_POINT ( 'NONE',  ( -9.500000000000003553, -53.99999999999998579, 5.000000000000000000 ) ) ;
#3016 = EDGE_LOOP ( 'NONE', ( #571, #3273, #994, #3010 ) ) ;
#3017 = DIRECTION ( 'NONE',  ( -0.000000000000000000, -0.000000000000000000, 1.000000000000000000 ) ) ;
#3018 = DIRECTION ( 'NONE',  ( 0.000000000000000000, 0.000000000000000000, -1.000000000000000000 ) ) ;
#3019 = DIRECTION ( 'NONE',  ( 0.000000000000000000, -1.000000000000000000, 0.000000000000000000 ) ) ;
#3020 = DIRECTION ( 'NONE',  ( -0.000000000000000000, 1.000000000000000000, 5.782411586589351722E-16 ) ) ;
#3021 = CARTESIAN_POINT ( 'NONE',  ( -5.000000000000031974, -56.00000000000000711, 91.00000000000000000 ) ) ;
#3022 = EDGE_LOOP ( 'NONE', ( #2656, #734, #3870, #3130 ) ) ;
#3023 = DIRECTION ( 'NONE',  ( 0.000000000000000000, -1.000000000000000000, 0.000000000000000000 ) ) ;
#3024 = FACE_OUTER_BOUND ( 'NONE', #3816, .T. ) ;
#3025 = CARTESIAN_POINT ( 'NONE',  ( -5.000000000000000000, -50.99999999999999289, 80.00000000000000000 ) ) ;
#3026 = VERTEX_POINT ( 'NONE', #3483 ) ;
#3027 = ORIENTED_EDGE ( 'NONE', *, *, #303, .T. ) ;
#3028 = CARTESIAN_POINT ( 'NONE',  ( -20.00000000000000000, 33.59999999999995168, 0.000000000000000000 ) ) ;
#3029 = CARTESIAN_POINT ( 'NONE',  ( -14.99999999999999289, -28.59999999999996945, 0.000000000000000000 ) ) ;
#3030 = EDGE_CURVE ( 'NONE', #2951, #3698, #1251, .T. ) ;
#3031 = CARTESIAN_POINT ( 'NONE',  ( -65.39999999999997726, 51.00000000000000000, 143.0970416646374872 ) ) ;
#3032 = VERTEX_POINT ( 'NONE', #2543 ) ;
#3033 = CARTESIAN_POINT ( 'NONE',  ( -50.39999999999997016, 33.59999999999995168, 80.00000000000000000 ) ) ;
#3034 = EDGE_CURVE ( 'NONE', #740, #1684, #1873, .T. ) ;
#3035 = CARTESIAN_POINT ( 'NONE',  ( -52.00000000000004974, 51.00000000000000711, 11.00000000000000000 ) ) ;
#3036 = ADVANCED_FACE ( 'NONE', ( #348 ), #70, .T. ) ;
#3037 = CYLINDRICAL_SURFACE ( 'NONE', #3187, 4.999999999999997335 ) ;
#3038 = DIRECTION ( 'NONE',  ( -0.000000000000000000, 0.000000000000000000, -1.000000000000000000 ) ) ;
#3039 = CARTESIAN_POINT ( 'NONE',  ( -33.39999999999997016, -50.99999999999998579, 91.00000000000000000 ) ) ;
#3040 = ORIENTED_EDGE ( 'NONE', *, *, #731, .T. ) ;
#3041 = DIRECTION ( 'NONE',  ( -1.224646799147353207E-16, 1.000000000000000000, 0.000000000000000000 ) ) ;
#3042 = CARTESIAN_POINT ( 'NONE',  ( -75.00000000000000000, 51.00000000000000000, 5.000000000000000000 ) ) ;
#3043 = CARTESIAN_POINT ( 'NONE',  ( -55.39999999999997016, 28.59999999999995524, 0.000000000000000000 ) ) ;
#3044 = VECTOR ( 'NONE', #2850, 1000.000000000000000 ) ;
#3045 = ORIENTED_EDGE ( 'NONE', *, *, #3735, .F. ) ;
#3046 = EDGE_LOOP ( 'NONE', ( #3642, #405, #968, #3201, #998, #2490 ) ) ;
#3047 = DIRECTION ( 'NONE',  ( -0.000000000000000000, -0.000000000000000000, 1.000000000000000000 ) ) ;
#3048 = VECTOR ( 'NONE', #1452, 1000.000000000000000 ) ;
#3049 = PLANE ( 'NONE',  #2652 ) ;
#3050 = AXIS2_PLACEMENT_3D ( 'NONE', #117, #1117, #723 ) ;
#3051 = VECTOR ( 'NONE', #2812, 1000.000000000000000 ) ;
#3052 = CARTESIAN_POINT ( 'NONE',  ( -75.00000000000000000, 51.00000000000000000, 11.00000000000000000 ) ) ;
#3053 = ORIENTED_EDGE ( 'NONE', *, *, #832, .T. ) ;
#3054 = LINE ( 'NONE', #591, #49 ) ;
#3055 = EDGE_CURVE ( 'NONE', #2767, #683, #1744, .T. ) ;
#3056 = CIRCLE ( 'NONE', #1548, 4.999999999999997335 ) ;
#3057 = AXIS2_PLACEMENT_3D ( 'NONE', #1973, #437, #1416 ) ;
#3058 = CARTESIAN_POINT ( 'NONE',  ( -5.000000000000031974, -56.00000000000000711, 11.00000000000000000 ) ) ;
#3059 = DIRECTION ( 'NONE',  ( -1.000000000000000000, -1.577021341797096821E-15, 0.000000000000000000 ) ) ;
#3060 = VECTOR ( 'NONE', #2998, 1000.000000000000000 ) ;
#3061 = CARTESIAN_POINT ( 'NONE',  ( -65.39999999999997726, 43.59999999999995879, 91.00000000000001421 ) ) ;
#3062 = CARTESIAN_POINT ( 'NONE',  ( -5.000000000000014211, 51.50000000000000711, 5.000000000000000000 ) ) ;
#3063 = ORIENTED_EDGE ( 'NONE', *, *, #949, .F. ) ;
#3064 = EDGE_CURVE ( 'NONE', #199, #470, #1314, .T. ) ;
#3065 = VECTOR ( 'NONE', #3659, 1000.000000000000000 ) ;
#3066 = CARTESIAN_POINT ( 'NONE',  ( -42.00000000000004974, 51.00000000000000711, 40.00000000000000711 ) ) ;
#3067 = DIRECTION ( 'NONE',  ( 1.000000000000000000, 7.228014483236707402E-16, 0.000000000000000000 ) ) ;
#3068 = LINE ( 'NONE', #1160, #1823 ) ;
#3069 = ORIENTED_EDGE ( 'NONE', *, *, #3534, .F. ) ;
#3070 = VERTEX_POINT ( 'NONE', #47 ) ;
#3071 = CARTESIAN_POINT ( 'NONE',  ( -5.000000000000000000, -55.99999999999999289, 5.000000000000000000 ) ) ;
#3072 = EDGE_LOOP ( 'NONE', ( #2306, #1059, #1530, #77 ) ) ;
#3073 = LINE ( 'NONE', #4017, #2341 ) ;
#3074 = DIRECTION ( 'NONE',  ( 1.577021341797096821E-15, -1.000000000000000000, 0.000000000000000000 ) ) ;
#3075 = DIRECTION ( 'NONE',  ( 0.000000000000000000, 0.000000000000000000, 1.000000000000000000 ) ) ;
#3076 = EDGE_CURVE ( 'NONE', #973, #1582, #1296, .T. ) ;
#3077 = CARTESIAN_POINT ( 'NONE',  ( -5.000000000000030198, -51.50000000000000711, 91.00000000000000000 ) ) ;
#3078 = DIRECTION ( 'NONE',  ( -1.577021341797096821E-15, -1.000000000000000000, 0.000000000000000000 ) ) ;
#3079 = VERTEX_POINT ( 'NONE', #985 ) ;
#3080 = DIRECTION ( 'NONE',  ( 0.000000000000000000, 0.000000000000000000, 1.000000000000000000 ) ) ;
#3081 = PLANE ( 'NONE',  #4046 ) ;
#3082 = CARTESIAN_POINT ( 'NONE',  ( -1.371604415045035710E-14, 56.00000000000000711, 5.000000000000000000 ) ) ;
#3083 = EDGE_CURVE ( 'NONE', #2045, #449, #313, .T. ) ;
#3084 = EDGE_CURVE ( 'NONE', #1337, #934, #676, .T. ) ;
#3085 = CARTESIAN_POINT ( 'NONE',  ( 0.000000000000000000, 51.50000000000000711, 85.00000000000000000 ) ) ;
#3086 = EDGE_CURVE ( 'NONE', #1513, #3504, #3839, .T. ) ;
#3087 = VERTEX_POINT ( 'NONE', #331 ) ;
#3088 = EDGE_CURVE ( 'NONE', #3214, #683, #1563, .T. ) ;
#3089 = ORIENTED_EDGE ( 'NONE', *, *, #295, .T. ) ;
#3090 = DIRECTION ( 'NONE',  ( 0.000000000000000000, -1.000000000000000000, 0.000000000000000000 ) ) ;
#3091 = VERTEX_POINT ( 'NONE', #1581 ) ;
#3092 = CARTESIAN_POINT ( 'NONE',  ( -29.79444872453598236, 46.59999999999995879, 49.00000000000001421 ) ) ;
#3093 = LINE ( 'NONE', #1519, #755 ) ;
#3094 = LINE ( 'NONE', #593, #3511 ) ;
#3095 = ORIENTED_EDGE ( 'NONE', *, *, #1199, .F. ) ;
#3096 = CARTESIAN_POINT ( 'NONE',  ( -65.39999999999999147, 46.60000000000000142, 91.00000000000000000 ) ) ;
#3097 = ORIENTED_EDGE ( 'NONE', *, *, #1326, .F. ) ;
#3098 = LINE ( 'NONE', #3181, #2011 ) ;
#3099 = CARTESIAN_POINT ( 'NONE',  ( -33.40000000000012648, 43.59999999999995879, 51.00000000000000711 ) ) ;
#3100 = EDGE_CURVE ( 'NONE', #3249, #3143, #3817, .T. ) ;
#3101 = ORIENTED_EDGE ( 'NONE', *, *, #344, .F. ) ;
#3102 = VERTEX_POINT ( 'NONE', #698 ) ;
#3103 = EDGE_CURVE ( 'NONE', #691, #3743, #614, .T. ) ;
#3104 = CIRCLE ( 'NONE', #3697, 4.999999999999997335 ) ;
#3105 = FACE_OUTER_BOUND ( 'NONE', #548, .T. ) ;
#3106 = AXIS2_PLACEMENT_3D ( 'NONE', #2451, #3090, #1573 ) ;
#3107 = ORIENTED_EDGE ( 'NONE', *, *, #871, .F. ) ;
#3108 = CARTESIAN_POINT ( 'NONE',  ( -52.00000000000004974, 43.59999999999995879, 80.00000000000000000 ) ) ;
#3109 = VECTOR ( 'NONE', #3301, 1000.000000000000000 ) ;
#3110 = LINE ( 'NONE', #309, #430 ) ;
#3111 = CARTESIAN_POINT ( 'NONE',  ( -1.639234110326708464E-14, -51.50000000000000711, 91.00000000000000000 ) ) ;
#3112 = VERTEX_POINT ( 'NONE', #3113 ) ;
#3113 = CARTESIAN_POINT ( 'NONE',  ( -50.39999999999997016, 33.59999999999995168, 0.000000000000000000 ) ) ;
#3114 = VERTEX_POINT ( 'NONE', #2827 ) ;
#3115 = VECTOR ( 'NONE', #1669, 1000.000000000000000 ) ;
#3116 = LINE ( 'NONE', #1543, #3569 ) ;
#3117 = VECTOR ( 'NONE', #3825, 1000.000000000000000 ) ;
#3118 = AXIS2_PLACEMENT_3D ( 'NONE', #3996, #544, #1469 ) ;
#3119 = DIRECTION ( 'NONE',  ( -1.000000000000000000, -8.673617379884034239E-17, -0.000000000000000000 ) ) ;
#3120 = CARTESIAN_POINT ( 'NONE',  ( -65.39999999999997726, -46.59999999999998010, 51.00000000000000711 ) ) ;
#3121 = EDGE_LOOP ( 'NONE', ( #3473, #936, #17, #3582 ) ) ;
#3122 = VECTOR ( 'NONE', #2223, 1000.000000000000000 ) ;
#3123 = AXIS2_PLACEMENT_3D ( 'NONE', #2732, #3987, #2444 ) ;
#3124 = ADVANCED_FACE ( 'NONE', ( #25 ), #1955, .F. ) ;
#3125 = ORIENTED_EDGE ( 'NONE', *, *, #3382, .F. ) ;
#3126 = CARTESIAN_POINT ( 'NONE',  ( -5.000000000000014211, 56.00000000000000711, 51.00000000000000711 ) ) ;
#3127 = EDGE_CURVE ( 'NONE', #2841, #2430, #925, .T. ) ;
#3128 = ORIENTED_EDGE ( 'NONE', *, *, #4014, .T. ) ;
#3129 = PLANE ( 'NONE',  #3106 ) ;
#3130 = ORIENTED_EDGE ( 'NONE', *, *, #463, .T. ) ;
#3131 = EDGE_CURVE ( 'NONE', #2872, #1289, #2363, .T. ) ;
#3132 = ORIENTED_EDGE ( 'NONE', *, *, #2629, .F. ) ;
#3133 = PLANE ( 'NONE',  #1619 ) ;
#3134 = DIRECTION ( 'NONE',  ( -0.000000000000000000, -0.000000000000000000, 1.000000000000000000 ) ) ;
#3135 = CARTESIAN_POINT ( 'NONE',  ( -70.50000000000002842, -53.99999999999998579, 5.000000000000000000 ) ) ;
#3136 = ORIENTED_EDGE ( 'NONE', *, *, #485, .T. ) ;
#3137 = DIRECTION ( 'NONE',  ( -1.000000000000000000, 0.000000000000000000, 0.000000000000000000 ) ) ;
#3138 = ORIENTED_EDGE ( 'NONE', *, *, #2228, .F. ) ;
#3139 = DIRECTION ( 'NONE',  ( 1.577021341797096821E-15, -1.000000000000000000, -5.782411586589351722E-16 ) ) ;
#3140 = LINE ( 'NONE', #988, #771 ) ;
#3141 = CARTESIAN_POINT ( 'NONE',  ( -5.000000000000030198, -51.50000000000000711, 51.00000000000000711 ) ) ;
#3142 = LINE ( 'NONE', #1318, #954 ) ;
#3143 = VERTEX_POINT ( 'NONE', #495 ) ;
#3144 = DIRECTION ( 'NONE',  ( -0.000000000000000000, -0.000000000000000000, -1.000000000000000000 ) ) ;
#3145 = ORIENTED_EDGE ( 'NONE', *, *, #748, .F. ) ;
#3146 = LINE ( 'NONE', #1944, #1869 ) ;
#3147 = ORIENTED_EDGE ( 'NONE', *, *, #3127, .T. ) ;
#3148 = EDGE_LOOP ( 'NONE', ( #79, #3300, #1415, #1301, #3631, #615 ) ) ;
#3149 = FACE_OUTER_BOUND ( 'NONE', #1303, .T. ) ;
#3150 = EDGE_CURVE ( 'NONE', #2913, #586, #2604, .T. ) ;
#3151 = LINE ( 'NONE', #345, #3834 ) ;
#3152 = CARTESIAN_POINT ( 'NONE',  ( -72.00000000000005684, 53.99999999999997158, 0.000000000000000000 ) ) ;
#3153 = ORIENTED_EDGE ( 'NONE', *, *, #1326, .T. ) ;
#3154 = DIRECTION ( 'NONE',  ( -0.000000000000000000, 0.000000000000000000, -1.000000000000000000 ) ) ;
#3155 = ORIENTED_EDGE ( 'NONE', *, *, #184, .T. ) ;
#3156 = EDGE_CURVE ( 'NONE', #798, #1279, #2914, .T. ) ;
#3157 = ADVANCED_FACE ( 'NONE', ( #3000 ), #1377, .F. ) ;
#3158 = DIRECTION ( 'NONE',  ( 7.228014483236707402E-16, -1.000000000000000000, -0.000000000000000000 ) ) ;
#3159 = CLOSED_SHELL ( 'NONE', ( #406, #944, #3687, #1504, #2527, #61, #3476, #552, #507, #1732, #3013, #2756, #1036, #805, #2359, #1593, #2312, #3332, #3513, #2052, #3960, #204, #1152, #932, #3036, #1584, #3992, #3480, #2087, #56, #1397, #2573, #878, #2967, #2906, #3350, #3809, #2254, #2428, #1360, #3290, #3507, #2943, #2364, #1755, #2680, #1984, #2032, #1681, #1765, #2534, #26, #873, #1934, #2757, #2729, #2178, #4030, #1083, #854, #357, #2610, #621, #3254, #2699, #3832, #3560, #482, #2784, #3124, #2062, #1021, #3157, #2982, #1060, #3505, #3391, #1431, #2658, #754, #1437, #1234, #477, #3449, #1607, #3410, #2355, #2910, #2432, #699, #1111, #1572, #32, #3173, #859, #2694, #1557, #2964, #10, #2937, #2829, #350, #3983, #2182, #2338, #427, #3412, #3390, #1856, #3406, #3676, #579, #725, #224, #525, #3753, #3268, #3603, #3933, #2557 ) ) ;
#3160 = DIRECTION ( 'NONE',  ( 1.000000000000000000, 0.000000000000000000, 0.000000000000000000 ) ) ;
#3161 = DIRECTION ( 'NONE',  ( -0.000000000000000000, -0.000000000000000000, -1.000000000000000000 ) ) ;
#3162 = CARTESIAN_POINT ( 'NONE',  ( -5.000000000000014211, 56.00000000000000711, 85.00000000000000000 ) ) ;
#3163 = ORIENTED_EDGE ( 'NONE', *, *, #2057, .F. ) ;
#3164 = FACE_OUTER_BOUND ( 'NONE', #628, .T. ) ;
#3165 = VERTEX_POINT ( 'NONE', #134 ) ;
#3166 = CARTESIAN_POINT ( 'NONE',  ( -55.39999999999996305, -28.59999999999996945, 0.000000000000000000 ) ) ;
#3167 = VERTEX_POINT ( 'NONE', #168 ) ;
#3168 = ORIENTED_EDGE ( 'NONE', *, *, #1799, .F. ) ;
#3169 = CYLINDRICAL_SURFACE ( 'NONE', #1029, 4.999999999999997335 ) ;
#3170 = AXIS2_PLACEMENT_3D ( 'NONE', #2162, #1835, #2793 ) ;
#3171 = CARTESIAN_POINT ( 'NONE',  ( -5.000000000000000000, -50.99999999999999289, 80.00000000000000000 ) ) ;
#3172 = VECTOR ( 'NONE', #4006, 1000.000000000000000 ) ;
#3173 = ADVANCED_FACE ( 'NONE', ( #110 ), #1666, .T. ) ;
#3174 = ORIENTED_EDGE ( 'NONE', *, *, #3656, .T. ) ;
#3175 = DIRECTION ( 'NONE',  ( -0.000000000000000000, -0.000000000000000000, 1.000000000000000000 ) ) ;
#3176 = EDGE_CURVE ( 'NONE', #2907, #1859, #1395, .T. ) ;
#3177 = ORIENTED_EDGE ( 'NONE', *, *, #184, .F. ) ;
#3178 = VECTOR ( 'NONE', #2250, 1000.000000000000000 ) ;
#3179 = DIRECTION ( 'NONE',  ( 0.000000000000000000, 0.000000000000000000, -1.000000000000000000 ) ) ;
#3180 = FACE_OUTER_BOUND ( 'NONE', #2697, .T. ) ;
#3181 = CARTESIAN_POINT ( 'NONE',  ( 0.000000000000000000, -33.59999999999996589, 85.00000000000000000 ) ) ;
#3182 = AXIS2_PLACEMENT_3D ( 'NONE', #616, #274, #2501 ) ;
#3183 = VECTOR ( 'NONE', #2294, 1000.000000000000000 ) ;
#3184 = CARTESIAN_POINT ( 'NONE',  ( -19.99999999999999289, -33.59999999999996589, 0.000000000000000000 ) ) ;
#3185 = EDGE_CURVE ( 'NONE', #1582, #6, #3639, .T. ) ;
#3186 = ORIENTED_EDGE ( 'NONE', *, *, #263, .T. ) ;
#3187 = AXIS2_PLACEMENT_3D ( 'NONE', #213, #3384, #2097 ) ;
#3188 = VECTOR ( 'NONE', #3321, 1000.000000000000000 ) ;
#3189 = EDGE_LOOP ( 'NONE', ( #2975, #2681, #2181, #2549, #1445, #384 ) ) ;
#3190 = DIRECTION ( 'NONE',  ( -1.000000000000000000, -1.489033026589534369E-16, 0.000000000000000000 ) ) ;
#3191 = AXIS2_PLACEMENT_3D ( 'NONE', #226, #3605, #1414 ) ;
#3192 = ORIENTED_EDGE ( 'NONE', *, *, #3337, .F. ) ;
#3193 = DIRECTION ( 'NONE',  ( 0.000000000000000000, 0.000000000000000000, -1.000000000000000000 ) ) ;
#3194 = ORIENTED_EDGE ( 'NONE', *, *, #1501, .F. ) ;
#3195 = VERTEX_POINT ( 'NONE', #3920 ) ;
#3196 = LINE ( 'NONE', #1351, #1817 ) ;
#3197 = DIRECTION ( 'NONE',  ( -1.000000000000000000, -1.224646799147353207E-16, 0.000000000000000000 ) ) ;
#3198 = CARTESIAN_POINT ( 'NONE',  ( -52.00000000000004974, 43.59999999999995879, 143.0970416646374872 ) ) ;
#3199 = VERTEX_POINT ( 'NONE', #3897 ) ;
#3200 = DIRECTION ( 'NONE',  ( -1.000000000000000000, 0.000000000000000000, 0.000000000000000000 ) ) ;
#3201 = ORIENTED_EDGE ( 'NONE', *, *, #3681, .F. ) ;
#3202 = CARTESIAN_POINT ( 'NONE',  ( -5.000000000000014211, 51.50000000000000711, 91.00000000000000000 ) ) ;
#3203 = EDGE_CURVE ( 'NONE', #798, #2528, #461, .T. ) ;
#3204 = DIRECTION ( 'NONE',  ( 1.000000000000000000, 0.000000000000000000, 0.000000000000000000 ) ) ;
#3205 = DIRECTION ( 'NONE',  ( -0.000000000000000000, -0.000000000000000000, -1.000000000000000000 ) ) ;
#3206 = ORIENTED_EDGE ( 'NONE', *, *, #1852, .F. ) ;
#3207 = EDGE_CURVE ( 'NONE', #82, #3743, #2641, .T. ) ;
#3208 = ORIENTED_EDGE ( 'NONE', *, *, #2016, .F. ) ;
#3209 = PLANE ( 'NONE',  #186 ) ;
#3210 = ORIENTED_EDGE ( 'NONE', *, *, #1852, .T. ) ;
#3211 = EDGE_CURVE ( 'NONE', #986, #3026, #3220, .T. ) ;
#3212 = EDGE_CURVE ( 'NONE', #3087, #494, #2282, .T. ) ;
#3213 = DIRECTION ( 'NONE',  ( -1.000000000000000000, 0.000000000000000000, -0.000000000000000000 ) ) ;
#3214 = VERTEX_POINT ( 'NONE', #3530 ) ;
#3215 = EDGE_LOOP ( 'NONE', ( #1891, #780, #1974, #3977, #2160, #2112, #2030, #1517 ) ) ;
#3216 = PLANE ( 'NONE',  #182 ) ;
#3217 = PLANE ( 'NONE',  #2985 ) ;
#3218 = CARTESIAN_POINT ( 'NONE',  ( 0.000000000000000000, 33.59999999999995168, 80.00000000000000000 ) ) ;
#3219 = ORIENTED_EDGE ( 'NONE', *, *, #1334, .F. ) ;
#3220 = LINE ( 'NONE', #760, #113 ) ;
#3221 = ORIENTED_EDGE ( 'NONE', *, *, #789, .T. ) ;
#3222 = DIRECTION ( 'NONE',  ( -0.000000000000000000, 0.000000000000000000, -1.000000000000000000 ) ) ;
#3223 = CARTESIAN_POINT ( 'NONE',  ( -60.00000000000005684, -50.99999999999998579, 11.00000000000000000 ) ) ;
#3224 = DIRECTION ( 'NONE',  ( 0.000000000000000000, 0.000000000000000000, -1.000000000000000000 ) ) ;
#3225 = ORIENTED_EDGE ( 'NONE', *, *, #1277, .F. ) ;
#3226 = CARTESIAN_POINT ( 'NONE',  ( -5.000000000000014211, 56.00000000000000711, 5.000000000000000000 ) ) ;
#3227 = ORIENTED_EDGE ( 'NONE', *, *, #1457, .T. ) ;
#3228 = LINE ( 'NONE', #1720, #2206 ) ;
#3229 = ORIENTED_EDGE ( 'NONE', *, *, #2606, .F. ) ;
#3230 = EDGE_CURVE ( 'NONE', #664, #991, #739, .T. ) ;
#3231 = LINE ( 'NONE', #2571, #2453 ) ;
#3232 = ORIENTED_EDGE ( 'NONE', *, *, #1839, .F. ) ;
#3233 = EDGE_LOOP ( 'NONE', ( #3726, #2925, #3891, #3192 ) ) ;
#3234 = CARTESIAN_POINT ( 'NONE',  ( -33.39999999999997016, -50.99999999999998579, 91.00000000000000000 ) ) ;
#3235 = EDGE_CURVE ( 'NONE', #1967, #82, #2958, .T. ) ;
#3236 = CARTESIAN_POINT ( 'NONE',  ( 0.000000000000000000, -55.99999999999999289, 45.00000000000000000 ) ) ;
#3237 = CARTESIAN_POINT ( 'NONE',  ( -50.39999999999996305, -28.59999999999996945, 0.000000000000000000 ) ) ;
#3238 = VERTEX_POINT ( 'NONE', #476 ) ;
#3239 = DIRECTION ( 'NONE',  ( 0.000000000000000000, 0.000000000000000000, -1.000000000000000000 ) ) ;
#3240 = VERTEX_POINT ( 'NONE', #151 ) ;
#3241 = CIRCLE ( 'NONE', #1012, 4.999999999999993783 ) ;
#3242 = CARTESIAN_POINT ( 'NONE',  ( -65.39999999999997726, 46.59999999999995879, 9.000000000000010658 ) ) ;
#3243 = DIRECTION ( 'NONE',  ( -0.000000000000000000, -0.000000000000000000, -1.000000000000000000 ) ) ;
#3244 = FACE_OUTER_BOUND ( 'NONE', #1523, .T. ) ;
#3245 = VECTOR ( 'NONE', #2678, 1000.000000000000000 ) ;
#3246 = ORIENTED_EDGE ( 'NONE', *, *, #1923, .T. ) ;
#3247 = CIRCLE ( 'NONE', #3450, 4.999999999999997335 ) ;
#3248 = VECTOR ( 'NONE', #2230, 1000.000000000000000 ) ;
#3249 = VERTEX_POINT ( 'NONE', #1336 ) ;
#3250 = CARTESIAN_POINT ( 'NONE',  ( -5.000000000000012434, 51.00000000000000711, 40.00000000000000000 ) ) ;
#3251 = VERTEX_POINT ( 'NONE', #1727 ) ;
#3252 = AXIS2_PLACEMENT_3D ( 'NONE', #643, #30, #1240 ) ;
#3253 = CIRCLE ( 'NONE', #1424, 4.999999999999997335 ) ;
#3254 = ADVANCED_FACE ( 'NONE', ( #3592 ), #3607, .F. ) ;
#3255 = ORIENTED_EDGE ( 'NONE', *, *, #1717, .F. ) ;
#3256 = EDGE_CURVE ( 'NONE', #69, #3143, #2580, .T. ) ;
#3257 = AXIS2_PLACEMENT_3D ( 'NONE', #3877, #3501, #1375 ) ;
#3258 = VECTOR ( 'NONE', #522, 1000.000000000000000 ) ;
#3259 = ORIENTED_EDGE ( 'NONE', *, *, #1230, .T. ) ;
#3260 = DIRECTION ( 'NONE',  ( -0.000000000000000000, -0.000000000000000000, 1.000000000000000000 ) ) ;
#3261 = AXIS2_PLACEMENT_3D ( 'NONE', #31, #3821, #1606 ) ;
#3262 = CARTESIAN_POINT ( 'NONE',  ( -50.39999999999996305, -33.59999999999996589, 0.000000000000000000 ) ) ;
#3263 = EDGE_CURVE ( 'NONE', #48, #158, #2941, .T. ) ;
#3264 = CARTESIAN_POINT ( 'NONE',  ( -50.39999999999996305, -28.59999999999996945, 40.00000000000000000 ) ) ;
#3265 = ORIENTED_EDGE ( 'NONE', *, *, #2379, .T. ) ;
#3266 = DIRECTION ( 'NONE',  ( -1.000000000000000000, -8.673617379884034239E-17, -0.000000000000000000 ) ) ;
#3267 = EDGE_LOOP ( 'NONE', ( #3999, #2284, #2567, #1467 ) ) ;
#3268 = ADVANCED_FACE ( 'NONE', ( #549 ), #1456, .F. ) ;
#3269 = LINE ( 'NONE', #1957, #3044 ) ;
#3270 = EDGE_CURVE ( 'NONE', #724, #2767, #3054, .T. ) ;
#3271 = LINE ( 'NONE', #92, #3580 ) ;
#3272 = LINE ( 'NONE', #1382, #762 ) ;
#3273 = ORIENTED_EDGE ( 'NONE', *, *, #1247, .F. ) ;
#3274 = LINE ( 'NONE', #2290, #2600 ) ;
#3275 = VERTEX_POINT ( 'NONE', #3033 ) ;
#3276 = FACE_OUTER_BOUND ( 'NONE', #4012, .T. ) ;
#3277 = DIRECTION ( 'NONE',  ( -1.000000000000000000, 0.000000000000000000, 0.000000000000000000 ) ) ;
#3278 = VERTEX_POINT ( 'NONE', #1787 ) ;
#3279 = EDGE_LOOP ( 'NONE', ( #3801, #1434, #1978, #2043 ) ) ;
#3280 = FACE_OUTER_BOUND ( 'NONE', #3148, .T. ) ;
#3281 = CARTESIAN_POINT ( 'NONE',  ( -75.00000000000000000, 51.00000000000000000, 11.00000000000000000 ) ) ;
#3282 = DIRECTION ( 'NONE',  ( -0.000000000000000000, 1.000000000000000000, 0.000000000000000000 ) ) ;
#3283 = ORIENTED_EDGE ( 'NONE', *, *, #1302, .F. ) ;
#3284 = DIRECTION ( 'NONE',  ( 1.000000000000000000, -0.000000000000000000, -0.000000000000000000 ) ) ;
#3285 = ORIENTED_EDGE ( 'NONE', *, *, #2780, .T. ) ;
#3286 = EDGE_CURVE ( 'NONE', #837, #3434, #228, .T. ) ;
#3287 = FACE_OUTER_BOUND ( 'NONE', #613, .T. ) ;
#3288 = CYLINDRICAL_SURFACE ( 'NONE', #1815, 1.500000000000001332 ) ;
#3289 = DIRECTION ( 'NONE',  ( 0.000000000000000000, 0.000000000000000000, -1.000000000000000000 ) ) ;
#3290 = ADVANCED_FACE ( 'NONE', ( #1145 ), #2720, .F. ) ;
#3291 = UNCERTAINTY_MEASURE_WITH_UNIT (LENGTH_MEASURE( 1.000000000000000082E-05 ), #3737, 'distance_accuracy_value', 'NONE');
#3292 = DIRECTION ( 'NONE',  ( -0.000000000000000000, -0.000000000000000000, -1.000000000000000000 ) ) ;
#3293 = VERTEX_POINT ( 'NONE', #902 ) ;
#3294 = LINE ( 'NONE', #2650, #3781 ) ;
#3295 = VERTEX_POINT ( 'NONE', #880 ) ;
#3296 = VERTEX_POINT ( 'NONE', #4000 ) ;
#3297 = FACE_OUTER_BOUND ( 'NONE', #2977, .T. ) ;
#3298 = CARTESIAN_POINT ( 'NONE',  ( -29.79444872453598236, -43.59999999999997300, 91.00000000000000000 ) ) ;
#3299 = LINE ( 'NONE', #2110, #2931 ) ;
#3300 = ORIENTED_EDGE ( 'NONE', *, *, #2060, .T. ) ;
#3301 = DIRECTION ( 'NONE',  ( -1.489033026589534369E-16, 1.000000000000000000, -0.000000000000000000 ) ) ;
#3302 = DIRECTION ( 'NONE',  ( -1.000000000000000000, -0.000000000000000000, -0.000000000000000000 ) ) ;
#3303 = LINE ( 'NONE', #535, #2858 ) ;
#3304 = EDGE_CURVE ( 'NONE', #3214, #1648, #3253, .T. ) ;
#3305 = DIRECTION ( 'NONE',  ( 1.000000000000000000, 0.000000000000000000, 0.000000000000000000 ) ) ;
#3306 = VECTOR ( 'NONE', #598, 1000.000000000000000 ) ;
#3307 = DIRECTION ( 'NONE',  ( -1.000000000000000000, -8.673617379884034239E-17, -0.000000000000000000 ) ) ;
#3308 = LINE ( 'NONE', #2899, #2637 ) ;
#3309 = EDGE_CURVE ( 'NONE', #1903, #449, #252, .T. ) ;
#3310 = VECTOR ( 'NONE', #2973, 1000.000000000000000 ) ;
#3311 = LINE ( 'NONE', #1368, #3316 ) ;
#3312 = ORIENTED_EDGE ( 'NONE', *, *, #601, .T. ) ;
#3313 = VECTOR ( 'NONE', #2546, 1000.000000000000000 ) ;
#3314 = ORIENTED_EDGE ( 'NONE', *, *, #2533, .T. ) ;
#3315 = CARTESIAN_POINT ( 'NONE',  ( -5.000000000000000000, -51.50000000000000711, 5.000000000000000000 ) ) ;
#3316 = VECTOR ( 'NONE', #2310, 1000.000000000000000 ) ;
#3317 = DIRECTION ( 'NONE',  ( 0.000000000000000000, -1.000000000000000000, 0.000000000000000000 ) ) ;
#3318 = AXIS2_PLACEMENT_3D ( 'NONE', #2842, #1862, #3765 ) ;
#3319 = CARTESIAN_POINT ( 'NONE',  ( -11.00000000000000178, 50.99999999999998579, 5.000000000000000000 ) ) ;
#3320 = ORIENTED_EDGE ( 'NONE', *, *, #3185, .F. ) ;
#3321 = DIRECTION ( 'NONE',  ( -0.000000000000000000, -0.000000000000000000, 1.000000000000000000 ) ) ;
#3322 = VECTOR ( 'NONE', #1933, 1000.000000000000000 ) ;
#3323 = VECTOR ( 'NONE', #3798, 1000.000000000000000 ) ;
#3324 = PLANE ( 'NONE',  #1209 ) ;
#3325 = CARTESIAN_POINT ( 'NONE',  ( -65.39999999999997726, 43.59999999999995879, 49.00000000000000711 ) ) ;
#3326 = CARTESIAN_POINT ( 'NONE',  ( -75.00000000000000000, 51.00000000000000000, 91.00000000000000000 ) ) ;
#3327 = DIRECTION ( 'NONE',  ( 0.000000000000000000, -1.000000000000000000, -5.782411586589351722E-16 ) ) ;
#3328 = ORIENTED_EDGE ( 'NONE', *, *, #1514, .T. ) ;
#3329 = LINE ( 'NONE', #830, #1163 ) ;
#3330 = CARTESIAN_POINT ( 'NONE',  ( -33.39999999999997016, -50.99999999999998579, 11.00000000000000000 ) ) ;
#3331 = DIRECTION ( 'NONE',  ( 3.366307696711519806E-15, 1.000000000000000000, -0.000000000000000000 ) ) ;
#3332 = ADVANCED_FACE ( 'NONE', ( #516 ), #3649, .F. ) ;
#3333 = ORIENTED_EDGE ( 'NONE', *, *, #3235, .T. ) ;
#3334 = ORIENTED_EDGE ( 'NONE', *, *, #3212, .T. ) ;
#3335 = CARTESIAN_POINT ( 'NONE',  ( -55.39999999999997016, 28.59999999999995524, 0.000000000000000000 ) ) ;
#3336 = EDGE_CURVE ( 'NONE', #1575, #94, #3953, .T. ) ;
#3337 = EDGE_CURVE ( 'NONE', #1658, #1308, #268, .T. ) ;
#3338 = CARTESIAN_POINT ( 'NONE',  ( 0.000000000000000000, 0.000000000000000000, 51.00000000000000711 ) ) ;
#3339 = DIRECTION ( 'NONE',  ( 0.000000000000000000, 0.000000000000000000, 1.000000000000000000 ) ) ;
#3340 = ORIENTED_EDGE ( 'NONE', *, *, #1387, .T. ) ;
#3341 = DIRECTION ( 'NONE',  ( 1.819640009765883753E-16, -1.000000000000000000, 0.000000000000000000 ) ) ;
#3342 = PLANE ( 'NONE',  #818 ) ;
#3343 = PLANE ( 'NONE',  #2142 ) ;
#3344 = CARTESIAN_POINT ( 'NONE',  ( -65.39999999999999147, 46.60000000000000142, 51.00000000000000711 ) ) ;
#3345 = LINE ( 'NONE', #3062, #2988 ) ;
#3346 = ORIENTED_EDGE ( 'NONE', *, *, #3908, .T. ) ;
#3347 = DIRECTION ( 'NONE',  ( 1.000000000000000000, -9.912705577010326782E-17, -0.000000000000000000 ) ) ;
#3348 = DIRECTION ( 'NONE',  ( 0.000000000000000000, 0.000000000000000000, -1.000000000000000000 ) ) ;
#3349 = CARTESIAN_POINT ( 'NONE',  ( -33.40000000000012648, 46.59999999999995168, 9.000000000000010658 ) ) ;
#3350 = ADVANCED_FACE ( 'NONE', ( #863, #2113 ), #2095, .F. ) ;
#3351 = ORIENTED_EDGE ( 'NONE', *, *, #190, .F. ) ;
#3352 = EDGE_CURVE ( 'NONE', #1811, #4031, #2743, .T. ) ;
#3353 = ORIENTED_EDGE ( 'NONE', *, *, #2038, .F. ) ;
#3354 = DIRECTION ( 'NONE',  ( 1.000000000000000000, 0.000000000000000000, 0.000000000000000000 ) ) ;
#3355 = LINE ( 'NONE', #4015, #2849 ) ;
#3356 = EDGE_CURVE ( 'NONE', #2902, #2407, #1188, .T. ) ;
#3357 = FACE_OUTER_BOUND ( 'NONE', #2595, .T. ) ;
#3358 = EDGE_CURVE ( 'NONE', #14, #934, #3073, .T. ) ;
#3359 = VERTEX_POINT ( 'NONE', #3708 ) ;
#3360 = DIRECTION ( 'NONE',  ( -1.000000000000000000, 0.000000000000000000, 0.000000000000000000 ) ) ;
#3361 = CARTESIAN_POINT ( 'NONE',  ( -5.000000000000014211, 51.50000000000000711, 91.00000000000000000 ) ) ;
#3362 = CARTESIAN_POINT ( 'NONE',  ( -50.39999999999997016, 28.59999999999995524, 5.000000000000000000 ) ) ;
#3363 = DIRECTION ( 'NONE',  ( 1.000000000000000000, 0.000000000000000000, 0.000000000000000000 ) ) ;
#3364 = DIRECTION ( 'NONE',  ( 1.000000000000000000, 0.000000000000000000, 0.000000000000000000 ) ) ;
#3365 = ORIENTED_EDGE ( 'NONE', *, *, #191, .F. ) ;
#3366 = CARTESIAN_POINT ( 'NONE',  ( -5.000000000000000000, -50.99999999999999289, 85.00000000000000000 ) ) ;
#3367 = DIRECTION ( 'NONE',  ( 1.000000000000000000, 0.000000000000000000, 0.000000000000000000 ) ) ;
#3368 = CARTESIAN_POINT ( 'NONE',  ( -72.00000000000004263, -53.99999999999998579, 0.000000000000000000 ) ) ;
#3369 = AXIS2_PLACEMENT_3D ( 'NONE', #2786, #922, #3383 ) ;
#3370 = ORIENTED_EDGE ( 'NONE', *, *, #3757, .T. ) ;
#3371 = ORIENTED_EDGE ( 'NONE', *, *, #3084, .T. ) ;
#3372 = VECTOR ( 'NONE', #266, 1000.000000000000000 ) ;
#3373 = EDGE_CURVE ( 'NONE', #1384, #382, #211, .T. ) ;
#3374 = DIRECTION ( 'NONE',  ( -0.000000000000000000, -0.000000000000000000, -1.000000000000000000 ) ) ;
#3375 = VECTOR ( 'NONE', #3718, 1000.000000000000000 ) ;
#3376 = VECTOR ( 'NONE', #3733, 1000.000000000000000 ) ;
#3377 = PLANE ( 'NONE',  #2863 ) ;
#3378 = VERTEX_POINT ( 'NONE', #2682 ) ;
#3379 = CARTESIAN_POINT ( 'NONE',  ( 0.000000000000000000, -55.99999999999999289, 45.00000000000000000 ) ) ;
#3380 = VECTOR ( 'NONE', #576, 1000.000000000000000 ) ;
#3381 = VECTOR ( 'NONE', #1373, 1000.000000000000000 ) ;
#3382 = EDGE_CURVE ( 'NONE', #2500, #2635, #1128, .T. ) ;
#3383 = DIRECTION ( 'NONE',  ( 0.000000000000000000, 0.000000000000000000, 1.000000000000000000 ) ) ;
#3384 = DIRECTION ( 'NONE',  ( -0.000000000000000000, -0.000000000000000000, 1.000000000000000000 ) ) ;
#3385 = VECTOR ( 'NONE', #2620, 1000.000000000000000 ) ;
#3386 = PLANE ( 'NONE',  #2461 ) ;
#3387 = CARTESIAN_POINT ( 'NONE',  ( -20.00000000000000000, 28.59999999999995524, 0.000000000000000000 ) ) ;
#3388 = AXIS2_PLACEMENT_3D ( 'NONE', #745, #2326, #851 ) ;
#3389 = EDGE_LOOP ( 'NONE', ( #1574, #1258, #3340, #1857 ) ) ;
#3390 = ADVANCED_FACE ( 'NONE', ( #2378 ), #961, .F. ) ;
#3391 = ADVANCED_FACE ( 'NONE', ( #3149 ), #343, .F. ) ;
#3392 = CARTESIAN_POINT ( 'NONE',  ( -9.500000000000019540, 53.99999999999998579, 0.000000000000000000 ) ) ;
#3393 = DIRECTION ( 'NONE',  ( -0.000000000000000000, -0.000000000000000000, -1.000000000000000000 ) ) ;
#3394 = DIRECTION ( 'NONE',  ( -1.000000000000000000, 0.000000000000000000, 0.000000000000000000 ) ) ;
#3395 = DIRECTION ( 'NONE',  ( 0.000000000000000000, 0.000000000000000000, 1.000000000000000000 ) ) ;
#3396 = ORIENTED_EDGE ( 'NONE', *, *, #2521, .T. ) ;
#3397 = ORIENTED_EDGE ( 'NONE', *, *, #380, .T. ) ;
#3398 = VERTEX_POINT ( 'NONE', #671 ) ;
#3399 = CARTESIAN_POINT ( 'NONE',  ( -75.00000000000000000, -50.99999999999998579, 91.00000000000000000 ) ) ;
#3400 = ORIENTED_EDGE ( 'NONE', *, *, #1679, .F. ) ;
#3401 = DIRECTION ( 'NONE',  ( -1.000000000000000000, -8.673617379884034239E-17, -0.000000000000000000 ) ) ;
#3402 = CARTESIAN_POINT ( 'NONE',  ( -33.39999999999997726, -46.59999999999998010, 89.00000000000000000 ) ) ;
#3403 = PLANE ( 'NONE',  #1491 ) ;
#3404 = DIRECTION ( 'NONE',  ( -1.000000000000000000, 0.000000000000000000, 0.000000000000000000 ) ) ;
#3405 = DIRECTION ( 'NONE',  ( -0.000000000000000000, -0.000000000000000000, 1.000000000000000000 ) ) ;
#3406 = ADVANCED_FACE ( 'NONE', ( #3435 ), #3169, .F. ) ;
#3407 = ORIENTED_EDGE ( 'NONE', *, *, #3185, .T. ) ;
#3408 = CARTESIAN_POINT ( 'NONE',  ( -5.000000000000014211, 51.50000000000000711, 91.00000000000000000 ) ) ;
#3409 = PLANE ( 'NONE',  #610 ) ;
#3410 = ADVANCED_FACE ( 'NONE', ( #2253 ), #609, .T. ) ;
#3411 = DIRECTION ( 'NONE',  ( 0.000000000000000000, 0.000000000000000000, -1.000000000000000000 ) ) ;
#3412 = ADVANCED_FACE ( 'NONE', ( #366 ), #3133, .F. ) ;
#3413 = VERTEX_POINT ( 'NONE', #1246 ) ;
#3414 = ORIENTED_EDGE ( 'NONE', *, *, #910, .F. ) ;
#3415 = DIRECTION ( 'NONE',  ( -0.000000000000000000, 0.000000000000000000, -1.000000000000000000 ) ) ;
#3416 = ORIENTED_EDGE ( 'NONE', *, *, #1813, .F. ) ;
#3417 = CARTESIAN_POINT ( 'NONE',  ( -29.79444872453598236, -46.59999999999997300, 9.000000000000000000 ) ) ;
#3418 = CARTESIAN_POINT ( 'NONE',  ( -5.000000000000030198, -51.50000000000000711, 5.000000000000000000 ) ) ;
#3419 = LINE ( 'NONE', #1890, #1099 ) ;
#3420 = ORIENTED_EDGE ( 'NONE', *, *, #2238, .F. ) ;
#3421 = CARTESIAN_POINT ( 'NONE',  ( -69.00000000000002842, 50.99999999999997868, 5.000000000000000000 ) ) ;
#3422 = ORIENTED_EDGE ( 'NONE', *, *, #1766, .F. ) ;
#3423 = VECTOR ( 'NONE', #3367, 1000.000000000000000 ) ;
#3424 = EDGE_CURVE ( 'NONE', #1513, #470, #284, .T. ) ;
#3425 = DIRECTION ( 'NONE',  ( 1.000000000000000000, 1.156482317317867781E-15, 0.000000000000000000 ) ) ;
#3426 = LINE ( 'NONE', #1631, #829 ) ;
#3427 = LINE ( 'NONE', #1960, #3650 ) ;
#3428 = EDGE_CURVE ( 'NONE', #1495, #3079, #1621, .T. ) ;
#3429 = ORIENTED_EDGE ( 'NONE', *, *, #1476, .F. ) ;
#3430 = ORIENTED_EDGE ( 'NONE', *, *, #2111, .F. ) ;
#3431 = DIRECTION ( 'NONE',  ( 1.000000000000000000, 0.000000000000000000, 0.000000000000000000 ) ) ;
#3432 = ORIENTED_EDGE ( 'NONE', *, *, #1352, .T. ) ;
#3433 = AXIS2_PLACEMENT_3D ( 'NONE', #131, #44, #2619 ) ;
#3434 = VERTEX_POINT ( 'NONE', #3811 ) ;
#3435 = FACE_OUTER_BOUND ( 'NONE', #1463, .T. ) ;
#3436 = VECTOR ( 'NONE', #3927, 1000.000000000000000 ) ;
#3437 = AXIS2_PLACEMENT_3D ( 'NONE', #1175, #3405, #596 ) ;
#3438 = DIRECTION ( 'NONE',  ( 0.000000000000000000, 1.000000000000000000, -0.000000000000000000 ) ) ;
#3439 = DIRECTION ( 'NONE',  ( -0.000000000000000000, -0.000000000000000000, -1.000000000000000000 ) ) ;
#3440 = ORIENTED_EDGE ( 'NONE', *, *, #3815, .T. ) ;
#3441 = CARTESIAN_POINT ( 'NONE',  ( -55.39999999999997016, -6.720537102735326942E-15, 45.00000000000000000 ) ) ;
#3442 = ORIENTED_EDGE ( 'NONE', *, *, #385, .F. ) ;
#3443 = VECTOR ( 'NONE', #657, 1000.000000000000000 ) ;
#3444 = AXIS2_PLACEMENT_3D ( 'NONE', #800, #223, #2712 ) ;
#3445 = DIRECTION ( 'NONE',  ( -1.577021341797097018E-15, 1.000000000000000000, 0.000000000000000000 ) ) ;
#3446 = AXIS2_PLACEMENT_3D ( 'NONE', #1388, #3599, #774 ) ;
#3447 = LINE ( 'NONE', #3141, #3969 ) ;
#3448 = DIRECTION ( 'NONE',  ( -1.000000000000000000, 0.000000000000000000, 0.000000000000000000 ) ) ;
#3449 = ADVANCED_FACE ( 'NONE', ( #2869 ), #326, .F. ) ;
#3450 = AXIS2_PLACEMENT_3D ( 'NONE', #3008, #3945, #2986 ) ;
#3451 = ORIENTED_EDGE ( 'NONE', *, *, #1159, .T. ) ;
#3452 = LINE ( 'NONE', #1589, #1950 ) ;
#3453 = ORIENTED_EDGE ( 'NONE', *, *, #3729, .F. ) ;
#3454 = EDGE_CURVE ( 'NONE', #1941, #1917, #2539, .T. ) ;
#3455 = DIRECTION ( 'NONE',  ( 0.000000000000000000, 0.000000000000000000, -1.000000000000000000 ) ) ;
#3456 = ORIENTED_EDGE ( 'NONE', *, *, #2533, .F. ) ;
#3457 = EDGE_CURVE ( 'NONE', #1341, #2493, #980, .T. ) ;
#3458 = ORIENTED_EDGE ( 'NONE', *, *, #2384, .F. ) ;
#3459 = CARTESIAN_POINT ( 'NONE',  ( -15.00000000000000355, 28.59999999999995524, 0.000000000000000000 ) ) ;
#3460 = EDGE_CURVE ( 'NONE', #1483, #1928, #3744, .T. ) ;
#3461 = CARTESIAN_POINT ( 'NONE',  ( -5.000000000000014211, 56.00000000000000711, 40.00000000000000000 ) ) ;
#3462 = DIRECTION ( 'NONE',  ( 1.000000000000000000, 0.000000000000000000, 0.000000000000000000 ) ) ;
#3463 = ORIENTED_EDGE ( 'NONE', *, *, #485, .F. ) ;
#3464 = DIRECTION ( 'NONE',  ( -1.000000000000000000, 0.000000000000000000, 0.000000000000000000 ) ) ;
#3465 = ORIENTED_EDGE ( 'NONE', *, *, #209, .T. ) ;
#3466 = DIRECTION ( 'NONE',  ( -1.000000000000000000, 0.000000000000000000, 0.000000000000000000 ) ) ;
#3467 = LINE ( 'NONE', #334, #249 ) ;
#3468 = DIRECTION ( 'NONE',  ( -1.000000000000000000, -0.000000000000000000, -0.000000000000000000 ) ) ;
#3469 = DIRECTION ( 'NONE',  ( -0.000000000000000000, -0.000000000000000000, -1.000000000000000000 ) ) ;
#3470 = ORIENTED_EDGE ( 'NONE', *, *, #949, .T. ) ;
#3471 = ORIENTED_EDGE ( 'NONE', *, *, #3780, .T. ) ;
#3472 = CARTESIAN_POINT ( 'NONE',  ( 0.000000000000000000, 51.50000000000000711, 51.00000000000000711 ) ) ;
#3473 = ORIENTED_EDGE ( 'NONE', *, *, #3083, .F. ) ;
#3474 = CARTESIAN_POINT ( 'NONE',  ( 0.000000000000000000, 0.000000000000000000, 11.00000000000000000 ) ) ;
#3475 = ORIENTED_EDGE ( 'NONE', *, *, #3889, .F. ) ;
#3476 = ADVANCED_FACE ( 'NONE', ( #1595, #999 ), #3496, .T. ) ;
#3477 = ORIENTED_EDGE ( 'NONE', *, *, #3457, .F. ) ;
#3478 = DIRECTION ( 'NONE',  ( 1.000000000000000000, 0.000000000000000000, 0.000000000000000000 ) ) ;
#3479 = DIRECTION ( 'NONE',  ( 0.000000000000000000, 0.000000000000000000, 1.000000000000000000 ) ) ;
#3480 = ADVANCED_FACE ( 'NONE', ( #2169 ), #1559, .F. ) ;
#3481 = DIRECTION ( 'NONE',  ( -1.000000000000000000, 0.000000000000000000, 0.000000000000000000 ) ) ;
#3482 = VERTEX_POINT ( 'NONE', #2783 ) ;
#3483 = CARTESIAN_POINT ( 'NONE',  ( -5.000000000000004441, 56.99999999999997868, 0.000000000000000000 ) ) ;
#3484 = VERTEX_POINT ( 'NONE', #1232 ) ;
#3485 = CARTESIAN_POINT ( 'NONE',  ( -73.50000000000005684, 53.99999999999997158, 0.000000000000000000 ) ) ;
#3486 = APPLICATION_PROTOCOL_DEFINITION ( 'draft international standard', 'automotive_design', 1998, #2987 ) ;
#3487 = DIRECTION ( 'NONE',  ( -0.000000000000000000, -0.000000000000000000, -1.000000000000000000 ) ) ;
#3488 = FACE_OUTER_BOUND ( 'NONE', #2183, .T. ) ;
#3489 = ORIENTED_EDGE ( 'NONE', *, *, #3885, .F. ) ;
#3490 = EDGE_LOOP ( 'NONE', ( #1499, #1728, #2489, #1893 ) ) ;
#3491 = CARTESIAN_POINT ( 'NONE',  ( -5.000000000000030198, -51.50000000000000711, 11.00000000000000000 ) ) ;
#3492 = ORIENTED_EDGE ( 'NONE', *, *, #279, .T. ) ;
#3493 = CARTESIAN_POINT ( 'NONE',  ( -14.99999999999999289, -28.59999999999996945, 5.000000000000000000 ) ) ;
#3494 = ORIENTED_EDGE ( 'NONE', *, *, #791, .T. ) ;
#3495 = ORIENTED_EDGE ( 'NONE', *, *, #656, .F. ) ;
#3496 = PLANE ( 'NONE',  #2722 ) ;
#3497 = VECTOR ( 'NONE', #1668, 1000.000000000000000 ) ;
#3498 = EDGE_CURVE ( 'NONE', #3413, #729, #3727, .T. ) ;
#3499 = CARTESIAN_POINT ( 'NONE',  ( 0.000000000000000000, -55.99999999999999289, 85.00000000000000000 ) ) ;
#3500 = CIRCLE ( 'NONE', #1015, 1.499999999999999556 ) ;
#3501 = DIRECTION ( 'NONE',  ( -1.000000000000000000, 0.000000000000000000, 0.000000000000000000 ) ) ;
#3502 = ORIENTED_EDGE ( 'NONE', *, *, #3954, .F. ) ;
#3503 = DIRECTION ( 'NONE',  ( -0.000000000000000000, -0.000000000000000000, -1.000000000000000000 ) ) ;
#3504 = VERTEX_POINT ( 'NONE', #2823 ) ;
#3505 = ADVANCED_FACE ( 'NONE', ( #3280 ), #2010, .F. ) ;
#3506 = AXIS2_PLACEMENT_3D ( 'NONE', #2137, #849, #1522 ) ;
#3507 = ADVANCED_FACE ( 'NONE', ( #3830 ), #3875, .F. ) ;
#3508 = LINE ( 'NONE', #764, #3497 ) ;
#3509 = CARTESIAN_POINT ( 'NONE',  ( -8.000000000000017764, 53.99999999999998579, 0.000000000000000000 ) ) ;
#3510 = AXIS2_PLACEMENT_3D ( 'NONE', #3628, #3715, #884 ) ;
#3511 = VECTOR ( 'NONE', #2190, 1000.000000000000000 ) ;
#3512 = DIRECTION ( 'NONE',  ( -0.000000000000000000, -0.000000000000000000, -1.000000000000000000 ) ) ;
#3513 = ADVANCED_FACE ( 'NONE', ( #2954 ), #147, .F. ) ;
#3514 = ORIENTED_EDGE ( 'NONE', *, *, #1401, .F. ) ;
#3515 = EDGE_CURVE ( 'NONE', #3102, #1376, #2316, .T. ) ;
#3516 = AXIS2_PLACEMENT_3D ( 'NONE', #974, #2248, #97 ) ;
#3517 = VECTOR ( 'NONE', #41, 1000.000000000000000 ) ;
#3518 = ORIENTED_EDGE ( 'NONE', *, *, #1799, .T. ) ;
#3519 = DIRECTION ( 'NONE',  ( -1.000000000000000000, -9.912705577010329247E-17, 0.000000000000000000 ) ) ;
#3520 = VECTOR ( 'NONE', #1056, 1000.000000000000000 ) ;
#3521 = ORIENTED_EDGE ( 'NONE', *, *, #1361, .T. ) ;
#3522 = AXIS2_PLACEMENT_3D ( 'NONE', #2369, #772, #420 ) ;
#3523 = PLANE ( 'NONE',  #2132 ) ;
#3524 = ORIENTED_EDGE ( 'NONE', *, *, #3555, .T. ) ;
#3525 = ORIENTED_EDGE ( 'NONE', *, *, #2232, .F. ) ;
#3526 = FACE_BOUND ( 'NONE', #527, .T. ) ;
#3527 = DIRECTION ( 'NONE',  ( 1.000000000000000000, -9.912705577010326782E-17, -0.000000000000000000 ) ) ;
#3528 = FACE_OUTER_BOUND ( 'NONE', #205, .T. ) ;
#3529 = VERTEX_POINT ( 'NONE', #3563 ) ;
#3530 = CARTESIAN_POINT ( 'NONE',  ( -19.99999999999999289, -33.59999999999996589, 0.000000000000000000 ) ) ;
#3531 = ORIENTED_EDGE ( 'NONE', *, *, #2499, .F. ) ;
#3532 = DIRECTION ( 'NONE',  ( 1.000000000000000000, 0.000000000000000000, 0.000000000000000000 ) ) ;
#3533 = LINE ( 'NONE', #1976, #3115 ) ;
#3534 = EDGE_CURVE ( 'NONE', #3529, #421, #3196, .T. ) ;
#3535 = FACE_OUTER_BOUND ( 'NONE', #2472, .T. ) ;
#3536 = ORIENTED_EDGE ( 'NONE', *, *, #3994, .F. ) ;
#3537 = CARTESIAN_POINT ( 'NONE',  ( -5.000000000000000000, -55.99999999999999289, 85.00000000000000000 ) ) ;
#3538 = ORIENTED_EDGE ( 'NONE', *, *, #2330, .T. ) ;
#3539 = EDGE_CURVE ( 'NONE', #1797, #677, #753, .T. ) ;
#3540 = LINE ( 'NONE', #1964, #1227 ) ;
#3541 = ORIENTED_EDGE ( 'NONE', *, *, #3, .T. ) ;
#3542 = LINE ( 'NONE', #732, #3248 ) ;
#3543 = ORIENTED_EDGE ( 'NONE', *, *, #1322, .F. ) ;
#3544 = ORIENTED_EDGE ( 'NONE', *, *, #911, .T. ) ;
#3545 = PLANE ( 'NONE',  #567 ) ;
#3546 = CARTESIAN_POINT ( 'NONE',  ( -50.39999999999996305, -33.59999999999996589, 0.000000000000000000 ) ) ;
#3547 = CARTESIAN_POINT ( 'NONE',  ( -3.154072573846893698E-14, -56.00000000000000711, 51.00000000000000711 ) ) ;
#3548 = VERTEX_POINT ( 'NONE', #2657 ) ;
#3549 = DIRECTION ( 'NONE',  ( -0.000000000000000000, -0.000000000000000000, -1.000000000000000000 ) ) ;
#3550 = ORIENTED_EDGE ( 'NONE', *, *, #2307, .F. ) ;
#3551 = LINE ( 'NONE', #721, #361 ) ;
#3552 = DIRECTION ( 'NONE',  ( 0.000000000000000000, 0.000000000000000000, -1.000000000000000000 ) ) ;
#3553 = CARTESIAN_POINT ( 'NONE',  ( -42.00000000000004974, 51.00000000000000711, 143.0970416646374872 ) ) ;
#3554 = ORIENTED_EDGE ( 'NONE', *, *, #594, .T. ) ;
#3555 = EDGE_CURVE ( 'NONE', #3070, #856, #2598, .T. ) ;
#3556 = PLANE ( 'NONE',  #2470 ) ;
#3557 = ORIENTED_EDGE ( 'NONE', *, *, #997, .F. ) ;
#3558 = CARTESIAN_POINT ( 'NONE',  ( -52.00000000000004974, 51.00000000000000711, 80.00000000000000000 ) ) ;
#3559 = ORIENTED_EDGE ( 'NONE', *, *, #2452, .F. ) ;
#3560 = ADVANCED_FACE ( 'NONE', ( #3586, #1969, #455, #1706, #3526, #410 ), #3545, .T. ) ;
#3561 = ORIENTED_EDGE ( 'NONE', *, *, #3207, .T. ) ;
#3562 = ORIENTED_EDGE ( 'NONE', *, *, #1839, .T. ) ;
#3563 = CARTESIAN_POINT ( 'NONE',  ( -5.000000000000004441, -56.99999999999997868, 5.000000000000000000 ) ) ;
#3564 = LINE ( 'NONE', #3949, #1477 ) ;
#3565 = CARTESIAN_POINT ( 'NONE',  ( -75.00000000000000000, -50.99999999999998579, 45.00000000000000000 ) ) ;
#3566 = ORIENTED_EDGE ( 'NONE', *, *, #748, .T. ) ;
#3567 = DIRECTION ( 'NONE',  ( -0.000000000000000000, -0.000000000000000000, -1.000000000000000000 ) ) ;
#3568 = VERTEX_POINT ( 'NONE', #1082 ) ;
#3569 = VECTOR ( 'NONE', #333, 1000.000000000000000 ) ;
#3570 = CARTESIAN_POINT ( 'NONE',  ( -65.39999999999999147, 46.60000000000000142, 5.000000000000000000 ) ) ;
#3571 = DIRECTION ( 'NONE',  ( 1.000000000000000000, 0.000000000000000000, 0.000000000000000000 ) ) ;
#3572 = DIRECTION ( 'NONE',  ( 0.000000000000000000, -0.000000000000000000, 1.000000000000000000 ) ) ;
#3573 = AXIS2_PLACEMENT_3D ( 'NONE', #3546, #3812, #2558 ) ;
#3574 = ORIENTED_EDGE ( 'NONE', *, *, #2402, .T. ) ;
#3575 = VECTOR ( 'NONE', #3289, 1000.000000000000000 ) ;
#3576 = AXIS2_PLACEMENT_3D ( 'NONE', #967, #3747, #659 ) ;
#3577 = CARTESIAN_POINT ( 'NONE',  ( -5.000000000000030198, -51.50000000000000711, 51.00000000000000711 ) ) ;
#3578 = ORIENTED_EDGE ( 'NONE', *, *, #1207, .T. ) ;
#3579 = CARTESIAN_POINT ( 'NONE',  ( -5.000000000000000000, -50.99999999999999289, 0.000000000000000000 ) ) ;
#3580 = VECTOR ( 'NONE', #2945, 1000.000000000000000 ) ;
#3581 = VECTOR ( 'NONE', #3401, 1000.000000000000000 ) ;
#3582 = ORIENTED_EDGE ( 'NONE', *, *, #1383, .T. ) ;
#3583 = AXIS2_PLACEMENT_3D ( 'NONE', #570, #2070, #2974 ) ;
#3584 = EDGE_CURVE ( 'NONE', #251, #3911, #3602, .T. ) ;
#3585 = VERTEX_POINT ( 'NONE', #472 ) ;
#3586 = FACE_BOUND ( 'NONE', #2835, .T. ) ;
#3587 = AXIS2_PLACEMENT_3D ( 'NONE', #1009, #1874, #2504 ) ;
#3588 = LINE ( 'NONE', #3932, #3310 ) ;
#3589 = CARTESIAN_POINT ( 'NONE',  ( -5.000000000000003553, 56.00000000000000711, 0.000000000000000000 ) ) ;
#3590 = EDGE_CURVE ( 'NONE', #222, #951, #1046, .T. ) ;
#3591 = ORIENTED_EDGE ( 'NONE', *, *, #1529, .F. ) ;
#3592 = FACE_OUTER_BOUND ( 'NONE', #814, .T. ) ;
#3593 = ORIENTED_EDGE ( 'NONE', *, *, #926, .F. ) ;
#3594 = LINE ( 'NONE', #1094, #235 ) ;
#3595 = CARTESIAN_POINT ( 'NONE',  ( -5.000000000000014211, 56.00000000000000711, 11.00000000000000000 ) ) ;
#3596 = CARTESIAN_POINT ( 'NONE',  ( -33.39999999999997016, -50.99999999999998579, 51.00000000000000711 ) ) ;
#3597 = DIRECTION ( 'NONE',  ( 0.000000000000000000, 0.000000000000000000, -1.000000000000000000 ) ) ;
#3598 = VERTEX_POINT ( 'NONE', #130 ) ;
#3599 = DIRECTION ( 'NONE',  ( -1.000000000000000000, 1.577021341797096821E-15, 0.000000000000000000 ) ) ;
#3600 = ORIENTED_EDGE ( 'NONE', *, *, #3055, .F. ) ;
#3601 = ORIENTED_EDGE ( 'NONE', *, *, #3034, .F. ) ;
#3602 = LINE ( 'NONE', #2337, #2466 ) ;
#3603 = ADVANCED_FACE ( 'NONE', ( #2934 ), #3216, .F. ) ;
#3604 = DIRECTION ( 'NONE',  ( -1.000000000000000000, 0.000000000000000000, -0.000000000000000000 ) ) ;
#3605 = DIRECTION ( 'NONE',  ( 0.000000000000000000, -1.000000000000000000, 0.000000000000000000 ) ) ;
#3606 = ORIENTED_EDGE ( 'NONE', *, *, #2360, .T. ) ;
#3607 = PLANE ( 'NONE',  #3057 ) ;
#3608 = EDGE_CURVE ( 'NONE', #1677, #2597, #735, .T. ) ;
#3609 = CARTESIAN_POINT ( 'NONE',  ( -75.00000000000000000, 51.00000000000000000, 45.00000000000000000 ) ) ;
#3610 = FACE_OUTER_BOUND ( 'NONE', #2759, .T. ) ;
#3611 = FACE_OUTER_BOUND ( 'NONE', #1238, .T. ) ;
#3612 = SURFACE_STYLE_USAGE ( .BOTH. , #2671 ) ;
#3613 = ORIENTED_EDGE ( 'NONE', *, *, #911, .F. ) ;
#3614 = LINE ( 'NONE', #796, #1694 ) ;
#3615 = LINE ( 'NONE', #4004, #1018 ) ;
#3616 = DIRECTION ( 'NONE',  ( 0.000000000000000000, 0.000000000000000000, 1.000000000000000000 ) ) ;
#3617 = ORIENTED_EDGE ( 'NONE', *, *, #667, .T. ) ;
#3618 = ORIENTED_EDGE ( 'NONE', *, *, #2283, .T. ) ;
#3619 = LINE ( 'NONE', #2066, #1879 ) ;
#3620 = AXIS2_PLACEMENT_3D ( 'NONE', #2102, #4025, #3394 ) ;
#3621 = CARTESIAN_POINT ( 'NONE',  ( -69.00000000000002842, -50.99999999999997868, 5.000000000000000000 ) ) ;
#3622 = DIRECTION ( 'NONE',  ( 1.000000000000000000, 0.000000000000000000, 0.000000000000000000 ) ) ;
#3623 = ORIENTED_EDGE ( 'NONE', *, *, #1352, .F. ) ;
#3624 = DIRECTION ( 'NONE',  ( 1.000000000000000000, 0.000000000000000000, 0.000000000000000000 ) ) ;
#3625 = EDGE_CURVE ( 'NONE', #2175, #3070, #702, .T. ) ;
#3626 = CARTESIAN_POINT ( 'NONE',  ( -5.000000000000014211, 56.00000000000000711, 40.00000000000000000 ) ) ;
#3627 = PLANE ( 'NONE',  #1096 ) ;
#3628 = CARTESIAN_POINT ( 'NONE',  ( -8.000000000000003553, -53.99999999999998579, 0.000000000000000000 ) ) ;
#3629 = PLANE ( 'NONE',  #500 ) ;
#3630 = EDGE_CURVE ( 'NONE', #161, #1187, #84, .T. ) ;
#3631 = ORIENTED_EDGE ( 'NONE', *, *, #2232, .T. ) ;
#3632 = VECTOR ( 'NONE', #3179, 1000.000000000000000 ) ;
#3633 = CARTESIAN_POINT ( 'NONE',  ( -5.000000000000014211, 56.00000000000000711, 5.000000000000000000 ) ) ;
#3634 = CARTESIAN_POINT ( 'NONE',  ( -65.39999999999999147, 46.60000000000000142, 85.00000000000000000 ) ) ;
#3635 = EDGE_CURVE ( 'NONE', #1193, #1580, #1988, .T. ) ;
#3636 = VECTOR ( 'NONE', #340, 1000.000000000000000 ) ;
#3637 = LINE ( 'NONE', #833, #240 ) ;
#3638 = EDGE_CURVE ( 'NONE', #951, #1341, #3663, .T. ) ;
#3639 = CIRCLE ( 'NONE', #1938, 4.999999999999997335 ) ;
#3640 = VERTEX_POINT ( 'NONE', #841 ) ;
#3641 = VECTOR ( 'NONE', #1173, 1000.000000000000000 ) ;
#3642 = ORIENTED_EDGE ( 'NONE', *, *, #2505, .T. ) ;
#3643 = LINE ( 'NONE', #245, #2865 ) ;
#3644 = AXIS2_PLACEMENT_3D ( 'NONE', #2061, #2329, #1078 ) ;
#3645 = DIRECTION ( 'NONE',  ( -1.000000000000000000, 0.000000000000000000, 0.000000000000000000 ) ) ;
#3646 = VECTOR ( 'NONE', #3047, 1000.000000000000000 ) ;
#3647 = DIRECTION ( 'NONE',  ( -1.000000000000000000, -2.891205793294679312E-16, 0.000000000000000000 ) ) ;
#3648 = ORIENTED_EDGE ( 'NONE', *, *, #3263, .T. ) ;
#3649 = PLANE ( 'NONE',  #1688 ) ;
#3650 = VECTOR ( 'NONE', #3205, 1000.000000000000000 ) ;
#3651 = DIRECTION ( 'NONE',  ( 0.000000000000000000, 0.000000000000000000, 1.000000000000000000 ) ) ;
#3652 = DIRECTION ( 'NONE',  ( 0.000000000000000000, 0.000000000000000000, -1.000000000000000000 ) ) ;
#3653 = CARTESIAN_POINT ( 'NONE',  ( -29.79444872453598236, 46.59999999999995879, 89.00000000000001421 ) ) ;
#3654 = FACE_OUTER_BOUND ( 'NONE', #1562, .T. ) ;
#3655 = ORIENTED_EDGE ( 'NONE', *, *, #501, .F. ) ;
#3656 = EDGE_CURVE ( 'NONE', #494, #2118, #3971, .T. ) ;
#3657 = CARTESIAN_POINT ( 'NONE',  ( -1.639234110326708464E-14, -51.50000000000000711, 11.00000000000000000 ) ) ;
#3658 = CARTESIAN_POINT ( 'NONE',  ( -42.00000000000004974, 51.00000000000000711, 51.00000000000000711 ) ) ;
#3659 = DIRECTION ( 'NONE',  ( 1.213093339843922584E-16, -1.000000000000000000, 0.000000000000000000 ) ) ;
#3660 = EDGE_CURVE ( 'NONE', #623, #711, #1764, .T. ) ;
#3661 = ORIENTED_EDGE ( 'NONE', *, *, #2238, .T. ) ;
#3662 = ORIENTED_EDGE ( 'NONE', *, *, #3352, .T. ) ;
#3663 = LINE ( 'NONE', #528, #2596 ) ;
#3664 = LINE ( 'NONE', #3703, #3636 ) ;
#3665 = CARTESIAN_POINT ( 'NONE',  ( -60.00000000000000000, -50.99999999999998579, 80.00000000000000000 ) ) ;
#3666 = ORIENTED_EDGE ( 'NONE', *, *, #2675, .T. ) ;
#3667 = DIRECTION ( 'NONE',  ( -0.000000000000000000, -0.000000000000000000, 1.000000000000000000 ) ) ;
#3668 = DIRECTION ( 'NONE',  ( -0.000000000000000000, -0.000000000000000000, 1.000000000000000000 ) ) ;
#3669 = DIRECTION ( 'NONE',  ( -0.000000000000000000, 0.000000000000000000, 1.000000000000000000 ) ) ;
#3670 = LINE ( 'NONE', #2116, #1165 ) ;
#3671 = DIRECTION ( 'NONE',  ( 1.000000000000000000, 0.000000000000000000, 0.000000000000000000 ) ) ;
#3672 = ORIENTED_EDGE ( 'NONE', *, *, #1712, .T. ) ;
#3673 = LINE ( 'NONE', #2385, #3852 ) ;
#3674 = DIRECTION ( 'NONE',  ( 1.000000000000000000, 0.000000000000000000, 0.000000000000000000 ) ) ;
#3675 = DIRECTION ( 'NONE',  ( -1.000000000000000000, 0.000000000000000000, 0.000000000000000000 ) ) ;
#3676 = ADVANCED_FACE ( 'NONE', ( #1782 ), #206, .F. ) ;
#3677 = EDGE_CURVE ( 'NONE', #1074, #1609, #3931, .T. ) ;
#3678 = ORIENTED_EDGE ( 'NONE', *, *, #1181, .T. ) ;
#3679 = ORIENTED_EDGE ( 'NONE', *, *, #2014, .F. ) ;
#3680 = CARTESIAN_POINT ( 'NONE',  ( -60.00000000000005684, -43.59999999999997300, 40.00000000000000711 ) ) ;
#3681 = EDGE_CURVE ( 'NONE', #1495, #3806, #3619, .T. ) ;
#3682 = FACE_OUTER_BOUND ( 'NONE', #2748, .T. ) ;
#3683 = CARTESIAN_POINT ( 'NONE',  ( -5.000000000000030198, -51.50000000000000711, 85.00000000000000000 ) ) ;
#3684 = EDGE_CURVE ( 'NONE', #1394, #3995, #2374, .T. ) ;
#3685 = VERTEX_POINT ( 'NONE', #3335 ) ;
#3686 = CARTESIAN_POINT ( 'NONE',  ( -29.79444872453598236, -43.59999999999997300, 11.00000000000000000 ) ) ;
#3687 = ADVANCED_FACE ( 'NONE', ( #2107 ), #1496, .F. ) ;
#3688 = DIRECTION ( 'NONE',  ( 0.000000000000000000, 0.000000000000000000, 1.000000000000000000 ) ) ;
#3689 = LINE ( 'NONE', #1460, #3380 ) ;
#3690 = DIRECTION ( 'NONE',  ( -1.000000000000000000, 0.000000000000000000, 0.000000000000000000 ) ) ;
#3691 = DIRECTION ( 'NONE',  ( 0.000000000000000000, 1.000000000000000000, 0.000000000000000000 ) ) ;
#3692 = ORIENTED_EDGE ( 'NONE', *, *, #1161, .F. ) ;
#3693 = CARTESIAN_POINT ( 'NONE',  ( -55.39999999999997016, 28.59999999999995524, 5.000000000000000000 ) ) ;
#3694 = LINE ( 'NONE', #3066, #1492 ) ;
#3695 = LINE ( 'NONE', #3082, #424 ) ;
#3696 = DIRECTION ( 'NONE',  ( -1.000000000000000000, 1.156482317317867781E-15, -0.000000000000000000 ) ) ;
#3697 = AXIS2_PLACEMENT_3D ( 'NONE', #2220, #2750, #3466 ) ;
#3698 = VERTEX_POINT ( 'NONE', #490 ) ;
#3699 = VECTOR ( 'NONE', #3374, 1000.000000000000000 ) ;
#3700 = ORIENTED_EDGE ( 'NONE', *, *, #1529, .T. ) ;
#3701 = VERTEX_POINT ( 'NONE', #3315 ) ;
#3702 = AXIS2_PLACEMENT_3D ( 'NONE', #2271, #3455, #3213 ) ;
#3703 = CARTESIAN_POINT ( 'NONE',  ( -65.39999999999997726, -43.59999999999997300, 11.00000000000000000 ) ) ;
#3704 = VECTOR ( 'NONE', #1773, 1000.000000000000000 ) ;
#3705 = EDGE_CURVE ( 'NONE', #3806, #2019, #1184, .T. ) ;
#3706 = AXIS2_PLACEMENT_3D ( 'NONE', #3387, #578, #3671 ) ;
#3707 = ORIENTED_EDGE ( 'NONE', *, *, #3916, .F. ) ;
#3708 = CARTESIAN_POINT ( 'NONE',  ( -19.99999999999999289, -33.59999999999996589, 80.00000000000000000 ) ) ;
#3709 = VECTOR ( 'NONE', #2564, 1000.000000000000000 ) ;
#3710 = VECTOR ( 'NONE', #1576, 1000.000000000000000 ) ;
#3711 = CARTESIAN_POINT ( 'NONE',  ( -5.000000000000000000, -50.99999999999999289, 5.000000000000000000 ) ) ;
#3712 = EDGE_CURVE ( 'NONE', #2597, #3032, #512, .T. ) ;
#3713 = DIRECTION ( 'NONE',  ( -0.000000000000000000, -1.000000000000000000, -0.000000000000000000 ) ) ;
#3714 = AXIS2_PLACEMENT_3D ( 'NONE', #1126, #1186, #877 ) ;
#3715 = DIRECTION ( 'NONE',  ( 0.000000000000000000, 0.000000000000000000, 1.000000000000000000 ) ) ;
#3716 = FACE_OUTER_BOUND ( 'NONE', #1, .T. ) ;
#3717 = ORIENTED_EDGE ( 'NONE', *, *, #1805, .T. ) ;
#3718 = DIRECTION ( 'NONE',  ( 1.000000000000000000, 0.000000000000000000, 0.000000000000000000 ) ) ;
#3719 = LINE ( 'NONE', #2425, #3258 ) ;
#3720 = CARTESIAN_POINT ( 'NONE',  ( -75.00000000000004263, 56.99999999999997158, 0.000000000000000000 ) ) ;
#3721 = DIRECTION ( 'NONE',  ( -0.000000000000000000, 1.000000000000000000, -0.000000000000000000 ) ) ;
#3722 = ORIENTED_EDGE ( 'NONE', *, *, #2834, .T. ) ;
#3723 = ORIENTED_EDGE ( 'NONE', *, *, #2734, .T. ) ;
#3724 = EDGE_LOOP ( 'NONE', ( #3470, #3648, #1335, #2581 ) ) ;
#3725 = LINE ( 'NONE', #2109, #39 ) ;
#3726 = ORIENTED_EDGE ( 'NONE', *, *, #3755, .T. ) ;
#3727 = LINE ( 'NONE', #937, #2997 ) ;
#3728 = EDGE_CURVE ( 'NONE', #2500, #3112, #2692, .T. ) ;
#3729 = EDGE_CURVE ( 'NONE', #886, #421, #3643, .T. ) ;
#3730 = CARTESIAN_POINT ( 'NONE',  ( -72.00000000000005684, 53.99999999999997158, 5.000000000000000000 ) ) ;
#3731 = CARTESIAN_POINT ( 'NONE',  ( -75.00000000000004263, 56.99999999999997158, 5.000000000000000000 ) ) ;
#3732 = ORIENTED_EDGE ( 'NONE', *, *, #303, .F. ) ;
#3733 = DIRECTION ( 'NONE',  ( 0.000000000000000000, 0.000000000000000000, -1.000000000000000000 ) ) ;
#3734 = ORIENTED_EDGE ( 'NONE', *, *, #1181, .F. ) ;
#3735 = EDGE_CURVE ( 'NONE', #2045, #2217, #2431, .T. ) ;
#3736 = CARTESIAN_POINT ( 'NONE',  ( -60.00000000000000000, -43.59999999999997300, 183.0970416646374588 ) ) ;
#3737 =( LENGTH_UNIT ( ) NAMED_UNIT ( * ) SI_UNIT ( .MILLI., .METRE. ) );
#3738 = LINE ( 'NONE', #353, #243 ) ;
#3739 = DIRECTION ( 'NONE',  ( -0.000000000000000000, -0.000000000000000000, 1.000000000000000000 ) ) ;
#3740 = ORIENTED_EDGE ( 'NONE', *, *, #106, .T. ) ;
#3741 = ORIENTED_EDGE ( 'NONE', *, *, #2236, .T. ) ;
#3742 = FACE_OUTER_BOUND ( 'NONE', #150, .T. ) ;
#3743 = VERTEX_POINT ( 'NONE', #2047 ) ;
#3744 = LINE ( 'NONE', #2512, #3972 ) ;
#3745 = DIRECTION ( 'NONE',  ( -0.000000000000000000, -0.000000000000000000, 1.000000000000000000 ) ) ;
#3746 = DIRECTION ( 'NONE',  ( -0.000000000000000000, 1.000000000000000000, -0.000000000000000000 ) ) ;
#3747 = DIRECTION ( 'NONE',  ( 0.000000000000000000, 1.000000000000000000, 0.000000000000000000 ) ) ;
#3748 = ORIENTED_EDGE ( 'NONE', *, *, #1485, .F. ) ;
#3749 = CIRCLE ( 'NONE', #3620, 4.999999999999997335 ) ;
#3750 = CARTESIAN_POINT ( 'NONE',  ( -5.000000000000031974, -56.00000000000000711, 51.00000000000000711 ) ) ;
#3751 = CARTESIAN_POINT ( 'NONE',  ( -60.00000000000000000, -43.59999999999997300, 80.00000000000000000 ) ) ;
#3752 = CARTESIAN_POINT ( 'NONE',  ( -65.39999999999997726, 46.59999999999995879, 89.00000000000001421 ) ) ;
#3753 = ADVANCED_FACE ( 'NONE', ( #3297 ), #2994, .F. ) ;
#3754 = CARTESIAN_POINT ( 'NONE',  ( -50.39999999999996305, -33.59999999999996589, 45.00000000000000000 ) ) ;
#3755 = EDGE_CURVE ( 'NONE', #1658, #3114, #2208, .T. ) ;
#3756 = ORIENTED_EDGE ( 'NONE', *, *, #2834, .F. ) ;
#3757 = EDGE_CURVE ( 'NONE', #933, #1884, #3905, .T. ) ;
#3758 = CARTESIAN_POINT ( 'NONE',  ( -42.00000000000004974, 51.00000000000000711, 80.00000000000000000 ) ) ;
#3759 = EDGE_LOOP ( 'NONE', ( #1633, #1920, #749, #813, #3365, #1642 ) ) ;
#3760 = CIRCLE ( 'NONE', #4027, 1.500000000000001332 ) ;
#3761 = DIRECTION ( 'NONE',  ( 0.000000000000000000, 0.000000000000000000, -1.000000000000000000 ) ) ;
#3762 = VERTEX_POINT ( 'NONE', #2948 ) ;
#3763 = AXIS2_PLACEMENT_3D ( 'NONE', #2779, #589, #569 ) ;
#3764 = ORIENTED_EDGE ( 'NONE', *, *, #2773, .F. ) ;
#3765 = DIRECTION ( 'NONE',  ( -2.891205793294679312E-16, -1.000000000000000000, 0.000000000000000000 ) ) ;
#3766 = VECTOR ( 'NONE', #2896, 1000.000000000000000 ) ;
#3767 = AXIS2_PLACEMENT_3D ( 'NONE', #3096, #1540, #2423 ) ;
#3768 = CARTESIAN_POINT ( 'NONE',  ( -65.39999999999997726, -43.59999999999997300, 40.00000000000000711 ) ) ;
#3769 = LINE ( 'NONE', #1538, #3912 ) ;
#3770 = ORIENTED_EDGE ( 'NONE', *, *, #1199, .T. ) ;
#3771 = CARTESIAN_POINT ( 'NONE',  ( -14.99999999999999822, -2.729460014648825137E-15, 45.00000000000000000 ) ) ;
#3772 = ORIENTED_EDGE ( 'NONE', *, *, #1885, .T. ) ;
#3773 = VECTOR ( 'NONE', #2197, 1000.000000000000000 ) ;
#3774 = VECTOR ( 'NONE', #3017, 1000.000000000000000 ) ;
#3775 = VECTOR ( 'NONE', #1312, 1000.000000000000000 ) ;
#3776 = AXIS2_PLACEMENT_3D ( 'NONE', #2687, #2502, #2221 ) ;
#3777 = PLANE ( 'NONE',  #3252 ) ;
#3778 = CARTESIAN_POINT ( 'NONE',  ( 0.000000000000000000, -55.99999999999999289, 5.000000000000000000 ) ) ;
#3779 = ORIENTED_EDGE ( 'NONE', *, *, #3954, .T. ) ;
#3780 = EDGE_CURVE ( 'NONE', #1037, #1372, #3274, .T. ) ;
#3781 = VECTOR ( 'NONE', #180, 1000.000000000000000 ) ;
#3782 = EDGE_CURVE ( 'NONE', #423, #2106, #2042, .T. ) ;
#3783 = ORIENTED_EDGE ( 'NONE', *, *, #344, .T. ) ;
#3784 = LINE ( 'NONE', #3849, #1622 ) ;
#3785 = ORIENTED_EDGE ( 'NONE', *, *, #3156, .F. ) ;
#3786 = EDGE_CURVE ( 'NONE', #1859, #1408, #2924, .T. ) ;
#3787 = DIRECTION ( 'NONE',  ( -1.000000000000000000, -8.673617379884034239E-17, -0.000000000000000000 ) ) ;
#3788 = ORIENTED_EDGE ( 'NONE', *, *, #1514, .F. ) ;
#3789 = ORIENTED_EDGE ( 'NONE', *, *, #605, .T. ) ;
#3790 = DIRECTION ( 'NONE',  ( 1.000000000000000000, 1.819640009765883753E-16, 0.000000000000000000 ) ) ;
#3791 = DIRECTION ( 'NONE',  ( -8.673617379884034239E-17, 1.000000000000000000, 0.000000000000000000 ) ) ;
#3792 = DIRECTION ( 'NONE',  ( -1.000000000000000000, 0.000000000000000000, 0.000000000000000000 ) ) ;
#3793 = LINE ( 'NONE', #3111, #1155 ) ;
#3794 = ORIENTED_EDGE ( 'NONE', *, *, #2180, .F. ) ;
#3795 = CARTESIAN_POINT ( 'NONE',  ( -19.99999999999999289, -28.59999999999996945, 5.000000000000000000 ) ) ;
#3796 = ORIENTED_EDGE ( 'NONE', *, *, #355, .F. ) ;
#3797 = DIRECTION ( 'NONE',  ( 0.000000000000000000, 0.000000000000000000, -1.000000000000000000 ) ) ;
#3798 = DIRECTION ( 'NONE',  ( 0.000000000000000000, -1.000000000000000000, 0.000000000000000000 ) ) ;
#3799 = CARTESIAN_POINT ( 'NONE',  ( -65.39999999999997726, 43.59999999999995879, 51.00000000000000711 ) ) ;
#3800 = LINE ( 'NONE', #644, #3966 ) ;
#3801 = ORIENTED_EDGE ( 'NONE', *, *, #1001, .F. ) ;
#3802 = EDGE_CURVE ( 'NONE', #3995, #729, #157, .T. ) ;
#3803 = ORIENTED_EDGE ( 'NONE', *, *, #1888, .T. ) ;
#3804 = DIRECTION ( 'NONE',  ( -1.224646799147353207E-16, 1.000000000000000000, 0.000000000000000000 ) ) ;
#3805 = EDGE_CURVE ( 'NONE', #2930, #1282, #2308, .T. ) ;
#3806 = VERTEX_POINT ( 'NONE', #122 ) ;
#3807 = CARTESIAN_POINT ( 'NONE',  ( -65.39999999999999147, 46.60000000000000142, 91.00000000000000000 ) ) ;
#3808 = ORIENTED_EDGE ( 'NONE', *, *, #2570, .F. ) ;
#3809 = ADVANCED_FACE ( 'NONE', ( #2630 ), #3556, .F. ) ;
#3810 = ORIENTED_EDGE ( 'NONE', *, *, #581, .F. ) ;
#3811 = CARTESIAN_POINT ( 'NONE',  ( -1.639234110326708464E-14, -51.50000000000000711, 51.00000000000000711 ) ) ;
#3812 = DIRECTION ( 'NONE',  ( 0.000000000000000000, -1.000000000000000000, 0.000000000000000000 ) ) ;
#3813 = EDGE_CURVE ( 'NONE', #3251, #1372, #1385, .T. ) ;
#3814 = LINE ( 'NONE', #3895, #2995 ) ;
#3815 = EDGE_CURVE ( 'NONE', #2493, #2984, #2965, .T. ) ;
#3816 = EDGE_LOOP ( 'NONE', ( #641, #759, #2491, #3371 ) ) ;
#3817 = LINE ( 'NONE', #1005, #2716 ) ;
#3818 = EDGE_LOOP ( 'NONE', ( #1680, #24, #3232, #1409 ) ) ;
#3819 = PLANE ( 'NONE',  #1930 ) ;
#3820 = DIRECTION ( 'NONE',  ( 1.819640009765883753E-16, -1.000000000000000000, 0.000000000000000000 ) ) ;
#3821 = DIRECTION ( 'NONE',  ( 0.000000000000000000, 0.000000000000000000, 1.000000000000000000 ) ) ;
#3822 = VERTEX_POINT ( 'NONE', #1039 ) ;
#3823 = APPLICATION_CONTEXT ( 'automotive_design' ) ;
#3824 = ORIENTED_EDGE ( 'NONE', *, *, #1906, .T. ) ;
#3825 = DIRECTION ( 'NONE',  ( -3.048009811211187487E-15, 1.000000000000000000, 0.000000000000000000 ) ) ;
#3826 = ORIENTED_EDGE ( 'NONE', *, *, #2412, .F. ) ;
#3827 = CARTESIAN_POINT ( 'NONE',  ( 0.000000000000000000, -55.99999999999999289, 40.00000000000000000 ) ) ;
#3828 = ORIENTED_EDGE ( 'NONE', *, *, #3782, .F. ) ;
#3829 = VERTEX_POINT ( 'NONE', #1402 ) ;
#3830 = FACE_OUTER_BOUND ( 'NONE', #3189, .T. ) ;
#3831 = VECTOR ( 'NONE', #2978, 1000.000000000000000 ) ;
#3832 = ADVANCED_FACE ( 'NONE', ( #483 ), #1076, .F. ) ;
#3833 = CARTESIAN_POINT ( 'NONE',  ( -11.00000000000000178, -50.99999999999998579, 5.000000000000000000 ) ) ;
#3834 = VECTOR ( 'NONE', #2714, 1000.000000000000000 ) ;
#3835 = CARTESIAN_POINT ( 'NONE',  ( -15.00000000000000533, 28.59999999999995524, 5.000000000000000000 ) ) ;
#3836 = ORIENTED_EDGE ( 'NONE', *, *, #279, .F. ) ;
#3837 = DIRECTION ( 'NONE',  ( 1.577021341797097018E-15, 1.000000000000000000, -0.000000000000000000 ) ) ;
#3838 = ORIENTED_EDGE ( 'NONE', *, *, #2632, .T. ) ;
#3839 = CIRCLE ( 'NONE', #2855, 4.999999999999997335 ) ;
#3840 = EDGE_CURVE ( 'NONE', #1269, #1609, #1734, .T. ) ;
#3841 = FACE_OUTER_BOUND ( 'NONE', #2799, .T. ) ;
#3842 = LINE ( 'NONE', #2644, #2399 ) ;
#3843 = CARTESIAN_POINT ( 'NONE',  ( -75.00000000000000000, 51.00000000000000000, 51.00000000000000711 ) ) ;
#3844 = ORIENTED_EDGE ( 'NONE', *, *, #3212, .F. ) ;
#3845 = VECTOR ( 'NONE', #2639, 1000.000000000000000 ) ;
#3846 = VECTOR ( 'NONE', #3893, 1000.000000000000000 ) ;
#3847 = DIRECTION ( 'NONE',  ( -0.000000000000000000, -0.000000000000000000, -1.000000000000000000 ) ) ;
#3848 = PLANE ( 'NONE',  #1730 ) ;
#3849 = CARTESIAN_POINT ( 'NONE',  ( -5.000000000000012434, 51.00000000000000711, 5.000000000000000000 ) ) ;
#3850 = VECTOR ( 'NONE', #292, 1000.000000000000000 ) ;
#3851 = ORIENTED_EDGE ( 'NONE', *, *, #2448, .F. ) ;
#3852 = VECTOR ( 'NONE', #218, 1000.000000000000000 ) ;
#3853 = DIRECTION ( 'NONE',  ( -1.000000000000000000, 0.000000000000000000, -0.000000000000000000 ) ) ;
#3854 = ORIENTED_EDGE ( 'NONE', *, *, #3681, .T. ) ;
#3855 = EDGE_LOOP ( 'NONE', ( #3194, #2506, #3952, #2029 ) ) ;
#3856 = DIRECTION ( 'NONE',  ( 1.000000000000000000, 8.673617379884034239E-17, 0.000000000000000000 ) ) ;
#3857 = MANIFOLD_SOLID_BREP ( 'Cut-Extrude2', #3159 ) ;
#3858 = LINE ( 'NONE', #369, #2713 ) ;
#3859 = CARTESIAN_POINT ( 'NONE',  ( -65.39999999999997726, -46.59999999999998010, 5.000000000000000000 ) ) ;
#3860 = EDGE_LOOP ( 'NONE', ( #2881, #2080, #3229, #210 ) ) ;
#3861 = DIRECTION ( 'NONE',  ( 1.000000000000000000, 0.000000000000000000, 0.000000000000000000 ) ) ;
#3862 = EDGE_CURVE ( 'NONE', #2555, #3275, #1623, .T. ) ;
#3863 = ORIENTED_EDGE ( 'NONE', *, *, #603, .F. ) ;
#3864 = CARTESIAN_POINT ( 'NONE',  ( -5.000000000000014211, 51.50000000000000711, 51.00000000000000711 ) ) ;
#3865 = FACE_OUTER_BOUND ( 'NONE', #145, .T. ) ;
#3866 = CARTESIAN_POINT ( 'NONE',  ( -33.39999999999998437, -43.59999999999997300, 9.000000000000000000 ) ) ;
#3867 = EDGE_CURVE ( 'NONE', #1243, #2872, #3673, .T. ) ;
#3868 = EDGE_LOOP ( 'NONE', ( #128, #1910, #3836, #2864, #3463, #4013 ) ) ;
#3869 = DIRECTION ( 'NONE',  ( 1.000000000000000000, 0.000000000000000000, 0.000000000000000000 ) ) ;
#3870 = ORIENTED_EDGE ( 'NONE', *, *, #976, .T. ) ;
#3871 = CARTESIAN_POINT ( 'NONE',  ( -52.00000000000004974, 43.59999999999995879, 11.00000000000000000 ) ) ;
#3872 = ORIENTED_EDGE ( 'NONE', *, *, #3805, .T. ) ;
#3873 = ORIENTED_EDGE ( 'NONE', *, *, #2969, .T. ) ;
#3874 = ORIENTED_EDGE ( 'NONE', *, *, #1923, .F. ) ;
#3875 = PLANE ( 'NONE',  #2859 ) ;
#3876 = LINE ( 'NONE', #2215, #1278 ) ;
#3877 = CARTESIAN_POINT ( 'NONE',  ( -60.00000000000005684, -43.59999999999997300, 143.0970416646374872 ) ) ;
#3878 = DIRECTION ( 'NONE',  ( 0.000000000000000000, 1.000000000000000000, 0.000000000000000000 ) ) ;
#3879 = EDGE_LOOP ( 'NONE', ( #2168, #2443, #960, #428 ) ) ;
#3880 = EDGE_CURVE ( 'NONE', #421, #2249, #3719, .T. ) ;
#3881 = DIRECTION ( 'NONE',  ( -0.000000000000000000, -0.000000000000000000, 1.000000000000000000 ) ) ;
#3882 = LINE ( 'NONE', #705, #3909 ) ;
#3883 = CARTESIAN_POINT ( 'NONE',  ( -65.39999999999997726, 43.59999999999995879, 11.00000000000001066 ) ) ;
#3884 = ORIENTED_EDGE ( 'NONE', *, *, #209, .F. ) ;
#3885 = EDGE_CURVE ( 'NONE', #339, #2239, #2705, .T. ) ;
#3886 = CARTESIAN_POINT ( 'NONE',  ( -65.39999999999997726, -46.59999999999997300, 49.00000000000000000 ) ) ;
#3887 = ORIENTED_EDGE ( 'NONE', *, *, #2172, .F. ) ;
#3888 = DIRECTION ( 'NONE',  ( 0.000000000000000000, 1.000000000000000000, 0.000000000000000000 ) ) ;
#3889 = EDGE_CURVE ( 'NONE', #349, #3995, #2769, .T. ) ;
#3890 = EDGE_CURVE ( 'NONE', #158, #1908, #3329, .T. ) ;
#3891 = ORIENTED_EDGE ( 'NONE', *, *, #1716, .F. ) ;
#3892 = EDGE_LOOP ( 'NONE', ( #289, #2672 ) ) ;
#3893 = DIRECTION ( 'NONE',  ( -1.000000000000000000, -0.000000000000000000, -0.000000000000000000 ) ) ;
#3894 = CARTESIAN_POINT ( 'NONE',  ( -52.00000000000004974, 43.59999999999995879, 80.00000000000000000 ) ) ;
#3895 = CARTESIAN_POINT ( 'NONE',  ( 0.000000000000000000, -55.99999999999999289, 45.00000000000000000 ) ) ;
#3896 = EDGE_LOOP ( 'NONE', ( #1325, #3186, #3914, #2059 ) ) ;
#3897 = CARTESIAN_POINT ( 'NONE',  ( -11.00000000000000178, -50.99999999999998579, 0.000000000000000000 ) ) ;
#3898 = VERTEX_POINT ( 'NONE', #1508 ) ;
#3899 = VECTOR ( 'NONE', #1502, 1000.000000000000000 ) ;
#3900 = LINE ( 'NONE', #3626, #2981 ) ;
#3901 = CYLINDRICAL_SURFACE ( 'NONE', #1875, 4.999999999999997335 ) ;
#3902 = CARTESIAN_POINT ( 'NONE',  ( -5.000000000000012434, 51.00000000000000711, 85.00000000000000000 ) ) ;
#3903 = CIRCLE ( 'NONE', #367, 4.999999999999997335 ) ;
#3904 = VECTOR ( 'NONE', #3567, 1000.000000000000000 ) ;
#3905 = LINE ( 'NONE', #3577, #839 ) ;
#3906 = ORIENTED_EDGE ( 'NONE', *, *, #871, .T. ) ;
#3907 = CARTESIAN_POINT ( 'NONE',  ( -33.39999999999997016, -50.99999999999998579, 11.00000000000000000 ) ) ;
#3908 = EDGE_CURVE ( 'NONE', #3240, #566, #558, .T. ) ;
#3909 = VECTOR ( 'NONE', #1714, 1000.000000000000000 ) ;
#3910 = AXIS2_PLACEMENT_3D ( 'NONE', #103, #1391, #3856 ) ;
#3911 = VERTEX_POINT ( 'NONE', #3943 ) ;
#3912 = VECTOR ( 'NONE', #2810, 1000.000000000000000 ) ;
#3913 = VECTOR ( 'NONE', #2101, 1000.000000000000000 ) ;
#3914 = ORIENTED_EDGE ( 'NONE', *, *, #3867, .T. ) ;
#3915 = DIRECTION ( 'NONE',  ( 0.000000000000000000, 0.000000000000000000, 1.000000000000000000 ) ) ;
#3916 = EDGE_CURVE ( 'NONE', #2615, #3378, #3694, .T. ) ;
#3917 = PLANE ( 'NONE',  #4028 ) ;
#3918 = PLANE ( 'NONE',  #3191 ) ;
#3919 = EDGE_LOOP ( 'NONE', ( #2993, #538, #1552, #2674 ) ) ;
#3920 = CARTESIAN_POINT ( 'NONE',  ( -50.39999999999996305, -33.59999999999996589, 0.000000000000000000 ) ) ;
#3921 = ORIENTED_EDGE ( 'NONE', *, *, #2809, .T. ) ;
#3922 = DIRECTION ( 'NONE',  ( -8.673617379884034239E-17, 1.000000000000000000, 0.000000000000000000 ) ) ;
#3923 = CARTESIAN_POINT ( 'NONE',  ( -50.39999999999997016, 28.59999999999995524, 0.000000000000000000 ) ) ;
#3924 = CARTESIAN_POINT ( 'NONE',  ( -33.39999999999997016, -50.99999999999999289, 5.000000000000000000 ) ) ;
#3925 = CARTESIAN_POINT ( 'NONE',  ( -20.00000000000000000, 28.59999999999995524, 80.00000000000000000 ) ) ;
#3926 = LINE ( 'NONE', #1119, #2440 ) ;
#3927 = DIRECTION ( 'NONE',  ( 1.000000000000000000, -9.912705577010326782E-17, -0.000000000000000000 ) ) ;
#3928 = ORIENTED_EDGE ( 'NONE', *, *, #3286, .T. ) ;
#3929 = EDGE_CURVE ( 'NONE', #3091, #1044, #2410, .T. ) ;
#3930 = ORIENTED_EDGE ( 'NONE', *, *, #3055, .T. ) ;
#3931 = LINE ( 'NONE', #3028, #3646 ) ;
#3932 = CARTESIAN_POINT ( 'NONE',  ( -33.39999999999997016, -50.99999999999998579, 85.00000000000000000 ) ) ;
#3933 = ADVANCED_FACE ( 'NONE', ( #1216 ), #2752, .F. ) ;
#3934 = DIRECTION ( 'NONE',  ( -1.000000000000000000, -1.668003342285391058E-16, -0.000000000000000000 ) ) ;
#3935 = ORIENTED_EDGE ( 'NONE', *, *, #1583, .T. ) ;
#3936 = DIRECTION ( 'NONE',  ( 3.366307696711519806E-15, 1.000000000000000000, -0.000000000000000000 ) ) ;
#3937 = EDGE_CURVE ( 'NONE', #1941, #1981, #1758, .T. ) ;
#3938 = CARTESIAN_POINT ( 'NONE',  ( 0.000000000000000000, -33.59999999999996589, 40.00000000000000000 ) ) ;
#3939 = EDGE_CURVE ( 'NONE', #318, #1908, #4007, .T. ) ;
#3940 = DIRECTION ( 'NONE',  ( 0.000000000000000000, -0.000000000000000000, -1.000000000000000000 ) ) ;
#3941 = CARTESIAN_POINT ( 'NONE',  ( -33.39999999999997726, -46.59999999999998010, 9.000000000000000000 ) ) ;
#3942 = ORIENTED_EDGE ( 'NONE', *, *, #3064, .F. ) ;
#3943 = CARTESIAN_POINT ( 'NONE',  ( -65.39999999999997726, 51.00000000000000000, 51.00000000000000711 ) ) ;
#3944 = CARTESIAN_POINT ( 'NONE',  ( -5.000000000000004441, 56.99999999999997868, 5.000000000000000000 ) ) ;
#3945 = DIRECTION ( 'NONE',  ( -0.000000000000000000, 0.000000000000000000, -1.000000000000000000 ) ) ;
#3946 = ORIENTED_EDGE ( 'NONE', *, *, #1736, .T. ) ;
#3947 = ORIENTED_EDGE ( 'NONE', *, *, #2884, .F. ) ;
#3948 = DIRECTION ( 'NONE',  ( -1.000000000000000000, -0.000000000000000000, -0.000000000000000000 ) ) ;
#3949 = CARTESIAN_POINT ( 'NONE',  ( -5.000000000000030198, -51.50000000000000711, 51.00000000000000711 ) ) ;
#3950 = FACE_OUTER_BOUND ( 'NONE', #1919, .T. ) ;
#3951 = VECTOR ( 'NONE', #1135, 1000.000000000000000 ) ;
#3952 = ORIENTED_EDGE ( 'NONE', *, *, #784, .T. ) ;
#3953 = LINE ( 'NONE', #3978, #1553 ) ;
#3954 = EDGE_CURVE ( 'NONE', #3296, #318, #260, .T. ) ;
#3955 = DIRECTION ( 'NONE',  ( -1.000000000000000000, 0.000000000000000000, 0.000000000000000000 ) ) ;
#3956 = DIRECTION ( 'NONE',  ( -0.000000000000000000, 0.000000000000000000, -1.000000000000000000 ) ) ;
#3957 = DIRECTION ( 'NONE',  ( 1.000000000000000000, 0.000000000000000000, 0.000000000000000000 ) ) ;
#3958 = EDGE_CURVE ( 'NONE', #1319, #1282, #539, .T. ) ;
#3959 = ORIENTED_EDGE ( 'NONE', *, *, #3373, .T. ) ;
#3960 = ADVANCED_FACE ( 'NONE', ( #1195, #1487 ), #583, .T. ) ;
#3961 = AXIS2_PLACEMENT_3D ( 'NONE', #3730, #3688, #2438 ) ;
#3962 = DIRECTION ( 'NONE',  ( -0.000000000000000000, -0.000000000000000000, -1.000000000000000000 ) ) ;
#3963 = FACE_OUTER_BOUND ( 'NONE', #396, .T. ) ;
#3964 = CIRCLE ( 'NONE', #950, 1.500000000000001332 ) ;
#3965 = CARTESIAN_POINT ( 'NONE',  ( -33.39999999999998437, -43.59999999999997300, 49.00000000000000000 ) ) ;
#3966 = VECTOR ( 'NONE', #1896, 1000.000000000000000 ) ;
#3967 = VECTOR ( 'NONE', #3175, 1000.000000000000000 ) ;
#3968 = EDGE_LOOP ( 'NONE', ( #649, #588, #2275, #1366, #2554, #2231, #1077, #3531, #2377, #708, #3593, #64 ) ) ;
#3969 = VECTOR ( 'NONE', #3468, 1000.000000000000000 ) ;
#3970 = ORIENTED_EDGE ( 'NONE', *, *, #1322, .T. ) ;
#3971 = LINE ( 'NONE', #1123, #118 ) ;
#3972 = VECTOR ( 'NONE', #2234, 1000.000000000000000 ) ;
#3973 = CIRCLE ( 'NONE', #247, 4.999999999999997335 ) ;
#3974 = LINE ( 'NONE', #545, #170 ) ;
#3975 = PRODUCT_DEFINITION_FORMATION_WITH_SPECIFIED_SOURCE ( 'ANY', '', #1670, .NOT_KNOWN. ) ;
#3976 = LINE ( 'NONE', #1142, #1291 ) ;
#3977 = ORIENTED_EDGE ( 'NONE', *, *, #3813, .T. ) ;
#3978 = CARTESIAN_POINT ( 'NONE',  ( -55.39999999999996305, -28.59999999999996945, 0.000000000000000000 ) ) ;
#3979 = VECTOR ( 'NONE', #2387, 1000.000000000000000 ) ;
#3980 = EDGE_CURVE ( 'NONE', #2528, #733, #868, .T. ) ;
#3981 = LINE ( 'NONE', #2421, #1143 ) ;
#3982 = PLANE ( 'NONE',  #181 ) ;
#3983 = ADVANCED_FACE ( 'NONE', ( #1836 ), #3081, .F. ) ;
#3984 = FACE_OUTER_BOUND ( 'NONE', #460, .T. ) ;
#3985 = DIRECTION ( 'NONE',  ( -0.000000000000000000, -0.000000000000000000, -1.000000000000000000 ) ) ;
#3986 = ORIENTED_EDGE ( 'NONE', *, *, #3382, .T. ) ;
#3987 = DIRECTION ( 'NONE',  ( 0.000000000000000000, 0.000000000000000000, -1.000000000000000000 ) ) ;
#3988 = VECTOR ( 'NONE', #680, 1000.000000000000000 ) ;
#3989 = LINE ( 'NONE', #3720, #2903 ) ;
#3990 = EDGE_CURVE ( 'NONE', #3762, #3296, #2465, .T. ) ;
#3991 = DIRECTION ( 'NONE',  ( 0.000000000000000000, -0.000000000000000000, -1.000000000000000000 ) ) ;
#3992 = ADVANCED_FACE ( 'NONE', ( #200 ), #1446, .F. ) ;
#3993 = ORIENTED_EDGE ( 'NONE', *, *, #2180, .T. ) ;
#3994 = EDGE_CURVE ( 'NONE', #3032, #2841, #3467, .T. ) ;
#3995 = VERTEX_POINT ( 'NONE', #73 ) ;
#3996 = CARTESIAN_POINT ( 'NONE',  ( -55.39999999999997016, 28.59999999999995524, 0.000000000000000000 ) ) ;
#3997 = CARTESIAN_POINT ( 'NONE',  ( -20.00000000000000000, 33.59999999999995168, 5.000000000000000000 ) ) ;
#3998 = PLANE ( 'NONE',  #307 ) ;
#3999 = ORIENTED_EDGE ( 'NONE', *, *, #3454, .F. ) ;
#4000 = CARTESIAN_POINT ( 'NONE',  ( -1.639234110326708464E-14, -51.50000000000000711, 11.00000000000000000 ) ) ;
#4001 = CARTESIAN_POINT ( 'NONE',  ( 0.000000000000000000, -33.59999999999996589, 5.000000000000000000 ) ) ;
#4002 = DIRECTION ( 'NONE',  ( -2.891205793294679312E-16, 1.000000000000000000, 0.000000000000000000 ) ) ;
#4003 = PLANE ( 'NONE',  #1092 ) ;
#4004 = CARTESIAN_POINT ( 'NONE',  ( -29.79444872453598236, 43.59999999999995879, 89.00000000000001421 ) ) ;
#4005 = ORIENTED_EDGE ( 'NONE', *, *, #3336, .F. ) ;
#4006 = DIRECTION ( 'NONE',  ( -1.000000000000000000, -8.673617379884034239E-17, -0.000000000000000000 ) ) ;
#4007 = LINE ( 'NONE', #1178, #1229 ) ;
#4008 = CARTESIAN_POINT ( 'NONE',  ( -50.39999999999996305, -33.59999999999996589, 5.000000000000000000 ) ) ;
#4009 = DIRECTION ( 'NONE',  ( -0.000000000000000000, 0.000000000000000000, -1.000000000000000000 ) ) ;
#4010 = ORIENTED_EDGE ( 'NONE', *, *, #3705, .F. ) ;
#4011 = EDGE_CURVE ( 'NONE', #48, #203, #1271, .T. ) ;
#4012 = EDGE_LOOP ( 'NONE', ( #4037, #280, #1739, #1011 ) ) ;
#4013 = ORIENTED_EDGE ( 'NONE', *, *, #1600, .T. ) ;
#4014 = EDGE_CURVE ( 'NONE', #2640, #916, #29, .T. ) ;
#4015 = CARTESIAN_POINT ( 'NONE',  ( 0.000000000000000000, 33.59999999999995168, 85.00000000000000000 ) ) ;
#4016 = ORIENTED_EDGE ( 'NONE', *, *, #2736, .F. ) ;
#4017 = CARTESIAN_POINT ( 'NONE',  ( -29.79444872453598236, -43.59999999999997300, 89.00000000000000000 ) ) ;
#4018 = CARTESIAN_POINT ( 'NONE',  ( -5.000000000000030198, -51.50000000000000711, 91.00000000000000000 ) ) ;
#4019 = CARTESIAN_POINT ( 'NONE',  ( -50.39999999999997016, 33.59999999999995168, 85.00000000000000000 ) ) ;
#4020 = PLANE ( 'NONE',  #2991 ) ;
#4021 = FACE_OUTER_BOUND ( 'NONE', #2813, .T. ) ;
#4022 = ORIENTED_EDGE ( 'NONE', *, *, #159, .T. ) ;
#4023 = CARTESIAN_POINT ( 'NONE',  ( -33.39999999999998437, -43.59999999999997300, 91.00000000000000000 ) ) ;
#4024 = DIRECTION ( 'NONE',  ( 1.213093339843922584E-16, -1.000000000000000000, 0.000000000000000000 ) ) ;
#4025 = DIRECTION ( 'NONE',  ( -0.000000000000000000, 0.000000000000000000, -1.000000000000000000 ) ) ;
#4026 = CARTESIAN_POINT ( 'NONE',  ( -42.00000000000004974, 43.59999999999995879, 80.00000000000000000 ) ) ;
#4027 = AXIS2_PLACEMENT_3D ( 'NONE', #912, #2520, #1254 ) ;
#4028 = AXIS2_PLACEMENT_3D ( 'NONE', #2092, #1109, #530 ) ;
#4029 = ORIENTED_EDGE ( 'NONE', *, *, #275, .T. ) ;
#4030 = ADVANCED_FACE ( 'NONE', ( #3180 ), #945, .F. ) ;
#4031 = VERTEX_POINT ( 'NONE', #1603 ) ;
#4032 = CIRCLE ( 'NONE', #690, 1.499999999999999556 ) ;
#4033 = DIRECTION ( 'NONE',  ( 1.000000000000000000, 0.000000000000000000, 0.000000000000000000 ) ) ;
#4034 = VECTOR ( 'NONE', #3139, 1000.000000000000000 ) ;
#4035 = VECTOR ( 'NONE', #612, 1000.000000000000000 ) ;
#4036 = EDGE_CURVE ( 'NONE', #1956, #1564, #3140, .T. ) ;
#4037 = ORIENTED_EDGE ( 'NONE', *, *, #1306, .F. ) ;
#4038 = DIRECTION ( 'NONE',  ( 5.015442563508421592E-32, -5.782411586589351722E-16, 1.000000000000000000 ) ) ;
#4039 = VECTOR ( 'NONE', #3934, 1000.000000000000000 ) ;
#4040 = VECTOR ( 'NONE', #1828, 1000.000000000000000 ) ;
#4041 = CARTESIAN_POINT ( 'NONE',  ( -65.39999999999997726, 46.59999999999995879, 49.00000000000001421 ) ) ;
#4042 = CARTESIAN_POINT ( 'NONE',  ( -5.000000000000000000, -50.99999999999999289, 5.000000000000000000 ) ) ;
#4043 = VECTOR ( 'NONE', #2146, 1000.000000000000000 ) ;
#4044 = ORIENTED_EDGE ( 'NONE', *, *, #3805, .F. ) ;
#4045 = DIRECTION ( 'NONE',  ( -1.000000000000000000, -0.000000000000000000, -0.000000000000000000 ) ) ;
#4046 = AXIS2_PLACEMENT_3D ( 'NONE', #276, #1525, #4024 ) ;
#4047 = ORIENTED_EDGE ( 'NONE', *, *, #1457, .F. ) ;
#4048 = CARTESIAN_POINT ( 'NONE',  ( -52.00000000000004974, 43.59999999999995879, 40.00000000000000711 ) ) ;
#4049 = LINE ( 'NONE', #12, #3988 ) ;
#4050 = CARTESIAN_POINT ( 'NONE',  ( -65.39999999999997726, -46.59999999999997300, 89.00000000000000000 ) ) ;
#4051 = VERTEX_POINT ( 'NONE', #2851 ) ;
#4052 = ORIENTED_EDGE ( 'NONE', *, *, #626, .T. ) ;
#4053 = DIRECTION ( 'NONE',  ( -0.000000000000000000, -0.000000000000000000, 1.000000000000000000 ) ) ;
ENDSEC;
END-ISO-10303-21;
