ISO-10303-21;
HEADER;
FILE_DESCRIPTION (( 'STEP AP214' ),
    '1' );
FILE_NAME ('Motor Driver Clip Shelving - Left.STEP',
    '2026-08-04T02:18:12',
    ( '' ),
    ( '' ),
    'SwSTEP 2.0',
    'SolidWorks 2025',
    '' );
FILE_SCHEMA (( 'AUTOMOTIVE_DESIGN' ));
ENDSEC;

DATA;
#1 = VECTOR ( 'NONE', #1447, 1000.000000000000000 ) ;
#2 = ORIENTED_EDGE ( 'NONE', *, *, #2796, .T. ) ;
#3 = DIRECTION ( 'NONE',  ( -1.224646799147353207E-16, 1.000000000000000000, 0.000000000000000000 ) ) ;
#4 = VECTOR ( 'NONE', #1988, 1000.000000000000000 ) ;
#5 = CARTESIAN_POINT ( 'NONE',  ( -15.00000000000000355, 28.59999999999995524, 0.000000000000000000 ) ) ;
#6 = EDGE_CURVE ( 'NONE', #1933, #1191, #1062, .T. ) ;
#7 = VECTOR ( 'NONE', #2474, 1000.000000000000000 ) ;
#8 = VERTEX_POINT ( 'NONE', #1730 ) ;
#9 = CARTESIAN_POINT ( 'NONE',  ( -42.00000000000004974, 51.00000000000000711, 40.00000000000000711 ) ) ;
#10 = EDGE_CURVE ( 'NONE', #1189, #2156, #3243, .T. ) ;
#11 = ORIENTED_EDGE ( 'NONE', *, *, #3853, .T. ) ;
#12 = CARTESIAN_POINT ( 'NONE',  ( -55.39999999999996305, -28.59999999999996945, 0.000000000000000000 ) ) ;
#13 = ORIENTED_EDGE ( 'NONE', *, *, #2053, .F. ) ;
#14 = DIRECTION ( 'NONE',  ( 0.000000000000000000, 0.000000000000000000, -1.000000000000000000 ) ) ;
#15 = DIRECTION ( 'NONE',  ( -0.000000000000000000, -0.000000000000000000, 1.000000000000000000 ) ) ;
#16 = CARTESIAN_POINT ( 'NONE',  ( -75.00000000000000000, -50.99999999999998579, 91.00000000000000000 ) ) ;
#17 = VERTEX_POINT ( 'NONE', #160 ) ;
#18 = DIRECTION ( 'NONE',  ( 0.000000000000000000, -0.000000000000000000, -1.000000000000000000 ) ) ;
#19 = DIRECTION ( 'NONE',  ( 0.000000000000000000, 0.000000000000000000, 1.000000000000000000 ) ) ;
#20 = ORIENTED_EDGE ( 'NONE', *, *, #1694, .F. ) ;
#21 = EDGE_LOOP ( 'NONE', ( #741, #1176, #3012, #4022 ) ) ;
#22 = DIRECTION ( 'NONE',  ( -0.000000000000000000, -0.000000000000000000, -1.000000000000000000 ) ) ;
#23 = LINE ( 'NONE', #3129, #1937 ) ;
#24 = DIRECTION ( 'NONE',  ( 1.000000000000000000, 0.000000000000000000, 0.000000000000000000 ) ) ;
#25 = EDGE_CURVE ( 'NONE', #2669, #1991, #2369, .T. ) ;
#26 = ORIENTED_EDGE ( 'NONE', *, *, #2153, .F. ) ;
#27 = CARTESIAN_POINT ( 'NONE',  ( -69.00000000000002842, -56.99999999999997158, 5.000000000000000000 ) ) ;
#28 = VERTEX_POINT ( 'NONE', #465 ) ;
#29 = LINE ( 'NONE', #2519, #1236 ) ;
#30 = ADVANCED_FACE ( 'NONE', ( #3621 ), #201, .F. ) ;
#31 = ORIENTED_EDGE ( 'NONE', *, *, #1193, .F. ) ;
#32 = FACE_OUTER_BOUND ( 'NONE', #2962, .T. ) ;
#33 = LINE ( 'NONE', #113, #377 ) ;
#34 = EDGE_CURVE ( 'NONE', #184, #1400, #484, .T. ) ;
#35 = ORIENTED_EDGE ( 'NONE', *, *, #1555, .F. ) ;
#36 = CARTESIAN_POINT ( 'NONE',  ( -65.39999999999997726, 43.59999999999995879, 91.00000000000001421 ) ) ;
#37 = CARTESIAN_POINT ( 'NONE',  ( -65.39999999999999147, 46.60000000000000142, 11.00000000000000000 ) ) ;
#38 = CARTESIAN_POINT ( 'NONE',  ( -69.00000000000002842, 50.99999999999997868, 5.000000000000000000 ) ) ;
#39 = VERTEX_POINT ( 'NONE', #819 ) ;
#40 = ORIENTED_EDGE ( 'NONE', *, *, #2480, .F. ) ;
#41 = FACE_OUTER_BOUND ( 'NONE', #1052, .T. ) ;
#42 = DIRECTION ( 'NONE',  ( 1.000000000000000000, 0.000000000000000000, 0.000000000000000000 ) ) ;
#43 = CARTESIAN_POINT ( 'NONE',  ( -33.39999999999998437, 51.00000000000000711, 51.00000000000000711 ) ) ;
#44 = ORIENTED_EDGE ( 'NONE', *, *, #701, .F. ) ;
#45 = DIRECTION ( 'NONE',  ( 1.489033026589534369E-16, -1.000000000000000000, 0.000000000000000000 ) ) ;
#46 = VERTEX_POINT ( 'NONE', #2385 ) ;
#47 = ADVANCED_FACE ( 'NONE', ( #3906 ), #2059, .F. ) ;
#48 = VECTOR ( 'NONE', #2356, 1000.000000000000000 ) ;
#49 = CARTESIAN_POINT ( 'NONE',  ( -65.39999999999997726, -43.59999999999998010, 40.00000000000000000 ) ) ;
#50 = ORIENTED_EDGE ( 'NONE', *, *, #607, .F. ) ;
#51 = AXIS2_PLACEMENT_3D ( 'NONE', #2286, #3532, #734 ) ;
#52 = CARTESIAN_POINT ( 'NONE',  ( -52.00000000000004974, 43.59999999999995879, 11.00000000000000000 ) ) ;
#53 = EDGE_CURVE ( 'NONE', #82, #1609, #2634, .T. ) ;
#54 = ORIENTED_EDGE ( 'NONE', *, *, #2289, .F. ) ;
#55 = FACE_OUTER_BOUND ( 'NONE', #1861, .T. ) ;
#56 = VECTOR ( 'NONE', #464, 1000.000000000000000 ) ;
#57 = FACE_OUTER_BOUND ( 'NONE', #2097, .T. ) ;
#58 = ADVANCED_FACE ( 'NONE', ( #116 ), #2329, .F. ) ;
#59 = DIRECTION ( 'NONE',  ( -1.000000000000000000, -0.000000000000000000, -0.000000000000000000 ) ) ;
#60 = AXIS2_PLACEMENT_3D ( 'NONE', #2809, #1927, #602 ) ;
#61 = ORIENTED_EDGE ( 'NONE', *, *, #3176, .T. ) ;
#62 = ORIENTED_EDGE ( 'NONE', *, *, #2202, .T. ) ;
#63 = CARTESIAN_POINT ( 'NONE',  ( 0.000000000000000000, 0.000000000000000000, 11.00000000000000000 ) ) ;
#64 = LINE ( 'NONE', #1008, #3770 ) ;
#65 = CARTESIAN_POINT ( 'NONE',  ( -50.39999999999997016, 33.59999999999995168, 0.000000000000000000 ) ) ;
#66 = AXIS2_PLACEMENT_3D ( 'NONE', #2814, #1914, #3448 ) ;
#67 = LINE ( 'NONE', #2564, #3384 ) ;
#68 = AXIS2_PLACEMENT_3D ( 'NONE', #3135, #682, #2603 ) ;
#69 = VERTEX_POINT ( 'NONE', #803 ) ;
#70 = FACE_OUTER_BOUND ( 'NONE', #1208, .T. ) ;
#71 = ORIENTED_EDGE ( 'NONE', *, *, #3370, .T. ) ;
#72 = AXIS2_PLACEMENT_3D ( 'NONE', #1030, #2241, #3436 ) ;
#73 = CARTESIAN_POINT ( 'NONE',  ( -65.39999999999997726, -46.59999999999998010, 91.00000000000000000 ) ) ;
#74 = EDGE_CURVE ( 'NONE', #1488, #1145, #2067, .T. ) ;
#75 = ORIENTED_EDGE ( 'NONE', *, *, #1248, .T. ) ;
#76 = LINE ( 'NONE', #93, #1224 ) ;
#77 = EDGE_CURVE ( 'NONE', #3229, #1850, #3327, .T. ) ;
#78 = ORIENTED_EDGE ( 'NONE', *, *, #3888, .T. ) ;
#79 = DIRECTION ( 'NONE',  ( 0.000000000000000000, -1.000000000000000000, 0.000000000000000000 ) ) ;
#80 = LINE ( 'NONE', #38, #2934 ) ;
#81 = ADVANCED_FACE ( 'NONE', ( #2348 ), #3601, .F. ) ;
#82 = VERTEX_POINT ( 'NONE', #2980 ) ;
#83 = ORIENTED_EDGE ( 'NONE', *, *, #396, .T. ) ;
#84 = DIRECTION ( 'NONE',  ( -0.000000000000000000, 0.000000000000000000, -1.000000000000000000 ) ) ;
#85 = CARTESIAN_POINT ( 'NONE',  ( -33.39999999999999147, 46.60000000000000142, 45.00000000000000000 ) ) ;
#86 =( LENGTH_UNIT ( ) NAMED_UNIT ( * ) SI_UNIT ( .MILLI., .METRE. ) );
#87 = CARTESIAN_POINT ( 'NONE',  ( -65.39999999999997726, -46.59999999999998010, 5.000000000000000000 ) ) ;
#88 = ORIENTED_EDGE ( 'NONE', *, *, #1477, .T. ) ;
#89 = LINE ( 'NONE', #3217, #2227 ) ;
#90 = EDGE_LOOP ( 'NONE', ( #1325, #4024, #783, #309 ) ) ;
#91 = FACE_OUTER_BOUND ( 'NONE', #2583, .T. ) ;
#92 = VERTEX_POINT ( 'NONE', #1750 ) ;
#93 = CARTESIAN_POINT ( 'NONE',  ( 0.000000000000000000, 51.50000000000000711, 91.00000000000000000 ) ) ;
#94 = FACE_OUTER_BOUND ( 'NONE', #3211, .T. ) ;
#95 = ORIENTED_EDGE ( 'NONE', *, *, #2843, .F. ) ;
#96 = DIRECTION ( 'NONE',  ( 0.000000000000000000, -0.000000000000000000, 1.000000000000000000 ) ) ;
#97 = LINE ( 'NONE', #467, #1300 ) ;
#98 = ADVANCED_FACE ( 'NONE', ( #1467 ), #2426, .T. ) ;
#99 = ORIENTED_EDGE ( 'NONE', *, *, #2449, .F. ) ;
#100 = ORIENTED_EDGE ( 'NONE', *, *, #2558, .T. ) ;
#101 = CARTESIAN_POINT ( 'NONE',  ( -33.39999999999997016, -50.99999999999999289, 5.000000000000000000 ) ) ;
#102 = DIRECTION ( 'NONE',  ( -2.312964634635746211E-15, 1.000000000000000000, -0.000000000000000000 ) ) ;
#103 = EDGE_CURVE ( 'NONE', #720, #1335, #560, .T. ) ;
#104 = ORIENTED_EDGE ( 'NONE', *, *, #2884, .F. ) ;
#105 = CARTESIAN_POINT ( 'NONE',  ( -65.39999999999999147, 46.60000000000000142, 45.00000000000000000 ) ) ;
#106 = CYLINDRICAL_SURFACE ( 'NONE', #68, 4.999999999999997335 ) ;
#107 = ORIENTED_EDGE ( 'NONE', *, *, #256, .T. ) ;
#108 = ADVANCED_FACE ( 'NONE', ( #1806 ), #3386, .F. ) ;
#109 = DIRECTION ( 'NONE',  ( -0.000000000000000000, 1.000000000000000000, 0.000000000000000000 ) ) ;
#110 = VECTOR ( 'NONE', #179, 1000.000000000000000 ) ;
#111 = ORIENTED_EDGE ( 'NONE', *, *, #1977, .T. ) ;
#112 = VECTOR ( 'NONE', #535, 1000.000000000000000 ) ;
#113 = CARTESIAN_POINT ( 'NONE',  ( -55.39999999999997016, -6.720537102735326942E-15, 40.00000000000000000 ) ) ;
#114 = CARTESIAN_POINT ( 'NONE',  ( -5.000000000000030198, -51.50000000000000711, 91.00000000000000000 ) ) ;
#115 = VECTOR ( 'NONE', #2903, 1000.000000000000000 ) ;
#116 = FACE_OUTER_BOUND ( 'NONE', #3183, .T. ) ;
#117 = DIRECTION ( 'NONE',  ( -1.577021341797096821E-15, -1.000000000000000000, 0.000000000000000000 ) ) ;
#118 = VECTOR ( 'NONE', #2753, 1000.000000000000000 ) ;
#119 = LINE ( 'NONE', #1691, #2347 ) ;
#120 = AXIS2_PLACEMENT_3D ( 'NONE', #2358, #3610, #472 ) ;
#121 = ORIENTED_EDGE ( 'NONE', *, *, #1772, .F. ) ;
#122 = EDGE_CURVE ( 'NONE', #2810, #755, #3737, .T. ) ;
#123 = ORIENTED_EDGE ( 'NONE', *, *, #1281, .T. ) ;
#124 = DIRECTION ( 'NONE',  ( 1.819640009765883753E-16, -1.000000000000000000, 0.000000000000000000 ) ) ;
#125 = CYLINDRICAL_SURFACE ( 'NONE', #1882, 4.999999999999997335 ) ;
#126 = VECTOR ( 'NONE', #2816, 1000.000000000000000 ) ;
#127 = ADVANCED_FACE ( 'NONE', ( #3676 ), #1786, .F. ) ;
#128 = VERTEX_POINT ( 'NONE', #2179 ) ;
#129 = VECTOR ( 'NONE', #3383, 1000.000000000000000 ) ;
#130 = DIRECTION ( 'NONE',  ( 1.213093339843922584E-16, -1.000000000000000000, 0.000000000000000000 ) ) ;
#131 = CARTESIAN_POINT ( 'NONE',  ( -75.00000000000000000, 51.00000000000000000, 91.00000000000000000 ) ) ;
#132 = ORIENTED_EDGE ( 'NONE', *, *, #2239, .T. ) ;
#133 = DIRECTION ( 'NONE',  ( 1.000000000000000000, -7.228014483236707402E-16, 0.000000000000000000 ) ) ;
#134 = VECTOR ( 'NONE', #956, 1000.000000000000000 ) ;
#135 = EDGE_CURVE ( 'NONE', #3911, #2262, #3965, .T. ) ;
#136 = ORIENTED_EDGE ( 'NONE', *, *, #3506, .F. ) ;
#137 = CARTESIAN_POINT ( 'NONE',  ( -5.000000000000000000, -55.99999999999999289, 5.000000000000000000 ) ) ;
#138 = VECTOR ( 'NONE', #4040, 1000.000000000000000 ) ;
#139 = EDGE_LOOP ( 'NONE', ( #2659, #3931, #894, #3462 ) ) ;
#140 = CARTESIAN_POINT ( 'NONE',  ( -72.00000000000005684, 53.99999999999997158, 0.000000000000000000 ) ) ;
#141 = DIRECTION ( 'NONE',  ( 1.000000000000000000, 0.000000000000000000, 0.000000000000000000 ) ) ;
#142 = CARTESIAN_POINT ( 'NONE',  ( -15.00000000000000533, 28.59999999999995524, 45.00000000000000000 ) ) ;
#143 = FACE_BOUND ( 'NONE', #2778, .T. ) ;
#144 = VERTEX_POINT ( 'NONE', #2710 ) ;
#145 = ORIENTED_EDGE ( 'NONE', *, *, #3787, .T. ) ;
#146 = CARTESIAN_POINT ( 'NONE',  ( -60.00000000000005684, -43.59999999999997300, 40.00000000000000711 ) ) ;
#147 = CARTESIAN_POINT ( 'NONE',  ( -55.39999999999997016, -6.720537102735326942E-15, 85.00000000000000000 ) ) ;
#148 = DIRECTION ( 'NONE',  ( -1.000000000000000000, -0.000000000000000000, -0.000000000000000000 ) ) ;
#149 = ORIENTED_EDGE ( 'NONE', *, *, #2767, .F. ) ;
#150 = CARTESIAN_POINT ( 'NONE',  ( -14.99999999999999289, -28.59999999999996945, 45.00000000000000000 ) ) ;
#151 = LINE ( 'NONE', #131, #3009 ) ;
#152 = EDGE_LOOP ( 'NONE', ( #684, #2203, #1634, #4001, #2875, #2901, #3063, #283, #3832, #1337, #2472, #2465, #278, #3753, #75, #1116, #445, #1357, #2559, #2430 ) ) ;
#153 = CARTESIAN_POINT ( 'NONE',  ( -50.39999999999997016, 33.59999999999995168, 80.00000000000000000 ) ) ;
#154 = EDGE_CURVE ( 'NONE', #742, #3091, #298, .T. ) ;
#155 = ORIENTED_EDGE ( 'NONE', *, *, #714, .T. ) ;
#156 = CARTESIAN_POINT ( 'NONE',  ( -65.39999999999997726, -46.59999999999998010, 11.00000000000000000 ) ) ;
#157 = ORIENTED_EDGE ( 'NONE', *, *, #1061, .T. ) ;
#158 = CARTESIAN_POINT ( 'NONE',  ( -5.000000000000004441, -56.99999999999997868, 5.000000000000000000 ) ) ;
#159 = EDGE_CURVE ( 'NONE', #3195, #3091, #1156, .T. ) ;
#160 = CARTESIAN_POINT ( 'NONE',  ( -20.00000000000000000, 33.59999999999995168, 85.00000000000000000 ) ) ;
#161 = CARTESIAN_POINT ( 'NONE',  ( -33.39999999999997016, -50.99999999999998579, 51.00000000000000711 ) ) ;
#162 = DIRECTION ( 'NONE',  ( -1.000000000000000000, 0.000000000000000000, 0.000000000000000000 ) ) ;
#163 = EDGE_CURVE ( 'NONE', #3531, #849, #913, .T. ) ;
#164 = VERTEX_POINT ( 'NONE', #258 ) ;
#165 = ORIENTED_EDGE ( 'NONE', *, *, #2239, .F. ) ;
#166 = LINE ( 'NONE', #1414, #3442 ) ;
#167 = FACE_OUTER_BOUND ( 'NONE', #948, .T. ) ;
#168 = VERTEX_POINT ( 'NONE', #234 ) ;
#169 = LINE ( 'NONE', #3296, #3766 ) ;
#170 = DIRECTION ( 'NONE',  ( -0.000000000000000000, -0.000000000000000000, -1.000000000000000000 ) ) ;
#171 = ORIENTED_EDGE ( 'NONE', *, *, #1388, .T. ) ;
#172 = EDGE_LOOP ( 'NONE', ( #3447, #2510, #2295, #2646 ) ) ;
#173 = EDGE_CURVE ( 'NONE', #3162, #2856, #3346, .T. ) ;
#174 = DIRECTION ( 'NONE',  ( -1.000000000000000000, 0.000000000000000000, 0.000000000000000000 ) ) ;
#175 = VECTOR ( 'NONE', #2310, 1000.000000000000000 ) ;
#176 = FACE_OUTER_BOUND ( 'NONE', #2813, .T. ) ;
#177 = VECTOR ( 'NONE', #4036, 1000.000000000000000 ) ;
#178 = ADVANCED_FACE ( 'NONE', ( #3098 ), #292, .F. ) ;
#179 = DIRECTION ( 'NONE',  ( -1.224646799147353207E-16, 1.000000000000000000, 0.000000000000000000 ) ) ;
#180 =( NAMED_UNIT ( * ) SI_UNIT ( $, .STERADIAN. ) SOLID_ANGLE_UNIT ( ) );
#181 = DIRECTION ( 'NONE',  ( -1.000000000000000000, 0.000000000000000000, 0.000000000000000000 ) ) ;
#182 = VECTOR ( 'NONE', #2106, 1000.000000000000000 ) ;
#183 = EDGE_CURVE ( 'NONE', #2619, #3050, #1485, .T. ) ;
#184 = VERTEX_POINT ( 'NONE', #1178 ) ;
#185 = CARTESIAN_POINT ( 'NONE',  ( -5.510910596163077723E-16, -51.50000000000000711, 85.00000000000000000 ) ) ;
#186 = CIRCLE ( 'NONE', #2729, 4.999999999999997335 ) ;
#187 = CARTESIAN_POINT ( 'NONE',  ( -52.00000000000004974, 51.00000000000000711, 51.00000000000000711 ) ) ;
#188 = LINE ( 'NONE', #787, #1554 ) ;
#189 = AXIS2_PLACEMENT_3D ( 'NONE', #843, #2715, #297 ) ;
#190 = VERTEX_POINT ( 'NONE', #2769 ) ;
#191 = DIRECTION ( 'NONE',  ( 1.000000000000000000, 0.000000000000000000, 0.000000000000000000 ) ) ;
#192 = DIRECTION ( 'NONE',  ( 0.000000000000000000, -1.000000000000000000, 0.000000000000000000 ) ) ;
#193 = VECTOR ( 'NONE', #3489, 1000.000000000000000 ) ;
#194 = VECTOR ( 'NONE', #2368, 1000.000000000000000 ) ;
#195 = ORIENTED_EDGE ( 'NONE', *, *, #2500, .F. ) ;
#196 = FACE_OUTER_BOUND ( 'NONE', #3815, .T. ) ;
#197 = ORIENTED_EDGE ( 'NONE', *, *, #1570, .F. ) ;
#198 = VECTOR ( 'NONE', #650, 1000.000000000000000 ) ;
#199 = CARTESIAN_POINT ( 'NONE',  ( -5.000000000000000000, -50.99999999999999289, 45.00000000000000000 ) ) ;
#200 = VECTOR ( 'NONE', #3613, 1000.000000000000000 ) ;
#201 = CYLINDRICAL_SURFACE ( 'NONE', #2914, 1.500000000000001332 ) ;
#202 = SURFACE_SIDE_STYLE ('',( #1157 ) ) ;
#203 = EDGE_CURVE ( 'NONE', #2136, #3803, #835, .T. ) ;
#204 = ORIENTED_EDGE ( 'NONE', *, *, #3824, .T. ) ;
#205 = CARTESIAN_POINT ( 'NONE',  ( -75.00000000000000000, -50.99999999999998579, 45.00000000000000000 ) ) ;
#206 = CYLINDRICAL_SURFACE ( 'NONE', #3247, 4.999999999999995559 ) ;
#207 = FACE_OUTER_BOUND ( 'NONE', #1074, .T. ) ;
#208 = EDGE_CURVE ( 'NONE', #1989, #2543, #3693, .T. ) ;
#209 = ORIENTED_EDGE ( 'NONE', *, *, #701, .T. ) ;
#210 = CARTESIAN_POINT ( 'NONE',  ( -29.79444872453598236, 43.59999999999995879, 91.00000000000001421 ) ) ;
#211 = CARTESIAN_POINT ( 'NONE',  ( -5.000000000000014211, 56.00000000000000711, 11.00000000000000000 ) ) ;
#212 = ORIENTED_EDGE ( 'NONE', *, *, #1918, .F. ) ;
#213 = PLANE ( 'NONE',  #3397 ) ;
#214 = ORIENTED_EDGE ( 'NONE', *, *, #1549, .T. ) ;
#215 = DIRECTION ( 'NONE',  ( 1.000000000000000000, 0.000000000000000000, 0.000000000000000000 ) ) ;
#216 = DIRECTION ( 'NONE',  ( 1.000000000000000000, 0.000000000000000000, 0.000000000000000000 ) ) ;
#217 = DIRECTION ( 'NONE',  ( -1.577021341797097018E-15, 1.000000000000000000, 0.000000000000000000 ) ) ;
#218 = CARTESIAN_POINT ( 'NONE',  ( -5.000000000000004441, -56.99999999999997868, 0.000000000000000000 ) ) ;
#219 = ORIENTED_EDGE ( 'NONE', *, *, #857, .T. ) ;
#220 = CARTESIAN_POINT ( 'NONE',  ( 0.000000000000000000, -55.99999999999999289, 0.000000000000000000 ) ) ;
#221 = CARTESIAN_POINT ( 'NONE',  ( -5.000000000000000000, -55.99999999999999289, 45.00000000000000000 ) ) ;
#222 = EDGE_CURVE ( 'NONE', #451, #3998, #1541, .T. ) ;
#223 = CARTESIAN_POINT ( 'NONE',  ( -8.000000000000003553, -53.99999999999998579, 0.000000000000000000 ) ) ;
#224 = ORIENTED_EDGE ( 'NONE', *, *, #2352, .T. ) ;
#225 = LINE ( 'NONE', #2416, #1421 ) ;
#226 = CARTESIAN_POINT ( 'NONE',  ( -1.371604415045035710E-14, 56.00000000000000711, 40.00000000000000000 ) ) ;
#227 = ADVANCED_FACE ( 'NONE', ( #4025 ), #3407, .T. ) ;
#228 = VERTEX_POINT ( 'NONE', #2009 ) ;
#229 = CARTESIAN_POINT ( 'NONE',  ( -33.39999999999998437, 51.00000000000000711, 11.00000000000000000 ) ) ;
#230 = EDGE_CURVE ( 'NONE', #1604, #1422, #335, .T. ) ;
#231 = ORIENTED_EDGE ( 'NONE', *, *, #371, .T. ) ;
#232 = LINE ( 'NONE', #1482, #3657 ) ;
#233 = ORIENTED_EDGE ( 'NONE', *, *, #1974, .F. ) ;
#234 = CARTESIAN_POINT ( 'NONE',  ( -5.000000000000014211, 51.50000000000000711, 91.00000000000000000 ) ) ;
#235 = VECTOR ( 'NONE', #2020, 1000.000000000000000 ) ;
#236 = DIRECTION ( 'NONE',  ( -0.000000000000000000, -0.000000000000000000, 1.000000000000000000 ) ) ;
#237 = VECTOR ( 'NONE', #1739, 1000.000000000000000 ) ;
#238 = ORIENTED_EDGE ( 'NONE', *, *, #2444, .T. ) ;
#239 = CYLINDRICAL_SURFACE ( 'NONE', #3724, 4.999999999999997335 ) ;
#240 = CARTESIAN_POINT ( 'NONE',  ( -19.99999999999999289, -28.59999999999996945, 0.000000000000000000 ) ) ;
#241 = VECTOR ( 'NONE', #1349, 1000.000000000000000 ) ;
#242 = PLANE ( 'NONE',  #1164 ) ;
#243 = EDGE_CURVE ( 'NONE', #2576, #768, #1865, .T. ) ;
#244 = VECTOR ( 'NONE', #2079, 1000.000000000000000 ) ;
#245 = VERTEX_POINT ( 'NONE', #2301 ) ;
#246 = CARTESIAN_POINT ( 'NONE',  ( -5.000000000000014211, 56.00000000000000711, 40.00000000000000000 ) ) ;
#247 = PLANE ( 'NONE',  #658 ) ;
#248 = AXIS2_PLACEMENT_3D ( 'NONE', #4032, #1143, #2107 ) ;
#249 = EDGE_CURVE ( 'NONE', #625, #2885, #2502, .T. ) ;
#250 = ORIENTED_EDGE ( 'NONE', *, *, #954, .F. ) ;
#251 = CIRCLE ( 'NONE', #4048, 4.999999999999997335 ) ;
#252 = CARTESIAN_POINT ( 'NONE',  ( -5.000000000000000000, -55.99999999999999289, 85.00000000000000000 ) ) ;
#253 = ORIENTED_EDGE ( 'NONE', *, *, #1994, .F. ) ;
#254 = FACE_OUTER_BOUND ( 'NONE', #90, .T. ) ;
#255 = VECTOR ( 'NONE', #3777, 1000.000000000000000 ) ;
#256 = EDGE_CURVE ( 'NONE', #164, #1122, #728, .T. ) ;
#257 = ORIENTED_EDGE ( 'NONE', *, *, #2707, .T. ) ;
#258 = CARTESIAN_POINT ( 'NONE',  ( -55.39999999999997016, 28.59999999999995524, 0.000000000000000000 ) ) ;
#259 = VECTOR ( 'NONE', #676, 1000.000000000000000 ) ;
#260 = DIRECTION ( 'NONE',  ( -0.000000000000000000, -0.000000000000000000, 1.000000000000000000 ) ) ;
#261 = AXIS2_PLACEMENT_3D ( 'NONE', #3023, #1756, #3681 ) ;
#262 = ORIENTED_EDGE ( 'NONE', *, *, #4038, .T. ) ;
#263 = CARTESIAN_POINT ( 'NONE',  ( -33.39999999999999147, 46.60000000000000142, 91.00000000000000000 ) ) ;
#264 = LINE ( 'NONE', #3450, #2721 ) ;
#265 = LINE ( 'NONE', #4015, #3847 ) ;
#266 = ORIENTED_EDGE ( 'NONE', *, *, #2803, .F. ) ;
#267 = CARTESIAN_POINT ( 'NONE',  ( -33.39999999999999147, 46.60000000000000142, 5.000000000000000000 ) ) ;
#268 = LINE ( 'NONE', #226, #799 ) ;
#269 = ORIENTED_EDGE ( 'NONE', *, *, #528, .T. ) ;
#270 = DIRECTION ( 'NONE',  ( -1.000000000000000000, 0.000000000000000000, 0.000000000000000000 ) ) ;
#271 = VERTEX_POINT ( 'NONE', #2952 ) ;
#272 = ADVANCED_FACE ( 'NONE', ( #3525 ), #1969, .F. ) ;
#273 = CARTESIAN_POINT ( 'NONE',  ( 0.000000000000000000, 51.50000000000000711, 11.00000000000000000 ) ) ;
#274 = EDGE_LOOP ( 'NONE', ( #3715, #3667, #88, #1199 ) ) ;
#275 = DIRECTION ( 'NONE',  ( -0.000000000000000000, -0.000000000000000000, -1.000000000000000000 ) ) ;
#276 = FACE_OUTER_BOUND ( 'NONE', #999, .T. ) ;
#277 = ADVANCED_FACE ( 'NONE', ( #1379, #32, #2831, #1702 ), #3775, .F. ) ;
#278 = ORIENTED_EDGE ( 'NONE', *, *, #1549, .F. ) ;
#279 = DIRECTION ( 'NONE',  ( -1.000000000000000000, -8.673617379884034239E-17, -0.000000000000000000 ) ) ;
#280 = FACE_OUTER_BOUND ( 'NONE', #2911, .T. ) ;
#281 = ADVANCED_FACE ( 'NONE', ( #2811 ), #453, .F. ) ;
#282 = CARTESIAN_POINT ( 'NONE',  ( -50.39999999999996305, -33.59999999999996589, 0.000000000000000000 ) ) ;
#283 = ORIENTED_EDGE ( 'NONE', *, *, #3376, .F. ) ;
#284 = DIRECTION ( 'NONE',  ( -3.854941057726234153E-16, -1.000000000000000000, 0.000000000000000000 ) ) ;
#285 = CARTESIAN_POINT ( 'NONE',  ( -60.00000000000000000, -43.59999999999997300, 183.0970416646374588 ) ) ;
#286 = VERTEX_POINT ( 'NONE', #428 ) ;
#287 = DIRECTION ( 'NONE',  ( 2.891205793294679312E-16, 1.000000000000000000, -0.000000000000000000 ) ) ;
#288 = ORIENTED_EDGE ( 'NONE', *, *, #3978, .F. ) ;
#289 = CARTESIAN_POINT ( 'NONE',  ( -65.39999999999999147, 46.60000000000000142, 5.000000000000000000 ) ) ;
#290 = EDGE_CURVE ( 'NONE', #1088, #674, #1070, .T. ) ;
#291 = ORIENTED_EDGE ( 'NONE', *, *, #837, .T. ) ;
#292 = PLANE ( 'NONE',  #702 ) ;
#293 = DIRECTION ( 'NONE',  ( -1.000000000000000000, -8.673617379884034239E-17, -0.000000000000000000 ) ) ;
#294 = EDGE_CURVE ( 'NONE', #849, #513, #1657, .T. ) ;
#295 = ORIENTED_EDGE ( 'NONE', *, *, #249, .F. ) ;
#296 = CARTESIAN_POINT ( 'NONE',  ( -50.39999999999997016, 33.59999999999995168, 0.000000000000000000 ) ) ;
#297 = DIRECTION ( 'NONE',  ( -1.000000000000000000, 0.000000000000000000, 0.000000000000000000 ) ) ;
#298 = CIRCLE ( 'NONE', #1155, 4.999999999999993783 ) ;
#299 = EDGE_CURVE ( 'NONE', #3315, #1189, #2320, .T. ) ;
#300 = ORIENTED_EDGE ( 'NONE', *, *, #3092, .T. ) ;
#301 = CARTESIAN_POINT ( 'NONE',  ( 0.000000000000000000, -55.99999999999999289, 5.000000000000000000 ) ) ;
#302 = VECTOR ( 'NONE', #2451, 1000.000000000000000 ) ;
#303 = LINE ( 'NONE', #2127, #2784 ) ;
#304 = LINE ( 'NONE', #2436, #3073 ) ;
#305 = VECTOR ( 'NONE', #124, 1000.000000000000000 ) ;
#306 = VERTEX_POINT ( 'NONE', #150 ) ;
#307 = PLANE ( 'NONE',  #3665 ) ;
#308 = AXIS2_PLACEMENT_3D ( 'NONE', #1486, #2789, #1241 ) ;
#309 = ORIENTED_EDGE ( 'NONE', *, *, #2181, .F. ) ;
#310 = CARTESIAN_POINT ( 'NONE',  ( -50.39999999999996305, -33.59999999999996589, 80.00000000000000000 ) ) ;
#311 = VECTOR ( 'NONE', #3154, 1000.000000000000000 ) ;
#312 = ORIENTED_EDGE ( 'NONE', *, *, #1415, .F. ) ;
#313 = CARTESIAN_POINT ( 'NONE',  ( 0.000000000000000000, -55.99999999999999289, 85.00000000000000000 ) ) ;
#314 = DIRECTION ( 'NONE',  ( -1.000000000000000000, 0.000000000000000000, 0.000000000000000000 ) ) ;
#315 = VECTOR ( 'NONE', #3742, 1000.000000000000000 ) ;
#316 = AXIS2_PLACEMENT_3D ( 'NONE', #3673, #540, #2400 ) ;
#317 = ORIENTED_EDGE ( 'NONE', *, *, #1228, .T. ) ;
#318 = LINE ( 'NONE', #2466, #2152 ) ;
#319 = CARTESIAN_POINT ( 'NONE',  ( -65.39999999999997726, 51.00000000000000000, 40.00000000000000711 ) ) ;
#320 = CARTESIAN_POINT ( 'NONE',  ( -5.000000000000014211, 56.00000000000000711, 51.00000000000000711 ) ) ;
#321 = EDGE_CURVE ( 'NONE', #2786, #1899, #3564, .T. ) ;
#322 = AXIS2_PLACEMENT_3D ( 'NONE', #3265, #2649, #2039 ) ;
#323 = VERTEX_POINT ( 'NONE', #2521 ) ;
#324 = DIRECTION ( 'NONE',  ( 0.000000000000000000, 0.000000000000000000, -1.000000000000000000 ) ) ;
#325 = VECTOR ( 'NONE', #476, 1000.000000000000000 ) ;
#326 = FACE_OUTER_BOUND ( 'NONE', #555, .T. ) ;
#327 = DIRECTION ( 'NONE',  ( 0.000000000000000000, 0.000000000000000000, 1.000000000000000000 ) ) ;
#328 = CARTESIAN_POINT ( 'NONE',  ( -55.39999999999997016, 28.59999999999995524, 0.000000000000000000 ) ) ;
#329 = EDGE_CURVE ( 'NONE', #636, #3838, #3443, .T. ) ;
#330 = ORIENTED_EDGE ( 'NONE', *, *, #352, .F. ) ;
#331 = LINE ( 'NONE', #1274, #1764 ) ;
#332 = ORIENTED_EDGE ( 'NONE', *, *, #1797, .T. ) ;
#333 = CARTESIAN_POINT ( 'NONE',  ( -11.00000000000000178, -50.99999999999998579, 5.000000000000000000 ) ) ;
#334 = EDGE_LOOP ( 'NONE', ( #2314, #1494, #2586, #1392, #1463, #149, #1254, #1040 ) ) ;
#335 = LINE ( 'NONE', #3257, #1802 ) ;
#336 = CARTESIAN_POINT ( 'NONE',  ( -5.000000000000000000, -55.99999999999999289, 85.00000000000000000 ) ) ;
#337 = ORIENTED_EDGE ( 'NONE', *, *, #2312, .T. ) ;
#338 = LINE ( 'NONE', #2835, #2477 ) ;
#339 = CARTESIAN_POINT ( 'NONE',  ( -52.00000000000004974, 51.00000000000000711, 143.0970416646374872 ) ) ;
#340 = CARTESIAN_POINT ( 'NONE',  ( 0.000000000000000000, -55.99999999999999289, 40.00000000000000000 ) ) ;
#341 = ORIENTED_EDGE ( 'NONE', *, *, #2364, .F. ) ;
#342 = EDGE_CURVE ( 'NONE', #2872, #384, #766, .T. ) ;
#343 = ORIENTED_EDGE ( 'NONE', *, *, #2029, .F. ) ;
#344 = CARTESIAN_POINT ( 'NONE',  ( -9.500000000000003553, -53.99999999999998579, 0.000000000000000000 ) ) ;
#345 = PLANE ( 'NONE',  #2592 ) ;
#346 = CARTESIAN_POINT ( 'NONE',  ( -33.39999999999998437, -43.59999999999997300, 11.00000000000000000 ) ) ;
#347 = EDGE_CURVE ( 'NONE', #1924, #3195, #1089, .T. ) ;
#348 = ORIENTED_EDGE ( 'NONE', *, *, #4016, .T. ) ;
#349 = CARTESIAN_POINT ( 'NONE',  ( -65.39999999999997726, -46.59999999999997300, 49.00000000000000000 ) ) ;
#350 = VERTEX_POINT ( 'NONE', #1583 ) ;
#351 = PLANE ( 'NONE',  #516 ) ;
#352 = EDGE_CURVE ( 'NONE', #2880, #3941, #3178, .T. ) ;
#353 = ORIENTED_EDGE ( 'NONE', *, *, #1679, .T. ) ;
#354 = CARTESIAN_POINT ( 'NONE',  ( -1.639234110326708464E-14, -51.50000000000000711, 51.00000000000000711 ) ) ;
#355 = ORIENTED_EDGE ( 'NONE', *, *, #1905, .F. ) ;
#356 = DIRECTION ( 'NONE',  ( -1.000000000000000000, 0.000000000000000000, 0.000000000000000000 ) ) ;
#357 = LINE ( 'NONE', #2858, #373 ) ;
#358 = LINE ( 'NONE', #1571, #126 ) ;
#359 = ORIENTED_EDGE ( 'NONE', *, *, #1258, .F. ) ;
#360 = ORIENTED_EDGE ( 'NONE', *, *, #2359, .T. ) ;
#361 = CARTESIAN_POINT ( 'NONE',  ( -33.40000000000012648, 43.59999999999995879, 49.00000000000000711 ) ) ;
#362 = CARTESIAN_POINT ( 'NONE',  ( -5.000000000000030198, -51.50000000000000711, 11.00000000000000000 ) ) ;
#363 = CARTESIAN_POINT ( 'NONE',  ( -6.500000000000004441, -53.99999999999998579, 0.000000000000000000 ) ) ;
#364 = EDGE_CURVE ( 'NONE', #3502, #529, #2602, .T. ) ;
#365 = VECTOR ( 'NONE', #2752, 1000.000000000000000 ) ;
#366 = ORIENTED_EDGE ( 'NONE', *, *, #1729, .T. ) ;
#367 = DIRECTION ( 'NONE',  ( 0.000000000000000000, 1.000000000000000000, 0.000000000000000000 ) ) ;
#368 = ORIENTED_EDGE ( 'NONE', *, *, #1148, .F. ) ;
#369 = VECTOR ( 'NONE', #1984, 1000.000000000000000 ) ;
#370 = CARTESIAN_POINT ( 'NONE',  ( -55.39999999999997016, 28.59999999999995524, 0.000000000000000000 ) ) ;
#371 = EDGE_CURVE ( 'NONE', #1610, #3238, #867, .T. ) ;
#372 = ORIENTED_EDGE ( 'NONE', *, *, #3146, .F. ) ;
#373 = VECTOR ( 'NONE', #1309, 1000.000000000000000 ) ;
#374 = CARTESIAN_POINT ( 'NONE',  ( -5.000000000000004441, 56.99999999999997868, 0.000000000000000000 ) ) ;
#375 = LINE ( 'NONE', #2525, #255 ) ;
#376 = EDGE_CURVE ( 'NONE', #2175, #513, #225, .T. ) ;
#377 = VECTOR ( 'NONE', #3755, 1000.000000000000000 ) ;
#378 = VERTEX_POINT ( 'NONE', #792 ) ;
#379 = AXIS2_PLACEMENT_3D ( 'NONE', #3599, #3205, #2309 ) ;
#380 = DIRECTION ( 'NONE',  ( 1.000000000000000000, 0.000000000000000000, 0.000000000000000000 ) ) ;
#381 = LINE ( 'NONE', #2860, #315 ) ;
#382 = ADVANCED_FACE ( 'NONE', ( #3630 ), #2034, .F. ) ;
#383 = AXIS2_PLACEMENT_3D ( 'NONE', #3744, #386, #3168 ) ;
#384 = VERTEX_POINT ( 'NONE', #2665 ) ;
#385 = ORIENTED_EDGE ( 'NONE', *, *, #2628, .F. ) ;
#386 = DIRECTION ( 'NONE',  ( -0.000000000000000000, 0.000000000000000000, 1.000000000000000000 ) ) ;
#387 = LINE ( 'NONE', #1921, #1805 ) ;
#388 = VECTOR ( 'NONE', #2271, 1000.000000000000000 ) ;
#389 = FACE_OUTER_BOUND ( 'NONE', #3587, .T. ) ;
#390 = VECTOR ( 'NONE', #410, 1000.000000000000000 ) ;
#391 = VERTEX_POINT ( 'NONE', #1721 ) ;
#392 = DIRECTION ( 'NONE',  ( -0.000000000000000000, 1.000000000000000000, 0.000000000000000000 ) ) ;
#393 = ORIENTED_EDGE ( 'NONE', *, *, #1528, .F. ) ;
#394 = LINE ( 'NONE', #3200, #2938 ) ;
#395 = ORIENTED_EDGE ( 'NONE', *, *, #203, .T. ) ;
#396 = EDGE_CURVE ( 'NONE', #228, #1154, #3920, .T. ) ;
#397 = DIRECTION ( 'NONE',  ( 1.000000000000000000, -9.912705577010326782E-17, -0.000000000000000000 ) ) ;
#398 = DIRECTION ( 'NONE',  ( -0.000000000000000000, -0.000000000000000000, 1.000000000000000000 ) ) ;
#399 = EDGE_CURVE ( 'NONE', #733, #2141, #169, .T. ) ;
#400 = ORIENTED_EDGE ( 'NONE', *, *, #1909, .F. ) ;
#401 = DIRECTION ( 'NONE',  ( 0.000000000000000000, 0.000000000000000000, 1.000000000000000000 ) ) ;
#402 = DIRECTION ( 'NONE',  ( -1.000000000000000000, -1.668003342285391058E-16, -0.000000000000000000 ) ) ;
#403 = VERTEX_POINT ( 'NONE', #1114 ) ;
#404 = EDGE_CURVE ( 'NONE', #2168, #3068, #827, .T. ) ;
#405 = EDGE_LOOP ( 'NONE', ( #3298, #1273, #366, #3220 ) ) ;
#406 = LINE ( 'NONE', #1315, #438 ) ;
#407 = FACE_OUTER_BOUND ( 'NONE', #1678, .T. ) ;
#408 = VERTEX_POINT ( 'NONE', #2110 ) ;
#409 = DIRECTION ( 'NONE',  ( -1.000000000000000000, 0.000000000000000000, 0.000000000000000000 ) ) ;
#410 = DIRECTION ( 'NONE',  ( 0.000000000000000000, 0.000000000000000000, -1.000000000000000000 ) ) ;
#411 = ORIENTED_EDGE ( 'NONE', *, *, #731, .T. ) ;
#412 = DIRECTION ( 'NONE',  ( 0.000000000000000000, -1.000000000000000000, 0.000000000000000000 ) ) ;
#413 = ORIENTED_EDGE ( 'NONE', *, *, #3005, .F. ) ;
#414 = DIRECTION ( 'NONE',  ( 0.000000000000000000, 0.000000000000000000, 1.000000000000000000 ) ) ;
#415 = DIRECTION ( 'NONE',  ( 0.000000000000000000, 0.000000000000000000, -1.000000000000000000 ) ) ;
#416 = ADVANCED_FACE ( 'NONE', ( #3957 ), #1779, .T. ) ;
#417 = VERTEX_POINT ( 'NONE', #1795 ) ;
#418 = DIRECTION ( 'NONE',  ( -0.000000000000000000, -0.000000000000000000, -1.000000000000000000 ) ) ;
#419 = LINE ( 'NONE', #3933, #1753 ) ;
#420 = ADVANCED_FACE ( 'NONE', ( #1130 ), #3028, .F. ) ;
#421 = ORIENTED_EDGE ( 'NONE', *, *, #3321, .T. ) ;
#422 = ORIENTED_EDGE ( 'NONE', *, *, #1173, .T. ) ;
#423 = CARTESIAN_POINT ( 'NONE',  ( -65.39999999999997726, -43.59999999999997300, 89.00000000000000000 ) ) ;
#424 = DIRECTION ( 'NONE',  ( -0.000000000000000000, 0.000000000000000000, 1.000000000000000000 ) ) ;
#425 = DIRECTION ( 'NONE',  ( 0.000000000000000000, -0.000000000000000000, 1.000000000000000000 ) ) ;
#426 = EDGE_CURVE ( 'NONE', #286, #3580, #1762, .T. ) ;
#427 = ORIENTED_EDGE ( 'NONE', *, *, #1543, .T. ) ;
#428 = CARTESIAN_POINT ( 'NONE',  ( -5.000000000000014211, 56.00000000000000711, 40.00000000000000000 ) ) ;
#429 = CARTESIAN_POINT ( 'NONE',  ( -8.000000000000017764, 53.99999999999998579, 0.000000000000000000 ) ) ;
#430 = ORIENTED_EDGE ( 'NONE', *, *, #814, .T. ) ;
#431 = DIRECTION ( 'NONE',  ( 0.000000000000000000, -0.000000000000000000, 1.000000000000000000 ) ) ;
#432 = VECTOR ( 'NONE', #2624, 1000.000000000000000 ) ;
#433 = VERTEX_POINT ( 'NONE', #2435 ) ;
#434 = FACE_OUTER_BOUND ( 'NONE', #4039, .T. ) ;
#435 = VECTOR ( 'NONE', #4018, 1000.000000000000000 ) ;
#436 = VERTEX_POINT ( 'NONE', #3668 ) ;
#437 = DIRECTION ( 'NONE',  ( -1.000000000000000000, 0.000000000000000000, 0.000000000000000000 ) ) ;
#438 = VECTOR ( 'NONE', #2621, 1000.000000000000000 ) ;
#439 = CARTESIAN_POINT ( 'NONE',  ( -72.00000000000004263, -53.99999999999998579, 0.000000000000000000 ) ) ;
#440 = LINE ( 'NONE', #1101, #2140 ) ;
#441 = VECTOR ( 'NONE', #397, 1000.000000000000000 ) ;
#442 = CARTESIAN_POINT ( 'NONE',  ( -50.39999999999997016, 33.59999999999995168, 0.000000000000000000 ) ) ;
#443 = AXIS2_PLACEMENT_3D ( 'NONE', #763, #3627, #425 ) ;
#444 = ORIENTED_EDGE ( 'NONE', *, *, #1324, .F. ) ;
#445 = ORIENTED_EDGE ( 'NONE', *, *, #2674, .F. ) ;
#446 = DIRECTION ( 'NONE',  ( 0.000000000000000000, 0.000000000000000000, -1.000000000000000000 ) ) ;
#447 = CARTESIAN_POINT ( 'NONE',  ( -65.39999999999997726, -43.59999999999997300, 51.00000000000000711 ) ) ;
#448 = EDGE_CURVE ( 'NONE', #922, #813, #3356, .T. ) ;
#449 = DIRECTION ( 'NONE',  ( 0.000000000000000000, -1.000000000000000000, 0.000000000000000000 ) ) ;
#450 = AXIS2_PLACEMENT_3D ( 'NONE', #3389, #3330, #4010 ) ;
#451 = VERTEX_POINT ( 'NONE', #3942 ) ;
#452 = VECTOR ( 'NONE', #2606, 1000.000000000000000 ) ;
#453 = CYLINDRICAL_SURFACE ( 'NONE', #3508, 4.999999999999995559 ) ;
#454 = CARTESIAN_POINT ( 'NONE',  ( -29.79444872453598236, -46.59999999999997300, 89.00000000000000000 ) ) ;
#455 = EDGE_CURVE ( 'NONE', #2037, #286, #552, .T. ) ;
#456 = ORIENTED_EDGE ( 'NONE', *, *, #3725, .F. ) ;
#457 = DIRECTION ( 'NONE',  ( 1.000000000000000000, -9.912705577010326782E-17, -0.000000000000000000 ) ) ;
#458 = VECTOR ( 'NONE', #3212, 1000.000000000000000 ) ;
#459 = ORIENTED_EDGE ( 'NONE', *, *, #2982, .F. ) ;
#460 = CARTESIAN_POINT ( 'NONE',  ( -75.00000000000004263, 56.99999999999997158, 5.000000000000000000 ) ) ;
#461 = ADVANCED_FACE ( 'NONE', ( #3282 ), #811, .F. ) ;
#462 = AXIS2_PLACEMENT_3D ( 'NONE', #1537, #1823, #538 ) ;
#463 = ORIENTED_EDGE ( 'NONE', *, *, #2580, .T. ) ;
#464 = DIRECTION ( 'NONE',  ( 1.000000000000000000, 0.000000000000000000, 0.000000000000000000 ) ) ;
#465 = CARTESIAN_POINT ( 'NONE',  ( -5.000000000000030198, -51.50000000000000711, 85.00000000000000000 ) ) ;
#466 = DIRECTION ( 'NONE',  ( -0.000000000000000000, -0.000000000000000000, 1.000000000000000000 ) ) ;
#467 = CARTESIAN_POINT ( 'NONE',  ( -5.000000000000004441, 56.99999999999997868, 5.000000000000000000 ) ) ;
#468 = VERTEX_POINT ( 'NONE', #1166 ) ;
#469 = VERTEX_POINT ( 'NONE', #1187 ) ;
#470 = LINE ( 'NONE', #1670, #388 ) ;
#471 = FACE_OUTER_BOUND ( 'NONE', #774, .T. ) ;
#472 = DIRECTION ( 'NONE',  ( 1.577021341797096821E-15, -1.000000000000000000, 0.000000000000000000 ) ) ;
#473 = EDGE_CURVE ( 'NONE', #3923, #2975, #2743, .T. ) ;
#474 = VERTEX_POINT ( 'NONE', #3013 ) ;
#475 = CARTESIAN_POINT ( 'NONE',  ( -65.39999999999999147, 46.60000000000000142, 91.00000000000000000 ) ) ;
#476 = DIRECTION ( 'NONE',  ( -0.000000000000000000, -0.000000000000000000, -1.000000000000000000 ) ) ;
#477 = ORIENTED_EDGE ( 'NONE', *, *, #2384, .F. ) ;
#478 = EDGE_CURVE ( 'NONE', #2786, #2126, #3999, .T. ) ;
#479 = ORIENTED_EDGE ( 'NONE', *, *, #3730, .T. ) ;
#480 = CARTESIAN_POINT ( 'NONE',  ( -33.39999999999998437, -43.59999999999997300, 91.00000000000000000 ) ) ;
#481 = ORIENTED_EDGE ( 'NONE', *, *, #3614, .T. ) ;
#482 = DIRECTION ( 'NONE',  ( -0.000000000000000000, -0.000000000000000000, -1.000000000000000000 ) ) ;
#483 = EDGE_CURVE ( 'NONE', #2810, #2567, #2050, .T. ) ;
#484 = LINE ( 'NONE', #1408, #2195 ) ;
#485 = CARTESIAN_POINT ( 'NONE',  ( -5.000000000000003553, 56.00000000000000711, 5.000000000000000000 ) ) ;
#486 = CARTESIAN_POINT ( 'NONE',  ( -72.00000000000005684, 53.99999999999997158, 0.000000000000000000 ) ) ;
#487 = ORIENTED_EDGE ( 'NONE', *, *, #3824, .F. ) ;
#488 = CARTESIAN_POINT ( 'NONE',  ( -65.39999999999997726, 51.00000000000000000, 11.00000000000000000 ) ) ;
#489 = DIRECTION ( 'NONE',  ( 1.000000000000000000, 0.000000000000000000, 0.000000000000000000 ) ) ;
#490 = ORIENTED_EDGE ( 'NONE', *, *, #1724, .F. ) ;
#491 = DIRECTION ( 'NONE',  ( -0.000000000000000000, -0.000000000000000000, -1.000000000000000000 ) ) ;
#492 = LINE ( 'NONE', #3317, #2357 ) ;
#493 = ORIENTED_EDGE ( 'NONE', *, *, #788, .F. ) ;
#494 = EDGE_CURVE ( 'NONE', #8, #1989, #303, .T. ) ;
#495 = ORIENTED_EDGE ( 'NONE', *, *, #3501, .T. ) ;
#496 = DIRECTION ( 'NONE',  ( -1.000000000000000000, -1.213093339843922584E-16, 0.000000000000000000 ) ) ;
#497 = VERTEX_POINT ( 'NONE', #1205 ) ;
#498 = ADVANCED_FACE ( 'NONE', ( #614 ), #2170, .F. ) ;
#499 = CARTESIAN_POINT ( 'NONE',  ( -50.39999999999997016, 33.59999999999995168, 0.000000000000000000 ) ) ;
#500 = VECTOR ( 'NONE', #846, 1000.000000000000000 ) ;
#501 = CARTESIAN_POINT ( 'NONE',  ( -20.00000000000000000, 28.59999999999995524, 45.00000000000000000 ) ) ;
#502 = DIRECTION ( 'NONE',  ( 1.000000000000000000, -9.912705577010326782E-17, -0.000000000000000000 ) ) ;
#503 = ADVANCED_FACE ( 'NONE', ( #3745 ), #659, .F. ) ;
#504 = CARTESIAN_POINT ( 'NONE',  ( -73.50000000000004263, -53.99999999999998579, 5.000000000000000000 ) ) ;
#505 = AXIS2_PLACEMENT_3D ( 'NONE', #3231, #424, #1671 ) ;
#506 = ORIENTED_EDGE ( 'NONE', *, *, #781, .T. ) ;
#507 = PLANE ( 'NONE',  #3598 ) ;
#508 = CIRCLE ( 'NONE', #51, 4.999999999999997335 ) ;
#509 = DIRECTION ( 'NONE',  ( 0.000000000000000000, -0.000000000000000000, -1.000000000000000000 ) ) ;
#510 = EDGE_CURVE ( 'NONE', #2376, #82, #1902, .T. ) ;
#511 = DIRECTION ( 'NONE',  ( -1.000000000000000000, -8.673617379884034239E-17, -0.000000000000000000 ) ) ;
#512 = CIRCLE ( 'NONE', #2793, 1.499999999999999556 ) ;
#513 = VERTEX_POINT ( 'NONE', #2779 ) ;
#514 = CARTESIAN_POINT ( 'NONE',  ( -42.00000000000004974, 51.00000000000000711, 51.00000000000000711 ) ) ;
#515 = DIRECTION ( 'NONE',  ( -1.000000000000000000, 1.156482317317867781E-15, -0.000000000000000000 ) ) ;
#516 = AXIS2_PLACEMENT_3D ( 'NONE', #2544, #2785, #3734 ) ;
#517 = ORIENTED_EDGE ( 'NONE', *, *, #1555, .T. ) ;
#518 = CARTESIAN_POINT ( 'NONE',  ( -55.39999999999997016, 28.59999999999995524, 0.000000000000000000 ) ) ;
#519 = ORIENTED_EDGE ( 'NONE', *, *, #1998, .F. ) ;
#520 = CIRCLE ( 'NONE', #2804, 4.999999999999993783 ) ;
#521 = LINE ( 'NONE', #872, #3459 ) ;
#522 = EDGE_CURVE ( 'NONE', #3941, #1899, #2800, .T. ) ;
#523 = VECTOR ( 'NONE', #1232, 1000.000000000000000 ) ;
#524 = ORIENTED_EDGE ( 'NONE', *, *, #1401, .T. ) ;
#525 = CARTESIAN_POINT ( 'NONE',  ( -11.00000000000000178, -50.99999999999998579, 0.000000000000000000 ) ) ;
#526 = CARTESIAN_POINT ( 'NONE',  ( -5.000000000000004441, 56.99999999999997868, 5.000000000000000000 ) ) ;
#527 = AXIS2_PLACEMENT_3D ( 'NONE', #3399, #4037, #3110 ) ;
#528 = EDGE_CURVE ( 'NONE', #537, #190, #1291, .T. ) ;
#529 = VERTEX_POINT ( 'NONE', #596 ) ;
#530 = DIRECTION ( 'NONE',  ( -0.000000000000000000, -0.000000000000000000, -1.000000000000000000 ) ) ;
#531 = CARTESIAN_POINT ( 'NONE',  ( 0.000000000000000000, 0.000000000000000000, 51.00000000000000711 ) ) ;
#532 = CARTESIAN_POINT ( 'NONE',  ( -8.000000000000003553, -53.99999999999998579, 0.000000000000000000 ) ) ;
#533 = EDGE_CURVE ( 'NONE', #1986, #497, #23, .T. ) ;
#534 = ORIENTED_EDGE ( 'NONE', *, *, #3376, .T. ) ;
#535 = DIRECTION ( 'NONE',  ( -0.000000000000000000, -0.000000000000000000, -1.000000000000000000 ) ) ;
#536 = CARTESIAN_POINT ( 'NONE',  ( -33.39999999999997726, -46.59999999999998010, 49.00000000000000000 ) ) ;
#537 = VERTEX_POINT ( 'NONE', #1269 ) ;
#538 = DIRECTION ( 'NONE',  ( 1.000000000000000000, 8.673617379884034239E-17, 0.000000000000000000 ) ) ;
#539 = ORIENTED_EDGE ( 'NONE', *, *, #2029, .T. ) ;
#540 = DIRECTION ( 'NONE',  ( -0.000000000000000000, 0.000000000000000000, -1.000000000000000000 ) ) ;
#541 = ORIENTED_EDGE ( 'NONE', *, *, #3787, .F. ) ;
#542 = DIRECTION ( 'NONE',  ( -1.000000000000000000, -1.213093339843922584E-16, 0.000000000000000000 ) ) ;
#543 = CARTESIAN_POINT ( 'NONE',  ( -5.000000000000014211, 51.50000000000000711, 11.00000000000000000 ) ) ;
#544 = DIRECTION ( 'NONE',  ( -1.000000000000000000, 0.000000000000000000, 0.000000000000000000 ) ) ;
#545 = EDGE_CURVE ( 'NONE', #3883, #1165, #3728, .T. ) ;
#546 = ORIENTED_EDGE ( 'NONE', *, *, #173, .F. ) ;
#547 = CARTESIAN_POINT ( 'NONE',  ( -52.00000000000004974, 43.59999999999995879, 51.00000000000000711 ) ) ;
#548 = DIRECTION ( 'NONE',  ( 0.000000000000000000, 0.000000000000000000, 1.000000000000000000 ) ) ;
#549 = PLANE ( 'NONE',  #713 ) ;
#550 = ADVANCED_FACE ( 'NONE', ( #326 ), #1516, .F. ) ;
#551 = ORIENTED_EDGE ( 'NONE', *, *, #163, .T. ) ;
#552 = LINE ( 'NONE', #2068, #2070 ) ;
#553 = DIRECTION ( 'NONE',  ( 1.000000000000000000, 0.000000000000000000, 0.000000000000000000 ) ) ;
#554 = EDGE_CURVE ( 'NONE', #1133, #2246, #2821, .T. ) ;
#555 = EDGE_LOOP ( 'NONE', ( #3410, #3148, #1345, #459 ) ) ;
#556 = PLANE ( 'NONE',  #2157 ) ;
#557 = ORIENTED_EDGE ( 'NONE', *, *, #2181, .T. ) ;
#558 = DIRECTION ( 'NONE',  ( 0.000000000000000000, 0.000000000000000000, -1.000000000000000000 ) ) ;
#559 = ORIENTED_EDGE ( 'NONE', *, *, #1277, .F. ) ;
#560 = LINE ( 'NONE', #874, #561 ) ;
#561 = VECTOR ( 'NONE', #2485, 1000.000000000000000 ) ;
#562 = CARTESIAN_POINT ( 'NONE',  ( -75.00000000000004263, 56.99999999999997158, 0.000000000000000000 ) ) ;
#563 = CARTESIAN_POINT ( 'NONE',  ( -70.50000000000004263, 53.99999999999997158, 0.000000000000000000 ) ) ;
#564 = AXIS2_PLACEMENT_3D ( 'NONE', #1226, #1553, #2512 ) ;
#565 = ORIENTED_EDGE ( 'NONE', *, *, #2255, .T. ) ;
#566 = PLANE ( 'NONE',  #1697 ) ;
#567 = LINE ( 'NONE', #957, #2338 ) ;
#568 = AXIS2_PLACEMENT_3D ( 'NONE', #37, #2266, #3513 ) ;
#569 = LINE ( 'NONE', #3683, #3516 ) ;
#570 = VECTOR ( 'NONE', #3329, 1000.000000000000000 ) ;
#571 = EDGE_CURVE ( 'NONE', #3477, #2653, #2213, .T. ) ;
#572 = VERTEX_POINT ( 'NONE', #1839 ) ;
#573 = DIRECTION ( 'NONE',  ( -8.673617379884034239E-17, 1.000000000000000000, 0.000000000000000000 ) ) ;
#574 = CARTESIAN_POINT ( 'NONE',  ( -65.39999999999999147, 46.60000000000000142, 51.00000000000000711 ) ) ;
#575 = VECTOR ( 'NONE', #1548, 1000.000000000000000 ) ;
#576 = EDGE_CURVE ( 'NONE', #2112, #2610, #1251, .T. ) ;
#577 = ORIENTED_EDGE ( 'NONE', *, *, #2053, .T. ) ;
#578 = AXIS2_PLACEMENT_3D ( 'NONE', #3147, #19, #1916 ) ;
#579 = CARTESIAN_POINT ( 'NONE',  ( -11.00000000000000178, -50.99999999999998579, 0.000000000000000000 ) ) ;
#580 = ORIENTED_EDGE ( 'NONE', *, *, #3176, .F. ) ;
#581 = DIRECTION ( 'NONE',  ( 1.000000000000000000, 0.000000000000000000, 0.000000000000000000 ) ) ;
#582 = VECTOR ( 'NONE', #1887, 1000.000000000000000 ) ;
#583 = ADVANCED_FACE ( 'NONE', ( #3433 ), #3151, .F. ) ;
#584 = VERTEX_POINT ( 'NONE', #267 ) ;
#585 = CARTESIAN_POINT ( 'NONE',  ( -8.000000000000017764, 53.99999999999998579, 0.000000000000000000 ) ) ;
#586 = AXIS2_PLACEMENT_3D ( 'NONE', #205, #2681, #1512 ) ;
#587 = DIRECTION ( 'NONE',  ( 0.000000000000000000, -1.000000000000000000, 0.000000000000000000 ) ) ;
#588 = FACE_OUTER_BOUND ( 'NONE', #3017, .T. ) ;
#589 = CIRCLE ( 'NONE', #2944, 4.999999999999997335 ) ;
#590 = ORIENTED_EDGE ( 'NONE', *, *, #607, .T. ) ;
#591 = DIRECTION ( 'NONE',  ( -1.000000000000000000, 0.000000000000000000, 0.000000000000000000 ) ) ;
#592 = CARTESIAN_POINT ( 'NONE',  ( 0.000000000000000000, 33.59999999999995168, 85.00000000000000000 ) ) ;
#593 = VECTOR ( 'NONE', #868, 1000.000000000000000 ) ;
#594 = LINE ( 'NONE', #2739, #575 ) ;
#595 = ORIENTED_EDGE ( 'NONE', *, *, #2950, .T. ) ;
#596 = CARTESIAN_POINT ( 'NONE',  ( -75.00000000000004263, -56.99999999999997158, 0.000000000000000000 ) ) ;
#597 = PLANE ( 'NONE',  #3604 ) ;
#598 = ADVANCED_FACE ( 'NONE', ( #3703 ), #345, .F. ) ;
#599 = ORIENTED_EDGE ( 'NONE', *, *, #2375, .T. ) ;
#600 = CARTESIAN_POINT ( 'NONE',  ( 0.000000000000000000, 33.59999999999995168, 45.00000000000000000 ) ) ;
#601 = EDGE_LOOP ( 'NONE', ( #2730, #3116, #3302, #1405, #3359, #2220 ) ) ;
#602 = DIRECTION ( 'NONE',  ( 0.000000000000000000, -0.000000000000000000, 1.000000000000000000 ) ) ;
#603 = EDGE_CURVE ( 'NONE', #433, #3566, #2149, .T. ) ;
#604 = ORIENTED_EDGE ( 'NONE', *, *, #1849, .F. ) ;
#605 = CARTESIAN_POINT ( 'NONE',  ( -69.00000000000002842, 50.99999999999997868, 5.000000000000000000 ) ) ;
#606 = CARTESIAN_POINT ( 'NONE',  ( -6.500000000000015987, 53.99999999999998579, 0.000000000000000000 ) ) ;
#607 = EDGE_CURVE ( 'NONE', #46, #839, #3398, .T. ) ;
#608 = ORIENTED_EDGE ( 'NONE', *, *, #1388, .F. ) ;
#609 = DIRECTION ( 'NONE',  ( -0.000000000000000000, -0.000000000000000000, 1.000000000000000000 ) ) ;
#610 = CARTESIAN_POINT ( 'NONE',  ( -5.000000000000014211, 51.50000000000000711, 45.00000000000000000 ) ) ;
#611 = DIRECTION ( 'NONE',  ( 1.224646799147353207E-16, -1.000000000000000000, 0.000000000000000000 ) ) ;
#612 = VERTEX_POINT ( 'NONE', #2923 ) ;
#613 = DIRECTION ( 'NONE',  ( 0.000000000000000000, 0.000000000000000000, -1.000000000000000000 ) ) ;
#614 = FACE_OUTER_BOUND ( 'NONE', #1590, .T. ) ;
#615 = CARTESIAN_POINT ( 'NONE',  ( -72.00000000000005684, 53.99999999999997158, 0.000000000000000000 ) ) ;
#616 = VERTEX_POINT ( 'NONE', #3542 ) ;
#617 = LINE ( 'NONE', #3093, #138 ) ;
#618 = VERTEX_POINT ( 'NONE', #1024 ) ;
#619 = PLANE ( 'NONE',  #60 ) ;
#620 = VERTEX_POINT ( 'NONE', #744 ) ;
#621 = EDGE_CURVE ( 'NONE', #2619, #2409, #406, .T. ) ;
#622 = CARTESIAN_POINT ( 'NONE',  ( -75.00000000000000000, -50.99999999999998579, 51.00000000000000711 ) ) ;
#623 = CARTESIAN_POINT ( 'NONE',  ( -50.39999999999996305, -28.59999999999996945, 0.000000000000000000 ) ) ;
#624 = EDGE_CURVE ( 'NONE', #1913, #3315, #1942, .T. ) ;
#625 = VERTEX_POINT ( 'NONE', #762 ) ;
#626 = DIRECTION ( 'NONE',  ( -0.000000000000000000, -0.000000000000000000, 1.000000000000000000 ) ) ;
#627 = DIRECTION ( 'NONE',  ( 2.312964634635746211E-15, 1.000000000000000000, 0.000000000000000000 ) ) ;
#628 = DIRECTION ( 'NONE',  ( -1.000000000000000000, -0.000000000000000000, -0.000000000000000000 ) ) ;
#629 = ORIENTED_EDGE ( 'NONE', *, *, #654, .F. ) ;
#630 = FACE_OUTER_BOUND ( 'NONE', #2094, .T. ) ;
#631 = VECTOR ( 'NONE', #130, 1000.000000000000000 ) ;
#632 = DIRECTION ( 'NONE',  ( 0.000000000000000000, 1.000000000000000000, 0.000000000000000000 ) ) ;
#633 = PLANE ( 'NONE',  #3607 ) ;
#634 = DIRECTION ( 'NONE',  ( -1.577021341797096821E-15, -1.000000000000000000, 0.000000000000000000 ) ) ;
#635 = VECTOR ( 'NONE', #1002, 1000.000000000000000 ) ;
#636 = VERTEX_POINT ( 'NONE', #1653 ) ;
#637 = CARTESIAN_POINT ( 'NONE',  ( -33.39999999999997016, -50.99999999999998579, 91.00000000000000000 ) ) ;
#638 = VECTOR ( 'NONE', #2615, 1000.000000000000000 ) ;
#639 = ORIENTED_EDGE ( 'NONE', *, *, #1519, .T. ) ;
#640 = LINE ( 'NONE', #1581, #648 ) ;
#641 = VECTOR ( 'NONE', #102, 1000.000000000000000 ) ;
#642 = ORIENTED_EDGE ( 'NONE', *, *, #3171, .F. ) ;
#643 = DIRECTION ( 'NONE',  ( 1.000000000000000000, 0.000000000000000000, 0.000000000000000000 ) ) ;
#644 = DIRECTION ( 'NONE',  ( -0.000000000000000000, -1.000000000000000000, -0.000000000000000000 ) ) ;
#645 = AXIS2_PLACEMENT_3D ( 'NONE', #486, #1732, #181 ) ;
#646 = LINE ( 'NONE', #689, #1814 ) ;
#647 = EDGE_CURVE ( 'NONE', #384, #1855, #2578, .T. ) ;
#648 = VECTOR ( 'NONE', #2828, 1000.000000000000000 ) ;
#649 = VERTEX_POINT ( 'NONE', #2003 ) ;
#650 = DIRECTION ( 'NONE',  ( 0.000000000000000000, 0.000000000000000000, -1.000000000000000000 ) ) ;
#651 = PLANE ( 'NONE',  #1680 ) ;
#652 = LINE ( 'NONE', #3760, #2735 ) ;
#653 = VECTOR ( 'NONE', #3, 1000.000000000000000 ) ;
#654 = EDGE_CURVE ( 'NONE', #1165, #620, #3873, .T. ) ;
#655 = ORIENTED_EDGE ( 'NONE', *, *, #1909, .T. ) ;
#656 = ORIENTED_EDGE ( 'NONE', *, *, #603, .T. ) ;
#657 = DIRECTION ( 'NONE',  ( -0.000000000000000000, -0.000000000000000000, 1.000000000000000000 ) ) ;
#658 = AXIS2_PLACEMENT_3D ( 'NONE', #3704, #1167, #3647 ) ;
#659 = PLANE ( 'NONE',  #564 ) ;
#660 = CARTESIAN_POINT ( 'NONE',  ( -65.39999999999997726, -46.59999999999997300, 89.00000000000000000 ) ) ;
#661 = DIRECTION ( 'NONE',  ( -1.000000000000000000, 0.000000000000000000, -0.000000000000000000 ) ) ;
#662 = EDGE_CURVE ( 'NONE', #3281, #616, #1067, .T. ) ;
#663 = ORIENTED_EDGE ( 'NONE', *, *, #2777, .T. ) ;
#664 = DIRECTION ( 'NONE',  ( -1.000000000000000000, -1.224646799147353207E-16, 0.000000000000000000 ) ) ;
#665 = ORIENTED_EDGE ( 'NONE', *, *, #1800, .T. ) ;
#666 = FACE_OUTER_BOUND ( 'NONE', #405, .T. ) ;
#667 = VERTEX_POINT ( 'NONE', #2317 ) ;
#668 = CARTESIAN_POINT ( 'NONE',  ( -5.000000000000012434, 51.00000000000000711, 85.00000000000000000 ) ) ;
#669 = EDGE_LOOP ( 'NONE', ( #2850, #577, #2527, #760 ) ) ;
#670 = FACE_BOUND ( 'NONE', #3817, .T. ) ;
#671 = CARTESIAN_POINT ( 'NONE',  ( -33.39999999999998437, -43.59999999999997300, 51.00000000000000711 ) ) ;
#672 = EDGE_CURVE ( 'NONE', #1194, #3848, #1696, .T. ) ;
#673 = FACE_BOUND ( 'NONE', #2071, .T. ) ;
#674 = VERTEX_POINT ( 'NONE', #85 ) ;
#675 = ORIENTED_EDGE ( 'NONE', *, *, #576, .F. ) ;
#676 = DIRECTION ( 'NONE',  ( -1.489033026589534369E-16, 1.000000000000000000, -0.000000000000000000 ) ) ;
#677 = DIRECTION ( 'NONE',  ( -1.000000000000000000, -8.673617379884034239E-17, -0.000000000000000000 ) ) ;
#678 = CARTESIAN_POINT ( 'NONE',  ( -52.00000000000004974, 51.00000000000000711, 11.00000000000000000 ) ) ;
#679 = EDGE_CURVE ( 'NONE', #1889, #1629, #2948, .T. ) ;
#680 = DIRECTION ( 'NONE',  ( -0.000000000000000000, -0.000000000000000000, -1.000000000000000000 ) ) ;
#681 = ORIENTED_EDGE ( 'NONE', *, *, #3614, .F. ) ;
#682 = DIRECTION ( 'NONE',  ( -0.000000000000000000, -0.000000000000000000, 1.000000000000000000 ) ) ;
#683 = EDGE_CURVE ( 'NONE', #995, #1413, #3829, .T. ) ;
#684 = ORIENTED_EDGE ( 'NONE', *, *, #1144, .T. ) ;
#685 = DIRECTION ( 'NONE',  ( -0.000000000000000000, -1.000000000000000000, -0.000000000000000000 ) ) ;
#686 = ORIENTED_EDGE ( 'NONE', *, *, #2103, .T. ) ;
#687 = EDGE_CURVE ( 'NONE', #667, #3077, #1966, .T. ) ;
#688 = DIRECTION ( 'NONE',  ( 0.000000000000000000, 0.000000000000000000, 1.000000000000000000 ) ) ;
#689 = CARTESIAN_POINT ( 'NONE',  ( -60.00000000000000000, -50.99999999999998579, 183.0970416646374588 ) ) ;
#690 = ORIENTED_EDGE ( 'NONE', *, *, #53, .F. ) ;
#691 = DIRECTION ( 'NONE',  ( -1.000000000000000000, -2.891205793294679312E-16, 0.000000000000000000 ) ) ;
#692 = PLANE ( 'NONE',  #1221 ) ;
#693 = CARTESIAN_POINT ( 'NONE',  ( -33.39999999999997726, -46.59999999999997300, 49.00000000000000000 ) ) ;
#694 = EDGE_LOOP ( 'NONE', ( #1465, #2196, #2773, #3274 ) ) ;
#695 = ORIENTED_EDGE ( 'NONE', *, *, #1749, .F. ) ;
#696 = FACE_OUTER_BOUND ( 'NONE', #3900, .T. ) ;
#697 = LINE ( 'NONE', #723, #1612 ) ;
#698 = DIRECTION ( 'NONE',  ( -0.000000000000000000, -0.000000000000000000, -1.000000000000000000 ) ) ;
#699 = AXIS2_PLACEMENT_3D ( 'NONE', #585, #2117, #934 ) ;
#700 = CARTESIAN_POINT ( 'NONE',  ( -69.00000000000002842, -50.99999999999998579, 0.000000000000000000 ) ) ;
#701 = EDGE_CURVE ( 'NONE', #1765, #1556, #1332, .T. ) ;
#702 = AXIS2_PLACEMENT_3D ( 'NONE', #1525, #1830, #2162 ) ;
#703 = ORIENTED_EDGE ( 'NONE', *, *, #2584, .T. ) ;
#704 = CARTESIAN_POINT ( 'NONE',  ( -1.371604415045035710E-14, 56.00000000000000711, 40.00000000000000000 ) ) ;
#705 = ORIENTED_EDGE ( 'NONE', *, *, #1733, .T. ) ;
#706 = VECTOR ( 'NONE', #2572, 1000.000000000000000 ) ;
#707 = CARTESIAN_POINT ( 'NONE',  ( -50.39999999999997016, 33.59999999999995168, 0.000000000000000000 ) ) ;
#708 = EDGE_CURVE ( 'NONE', #1066, #1609, #697, .T. ) ;
#709 = VERTEX_POINT ( 'NONE', #101 ) ;
#710 = AXIS2_PLACEMENT_3D ( 'NONE', #3840, #3469, #2264 ) ;
#711 = DIRECTION ( 'NONE',  ( 1.000000000000000000, -9.912705577010326782E-17, -0.000000000000000000 ) ) ;
#712 = LINE ( 'NONE', #1663, #3922 ) ;
#713 = AXIS2_PLACEMENT_3D ( 'NONE', #1793, #3041, #3997 ) ;
#714 = EDGE_CURVE ( 'NONE', #3323, #3050, #387, .T. ) ;
#715 = ORIENTED_EDGE ( 'NONE', *, *, #908, .F. ) ;
#716 = AXIS2_PLACEMENT_3D ( 'NONE', #2186, #3209, #2207 ) ;
#717 = LINE ( 'NONE', #2248, #3511 ) ;
#718 = LINE ( 'NONE', #1666, #906 ) ;
#719 = VECTOR ( 'NONE', #1257, 1000.000000000000000 ) ;
#720 = VERTEX_POINT ( 'NONE', #1373 ) ;
#721 = ORIENTED_EDGE ( 'NONE', *, *, #1505, .T. ) ;
#722 = DIRECTION ( 'NONE',  ( 8.673617379884034239E-17, -1.000000000000000000, 0.000000000000000000 ) ) ;
#723 = CARTESIAN_POINT ( 'NONE',  ( -5.000000000000000000, -55.99999999999999289, 40.00000000000000000 ) ) ;
#724 = AXIS2_PLACEMENT_3D ( 'NONE', #2247, #3163, #356 ) ;
#725 = LINE ( 'NONE', #346, #3055 ) ;
#726 = AXIS2_PLACEMENT_3D ( 'NONE', #3463, #3768, #1970 ) ;
#727 = ORIENTED_EDGE ( 'NONE', *, *, #1148, .T. ) ;
#728 = LINE ( 'NONE', #1279, #631 ) ;
#729 = FACE_OUTER_BOUND ( 'NONE', #1212, .T. ) ;
#730 = ORIENTED_EDGE ( 'NONE', *, *, #6, .T. ) ;
#731 = EDGE_CURVE ( 'NONE', #616, #3640, #64, .T. ) ;
#732 = DIRECTION ( 'NONE',  ( 0.000000000000000000, -0.000000000000000000, -1.000000000000000000 ) ) ;
#733 = VERTEX_POINT ( 'NONE', #2562 ) ;
#734 = DIRECTION ( 'NONE',  ( -1.000000000000000000, 0.000000000000000000, 0.000000000000000000 ) ) ;
#735 = EDGE_CURVE ( 'NONE', #3557, #3323, #2254, .T. ) ;
#736 = FACE_OUTER_BOUND ( 'NONE', #2285, .T. ) ;
#737 = ORIENTED_EDGE ( 'NONE', *, *, #154, .T. ) ;
#738 = DIRECTION ( 'NONE',  ( 1.224646799147353207E-16, -1.000000000000000000, 0.000000000000000000 ) ) ;
#739 = EDGE_CURVE ( 'NONE', #625, #1889, #2887, .T. ) ;
#740 = DIRECTION ( 'NONE',  ( -3.048009811211187487E-15, 1.000000000000000000, 0.000000000000000000 ) ) ;
#741 = ORIENTED_EDGE ( 'NONE', *, *, #1135, .T. ) ;
#742 = VERTEX_POINT ( 'NONE', #2597 ) ;
#743 = PLANE ( 'NONE',  #3992 ) ;
#744 = CARTESIAN_POINT ( 'NONE',  ( -5.000000000000003553, 56.00000000000000711, 0.000000000000000000 ) ) ;
#745 = FACE_OUTER_BOUND ( 'NONE', #3870, .T. ) ;
#746 = ORIENTED_EDGE ( 'NONE', *, *, #2648, .F. ) ;
#747 = CARTESIAN_POINT ( 'NONE',  ( -55.39999999999997016, -6.720537102735326942E-15, 5.000000000000000000 ) ) ;
#748 = CARTESIAN_POINT ( 'NONE',  ( -33.40000000000012648, 43.59999999999995879, 11.00000000000001066 ) ) ;
#749 = EDGE_LOOP ( 'NONE', ( #599, #2712, #2083, #11 ) ) ;
#750 = CARTESIAN_POINT ( 'NONE',  ( -60.00000000000005684, -43.59999999999997300, 11.00000000000000000 ) ) ;
#751 = ORIENTED_EDGE ( 'NONE', *, *, #1079, .T. ) ;
#752 = ORIENTED_EDGE ( 'NONE', *, *, #533, .T. ) ;
#753 = CARTESIAN_POINT ( 'NONE',  ( -5.000000000000000000, -50.99999999999999289, 85.00000000000000000 ) ) ;
#754 = ADVANCED_FACE ( 'NONE', ( #3851 ), #1048, .T. ) ;
#755 = VERTEX_POINT ( 'NONE', #2336 ) ;
#756 = DIRECTION ( 'NONE',  ( -1.000000000000000000, 1.577021341797096821E-15, 0.000000000000000000 ) ) ;
#757 = CARTESIAN_POINT ( 'NONE',  ( -20.00000000000000000, 28.59999999999995524, 0.000000000000000000 ) ) ;
#758 = ADVANCED_FACE ( 'NONE', ( #2714 ), #3008, .F. ) ;
#759 = EDGE_LOOP ( 'NONE', ( #1877, #2154, #1580, #1346 ) ) ;
#760 = ORIENTED_EDGE ( 'NONE', *, *, #2848, .F. ) ;
#761 = DIRECTION ( 'NONE',  ( 0.000000000000000000, -1.000000000000000000, 0.000000000000000000 ) ) ;
#762 = CARTESIAN_POINT ( 'NONE',  ( -55.39999999999996305, -28.59999999999996945, 80.00000000000000000 ) ) ;
#763 = CARTESIAN_POINT ( 'NONE',  ( -5.000000000000014211, 51.50000000000000711, 51.00000000000000711 ) ) ;
#764 = VERTEX_POINT ( 'NONE', #3293 ) ;
#765 = AXIS2_PLACEMENT_3D ( 'NONE', #2042, #3001, #3949 ) ;
#766 = LINE ( 'NONE', #2644, #960 ) ;
#767 = CARTESIAN_POINT ( 'NONE',  ( 0.000000000000000000, -55.99999999999999289, 5.000000000000000000 ) ) ;
#768 = VERTEX_POINT ( 'NONE', #2373 ) ;
#769 = FACE_OUTER_BOUND ( 'NONE', #3652, .T. ) ;
#770 = VECTOR ( 'NONE', #2189, 1000.000000000000000 ) ;
#771 = VERTEX_POINT ( 'NONE', #2411 ) ;
#772 = CARTESIAN_POINT ( 'NONE',  ( -19.99999999999999289, -33.59999999999996589, 45.00000000000000000 ) ) ;
#773 = AXIS2_PLACEMENT_3D ( 'NONE', #824, #3311, #509 ) ;
#774 = EDGE_LOOP ( 'NONE', ( #3139, #2565, #1864, #3579 ) ) ;
#775 = FACE_BOUND ( 'NONE', #3890, .T. ) ;
#776 = VECTOR ( 'NONE', #3221, 1000.000000000000000 ) ;
#777 = ORIENTED_EDGE ( 'NONE', *, *, #455, .F. ) ;
#778 = DIRECTION ( 'NONE',  ( -0.000000000000000000, -1.000000000000000000, -0.000000000000000000 ) ) ;
#779 = VECTOR ( 'NONE', #3521, 1000.000000000000000 ) ;
#780 = DIRECTION ( 'NONE',  ( -1.489033026589534369E-16, 1.000000000000000000, -0.000000000000000000 ) ) ;
#781 = EDGE_CURVE ( 'NONE', #2594, #3044, #166, .T. ) ;
#782 = VECTOR ( 'NONE', #2913, 1000.000000000000000 ) ;
#783 = ORIENTED_EDGE ( 'NONE', *, *, #3072, .F. ) ;
#784 = EDGE_LOOP ( 'NONE', ( #1483, #546, #1668, #534 ) ) ;
#785 = LINE ( 'NONE', #3250, #3069 ) ;
#786 = LINE ( 'NONE', #2389, #182 ) ;
#787 = CARTESIAN_POINT ( 'NONE',  ( -5.000000000000031974, -56.00000000000000711, 51.00000000000000711 ) ) ;
#788 = EDGE_CURVE ( 'NONE', #3441, #1822, #2968, .T. ) ;
#789 = AXIS2_PLACEMENT_3D ( 'NONE', #707, #109, #431 ) ;
#790 = ORIENTED_EDGE ( 'NONE', *, *, #1957, .F. ) ;
#791 = VECTOR ( 'NONE', #1359, 1000.000000000000000 ) ;
#792 = CARTESIAN_POINT ( 'NONE',  ( -15.00000000000000533, 28.59999999999995524, 80.00000000000000000 ) ) ;
#793 = CARTESIAN_POINT ( 'NONE',  ( -29.79444872453598236, 43.59999999999995879, 11.00000000000001066 ) ) ;
#794 = ORIENTED_EDGE ( 'NONE', *, *, #2652, .F. ) ;
#795 = EDGE_CURVE ( 'NONE', #1335, #3796, #2641, .T. ) ;
#796 = VECTOR ( 'NONE', #983, 1000.000000000000000 ) ;
#797 = ORIENTED_EDGE ( 'NONE', *, *, #4033, .F. ) ;
#798 = CARTESIAN_POINT ( 'NONE',  ( 0.000000000000000000, -33.59999999999996589, 45.00000000000000000 ) ) ;
#799 = VECTOR ( 'NONE', #1188, 1000.000000000000000 ) ;
#800 = VERTEX_POINT ( 'NONE', #3024 ) ;
#801 = CARTESIAN_POINT ( 'NONE',  ( 0.000000000000000000, 51.50000000000000711, 85.00000000000000000 ) ) ;
#802 = VECTOR ( 'NONE', #1206, 1000.000000000000000 ) ;
#803 = CARTESIAN_POINT ( 'NONE',  ( 0.000000000000000000, 51.50000000000000711, 51.00000000000000711 ) ) ;
#804 = CARTESIAN_POINT ( 'NONE',  ( -33.40000000000012648, 43.59999999999995879, 11.00000000000001066 ) ) ;
#805 = ADVANCED_FACE ( 'NONE', ( #1757 ), #206, .F. ) ;
#806 = ORIENTED_EDGE ( 'NONE', *, *, #2384, .T. ) ;
#807 = CARTESIAN_POINT ( 'NONE',  ( -73.50000000000005684, 53.99999999999997158, 5.000000000000000000 ) ) ;
#808 = FACE_OUTER_BOUND ( 'NONE', #2553, .T. ) ;
#809 = EDGE_CURVE ( 'NONE', #168, #2454, #3663, .T. ) ;
#810 = ORIENTED_EDGE ( 'NONE', *, *, #1217, .F. ) ;
#811 = PLANE ( 'NONE',  #2134 ) ;
#812 = CARTESIAN_POINT ( 'NONE',  ( -5.000000000000014211, 51.50000000000000711, 91.00000000000000000 ) ) ;
#813 = VERTEX_POINT ( 'NONE', #488 ) ;
#814 = EDGE_CURVE ( 'NONE', #2567, #245, #3642, .T. ) ;
#815 = VERTEX_POINT ( 'NONE', #187 ) ;
#816 = CARTESIAN_POINT ( 'NONE',  ( -33.39999999999997016, -50.99999999999998579, 91.00000000000000000 ) ) ;
#817 = ORIENTED_EDGE ( 'NONE', *, *, #3534, .F. ) ;
#818 = CARTESIAN_POINT ( 'NONE',  ( -55.39999999999996305, -28.59999999999996945, 5.000000000000000000 ) ) ;
#819 = CARTESIAN_POINT ( 'NONE',  ( -5.000000000000004441, -56.99999999999997868, 0.000000000000000000 ) ) ;
#820 = CARTESIAN_POINT ( 'NONE',  ( 0.000000000000000000, -55.99999999999999289, 80.00000000000000000 ) ) ;
#821 = PLANE ( 'NONE',  #450 ) ;
#822 = ORIENTED_EDGE ( 'NONE', *, *, #3712, .T. ) ;
#823 = DIRECTION ( 'NONE',  ( -0.000000000000000000, 0.000000000000000000, -1.000000000000000000 ) ) ;
#824 = CARTESIAN_POINT ( 'NONE',  ( -50.39999999999996305, -33.59999999999996589, 0.000000000000000000 ) ) ;
#825 = FACE_OUTER_BOUND ( 'NONE', #274, .T. ) ;
#826 = ORIENTED_EDGE ( 'NONE', *, *, #3884, .F. ) ;
#827 = LINE ( 'NONE', #2377, #2987 ) ;
#828 = CARTESIAN_POINT ( 'NONE',  ( -70.50000000000002842, -53.99999999999998579, 5.000000000000000000 ) ) ;
#829 = EDGE_CURVE ( 'NONE', #2112, #612, #842, .T. ) ;
#830 = ORIENTED_EDGE ( 'NONE', *, *, #1707, .F. ) ;
#831 = CARTESIAN_POINT ( 'NONE',  ( -5.000000000000000000, -55.99999999999999289, 85.00000000000000000 ) ) ;
#832 = ORIENTED_EDGE ( 'NONE', *, *, #1951, .F. ) ;
#833 = DIRECTION ( 'NONE',  ( 0.000000000000000000, 1.000000000000000000, 0.000000000000000000 ) ) ;
#834 = ADVANCED_FACE ( 'NONE', ( #3352 ), #3608, .F. ) ;
#835 = CIRCLE ( 'NONE', #3905, 1.500000000000001332 ) ;
#836 = DIRECTION ( 'NONE',  ( -1.000000000000000000, 0.000000000000000000, 0.000000000000000000 ) ) ;
#837 = EDGE_CURVE ( 'NONE', #2760, #572, #786, .T. ) ;
#838 = VECTOR ( 'NONE', #3626, 1000.000000000000000 ) ;
#839 = VERTEX_POINT ( 'NONE', #1395 ) ;
#840 = PLANE ( 'NONE',  #261 ) ;
#841 = VECTOR ( 'NONE', #79, 1000.000000000000000 ) ;
#842 = LINE ( 'NONE', #1142, #1484 ) ;
#843 = CARTESIAN_POINT ( 'NONE',  ( -50.39999999999996305, -28.59999999999996945, 45.00000000000000000 ) ) ;
#844 = VECTOR ( 'NONE', #1912, 1000.000000000000000 ) ;
#845 = ORIENTED_EDGE ( 'NONE', *, *, #3440, .F. ) ;
#846 = DIRECTION ( 'NONE',  ( -0.000000000000000000, -0.000000000000000000, -1.000000000000000000 ) ) ;
#847 = CARTESIAN_POINT ( 'NONE',  ( -19.99999999999999289, -33.59999999999996589, 5.000000000000000000 ) ) ;
#848 = CIRCLE ( 'NONE', #645, 1.500000000000001332 ) ;
#849 = VERTEX_POINT ( 'NONE', #1456 ) ;
#850 = EDGE_CURVE ( 'NONE', #888, #2609, #1873, .T. ) ;
#851 = CARTESIAN_POINT ( 'NONE',  ( -69.00000000000002842, 50.99999999999997868, 5.000000000000000000 ) ) ;
#852 = ORIENTED_EDGE ( 'NONE', *, *, #2754, .F. ) ;
#853 = AXIS2_PLACEMENT_3D ( 'NONE', #3882, #174, #1423 ) ;
#854 = DIRECTION ( 'NONE',  ( -1.000000000000000000, -0.000000000000000000, -0.000000000000000000 ) ) ;
#855 = ORIENTED_EDGE ( 'NONE', *, *, #1570, .T. ) ;
#856 = VECTOR ( 'NONE', #1780, 1000.000000000000000 ) ;
#857 = EDGE_CURVE ( 'NONE', #839, #2387, #3577, .T. ) ;
#858 = DIRECTION ( 'NONE',  ( 0.000000000000000000, 0.000000000000000000, -1.000000000000000000 ) ) ;
#859 = DIRECTION ( 'NONE',  ( 0.000000000000000000, 0.000000000000000000, 1.000000000000000000 ) ) ;
#860 = DIRECTION ( 'NONE',  ( 0.000000000000000000, 1.000000000000000000, 0.000000000000000000 ) ) ;
#861 = ADVANCED_FACE ( 'NONE', ( #471 ), #3335, .F. ) ;
#862 = ORIENTED_EDGE ( 'NONE', *, *, #3659, .T. ) ;
#863 = FACE_OUTER_BOUND ( 'NONE', #2932, .T. ) ;
#864 = DIRECTION ( 'NONE',  ( 1.000000000000000000, 0.000000000000000000, 0.000000000000000000 ) ) ;
#865 = CARTESIAN_POINT ( 'NONE',  ( -5.000000000000000000, -55.99999999999999289, 5.000000000000000000 ) ) ;
#866 = EDGE_LOOP ( 'NONE', ( #2008, #2014, #663, #2675 ) ) ;
#867 = LINE ( 'NONE', #1460, #2268 ) ;
#868 = DIRECTION ( 'NONE',  ( 1.577021341797096821E-15, -1.000000000000000000, 0.000000000000000000 ) ) ;
#869 = EDGE_LOOP ( 'NONE', ( #559, #3396, #2671, #1149 ) ) ;
#870 = DIRECTION ( 'NONE',  ( 1.000000000000000000, -0.000000000000000000, -0.000000000000000000 ) ) ;
#871 = ORIENTED_EDGE ( 'NONE', *, *, #1324, .T. ) ;
#872 = CARTESIAN_POINT ( 'NONE',  ( -19.99999999999999289, -33.59999999999996589, 0.000000000000000000 ) ) ;
#873 = EDGE_LOOP ( 'NONE', ( #3708, #730, #2000, #3624 ) ) ;
#874 = CARTESIAN_POINT ( 'NONE',  ( -5.000000000000014211, 56.00000000000000711, 85.00000000000000000 ) ) ;
#875 = DIRECTION ( 'NONE',  ( 1.000000000000000000, 0.000000000000000000, 0.000000000000000000 ) ) ;
#876 = CARTESIAN_POINT ( 'NONE',  ( 0.000000000000000000, 0.000000000000000000, 40.00000000000000000 ) ) ;
#877 = EDGE_CURVE ( 'NONE', #720, #168, #3893, .T. ) ;
#878 = EDGE_LOOP ( 'NONE', ( #3568, #794, #2736, #1664, #2893, #2626 ) ) ;
#879 = DIRECTION ( 'NONE',  ( -0.000000000000000000, -1.000000000000000000, -0.000000000000000000 ) ) ;
#880 = DIRECTION ( 'NONE',  ( 0.000000000000000000, 0.000000000000000000, 1.000000000000000000 ) ) ;
#881 = DIRECTION ( 'NONE',  ( -0.000000000000000000, -0.000000000000000000, -1.000000000000000000 ) ) ;
#882 = EDGE_CURVE ( 'NONE', #46, #1145, #1718, .T. ) ;
#883 = ORIENTED_EDGE ( 'NONE', *, *, #2633, .F. ) ;
#884 = CARTESIAN_POINT ( 'NONE',  ( -20.00000000000000000, 28.59999999999995524, 0.000000000000000000 ) ) ;
#885 = LINE ( 'NONE', #902, #1246 ) ;
#886 = ORIENTED_EDGE ( 'NONE', *, *, #1505, .F. ) ;
#887 = DIRECTION ( 'NONE',  ( -0.000000000000000000, -0.000000000000000000, -1.000000000000000000 ) ) ;
#888 = VERTEX_POINT ( 'NONE', #807 ) ;
#889 = CARTESIAN_POINT ( 'NONE',  ( -1.639234110326708464E-14, -51.50000000000000711, 51.00000000000000711 ) ) ;
#890 = ORIENTED_EDGE ( 'NONE', *, *, #931, .F. ) ;
#891 = CARTESIAN_POINT ( 'NONE',  ( -33.39999999999997726, -46.59999999999998010, 11.00000000000000000 ) ) ;
#892 = CARTESIAN_POINT ( 'NONE',  ( -5.000000000000030198, -51.50000000000000711, 91.00000000000000000 ) ) ;
#893 = VECTOR ( 'NONE', #1260, 1000.000000000000000 ) ;
#894 = ORIENTED_EDGE ( 'NONE', *, *, #1724, .T. ) ;
#895 = CARTESIAN_POINT ( 'NONE',  ( -6.500000000000015987, 53.99999999999998579, 5.000000000000000000 ) ) ;
#896 = PLANE ( 'NONE',  #2272 ) ;
#897 = EDGE_CURVE ( 'NONE', #2399, #39, #1437, .T. ) ;
#898 = VECTOR ( 'NONE', #3722, 1000.000000000000000 ) ;
#899 = CARTESIAN_POINT ( 'NONE',  ( -5.000000000000012434, 51.00000000000000711, 80.00000000000000000 ) ) ;
#900 = EDGE_LOOP ( 'NONE', ( #3134, #1695, #3292, #1773, #3136, #826, #2011, #343, #1953, #312, #3215, #1983, #3057, #13 ) ) ;
#901 = CARTESIAN_POINT ( 'NONE',  ( -5.000000000000014211, 51.50000000000000711, 11.00000000000000000 ) ) ;
#902 = CARTESIAN_POINT ( 'NONE',  ( -42.00000000000004974, 51.00000000000000711, 11.00000000000000000 ) ) ;
#903 = EDGE_CURVE ( 'NONE', #1540, #2376, #2815, .T. ) ;
#904 = VECTOR ( 'NONE', #1128, 1000.000000000000000 ) ;
#905 = VERTEX_POINT ( 'NONE', #940 ) ;
#906 = VECTOR ( 'NONE', #1043, 1000.000000000000000 ) ;
#907 = LINE ( 'NONE', #2155, #3996 ) ;
#908 = EDGE_CURVE ( 'NONE', #2594, #3174, #1264, .T. ) ;
#909 = VERTEX_POINT ( 'NONE', #4052 ) ;
#910 = CARTESIAN_POINT ( 'NONE',  ( -5.000000000000012434, 51.00000000000000711, 85.00000000000000000 ) ) ;
#911 = AXIS2_PLACEMENT_3D ( 'NONE', #63, #324, #1314 ) ;
#912 = ORIENTED_EDGE ( 'NONE', *, *, #1519, .F. ) ;
#913 = LINE ( 'NONE', #2404, #3373 ) ;
#914 = AXIS2_PLACEMENT_3D ( 'NONE', #2297, #1394, #2640 ) ;
#915 = DIRECTION ( 'NONE',  ( -0.000000000000000000, -1.000000000000000000, -0.000000000000000000 ) ) ;
#916 = LINE ( 'NONE', #1752, #1952 ) ;
#917 = AXIS2_PLACEMENT_3D ( 'NONE', #2908, #970, #2219 ) ;
#918 = ORIENTED_EDGE ( 'NONE', *, *, #3079, .T. ) ;
#919 = FACE_OUTER_BOUND ( 'NONE', #3080, .T. ) ;
#920 = LINE ( 'NONE', #592, #898 ) ;
#921 = CYLINDRICAL_SURFACE ( 'NONE', #2733, 1.499999999999999556 ) ;
#922 = VERTEX_POINT ( 'NONE', #319 ) ;
#923 = FACE_OUTER_BOUND ( 'NONE', #1096, .T. ) ;
#924 = DIRECTION ( 'NONE',  ( 1.000000000000000000, 0.000000000000000000, 0.000000000000000000 ) ) ;
#925 = DIRECTION ( 'NONE',  ( 0.000000000000000000, -1.000000000000000000, 0.000000000000000000 ) ) ;
#926 = ADVANCED_FACE ( 'NONE', ( #3741, #280, #2123, #2184, #3682, #1569 ), #651, .T. ) ;
#927 = VERTEX_POINT ( 'NONE', #3086 ) ;
#928 = DIRECTION ( 'NONE',  ( 1.000000000000000000, 0.000000000000000000, 0.000000000000000000 ) ) ;
#929 = VERTEX_POINT ( 'NONE', #1184 ) ;
#930 = LINE ( 'NONE', #2873, #3791 ) ;
#931 = EDGE_CURVE ( 'NONE', #2126, #1924, #3973, .T. ) ;
#932 = EDGE_CURVE ( 'NONE', #3437, #1562, #968, .T. ) ;
#933 = ORIENTED_EDGE ( 'NONE', *, *, #1004, .F. ) ;
#934 = DIRECTION ( 'NONE',  ( 1.000000000000000000, 0.000000000000000000, 0.000000000000000000 ) ) ;
#935 = LINE ( 'NONE', #3059, #3977 ) ;
#936 = DIRECTION ( 'NONE',  ( -1.224646799147353207E-16, 1.000000000000000000, 0.000000000000000000 ) ) ;
#937 = EDGE_CURVE ( 'NONE', #2977, #1011, #3369, .T. ) ;
#938 = ORIENTED_EDGE ( 'NONE', *, *, #987, .F. ) ;
#939 = DIRECTION ( 'NONE',  ( 9.912705577010329247E-17, -1.000000000000000000, 0.000000000000000000 ) ) ;
#940 = CARTESIAN_POINT ( 'NONE',  ( -9.500000000000019540, 53.99999999999998579, 0.000000000000000000 ) ) ;
#941 = CARTESIAN_POINT ( 'NONE',  ( -5.000000000000030198, -51.50000000000000711, 45.00000000000000000 ) ) ;
#942 = ORIENTED_EDGE ( 'NONE', *, *, #2407, .F. ) ;
#943 = CARTESIAN_POINT ( 'NONE',  ( -14.99999999999999822, -2.729460014648825137E-15, 5.000000000000000000 ) ) ;
#944 = CARTESIAN_POINT ( 'NONE',  ( -29.79444872453598236, 43.59999999999995879, 11.00000000000001066 ) ) ;
#945 = DIRECTION ( 'NONE',  ( -0.000000000000000000, -0.000000000000000000, 1.000000000000000000 ) ) ;
#946 = ORIENTED_EDGE ( 'NONE', *, *, #448, .F. ) ;
#947 = LINE ( 'NONE', #637, #2418 ) ;
#948 = EDGE_LOOP ( 'NONE', ( #3431, #1798, #3597, #3367 ) ) ;
#949 = EDGE_CURVE ( 'NONE', #1230, #1544, #3428, .T. ) ;
#950 = CARTESIAN_POINT ( 'NONE',  ( -29.79444872453598236, -43.59999999999997300, 91.00000000000000000 ) ) ;
#951 = EDGE_LOOP ( 'NONE', ( #1716, #3177, #3378, #2984, #3035, #2242 ) ) ;
#952 = CARTESIAN_POINT ( 'NONE',  ( -20.00000000000000000, 28.59999999999995524, 0.000000000000000000 ) ) ;
#953 = CARTESIAN_POINT ( 'NONE',  ( -72.00000000000004263, -53.99999999999998579, 0.000000000000000000 ) ) ;
#954 = EDGE_CURVE ( 'NONE', #2937, #17, #920, .T. ) ;
#955 = ORIENTED_EDGE ( 'NONE', *, *, #1462, .F. ) ;
#956 = DIRECTION ( 'NONE',  ( -0.000000000000000000, -0.000000000000000000, -1.000000000000000000 ) ) ;
#957 = CARTESIAN_POINT ( 'NONE',  ( 0.000000000000000000, 51.50000000000000711, 91.00000000000000000 ) ) ;
#958 = EDGE_CURVE ( 'NONE', #2454, #2434, #567, .T. ) ;
#959 = DIRECTION ( 'NONE',  ( -0.000000000000000000, -0.000000000000000000, -1.000000000000000000 ) ) ;
#960 = VECTOR ( 'NONE', #3896, 1000.000000000000000 ) ;
#961 = ORIENTED_EDGE ( 'NONE', *, *, #10, .T. ) ;
#962 = ORIENTED_EDGE ( 'NONE', *, *, #1223, .T. ) ;
#963 = CARTESIAN_POINT ( 'NONE',  ( -5.000000000000030198, -51.50000000000000711, 11.00000000000000000 ) ) ;
#964 = VECTOR ( 'NONE', #627, 1000.000000000000000 ) ;
#965 = DIRECTION ( 'NONE',  ( 1.000000000000000000, -9.912705577010326782E-17, -0.000000000000000000 ) ) ;
#966 =( NAMED_UNIT ( * ) PLANE_ANGLE_UNIT ( ) SI_UNIT ( $, .RADIAN. ) );
#967 = CARTESIAN_POINT ( 'NONE',  ( -52.00000000000004974, 43.59999999999995879, 143.0970416646374872 ) ) ;
#968 = CIRCLE ( 'NONE', #2206, 1.499999999999999556 ) ;
#969 = ORIENTED_EDGE ( 'NONE', *, *, #2558, .F. ) ;
#970 = DIRECTION ( 'NONE',  ( 9.912705577010328015E-17, 1.000000000000000000, -0.000000000000000000 ) ) ;
#971 = VECTOR ( 'NONE', #1340, 1000.000000000000000 ) ;
#972 = ORIENTED_EDGE ( 'NONE', *, *, #2075, .T. ) ;
#973 = DIRECTION ( 'NONE',  ( 0.000000000000000000, 0.000000000000000000, -1.000000000000000000 ) ) ;
#974 = VECTOR ( 'NONE', #2167, 1000.000000000000000 ) ;
#975 = EDGE_CURVE ( 'NONE', #839, #306, #1896, .T. ) ;
#976 = ORIENTED_EDGE ( 'NONE', *, *, #931, .T. ) ;
#977 = CARTESIAN_POINT ( 'NONE',  ( -5.000000000000031974, -56.00000000000000711, 11.00000000000000000 ) ) ;
#978 = CARTESIAN_POINT ( 'NONE',  ( -14.99999999999999822, -2.729460014648825137E-15, 85.00000000000000000 ) ) ;
#979 = VECTOR ( 'NONE', #2833, 1000.000000000000000 ) ;
#980 = ADVANCED_FACE ( 'NONE', ( #2205 ), #896, .F. ) ;
#981 = VECTOR ( 'NONE', #457, 1000.000000000000000 ) ;
#982 = VERTEX_POINT ( 'NONE', #1872 ) ;
#983 = DIRECTION ( 'NONE',  ( -1.224646799147353207E-16, 1.000000000000000000, 0.000000000000000000 ) ) ;
#984 = CARTESIAN_POINT ( 'NONE',  ( -20.00000000000000000, 28.59999999999995524, 80.00000000000000000 ) ) ;
#985 = DIRECTION ( 'NONE',  ( -0.000000000000000000, -1.000000000000000000, -0.000000000000000000 ) ) ;
#986 = AXIS2_PLACEMENT_3D ( 'NONE', #3625, #823, #591 ) ;
#987 = EDGE_CURVE ( 'NONE', #3068, #28, #1836, .T. ) ;
#988 = ORIENTED_EDGE ( 'NONE', *, *, #208, .F. ) ;
#989 = ORIENTED_EDGE ( 'NONE', *, *, #3153, .T. ) ;
#990 = CARTESIAN_POINT ( 'NONE',  ( -15.00000000000000533, 28.59999999999995524, 85.00000000000000000 ) ) ;
#991 = VECTOR ( 'NONE', #3297, 1000.000000000000000 ) ;
#992 = DIRECTION ( 'NONE',  ( -1.000000000000000000, -0.000000000000000000, -0.000000000000000000 ) ) ;
#993 = DIRECTION ( 'NONE',  ( -0.000000000000000000, 1.000000000000000000, 0.000000000000000000 ) ) ;
#994 = DIRECTION ( 'NONE',  ( 0.000000000000000000, 0.000000000000000000, -1.000000000000000000 ) ) ;
#995 = VERTEX_POINT ( 'NONE', #3123 ) ;
#996 = PLANE ( 'NONE',  #2093 ) ;
#997 = ORIENTED_EDGE ( 'NONE', *, *, #2420, .F. ) ;
#998 = CARTESIAN_POINT ( 'NONE',  ( -5.000000000000014211, 51.50000000000000711, 11.00000000000000000 ) ) ;
#999 = EDGE_LOOP ( 'NONE', ( #3201, #3769, #2054, #2560 ) ) ;
#1000 = CARTESIAN_POINT ( 'NONE',  ( -5.000000000000030198, -51.50000000000000711, 11.00000000000000000 ) ) ;
#1001 = ORIENTED_EDGE ( 'NONE', *, *, #3254, .T. ) ;
#1002 = DIRECTION ( 'NONE',  ( -0.000000000000000000, -0.000000000000000000, -1.000000000000000000 ) ) ;
#1003 = FACE_OUTER_BOUND ( 'NONE', #2270, .T. ) ;
#1004 = EDGE_CURVE ( 'NONE', #271, #1165, #264, .T. ) ;
#1005 = VERTEX_POINT ( 'NONE', #2757 ) ;
#1006 = ORIENTED_EDGE ( 'NONE', *, *, #2978, .T. ) ;
#1007 = CARTESIAN_POINT ( 'NONE',  ( -65.39999999999997726, 51.00000000000000000, 11.00000000000000000 ) ) ;
#1008 = CARTESIAN_POINT ( 'NONE',  ( -69.00000000000002842, -50.99999999999997868, 5.000000000000000000 ) ) ;
#1009 = LINE ( 'NONE', #967, #3650 ) ;
#1010 = ADVANCED_FACE ( 'NONE', ( #1201 ), #3104, .F. ) ;
#1011 = VERTEX_POINT ( 'NONE', #3392 ) ;
#1012 = DIRECTION ( 'NONE',  ( 1.224646799147353207E-16, -1.000000000000000000, 0.000000000000000000 ) ) ;
#1013 = EDGE_LOOP ( 'NONE', ( #1582, #2614, #1843, #1720 ) ) ;
#1014 = ADVANCED_FACE ( 'NONE', ( #3805 ), #692, .F. ) ;
#1015 = DIRECTION ( 'NONE',  ( -0.000000000000000000, 1.000000000000000000, 5.782411586589351722E-16 ) ) ;
#1016 = ORIENTED_EDGE ( 'NONE', *, *, #1575, .T. ) ;
#1017 = CARTESIAN_POINT ( 'NONE',  ( -55.39999999999997016, 28.59999999999995524, 0.000000000000000000 ) ) ;
#1018 = ORIENTED_EDGE ( 'NONE', *, *, #74, .F. ) ;
#1019 = CARTESIAN_POINT ( 'NONE',  ( -33.39999999999998437, 51.00000000000000711, 91.00000000000000000 ) ) ;
#1020 = DIRECTION ( 'NONE',  ( -0.000000000000000000, 0.000000000000000000, -1.000000000000000000 ) ) ;
#1021 = ORIENTED_EDGE ( 'NONE', *, *, #1248, .F. ) ;
#1022 = ADVANCED_FACE ( 'NONE', ( #1935 ), #3555, .F. ) ;
#1023 = VERTEX_POINT ( 'NONE', #3185 ) ;
#1024 = CARTESIAN_POINT ( 'NONE',  ( 0.000000000000000000, 51.50000000000000711, 5.000000000000000000 ) ) ;
#1025 = CARTESIAN_POINT ( 'NONE',  ( 0.000000000000000000, 0.000000000000000000, 0.000000000000000000 ) ) ;
#1026 = LINE ( 'NONE', #2274, #779 ) ;
#1027 = AXIS2_PLACEMENT_3D ( 'NONE', #5, #3686, #1857 ) ;
#1028 = ADVANCED_FACE ( 'NONE', ( #1915 ), #1587, .F. ) ;
#1029 = ORIENTED_EDGE ( 'NONE', *, *, #1994, .T. ) ;
#1030 = CARTESIAN_POINT ( 'NONE',  ( 0.000000000000000000, -55.99999999999999289, 5.000000000000000000 ) ) ;
#1031 = EDGE_LOOP ( 'NONE', ( #477, #3570, #3822, #1386 ) ) ;
#1032 = CIRCLE ( 'NONE', #3644, 1.500000000000001332 ) ;
#1033 = LINE ( 'NONE', #1056, #2151 ) ;
#1034 = EDGE_CURVE ( 'NONE', #1072, #417, #2663, .T. ) ;
#1035 = EDGE_LOOP ( 'NONE', ( #3675, #2380, #2664, #2315, #2439, #1601 ) ) ;
#1036 = VECTOR ( 'NONE', #2550, 1000.000000000000000 ) ;
#1037 = DIRECTION ( 'NONE',  ( -3.048009811211187487E-15, 1.000000000000000000, 0.000000000000000000 ) ) ;
#1038 = CARTESIAN_POINT ( 'NONE',  ( -65.39999999999997726, 46.59999999999995879, 49.00000000000001421 ) ) ;
#1039 = VECTOR ( 'NONE', #3765, 1000.000000000000000 ) ;
#1040 = ORIENTED_EDGE ( 'NONE', *, *, #735, .F. ) ;
#1041 = VECTOR ( 'NONE', #2672, 1000.000000000000000 ) ;
#1042 = CARTESIAN_POINT ( 'NONE',  ( -5.000000000000000000, -50.99999999999999289, 40.00000000000000000 ) ) ;
#1043 = DIRECTION ( 'NONE',  ( -1.000000000000000000, -0.000000000000000000, -0.000000000000000000 ) ) ;
#1044 = VECTOR ( 'NONE', #2933, 1000.000000000000000 ) ;
#1045 = ORIENTED_EDGE ( 'NONE', *, *, #1458, .T. ) ;
#1046 = ORIENTED_EDGE ( 'NONE', *, *, #2263, .T. ) ;
#1047 = LINE ( 'NONE', #1735, #2030 ) ;
#1048 = PLANE ( 'NONE',  #505 ) ;
#1049 = VECTOR ( 'NONE', #3926, 1000.000000000000000 ) ;
#1050 = LINE ( 'NONE', #3170, #641 ) ;
#1051 = VECTOR ( 'NONE', #1071, 1000.000000000000000 ) ;
#1052 = EDGE_LOOP ( 'NONE', ( #2104, #3190, #3962, #2966 ) ) ;
#1053 = DIRECTION ( 'NONE',  ( 0.000000000000000000, 0.000000000000000000, -1.000000000000000000 ) ) ;
#1054 = CARTESIAN_POINT ( 'NONE',  ( -33.40000000000012648, 46.59999999999995879, 49.00000000000001421 ) ) ;
#1055 = VERTEX_POINT ( 'NONE', #1630 ) ;
#1056 = CARTESIAN_POINT ( 'NONE',  ( -65.39999999999997726, 43.59999999999995879, 51.00000000000000711 ) ) ;
#1057 = EDGE_CURVE ( 'NONE', #2345, #3803, #2230, .T. ) ;
#1058 = ORIENTED_EDGE ( 'NONE', *, *, #53, .T. ) ;
#1059 = ORIENTED_EDGE ( 'NONE', *, *, #510, .F. ) ;
#1060 = DIRECTION ( 'NONE',  ( -8.673617379884034239E-17, 1.000000000000000000, 0.000000000000000000 ) ) ;
#1061 = EDGE_CURVE ( 'NONE', #1855, #2629, #717, .T. ) ;
#1062 = LINE ( 'NONE', #1995, #175 ) ;
#1063 = CARTESIAN_POINT ( 'NONE',  ( -69.00000000000002842, -50.99999999999997868, 0.000000000000000000 ) ) ;
#1064 = DIRECTION ( 'NONE',  ( 0.000000000000000000, 0.000000000000000000, -1.000000000000000000 ) ) ;
#1065 = ORIENTED_EDGE ( 'NONE', *, *, #2728, .T. ) ;
#1066 = VERTEX_POINT ( 'NONE', #1042 ) ;
#1067 = LINE ( 'NONE', #1613, #115 ) ;
#1068 = LINE ( 'NONE', #2318, #2019 ) ;
#1069 = ORIENTED_EDGE ( 'NONE', *, *, #1905, .T. ) ;
#1070 = LINE ( 'NONE', #105, #893 ) ;
#1071 = DIRECTION ( 'NONE',  ( -1.000000000000000000, -8.673617379884034239E-17, -0.000000000000000000 ) ) ;
#1072 = VERTEX_POINT ( 'NONE', #2292 ) ;
#1073 = CARTESIAN_POINT ( 'NONE',  ( -29.79444872453598236, -46.59999999999997300, 89.00000000000000000 ) ) ;
#1074 = EDGE_LOOP ( 'NONE', ( #1838, #3189, #3750, #862 ) ) ;
#1075 = ADVANCED_FACE ( 'NONE', ( #57 ), #1367, .F. ) ;
#1076 = DIRECTION ( 'NONE',  ( -0.000000000000000000, -0.000000000000000000, -1.000000000000000000 ) ) ;
#1077 = ORIENTED_EDGE ( 'NONE', *, *, #1350, .T. ) ;
#1078 = CARTESIAN_POINT ( 'NONE',  ( -19.99999999999999289, -33.59999999999996589, 40.00000000000000000 ) ) ;
#1079 = EDGE_CURVE ( 'NONE', #2345, #2281, #1032, .T. ) ;
#1080 = CARTESIAN_POINT ( 'NONE',  ( -5.000000000000000000, -55.99999999999999289, 45.00000000000000000 ) ) ;
#1081 = LINE ( 'NONE', #2711, #1293 ) ;
#1082 = CARTESIAN_POINT ( 'NONE',  ( 0.000000000000000000, 0.000000000000000000, 5.000000000000000000 ) ) ;
#1083 = ORIENTED_EDGE ( 'NONE', *, *, #183, .F. ) ;
#1084 = EDGE_CURVE ( 'NONE', #2074, #3088, #1648, .T. ) ;
#1085 = ORIENTED_EDGE ( 'NONE', *, *, #3653, .T. ) ;
#1086 = CARTESIAN_POINT ( 'NONE',  ( -5.000000000000014211, 51.50000000000000711, 91.00000000000000000 ) ) ;
#1087 = DIRECTION ( 'NONE',  ( 1.000000000000000000, 0.000000000000000000, 0.000000000000000000 ) ) ;
#1088 = VERTEX_POINT ( 'NONE', #3225 ) ;
#1089 = LINE ( 'NONE', #1890, #2201 ) ;
#1090 = DIRECTION ( 'NONE',  ( -1.000000000000000000, -1.668003342285391058E-16, -0.000000000000000000 ) ) ;
#1091 = EDGE_LOOP ( 'NONE', ( #2834, #1329, #3680, #1659 ) ) ;
#1092 = VECTOR ( 'NONE', #275, 1000.000000000000000 ) ;
#1093 = ORIENTED_EDGE ( 'NONE', *, *, #647, .F. ) ;
#1094 = CARTESIAN_POINT ( 'NONE',  ( -20.00000000000000000, 28.59999999999995524, 40.00000000000000000 ) ) ;
#1095 = AXIS2_PLACEMENT_3D ( 'NONE', #2046, #2064, #2085 ) ;
#1096 = EDGE_LOOP ( 'NONE', ( #989, #3956, #3799, #3912 ) ) ;
#1097 = CARTESIAN_POINT ( 'NONE',  ( -5.000000000000030198, -51.50000000000000711, 51.00000000000000711 ) ) ;
#1098 = EDGE_CURVE ( 'NONE', #2025, #4029, #1284, .T. ) ;
#1099 = VECTOR ( 'NONE', #875, 1000.000000000000000 ) ;
#1100 = DIRECTION ( 'NONE',  ( -1.000000000000000000, 0.000000000000000000, 0.000000000000000000 ) ) ;
#1101 = CARTESIAN_POINT ( 'NONE',  ( -29.79444872453598236, 46.59999999999995879, 89.00000000000001421 ) ) ;
#1102 = VECTOR ( 'NONE', #1492, 1000.000000000000000 ) ;
#1103 = DIRECTION ( 'NONE',  ( -1.000000000000000000, -8.673617379884034239E-17, -0.000000000000000000 ) ) ;
#1104 = EDGE_CURVE ( 'NONE', #1165, #2593, #2590, .T. ) ;
#1105 = AXIS2_PLACEMENT_3D ( 'NONE', #1082, #2331, #1714 ) ;
#1106 = ORIENTED_EDGE ( 'NONE', *, *, #2574, .F. ) ;
#1107 = PLANE ( 'NONE',  #914 ) ;
#1108 = CARTESIAN_POINT ( 'NONE',  ( -15.00000000000000533, 28.59999999999995524, 0.000000000000000000 ) ) ;
#1109 = DIRECTION ( 'NONE',  ( 1.577021341797097018E-15, 1.000000000000000000, -0.000000000000000000 ) ) ;
#1110 = AXIS2_PLACEMENT_3D ( 'NONE', #2188, #613, #1573 ) ;
#1111 = EDGE_CURVE ( 'NONE', #3422, #378, #1550, .T. ) ;
#1112 = EDGE_LOOP ( 'NONE', ( #4004, #1225, #976, #3843, #62, #703, #1760, #107 ) ) ;
#1113 = CIRCLE ( 'NONE', #66, 4.999999999999997335 ) ;
#1114 = CARTESIAN_POINT ( 'NONE',  ( -65.39999999999997726, -46.59999999999997300, 89.00000000000000000 ) ) ;
#1115 = LINE ( 'NONE', #3631, #991 ) ;
#1116 = ORIENTED_EDGE ( 'NONE', *, *, #1700, .T. ) ;
#1117 = AXIS2_PLACEMENT_3D ( 'NONE', #3342, #2421, #270 ) ;
#1118 = ORIENTED_EDGE ( 'NONE', *, *, #3807, .F. ) ;
#1119 = LINE ( 'NONE', #798, #2290 ) ;
#1120 = ORIENTED_EDGE ( 'NONE', *, *, #1462, .T. ) ;
#1121 = CARTESIAN_POINT ( 'NONE',  ( -29.79444872453598236, 43.59999999999995879, 51.00000000000000711 ) ) ;
#1122 = VERTEX_POINT ( 'NONE', #1665 ) ;
#1123 = FACE_OUTER_BOUND ( 'NONE', #1946, .T. ) ;
#1124 = ORIENTED_EDGE ( 'NONE', *, *, #2524, .F. ) ;
#1125 = LINE ( 'NONE', #1835, #3394 ) ;
#1126 = DIRECTION ( 'NONE',  ( -1.000000000000000000, 0.000000000000000000, 0.000000000000000000 ) ) ;
#1127 = EDGE_CURVE ( 'NONE', #1596, #391, #2916, .T. ) ;
#1128 = DIRECTION ( 'NONE',  ( -0.000000000000000000, -0.000000000000000000, 1.000000000000000000 ) ) ;
#1129 = ORIENTED_EDGE ( 'NONE', *, *, #795, .F. ) ;
#1130 = FACE_OUTER_BOUND ( 'NONE', #172, .T. ) ;
#1131 = CARTESIAN_POINT ( 'NONE',  ( -3.154072573846893698E-14, -56.00000000000000711, 11.00000000000000000 ) ) ;
#1132 = ADVANCED_FACE ( 'NONE', ( #2311 ), #2836, .F. ) ;
#1133 = VERTEX_POINT ( 'NONE', #671 ) ;
#1134 = CARTESIAN_POINT ( 'NONE',  ( -6.500000000000004441, -53.99999999999998579, 0.000000000000000000 ) ) ;
#1135 = EDGE_CURVE ( 'NONE', #764, #2669, #357, .T. ) ;
#1136 = LINE ( 'NONE', #2383, #1499 ) ;
#1137 = DIRECTION ( 'NONE',  ( -0.000000000000000000, 1.000000000000000000, -0.000000000000000000 ) ) ;
#1138 = FILL_AREA_STYLE ('',( #1713 ) ) ;
#1139 = CARTESIAN_POINT ( 'NONE',  ( -33.39999999999997016, -50.99999999999998579, 51.00000000000000711 ) ) ;
#1140 = ORIENTED_EDGE ( 'NONE', *, *, #2125, .F. ) ;
#1141 = DIRECTION ( 'NONE',  ( -1.000000000000000000, 0.000000000000000000, -0.000000000000000000 ) ) ;
#1142 = CARTESIAN_POINT ( 'NONE',  ( -11.00000000000000355, -56.99999999999997868, 5.000000000000000000 ) ) ;
#1143 = DIRECTION ( 'NONE',  ( -0.000000000000000000, 0.000000000000000000, -1.000000000000000000 ) ) ;
#1144 = EDGE_CURVE ( 'NONE', #3580, #3531, #2555, .T. ) ;
#1145 = VERTEX_POINT ( 'NONE', #142 ) ;
#1146 = DIRECTION ( 'NONE',  ( 0.000000000000000000, 0.000000000000000000, -1.000000000000000000 ) ) ;
#1147 = CARTESIAN_POINT ( 'NONE',  ( -33.39999999999997016, -50.99999999999998579, 5.000000000000000000 ) ) ;
#1148 = EDGE_CURVE ( 'NONE', #572, #469, #1081, .T. ) ;
#1149 = ORIENTED_EDGE ( 'NONE', *, *, #173, .T. ) ;
#1150 = DIRECTION ( 'NONE',  ( -3.469446951953611724E-16, 1.000000000000000000, 0.000000000000000000 ) ) ;
#1151 = VERTEX_POINT ( 'NONE', #525 ) ;
#1152 = DIRECTION ( 'NONE',  ( -0.000000000000000000, -0.000000000000000000, -1.000000000000000000 ) ) ;
#1153 = EDGE_CURVE ( 'NONE', #3696, #451, #440, .T. ) ;
#1154 = VERTEX_POINT ( 'NONE', #3622 ) ;
#1155 = AXIS2_PLACEMENT_3D ( 'NONE', #3423, #3019, #3058 ) ;
#1156 = LINE ( 'NONE', #2461, #1608 ) ;
#1157 = SURFACE_STYLE_FILL_AREA ( #1138 ) ;
#1158 = VECTOR ( 'NONE', #4014, 1000.000000000000000 ) ;
#1159 = ORIENTED_EDGE ( 'NONE', *, *, #290, .F. ) ;
#1160 = PLANE ( 'NONE',  #586 ) ;
#1161 = VECTOR ( 'NONE', #466, 1000.000000000000000 ) ;
#1162 = CARTESIAN_POINT ( 'NONE',  ( -33.39999999999997016, -50.99999999999998579, 91.00000000000000000 ) ) ;
#1163 = DIRECTION ( 'NONE',  ( -1.000000000000000000, -1.224646799147353207E-16, 0.000000000000000000 ) ) ;
#1164 = AXIS2_PLACEMENT_3D ( 'NONE', #3412, #1163, #611 ) ;
#1165 = VERTEX_POINT ( 'NONE', #485 ) ;
#1166 = CARTESIAN_POINT ( 'NONE',  ( -5.510910596163077723E-16, -51.50000000000000711, 45.00000000000000000 ) ) ;
#1167 = DIRECTION ( 'NONE',  ( 1.000000000000000000, 1.819640009765883753E-16, 0.000000000000000000 ) ) ;
#1168 = VECTOR ( 'NONE', #2771, 1000.000000000000000 ) ;
#1169 = VECTOR ( 'NONE', #1382, 1000.000000000000000 ) ;
#1170 = ORIENTED_EDGE ( 'NONE', *, *, #1253, .F. ) ;
#1171 = CARTESIAN_POINT ( 'NONE',  ( -33.39999999999997016, -50.99999999999998579, 11.00000000000000000 ) ) ;
#1172 = ORIENTED_EDGE ( 'NONE', *, *, #1543, .F. ) ;
#1173 = EDGE_CURVE ( 'NONE', #1249, #3883, #1690, .T. ) ;
#1174 = VECTOR ( 'NONE', #3828, 1000.000000000000000 ) ;
#1175 = CARTESIAN_POINT ( 'NONE',  ( -5.000000000000030198, -51.50000000000000711, 91.00000000000000000 ) ) ;
#1176 = ORIENTED_EDGE ( 'NONE', *, *, #25, .T. ) ;
#1177 = VECTOR ( 'NONE', #887, 1000.000000000000000 ) ;
#1178 = CARTESIAN_POINT ( 'NONE',  ( -65.39999999999997726, 43.59999999999995879, 51.00000000000000711 ) ) ;
#1179 = FACE_OUTER_BOUND ( 'NONE', #1091, .T. ) ;
#1180 = ADVANCED_FACE ( 'NONE', ( #3575 ), #3639, .T. ) ;
#1181 =( GEOMETRIC_REPRESENTATION_CONTEXT ( 3 ) GLOBAL_UNCERTAINTY_ASSIGNED_CONTEXT ( ( #3707 ) ) GLOBAL_UNIT_ASSIGNED_CONTEXT ( ( #86, #966, #1614 ) ) REPRESENTATION_CONTEXT ( 'NONE', 'WORKASPACE' ) );
#1182 = ORIENTED_EDGE ( 'NONE', *, *, #4038, .F. ) ;
#1183 = CARTESIAN_POINT ( 'NONE',  ( -50.39999999999997016, 33.59999999999995168, 45.00000000000000000 ) ) ;
#1184 = CARTESIAN_POINT ( 'NONE',  ( -33.39999999999998437, 51.00000000000000711, 91.00000000000000000 ) ) ;
#1185 = DIRECTION ( 'NONE',  ( -0.000000000000000000, -0.000000000000000000, 1.000000000000000000 ) ) ;
#1186 = ORIENTED_EDGE ( 'NONE', *, *, #2276, .T. ) ;
#1187 = CARTESIAN_POINT ( 'NONE',  ( -60.00000000000005684, -43.59999999999997300, 11.00000000000000000 ) ) ;
#1188 = DIRECTION ( 'NONE',  ( -1.000000000000000000, 0.000000000000000000, 0.000000000000000000 ) ) ;
#1189 = VERTEX_POINT ( 'NONE', #820 ) ;
#1190 = LINE ( 'NONE', #229, #1829 ) ;
#1191 = VERTEX_POINT ( 'NONE', #2635 ) ;
#1192 = DIRECTION ( 'NONE',  ( 1.000000000000000000, -9.912705577010326782E-17, -0.000000000000000000 ) ) ;
#1193 = EDGE_CURVE ( 'NONE', #2262, #1133, #2060, .T. ) ;
#1194 = VERTEX_POINT ( 'NONE', #1731 ) ;
#1195 = DIRECTION ( 'NONE',  ( 0.000000000000000000, 0.000000000000000000, 1.000000000000000000 ) ) ;
#1196 = DIRECTION ( 'NONE',  ( -0.000000000000000000, -0.000000000000000000, 1.000000000000000000 ) ) ;
#1197 = DIRECTION ( 'NONE',  ( 0.000000000000000000, -0.000000000000000000, 1.000000000000000000 ) ) ;
#1198 = EDGE_CURVE ( 'NONE', #2262, #2810, #2386, .T. ) ;
#1199 = ORIENTED_EDGE ( 'NONE', *, *, #2308, .T. ) ;
#1200 = CARTESIAN_POINT ( 'NONE',  ( -5.000000000000030198, -51.50000000000000711, 11.00000000000000000 ) ) ;
#1201 = FACE_OUTER_BOUND ( 'NONE', #1013, .T. ) ;
#1202 = FACE_OUTER_BOUND ( 'NONE', #2456, .T. ) ;
#1203 = EDGE_CURVE ( 'NONE', #1822, #3864, #1409, .T. ) ;
#1204 = ORIENTED_EDGE ( 'NONE', *, *, #122, .T. ) ;
#1205 = CARTESIAN_POINT ( 'NONE',  ( -65.39999999999997726, -46.59999999999997300, 49.00000000000000000 ) ) ;
#1206 = DIRECTION ( 'NONE',  ( -1.577021341797097018E-15, 1.000000000000000000, 0.000000000000000000 ) ) ;
#1207 = UNCERTAINTY_MEASURE_WITH_UNIT (LENGTH_MEASURE( 1.000000000000000082E-05 ), #2981, 'distance_accuracy_value', 'NONE');
#1208 = EDGE_LOOP ( 'NONE', ( #3780, #1746, #3096, #1883, #2540, #1106, #3919, #1964, #1727, #2657, #1182, #3595, #2062, #3690, #3947, #2751, #99, #2581, #493, #1598 ) ) ;
#1209 = FACE_OUTER_BOUND ( 'NONE', #3772, .T. ) ;
#1210 = ORIENTED_EDGE ( 'NONE', *, *, #3534, .T. ) ;
#1211 = LINE ( 'NONE', #333, #1819 ) ;
#1212 = EDGE_LOOP ( 'NONE', ( #1911, #3476, #2791, #1313 ) ) ;
#1213 = CARTESIAN_POINT ( 'NONE',  ( -33.39999999999997016, -50.99999999999998579, 45.00000000000000000 ) ) ;
#1214 = VECTOR ( 'NONE', #3364, 1000.000000000000000 ) ;
#1215 = CARTESIAN_POINT ( 'NONE',  ( -5.000000000000012434, 51.00000000000000711, 80.00000000000000000 ) ) ;
#1216 = LINE ( 'NONE', #1832, #3194 ) ;
#1217 = EDGE_CURVE ( 'NONE', #2396, #529, #2695, .T. ) ;
#1218 = ORIENTED_EDGE ( 'NONE', *, *, #1477, .F. ) ;
#1219 = CARTESIAN_POINT ( 'NONE',  ( -60.00000000000000000, -43.59999999999997300, 183.0970416646374588 ) ) ;
#1220 = CARTESIAN_POINT ( 'NONE',  ( -8.000000000000003553, -53.99999999999998579, 0.000000000000000000 ) ) ;
#1221 = AXIS2_PLACEMENT_3D ( 'NONE', #1019, #756, #117 ) ;
#1222 = CARTESIAN_POINT ( 'NONE',  ( -8.000000000000003553, -53.99999999999998579, 5.000000000000000000 ) ) ;
#1223 = EDGE_CURVE ( 'NONE', #378, #2889, #1468, .T. ) ;
#1224 = VECTOR ( 'NONE', #1037, 1000.000000000000000 ) ;
#1225 = ORIENTED_EDGE ( 'NONE', *, *, #478, .T. ) ;
#1226 = CARTESIAN_POINT ( 'NONE',  ( -33.39999999999997016, -50.99999999999998579, 11.00000000000000000 ) ) ;
#1227 = CARTESIAN_POINT ( 'NONE',  ( -5.000000000000004441, 56.99999999999997868, 5.000000000000000000 ) ) ;
#1228 = EDGE_CURVE ( 'NONE', #1989, #350, #2022, .T. ) ;
#1229 = VECTOR ( 'NONE', #1438, 1000.000000000000000 ) ;
#1230 = VERTEX_POINT ( 'NONE', #1996 ) ;
#1231 = VECTOR ( 'NONE', #3903, 1000.000000000000000 ) ;
#1232 = DIRECTION ( 'NONE',  ( -1.489033026589534369E-16, 1.000000000000000000, -0.000000000000000000 ) ) ;
#1233 = VERTEX_POINT ( 'NONE', #3932 ) ;
#1234 = EDGE_CURVE ( 'NONE', #2819, #2937, #2043, .T. ) ;
#1235 = FACE_OUTER_BOUND ( 'NONE', #749, .T. ) ;
#1236 = VECTOR ( 'NONE', #3771, 1000.000000000000000 ) ;
#1237 = MANIFOLD_SOLID_BREP ( 'Cut-Extrude2', #1932 ) ;
#1238 = EDGE_LOOP ( 'NONE', ( #715, #506, #2089, #1521 ) ) ;
#1239 = DIRECTION ( 'NONE',  ( -0.000000000000000000, 0.000000000000000000, 1.000000000000000000 ) ) ;
#1240 = VECTOR ( 'NONE', #3103, 1000.000000000000000 ) ;
#1241 = DIRECTION ( 'NONE',  ( -1.000000000000000000, 0.000000000000000000, -0.000000000000000000 ) ) ;
#1242 = CIRCLE ( 'NONE', #1117, 4.999999999999997335 ) ;
#1243 = ORIENTED_EDGE ( 'NONE', *, *, #3072, .T. ) ;
#1244 = DIRECTION ( 'NONE',  ( 5.015442563508421592E-32, -5.782411586589351722E-16, 1.000000000000000000 ) ) ;
#1245 = CARTESIAN_POINT ( 'NONE',  ( -5.000000000000030198, -51.50000000000000711, 51.00000000000000711 ) ) ;
#1246 = VECTOR ( 'NONE', #2128, 1000.000000000000000 ) ;
#1247 = LINE ( 'NONE', #941, #3985 ) ;
#1248 = EDGE_CURVE ( 'NONE', #3796, #1715, #2350, .T. ) ;
#1249 = VERTEX_POINT ( 'NONE', #3717 ) ;
#1250 = LINE ( 'NONE', #943, #3600 ) ;
#1251 = LINE ( 'NONE', #2493, #302 ) ;
#1252 = LINE ( 'NONE', #1903, #1705 ) ;
#1253 = EDGE_CURVE ( 'NONE', #3315, #2168, #4026, .T. ) ;
#1254 = ORIENTED_EDGE ( 'NONE', *, *, #714, .F. ) ;
#1255 = CARTESIAN_POINT ( 'NONE',  ( -65.39999999999997726, -43.59999999999997300, 91.00000000000000000 ) ) ;
#1256 = VERTEX_POINT ( 'NONE', #3408 ) ;
#1257 = DIRECTION ( 'NONE',  ( -0.000000000000000000, -0.000000000000000000, -1.000000000000000000 ) ) ;
#1258 = EDGE_CURVE ( 'NONE', #3808, #1249, #1867, .T. ) ;
#1259 = ORIENTED_EDGE ( 'NONE', *, *, #2197, .T. ) ;
#1260 = DIRECTION ( 'NONE',  ( 1.000000000000000000, 0.000000000000000000, 0.000000000000000000 ) ) ;
#1261 = LINE ( 'NONE', #3119, #3186 ) ;
#1262 = ORIENTED_EDGE ( 'NONE', *, *, #2420, .T. ) ;
#1263 = CARTESIAN_POINT ( 'NONE',  ( -75.00000000000005684, -50.99999999999998579, 5.000000000000000000 ) ) ;
#1264 = LINE ( 'NONE', #296, #3909 ) ;
#1265 = PLANE ( 'NONE',  #716 ) ;
#1266 = ORIENTED_EDGE ( 'NONE', *, *, #4011, .T. ) ;
#1267 = ORIENTED_EDGE ( 'NONE', *, *, #1498, .T. ) ;
#1268 = CARTESIAN_POINT ( 'NONE',  ( -55.39999999999997016, 28.59999999999995524, 80.00000000000000000 ) ) ;
#1269 = CARTESIAN_POINT ( 'NONE',  ( -55.39999999999996305, -28.59999999999996945, 45.00000000000000000 ) ) ;
#1270 = FACE_OUTER_BOUND ( 'NONE', #2187, .T. ) ;
#1271 = PLANE ( 'NONE',  #4044 ) ;
#1272 = EDGE_CURVE ( 'NONE', #2856, #2228, #1261, .T. ) ;
#1273 = ORIENTED_EDGE ( 'NONE', *, *, #376, .F. ) ;
#1274 = CARTESIAN_POINT ( 'NONE',  ( -1.639234110326708464E-14, -51.50000000000000711, 11.00000000000000000 ) ) ;
#1275 = ORIENTED_EDGE ( 'NONE', *, *, #708, .T. ) ;
#1276 = FACE_OUTER_BOUND ( 'NONE', #3172, .T. ) ;
#1277 = EDGE_CURVE ( 'NONE', #2396, #2856, #2180, .T. ) ;
#1278 = EDGE_LOOP ( 'NONE', ( #3748, #551, #1919, #1783 ) ) ;
#1279 = CARTESIAN_POINT ( 'NONE',  ( -55.39999999999997016, 28.59999999999995524, 0.000000000000000000 ) ) ;
#1280 = CARTESIAN_POINT ( 'NONE',  ( -75.00000000000004263, 56.99999999999997158, 5.000000000000000000 ) ) ;
#1281 = EDGE_CURVE ( 'NONE', #3363, #3149, #2163, .T. ) ;
#1282 = ORIENTED_EDGE ( 'NONE', *, *, #2332, .T. ) ;
#1283 = FACE_BOUND ( 'NONE', #2040, .T. ) ;
#1284 = LINE ( 'NONE', #339, #2922 ) ;
#1285 = CARTESIAN_POINT ( 'NONE',  ( -52.00000000000004974, 51.00000000000000711, 40.00000000000000711 ) ) ;
#1286 = VECTOR ( 'NONE', #858, 1000.000000000000000 ) ;
#1287 = EDGE_LOOP ( 'NONE', ( #1378, #456, #595, #3401, #288, #997, #3031, #3264, #832, #3518 ) ) ;
#1288 = ORIENTED_EDGE ( 'NONE', *, *, #2177, .F. ) ;
#1289 = DIRECTION ( 'NONE',  ( -7.228014483236707402E-16, -1.000000000000000000, 0.000000000000000000 ) ) ;
#1290 = VECTOR ( 'NONE', #992, 1000.000000000000000 ) ;
#1291 = LINE ( 'NONE', #1879, #3702 ) ;
#1292 = DIRECTION ( 'NONE',  ( -1.000000000000000000, 1.577021341797096821E-15, 0.000000000000000000 ) ) ;
#1293 = VECTOR ( 'NONE', #1430, 1000.000000000000000 ) ;
#1294 = ORIENTED_EDGE ( 'NONE', *, *, #2956, .F. ) ;
#1295 = CARTESIAN_POINT ( 'NONE',  ( -65.39999999999999147, 46.60000000000000142, 91.00000000000000000 ) ) ;
#1296 = VECTOR ( 'NONE', #148, 1000.000000000000000 ) ;
#1297 = ORIENTED_EDGE ( 'NONE', *, *, #3120, .T. ) ;
#1298 = PRODUCT ( 'Motor Driver Clip Shelving - Left', 'Motor Driver Clip Shelving - Left', '', ( #2563 ) ) ;
#1299 = DIRECTION ( 'NONE',  ( -0.000000000000000000, -0.000000000000000000, 1.000000000000000000 ) ) ;
#1300 = VECTOR ( 'NONE', #1064, 1000.000000000000000 ) ;
#1301 = ORIENTED_EDGE ( 'NONE', *, *, #897, .F. ) ;
#1302 = EDGE_CURVE ( 'NONE', #3077, #3557, #3738, .T. ) ;
#1303 = DIRECTION ( 'NONE',  ( -1.000000000000000000, 0.000000000000000000, 0.000000000000000000 ) ) ;
#1304 = VECTOR ( 'NONE', #685, 1000.000000000000000 ) ;
#1305 = AXIS2_PLACEMENT_3D ( 'NONE', #1200, #3351, #2372 ) ;
#1306 = ADVANCED_FACE ( 'NONE', ( #3099 ), #2139, .F. ) ;
#1307 = ORIENTED_EDGE ( 'NONE', *, *, #2120, .T. ) ;
#1308 = PLANE ( 'NONE',  #1958 ) ;
#1309 = DIRECTION ( 'NONE',  ( -1.000000000000000000, 0.000000000000000000, 0.000000000000000000 ) ) ;
#1310 = CARTESIAN_POINT ( 'NONE',  ( 0.000000000000000000, 0.000000000000000000, 80.00000000000000000 ) ) ;
#1311 = AXIS2_PLACEMENT_3D ( 'NONE', #3721, #939, #1568 ) ;
#1312 = ORIENTED_EDGE ( 'NONE', *, *, #1749, .T. ) ;
#1313 = ORIENTED_EDGE ( 'NONE', *, *, #2685, .F. ) ;
#1314 = DIRECTION ( 'NONE',  ( -1.000000000000000000, 0.000000000000000000, -0.000000000000000000 ) ) ;
#1315 = CARTESIAN_POINT ( 'NONE',  ( -33.40000000000012648, 43.59999999999995879, 91.00000000000001421 ) ) ;
#1316 = DIRECTION ( 'NONE',  ( -1.000000000000000000, 0.000000000000000000, 0.000000000000000000 ) ) ;
#1317 = EDGE_LOOP ( 'NONE', ( #2017, #1259, #3563, #400 ) ) ;
#1318 = PLANE ( 'NONE',  #3465 ) ;
#1319 = ORIENTED_EDGE ( 'NONE', *, *, #949, .T. ) ;
#1320 = LINE ( 'NONE', #73, #2287 ) ;
#1321 = ORIENTED_EDGE ( 'NONE', *, *, #2504, .T. ) ;
#1322 = CARTESIAN_POINT ( 'NONE',  ( -5.000000000000000000, -50.99999999999999289, 40.00000000000000000 ) ) ;
#1323 = CARTESIAN_POINT ( 'NONE',  ( -14.99999999999999822, -2.729460014648825137E-15, 80.00000000000000000 ) ) ;
#1324 = EDGE_CURVE ( 'NONE', #3854, #436, #1807, .T. ) ;
#1325 = ORIENTED_EDGE ( 'NONE', *, *, #545, .T. ) ;
#1326 = CARTESIAN_POINT ( 'NONE',  ( -33.39999999999997016, -50.99999999999998579, 51.00000000000000711 ) ) ;
#1327 = DIRECTION ( 'NONE',  ( 1.000000000000000000, 0.000000000000000000, 0.000000000000000000 ) ) ;
#1328 = EDGE_CURVE ( 'NONE', #2906, #2760, #2443, .T. ) ;
#1329 = ORIENTED_EDGE ( 'NONE', *, *, #1575, .F. ) ;
#1330 = ORIENTED_EDGE ( 'NONE', *, *, #3254, .F. ) ;
#1331 = DIRECTION ( 'NONE',  ( -1.000000000000000000, 0.000000000000000000, 0.000000000000000000 ) ) ;
#1332 = LINE ( 'NONE', #2273, #3377 ) ;
#1333 = CARTESIAN_POINT ( 'NONE',  ( -33.40000000000012648, 46.59999999999995168, 49.00000000000001421 ) ) ;
#1334 = EDGE_CURVE ( 'NONE', #3794, #69, #4009, .T. ) ;
#1335 = VERTEX_POINT ( 'NONE', #3387 ) ;
#1336 = PLANE ( 'NONE',  #726 ) ;
#1337 = ORIENTED_EDGE ( 'NONE', *, *, #1800, .F. ) ;
#1338 = PLANE ( 'NONE',  #789 ) ;
#1339 = VERTEX_POINT ( 'NONE', #4047 ) ;
#1340 = DIRECTION ( 'NONE',  ( 1.000000000000000000, 0.000000000000000000, 0.000000000000000000 ) ) ;
#1341 = CARTESIAN_POINT ( 'NONE',  ( -5.000000000000000000, -50.99999999999999289, 5.000000000000000000 ) ) ;
#1342 = ORIENTED_EDGE ( 'NONE', *, *, #662, .F. ) ;
#1343 = CARTESIAN_POINT ( 'NONE',  ( 0.000000000000000000, -55.99999999999999289, 85.00000000000000000 ) ) ;
#1344 = CARTESIAN_POINT ( 'NONE',  ( -65.39999999999997726, 51.00000000000000000, 80.00000000000000000 ) ) ;
#1345 = ORIENTED_EDGE ( 'NONE', *, *, #3299, .T. ) ;
#1346 = ORIENTED_EDGE ( 'NONE', *, *, #1034, .T. ) ;
#1347 = APPLICATION_CONTEXT ( 'automotive_design' ) ;
#1348 = CARTESIAN_POINT ( 'NONE',  ( -5.000000000000014211, 56.00000000000000711, 85.00000000000000000 ) ) ;
#1349 = DIRECTION ( 'NONE',  ( -0.000000000000000000, -0.000000000000000000, 1.000000000000000000 ) ) ;
#1350 = EDGE_CURVE ( 'NONE', #1768, #1610, #935, .T. ) ;
#1351 = CARTESIAN_POINT ( 'NONE',  ( -5.000000000000014211, 51.50000000000000711, 5.000000000000000000 ) ) ;
#1352 = AXIS2_PLACEMENT_3D ( 'NONE', #1987, #3234, #3216 ) ;
#1353 = ORIENTED_EDGE ( 'NONE', *, *, #2574, .T. ) ;
#1354 = CARTESIAN_POINT ( 'NONE',  ( -19.99999999999999289, -28.59999999999996945, 5.000000000000000000 ) ) ;
#1355 = FACE_OUTER_BOUND ( 'NONE', #1238, .T. ) ;
#1356 = EDGE_CURVE ( 'NONE', #2281, #2136, #2118, .T. ) ;
#1357 = ORIENTED_EDGE ( 'NONE', *, *, #1772, .T. ) ;
#1358 = AXIS2_PLACEMENT_3D ( 'NONE', #2447, #3698, #2144 ) ;
#1359 = DIRECTION ( 'NONE',  ( -0.000000000000000000, -0.000000000000000000, -1.000000000000000000 ) ) ;
#1360 = ORIENTED_EDGE ( 'NONE', *, *, #1057, .F. ) ;
#1361 =( GEOMETRIC_REPRESENTATION_CONTEXT ( 3 ) GLOBAL_UNCERTAINTY_ASSIGNED_CONTEXT ( ( #1207 ) ) GLOBAL_UNIT_ASSIGNED_CONTEXT ( ( #2981, #3602, #180 ) ) REPRESENTATION_CONTEXT ( 'NONE', 'WORKASPACE' ) );
#1362 = LINE ( 'NONE', #2245, #776 ) ;
#1363 = CARTESIAN_POINT ( 'NONE',  ( -5.000000000000014211, 51.50000000000000711, 85.00000000000000000 ) ) ;
#1364 = VECTOR ( 'NONE', #1109, 1000.000000000000000 ) ;
#1365 = CARTESIAN_POINT ( 'NONE',  ( 0.000000000000000000, -55.99999999999999289, 80.00000000000000000 ) ) ;
#1366 = VECTOR ( 'NONE', #3430, 1000.000000000000000 ) ;
#1367 = PLANE ( 'NONE',  #1745 ) ;
#1368 = LINE ( 'NONE', #3869, #3718 ) ;
#1369 = VECTOR ( 'NONE', #3948, 1000.000000000000000 ) ;
#1370 = ORIENTED_EDGE ( 'NONE', *, *, #2848, .T. ) ;
#1371 = EDGE_LOOP ( 'NONE', ( #3544, #1617, #2164, #50, #2363, #2515, #3629, #3960 ) ) ;
#1372 = PLANE ( 'NONE',  #2353 ) ;
#1373 = CARTESIAN_POINT ( 'NONE',  ( -5.000000000000014211, 56.00000000000000711, 91.00000000000000000 ) ) ;
#1374 = AXIS2_PLACEMENT_3D ( 'NONE', #518, #496, #1744 ) ;
#1375 = CARTESIAN_POINT ( 'NONE',  ( -50.39999999999996305, -33.59999999999996589, 45.00000000000000000 ) ) ;
#1376 = EDGE_CURVE ( 'NONE', #2387, #982, #1565, .T. ) ;
#1377 = VECTOR ( 'NONE', #870, 1000.000000000000000 ) ;
#1378 = ORIENTED_EDGE ( 'NONE', *, *, #672, .F. ) ;
#1379 = FACE_BOUND ( 'NONE', #2946, .T. ) ;
#1380 = DIRECTION ( 'NONE',  ( 0.000000000000000000, 0.000000000000000000, 1.000000000000000000 ) ) ;
#1381 = ORIENTED_EDGE ( 'NONE', *, *, #3097, .T. ) ;
#1382 = DIRECTION ( 'NONE',  ( 0.000000000000000000, 0.000000000000000000, -1.000000000000000000 ) ) ;
#1383 = EDGE_CURVE ( 'NONE', #1122, #2786, #1945, .T. ) ;
#1384 = ORIENTED_EDGE ( 'NONE', *, *, #483, .T. ) ;
#1385 = FACE_OUTER_BOUND ( 'NONE', #2517, .T. ) ;
#1386 = ORIENTED_EDGE ( 'NONE', *, *, #3380, .F. ) ;
#1387 = DIRECTION ( 'NONE',  ( -0.000000000000000000, -0.000000000000000000, 1.000000000000000000 ) ) ;
#1388 = EDGE_CURVE ( 'NONE', #2481, #92, #1831, .T. ) ;
#1389 = CARTESIAN_POINT ( 'NONE',  ( 0.000000000000000000, 0.000000000000000000, 51.00000000000000711 ) ) ;
#1390 = CARTESIAN_POINT ( 'NONE',  ( -75.00000000000004263, 56.99999999999997158, 5.000000000000000000 ) ) ;
#1391 = LINE ( 'NONE', #442, #1497 ) ;
#1392 = ORIENTED_EDGE ( 'NONE', *, *, #2226, .T. ) ;
#1393 = EDGE_LOOP ( 'NONE', ( #1589, #2589 ) ) ;
#1394 = DIRECTION ( 'NONE',  ( 0.000000000000000000, 0.000000000000000000, 1.000000000000000000 ) ) ;
#1395 = CARTESIAN_POINT ( 'NONE',  ( -14.99999999999999289, -28.59999999999996945, 40.00000000000000000 ) ) ;
#1396 = LINE ( 'NONE', #2700, #1619 ) ;
#1397 = ORIENTED_EDGE ( 'NONE', *, *, #1383, .F. ) ;
#1398 = CARTESIAN_POINT ( 'NONE',  ( 0.000000000000000000, 0.000000000000000000, 5.000000000000000000 ) ) ;
#1399 = DIRECTION ( 'NONE',  ( -0.000000000000000000, -0.000000000000000000, 1.000000000000000000 ) ) ;
#1400 = VERTEX_POINT ( 'NONE', #3989 ) ;
#1401 = EDGE_CURVE ( 'NONE', #144, #3886, #3694, .T. ) ;
#1402 = DIRECTION ( 'NONE',  ( 1.577021341797097018E-15, 1.000000000000000000, -0.000000000000000000 ) ) ;
#1403 = ORIENTED_EDGE ( 'NONE', *, *, #3978, .T. ) ;
#1404 = DIRECTION ( 'NONE',  ( -0.000000000000000000, 0.000000000000000000, -1.000000000000000000 ) ) ;
#1405 = ORIENTED_EDGE ( 'NONE', *, *, #3861, .F. ) ;
#1406 = ADVANCED_FACE ( 'NONE', ( #1179 ), #2427, .F. ) ;
#1407 = DIRECTION ( 'NONE',  ( 1.000000000000000000, 0.000000000000000000, -0.000000000000000000 ) ) ;
#1408 = CARTESIAN_POINT ( 'NONE',  ( -65.39999999999997726, 51.00000000000000000, 51.00000000000000711 ) ) ;
#1409 = LINE ( 'NONE', #1771, #3381 ) ;
#1410 = ADVANCED_FACE ( 'NONE', ( #276 ), #1526, .F. ) ;
#1411 = LINE ( 'NONE', #2655, #2408 ) ;
#1412 = ORIENTED_EDGE ( 'NONE', *, *, #1203, .T. ) ;
#1413 = VERTEX_POINT ( 'NONE', #1000 ) ;
#1414 = CARTESIAN_POINT ( 'NONE',  ( 0.000000000000000000, 33.59999999999995168, 40.00000000000000000 ) ) ;
#1415 = EDGE_CURVE ( 'NONE', #2291, #1066, #3776, .T. ) ;
#1416 = CARTESIAN_POINT ( 'NONE',  ( -11.00000000000000178, -50.99999999999998579, 5.000000000000000000 ) ) ;
#1417 = ORIENTED_EDGE ( 'NONE', *, *, #1302, .T. ) ;
#1418 = DIRECTION ( 'NONE',  ( -1.000000000000000000, -8.673617379884034239E-17, 0.000000000000000000 ) ) ;
#1419 = LINE ( 'NONE', #2953, #3273 ) ;
#1420 = VERTEX_POINT ( 'NONE', #52 ) ;
#1421 = VECTOR ( 'NONE', #1475, 1000.000000000000000 ) ;
#1422 = VERTEX_POINT ( 'NONE', #1975 ) ;
#1423 = DIRECTION ( 'NONE',  ( 0.000000000000000000, 0.000000000000000000, 1.000000000000000000 ) ) ;
#1424 = AXIS2_PLACEMENT_3D ( 'NONE', #240, #880, #1546 ) ;
#1425 = ORIENTED_EDGE ( 'NONE', *, *, #1104, .F. ) ;
#1426 = DIRECTION ( 'NONE',  ( -0.000000000000000000, -0.000000000000000000, 1.000000000000000000 ) ) ;
#1427 = PRESENTATION_LAYER_ASSIGNMENT (  '', '', ( #1616 ) ) ;
#1428 = EDGE_CURVE ( 'NONE', #190, #3174, #186, .T. ) ;
#1429 = EDGE_LOOP ( 'NONE', ( #1794, #479 ) ) ;
#1430 = DIRECTION ( 'NONE',  ( -0.000000000000000000, -0.000000000000000000, -1.000000000000000000 ) ) ;
#1431 = VECTOR ( 'NONE', #2988, 1000.000000000000000 ) ;
#1432 = CARTESIAN_POINT ( 'NONE',  ( -33.39999999999998437, -43.59999999999997300, 49.00000000000000000 ) ) ;
#1433 = EDGE_CURVE ( 'NONE', #1596, #1151, #3141, .T. ) ;
#1434 = VECTOR ( 'NONE', #780, 1000.000000000000000 ) ;
#1435 = ORIENTED_EDGE ( 'NONE', *, *, #399, .T. ) ;
#1436 = CARTESIAN_POINT ( 'NONE',  ( -5.000000000000012434, 51.00000000000000711, 45.00000000000000000 ) ) ;
#1437 = LINE ( 'NONE', #2489, #2989 ) ;
#1438 = DIRECTION ( 'NONE',  ( -0.000000000000000000, -0.000000000000000000, -1.000000000000000000 ) ) ;
#1439 = VECTOR ( 'NONE', #1299, 1000.000000000000000 ) ;
#1440 = EDGE_CURVE ( 'NONE', #771, #2594, #3773, .T. ) ;
#1441 = ORIENTED_EDGE ( 'NONE', *, *, #1111, .F. ) ;
#1442 = VECTOR ( 'NONE', #2236, 1000.000000000000000 ) ;
#1443 = CARTESIAN_POINT ( 'NONE',  ( -5.000000000000000000, -50.99999999999999289, 45.00000000000000000 ) ) ;
#1444 = DIRECTION ( 'NONE',  ( 0.000000000000000000, -0.000000000000000000, -1.000000000000000000 ) ) ;
#1445 = VECTOR ( 'NONE', #4003, 1000.000000000000000 ) ;
#1446 = ORIENTED_EDGE ( 'NONE', *, *, #3354, .T. ) ;
#1447 = DIRECTION ( 'NONE',  ( 0.000000000000000000, 0.000000000000000000, -1.000000000000000000 ) ) ;
#1448 = VECTOR ( 'NONE', #2494, 1000.000000000000000 ) ;
#1449 = EDGE_LOOP ( 'NONE', ( #3527, #219, #806, #3739 ) ) ;
#1450 = CARTESIAN_POINT ( 'NONE',  ( -5.000000000000000000, 50.99999999999999289, 5.000000000000000000 ) ) ;
#1451 = DIRECTION ( 'NONE',  ( -0.000000000000000000, -0.000000000000000000, 1.000000000000000000 ) ) ;
#1452 = FACE_BOUND ( 'NONE', #1371, .T. ) ;
#1453 = EDGE_CURVE ( 'NONE', #3998, #1765, #2587, .T. ) ;
#1454 = ORIENTED_EDGE ( 'NONE', *, *, #621, .T. ) ;
#1455 = DIRECTION ( 'NONE',  ( 0.000000000000000000, -1.000000000000000000, -5.782411586589351722E-16 ) ) ;
#1456 = CARTESIAN_POINT ( 'NONE',  ( -42.00000000000004974, 43.59999999999995168, 40.00000000000000000 ) ) ;
#1457 = PLANE ( 'NONE',  #1811 ) ;
#1458 = EDGE_CURVE ( 'NONE', #306, #3467, #2993, .T. ) ;
#1459 = ORIENTED_EDGE ( 'NONE', *, *, #571, .T. ) ;
#1460 = CARTESIAN_POINT ( 'NONE',  ( -52.00000000000004974, 43.59999999999995879, 183.0970416646374588 ) ) ;
#1461 = CARTESIAN_POINT ( 'NONE',  ( -50.39999999999997016, 28.59999999999995524, 0.000000000000000000 ) ) ;
#1462 = EDGE_CURVE ( 'NONE', #228, #1540, #1892, .T. ) ;
#1463 = ORIENTED_EDGE ( 'NONE', *, *, #222, .F. ) ;
#1464 = LINE ( 'NONE', #460, #2683 ) ;
#1465 = ORIENTED_EDGE ( 'NONE', *, *, #2364, .T. ) ;
#1466 = CARTESIAN_POINT ( 'NONE',  ( -70.50000000000004263, 53.99999999999997158, 5.000000000000000000 ) ) ;
#1467 = FACE_OUTER_BOUND ( 'NONE', #694, .T. ) ;
#1468 = LINE ( 'NONE', #3003, #2077 ) ;
#1469 = ORIENTED_EDGE ( 'NONE', *, *, #2103, .F. ) ;
#1470 = FACE_OUTER_BOUND ( 'NONE', #2045, .T. ) ;
#1471 = DIRECTION ( 'NONE',  ( 1.000000000000000000, 0.000000000000000000, 0.000000000000000000 ) ) ;
#1472 = CARTESIAN_POINT ( 'NONE',  ( -50.39999999999996305, -33.59999999999996589, 5.000000000000000000 ) ) ;
#1473 = EDGE_CURVE ( 'NONE', #3372, #2872, #1362, .T. ) ;
#1474 = ORIENTED_EDGE ( 'NONE', *, *, #352, .T. ) ;
#1475 = DIRECTION ( 'NONE',  ( -1.000000000000000000, -8.673617379884034239E-17, -0.000000000000000000 ) ) ;
#1476 = DIRECTION ( 'NONE',  ( 0.000000000000000000, 0.000000000000000000, 1.000000000000000000 ) ) ;
#1477 = EDGE_CURVE ( 'NONE', #2454, #927, #76, .T. ) ;
#1478 = ORIENTED_EDGE ( 'NONE', *, *, #3132, .T. ) ;
#1479 = DIRECTION ( 'NONE',  ( -0.000000000000000000, -0.000000000000000000, -1.000000000000000000 ) ) ;
#1480 = ORIENTED_EDGE ( 'NONE', *, *, #1228, .F. ) ;
#1481 = AXIS2_PLACEMENT_3D ( 'NONE', #1398, #14, #409 ) ;
#1482 = CARTESIAN_POINT ( 'NONE',  ( -5.000000000000004441, -56.99999999999997868, 5.000000000000000000 ) ) ;
#1483 = ORIENTED_EDGE ( 'NONE', *, *, #1272, .F. ) ;
#1484 = VECTOR ( 'NONE', #1736, 1000.000000000000000 ) ;
#1485 = LINE ( 'NONE', #2731, #365 ) ;
#1486 = CARTESIAN_POINT ( 'NONE',  ( 0.000000000000000000, 0.000000000000000000, 51.00000000000000711 ) ) ;
#1487 = VECTOR ( 'NONE', #778, 1000.000000000000000 ) ;
#1488 = VERTEX_POINT ( 'NONE', #3179 ) ;
#1489 = DIRECTION ( 'NONE',  ( 1.000000000000000000, 1.819640009765883753E-16, 0.000000000000000000 ) ) ;
#1490 = AXIS2_PLACEMENT_3D ( 'NONE', #1954, #1644, #2523 ) ;
#1491 = DIRECTION ( 'NONE',  ( 0.000000000000000000, 0.000000000000000000, -1.000000000000000000 ) ) ;
#1492 = DIRECTION ( 'NONE',  ( -1.577021341797097018E-15, 1.000000000000000000, 0.000000000000000000 ) ) ;
#1493 = VECTOR ( 'NONE', #644, 1000.000000000000000 ) ;
#1494 = ORIENTED_EDGE ( 'NONE', *, *, #4028, .F. ) ;
#1495 = DIRECTION ( 'NONE',  ( -0.000000000000000000, 1.000000000000000000, -0.000000000000000000 ) ) ;
#1496 = CYLINDRICAL_SURFACE ( 'NONE', #3277, 1.500000000000001332 ) ;
#1497 = VECTOR ( 'NONE', #2023, 1000.000000000000000 ) ;
#1498 = EDGE_CURVE ( 'NONE', #92, #1801, #508, .T. ) ;
#1499 = VECTOR ( 'NONE', #854, 1000.000000000000000 ) ;
#1500 = ORIENTED_EDGE ( 'NONE', *, *, #621, .F. ) ;
#1501 = DIRECTION ( 'NONE',  ( 0.000000000000000000, 0.000000000000000000, -1.000000000000000000 ) ) ;
#1502 = EDGE_LOOP ( 'NONE', ( #721, #132 ) ) ;
#1503 = CIRCLE ( 'NONE', #986, 4.999999999999997335 ) ;
#1504 = LINE ( 'NONE', #4005, #194 ) ;
#1505 = EDGE_CURVE ( 'NONE', #2306, #2781, #3514, .T. ) ;
#1506 = ORIENTED_EDGE ( 'NONE', *, *, #2974, .T. ) ;
#1507 = VECTOR ( 'NONE', #1763, 1000.000000000000000 ) ;
#1508 = CARTESIAN_POINT ( 'NONE',  ( -69.00000000000002842, 56.99999999999997158, 5.000000000000000000 ) ) ;
#1509 = CARTESIAN_POINT ( 'NONE',  ( 0.000000000000000000, -33.59999999999996589, 40.00000000000000000 ) ) ;
#1510 = EDGE_CURVE ( 'NONE', #2889, #92, #1662, .T. ) ;
#1511 = EDGE_LOOP ( 'NONE', ( #1204, #3512, #3454, #2919, #31, #3355 ) ) ;
#1512 = DIRECTION ( 'NONE',  ( 0.000000000000000000, 0.000000000000000000, -1.000000000000000000 ) ) ;
#1513 = DIRECTION ( 'NONE',  ( -0.000000000000000000, -0.000000000000000000, -1.000000000000000000 ) ) ;
#1514 = DIRECTION ( 'NONE',  ( -0.000000000000000000, -0.000000000000000000, 1.000000000000000000 ) ) ;
#1515 = ORIENTED_EDGE ( 'NONE', *, *, #3275, .F. ) ;
#1516 = PLANE ( 'NONE',  #1027 ) ;
#1517 = FACE_OUTER_BOUND ( 'NONE', #3535, .T. ) ;
#1518 = ORIENTED_EDGE ( 'NONE', *, *, #1453, .T. ) ;
#1519 = EDGE_CURVE ( 'NONE', #3886, #2074, #2852, .T. ) ;
#1520 = CARTESIAN_POINT ( 'NONE',  ( -11.00000000000000355, 56.99999999999997868, 5.000000000000000000 ) ) ;
#1521 = ORIENTED_EDGE ( 'NONE', *, *, #3618, .F. ) ;
#1522 = CARTESIAN_POINT ( 'NONE',  ( -52.00000000000004974, 51.00000000000000711, 80.00000000000000000 ) ) ;
#1523 = ORIENTED_EDGE ( 'NONE', *, *, #3861, .T. ) ;
#1524 = EDGE_CURVE ( 'NONE', #3504, #771, #33, .T. ) ;
#1525 = CARTESIAN_POINT ( 'NONE',  ( -65.39999999999999147, 46.60000000000000142, 51.00000000000000711 ) ) ;
#1526 = PLANE ( 'NONE',  #2464 ) ;
#1527 = LINE ( 'NONE', #3061, #3126 ) ;
#1528 = EDGE_CURVE ( 'NONE', #2281, #2345, #2604, .T. ) ;
#1529 = ORIENTED_EDGE ( 'NONE', *, *, #3834, .T. ) ;
#1530 = PLANE ( 'NONE',  #724 ) ;
#1531 = CARTESIAN_POINT ( 'NONE',  ( -50.39999999999996305, -33.59999999999996589, 0.000000000000000000 ) ) ;
#1532 = DIRECTION ( 'NONE',  ( 1.000000000000000000, 0.000000000000000000, 0.000000000000000000 ) ) ;
#1533 = ORIENTED_EDGE ( 'NONE', *, *, #2129, .F. ) ;
#1534 = DIRECTION ( 'NONE',  ( -1.000000000000000000, -8.673617379884034239E-17, -0.000000000000000000 ) ) ;
#1535 = CARTESIAN_POINT ( 'NONE',  ( -5.000000000000014211, 56.00000000000000711, 45.00000000000000000 ) ) ;
#1536 = ORIENTED_EDGE ( 'NONE', *, *, #2080, .T. ) ;
#1537 = CARTESIAN_POINT ( 'NONE',  ( -29.79444872453598236, -43.59999999999997300, 11.00000000000000000 ) ) ;
#1538 = ORIENTED_EDGE ( 'NONE', *, *, #2854, .F. ) ;
#1539 = FACE_OUTER_BOUND ( 'NONE', #2217, .T. ) ;
#1540 = VERTEX_POINT ( 'NONE', #3444 ) ;
#1541 = LINE ( 'NONE', #3081, #1092 ) ;
#1542 = CARTESIAN_POINT ( 'NONE',  ( -5.000000000000014211, 51.50000000000000711, 51.00000000000000711 ) ) ;
#1543 = EDGE_CURVE ( 'NONE', #3864, #28, #1930, .T. ) ;
#1544 = VERTEX_POINT ( 'NONE', #1280 ) ;
#1545 = PLANE ( 'NONE',  #3660 ) ;
#1546 = DIRECTION ( 'NONE',  ( 1.000000000000000000, 0.000000000000000000, 0.000000000000000000 ) ) ;
#1547 = AXIS2_PLACEMENT_3D ( 'NONE', #3970, #548, #1126 ) ;
#1548 = DIRECTION ( 'NONE',  ( 1.000000000000000000, -0.000000000000000000, -0.000000000000000000 ) ) ;
#1549 = EDGE_CURVE ( 'NONE', #3419, #1556, #2224, .T. ) ;
#1550 = CIRCLE ( 'NONE', #3445, 4.999999999999993783 ) ;
#1551 = ORIENTED_EDGE ( 'NONE', *, *, #2658, .T. ) ;
#1552 = PLANE ( 'NONE',  #1110 ) ;
#1553 = DIRECTION ( 'NONE',  ( -1.000000000000000000, -1.577021341797096821E-15, 0.000000000000000000 ) ) ;
#1554 = VECTOR ( 'NONE', #489, 1000.000000000000000 ) ;
#1555 = EDGE_CURVE ( 'NONE', #2653, #2148, #3161, .T. ) ;
#1556 = VERTEX_POINT ( 'NONE', #2878 ) ;
#1557 = CIRCLE ( 'NONE', #578, 1.500000000000001332 ) ;
#1558 = LINE ( 'NONE', #3075, #1445 ) ;
#1559 = ORIENTED_EDGE ( 'NONE', *, *, #3482, .T. ) ;
#1560 = CARTESIAN_POINT ( 'NONE',  ( -75.00000000000000000, 51.00000000000000000, 51.00000000000000711 ) ) ;
#1561 = AXIS2_PLACEMENT_3D ( 'NONE', #2076, #581, #558 ) ;
#1562 = VERTEX_POINT ( 'NONE', #363 ) ;
#1563 = DIRECTION ( 'NONE',  ( 1.000000000000000000, 0.000000000000000000, 0.000000000000000000 ) ) ;
#1564 = VECTOR ( 'NONE', #2620, 1000.000000000000000 ) ;
#1565 = LINE ( 'NONE', #1509, #3255 ) ;
#1566 = VECTOR ( 'NONE', #170, 1000.000000000000000 ) ;
#1567 = EDGE_LOOP ( 'NONE', ( #2997, #890, #2973, #330 ) ) ;
#1568 = DIRECTION ( 'NONE',  ( 1.000000000000000000, 9.912705577010329247E-17, 0.000000000000000000 ) ) ;
#1569 = FACE_BOUND ( 'NONE', #1429, .T. ) ;
#1570 = EDGE_CURVE ( 'NONE', #164, #768, #2514, .T. ) ;
#1571 = CARTESIAN_POINT ( 'NONE',  ( -60.00000000000005684, -50.99999999999998579, 143.0970416646374872 ) ) ;
#1572 = ORIENTED_EDGE ( 'NONE', *, *, #1272, .T. ) ;
#1573 = DIRECTION ( 'NONE',  ( -1.000000000000000000, 0.000000000000000000, -0.000000000000000000 ) ) ;
#1574 = CARTESIAN_POINT ( 'NONE',  ( -5.000000000000030198, -51.50000000000000711, 51.00000000000000711 ) ) ;
#1575 = EDGE_CURVE ( 'NONE', #2234, #28, #1654, .T. ) ;
#1576 = CARTESIAN_POINT ( 'NONE',  ( -5.000000000000000000, -55.99999999999999289, 80.00000000000000000 ) ) ;
#1577 = ORIENTED_EDGE ( 'NONE', *, *, #3049, .F. ) ;
#1578 = CARTESIAN_POINT ( 'NONE',  ( -69.00000000000002842, -56.99999999999997158, 5.000000000000000000 ) ) ;
#1579 = EDGE_CURVE ( 'NONE', #1005, #1420, #1009, .T. ) ;
#1580 = ORIENTED_EDGE ( 'NONE', *, *, #3405, .T. ) ;
#1581 = CARTESIAN_POINT ( 'NONE',  ( -5.000000000000014211, 56.00000000000000711, 51.00000000000000711 ) ) ;
#1582 = ORIENTED_EDGE ( 'NONE', *, *, #1153, .F. ) ;
#1583 = CARTESIAN_POINT ( 'NONE',  ( -65.39999999999997726, -46.59999999999997300, 9.000000000000000000 ) ) ;
#1584 = DIRECTION ( 'NONE',  ( -1.000000000000000000, -1.213093339843922584E-16, 0.000000000000000000 ) ) ;
#1585 = EDGE_LOOP ( 'NONE', ( #797, #1675, #752, #2509 ) ) ;
#1586 = CARTESIAN_POINT ( 'NONE',  ( -3.154072573846893698E-14, -56.00000000000000711, 91.00000000000000000 ) ) ;
#1587 = PLANE ( 'NONE',  #2137 ) ;
#1588 = CARTESIAN_POINT ( 'NONE',  ( -75.00000000000000000, 51.00000000000000000, 51.00000000000000711 ) ) ;
#1589 = ORIENTED_EDGE ( 'NONE', *, *, #3021, .F. ) ;
#1590 = EDGE_LOOP ( 'NONE', ( #136, #4017, #2957, #1018 ) ) ;
#1591 = CARTESIAN_POINT ( 'NONE',  ( -5.000000000000012434, 51.50000000000000711, 45.00000000000000000 ) ) ;
#1592 = DIRECTION ( 'NONE',  ( 0.000000000000000000, -0.000000000000000000, 1.000000000000000000 ) ) ;
#1593 = LINE ( 'NONE', #3746, #3800 ) ;
#1594 = DIRECTION ( 'NONE',  ( 0.000000000000000000, 0.000000000000000000, -1.000000000000000000 ) ) ;
#1595 = ADVANCED_FACE ( 'NONE', ( #407 ), #1271, .F. ) ;
#1596 = VERTEX_POINT ( 'NONE', #700 ) ;
#1597 = CARTESIAN_POINT ( 'NONE',  ( -8.000000000000017764, 53.99999999999998579, 0.000000000000000000 ) ) ;
#1598 = ORIENTED_EDGE ( 'NONE', *, *, #2328, .F. ) ;
#1599 = DIRECTION ( 'NONE',  ( 1.000000000000000000, 8.673617379884034239E-17, 0.000000000000000000 ) ) ;
#1600 = EDGE_CURVE ( 'NONE', #3502, #3281, #1050, .T. ) ;
#1601 = ORIENTED_EDGE ( 'NONE', *, *, #788, .T. ) ;
#1602 = CARTESIAN_POINT ( 'NONE',  ( -5.000000000000000000, -50.99999999999999289, 0.000000000000000000 ) ) ;
#1603 = CARTESIAN_POINT ( 'NONE',  ( -70.50000000000002842, -53.99999999999998579, 0.000000000000000000 ) ) ;
#1604 = VERTEX_POINT ( 'NONE', #1904 ) ;
#1605 = CARTESIAN_POINT ( 'NONE',  ( -42.00000000000004974, 51.00000000000000711, 80.00000000000000000 ) ) ;
#1606 = DIRECTION ( 'NONE',  ( -1.000000000000000000, -1.224646799147353207E-16, 0.000000000000000000 ) ) ;
#1607 = DIRECTION ( 'NONE',  ( -0.000000000000000000, -0.000000000000000000, -1.000000000000000000 ) ) ;
#1608 = VECTOR ( 'NONE', #2101, 1000.000000000000000 ) ;
#1609 = VERTEX_POINT ( 'NONE', #3193 ) ;
#1610 = VERTEX_POINT ( 'NONE', #2823 ) ;
#1611 = LINE ( 'NONE', #1920, #2545 ) ;
#1612 = VECTOR ( 'NONE', #3213, 1000.000000000000000 ) ;
#1613 = CARTESIAN_POINT ( 'NONE',  ( -75.00000000000005684, -50.99999999999998579, 5.000000000000000000 ) ) ;
#1614 =( NAMED_UNIT ( * ) SI_UNIT ( $, .STERADIAN. ) SOLID_ANGLE_UNIT ( ) );
#1615 = DIRECTION ( 'NONE',  ( -0.000000000000000000, -1.000000000000000000, -0.000000000000000000 ) ) ;
#1616 = STYLED_ITEM ( 'NONE', ( #3244 ), #1237 ) ;
#1617 = ORIENTED_EDGE ( 'NONE', *, *, #1376, .F. ) ;
#1618 = DIRECTION ( 'NONE',  ( 1.000000000000000000, 0.000000000000000000, 0.000000000000000000 ) ) ;
#1619 = VECTOR ( 'NONE', #3279, 1000.000000000000000 ) ;
#1620 = EDGE_LOOP ( 'NONE', ( #332, #157, #2445, #233 ) ) ;
#1621 = EDGE_CURVE ( 'NONE', #2593, #618, #1881, .T. ) ;
#1622 = CARTESIAN_POINT ( 'NONE',  ( -1.371604415045035710E-14, 56.00000000000000711, 0.000000000000000000 ) ) ;
#1623 = AXIS2_PLACEMENT_3D ( 'NONE', #1121, #1060, #2979 ) ;
#1624 = ORIENTED_EDGE ( 'NONE', *, *, #3593, .T. ) ;
#1625 = DIRECTION ( 'NONE',  ( 1.000000000000000000, -0.000000000000000000, -0.000000000000000000 ) ) ;
#1626 = EDGE_CURVE ( 'NONE', #3858, #323, #2598, .T. ) ;
#1627 = CIRCLE ( 'NONE', #2676, 4.999999999999993783 ) ;
#1628 = AXIS2_PLACEMENT_3D ( 'NONE', #2142, #3310, #1455 ) ;
#1629 = VERTEX_POINT ( 'NONE', #1638 ) ;
#1630 = CARTESIAN_POINT ( 'NONE',  ( -5.000000000000012434, 51.50000000000000711, 85.00000000000000000 ) ) ;
#1631 = EDGE_CURVE ( 'NONE', #2885, #2819, #2533, .T. ) ;
#1632 = DIRECTION ( 'NONE',  ( 0.000000000000000000, 0.000000000000000000, 1.000000000000000000 ) ) ;
#1633 = VECTOR ( 'NONE', #2095, 1000.000000000000000 ) ;
#1634 = ORIENTED_EDGE ( 'NONE', *, *, #3747, .F. ) ;
#1635 = ORIENTED_EDGE ( 'NONE', *, *, #2803, .T. ) ;
#1636 = PLANE ( 'NONE',  #911 ) ;
#1637 = DIRECTION ( 'NONE',  ( -1.489033026589534369E-16, 1.000000000000000000, -0.000000000000000000 ) ) ;
#1638 = CARTESIAN_POINT ( 'NONE',  ( -55.39999999999997016, 28.59999999999995524, 85.00000000000000000 ) ) ;
#1639 = ORIENTED_EDGE ( 'NONE', *, *, #2147, .F. ) ;
#1640 = DIRECTION ( 'NONE',  ( -0.000000000000000000, -0.000000000000000000, -1.000000000000000000 ) ) ;
#1641 = VERTEX_POINT ( 'NONE', #2867 ) ;
#1642 = CARTESIAN_POINT ( 'NONE',  ( -75.00000000000000000, 51.00000000000000000, 11.00000000000000000 ) ) ;
#1643 = EDGE_LOOP ( 'NONE', ( #3688, #3239 ) ) ;
#1644 = DIRECTION ( 'NONE',  ( -0.000000000000000000, 0.000000000000000000, -1.000000000000000000 ) ) ;
#1645 = LINE ( 'NONE', #1038, #782 ) ;
#1646 = EDGE_CURVE ( 'NONE', #3794, #2977, #3500, .T. ) ;
#1647 = EDGE_LOOP ( 'NONE', ( #1275, #690, #1059, #3033, #3094, #262 ) ) ;
#1648 = LINE ( 'NONE', #1979, #635 ) ;
#1649 = DIRECTION ( 'NONE',  ( 0.000000000000000000, 0.000000000000000000, 1.000000000000000000 ) ) ;
#1650 = EDGE_CURVE ( 'NONE', #1339, #8, #725, .T. ) ;
#1651 = ORIENTED_EDGE ( 'NONE', *, *, #1223, .F. ) ;
#1652 = ORIENTED_EDGE ( 'NONE', *, *, #1646, .T. ) ;
#1653 = CARTESIAN_POINT ( 'NONE',  ( -5.000000000000031974, -56.00000000000000711, 11.00000000000000000 ) ) ;
#1654 = LINE ( 'NONE', #2215, #3782 ) ;
#1655 = ADVANCED_FACE ( 'NONE', ( #3852 ), #3434, .F. ) ;
#1656 = ORIENTED_EDGE ( 'NONE', *, *, #1453, .F. ) ;
#1657 = LINE ( 'NONE', #3118, #3839 ) ;
#1658 = PLANE ( 'NONE',  #917 ) ;
#1659 = ORIENTED_EDGE ( 'NONE', *, *, #404, .T. ) ;
#1660 = CARTESIAN_POINT ( 'NONE',  ( -5.000000000000000000, -50.99999999999999289, 80.00000000000000000 ) ) ;
#1661 = ORIENTED_EDGE ( 'NONE', *, *, #494, .T. ) ;
#1662 = LINE ( 'NONE', #978, #1036 ) ;
#1663 = CARTESIAN_POINT ( 'NONE',  ( -5.000000000000014211, 56.00000000000000711, 85.00000000000000000 ) ) ;
#1664 = ORIENTED_EDGE ( 'NONE', *, *, #3853, .F. ) ;
#1665 = CARTESIAN_POINT ( 'NONE',  ( -55.39999999999996305, -28.59999999999996945, 0.000000000000000000 ) ) ;
#1666 = CARTESIAN_POINT ( 'NONE',  ( -65.39999999999997726, -46.59999999999998010, 85.00000000000000000 ) ) ;
#1667 = ADVANCED_FACE ( 'NONE', ( #389 ), #3131, .F. ) ;
#1668 = ORIENTED_EDGE ( 'NONE', *, *, #2099, .T. ) ;
#1669 = ORIENTED_EDGE ( 'NONE', *, *, #329, .F. ) ;
#1670 = CARTESIAN_POINT ( 'NONE',  ( -5.000000000000030198, -51.50000000000000711, 51.00000000000000711 ) ) ;
#1671 = DIRECTION ( 'NONE',  ( 1.000000000000000000, 0.000000000000000000, 0.000000000000000000 ) ) ;
#1672 = CARTESIAN_POINT ( 'NONE',  ( -1.371604415045035710E-14, 56.00000000000000711, 85.00000000000000000 ) ) ;
#1673 = EDGE_CURVE ( 'NONE', #69, #1011, #2538, .T. ) ;
#1674 = AXIS2_PLACEMENT_3D ( 'NONE', #884, #1817, #924 ) ;
#1675 = ORIENTED_EDGE ( 'NONE', *, *, #3944, .T. ) ;
#1676 = DIRECTION ( 'NONE',  ( -0.000000000000000000, -0.000000000000000000, -1.000000000000000000 ) ) ;
#1677 = CARTESIAN_POINT ( 'NONE',  ( -33.39999999999997016, -50.99999999999998579, 11.00000000000000000 ) ) ;
#1678 = EDGE_LOOP ( 'NONE', ( #3517, #656, #2109, #3867 ) ) ;
#1679 = EDGE_CURVE ( 'NONE', #1145, #306, #67, .T. ) ;
#1680 = AXIS2_PLACEMENT_3D ( 'NONE', #2775, #3995, #4031 ) ;
#1681 = DIRECTION ( 'NONE',  ( -1.000000000000000000, -8.673617379884034239E-17, -0.000000000000000000 ) ) ;
#1682 = VERTEX_POINT ( 'NONE', #2256 ) ;
#1683 = VECTOR ( 'NONE', #293, 1000.000000000000000 ) ;
#1684 = CARTESIAN_POINT ( 'NONE',  ( -6.500000000000015987, 53.99999999999998579, 0.000000000000000000 ) ) ;
#1685 = ORIENTED_EDGE ( 'NONE', *, *, #2129, .T. ) ;
#1686 = CYLINDRICAL_SURFACE ( 'NONE', #3594, 1.500000000000001332 ) ;
#1687 = AXIS2_PLACEMENT_3D ( 'NONE', #953, #688, #2200 ) ;
#1688 = CARTESIAN_POINT ( 'NONE',  ( -50.39999999999996305, -33.59999999999996589, 0.000000000000000000 ) ) ;
#1689 = VECTOR ( 'NONE', #2267, 1000.000000000000000 ) ;
#1690 = LINE ( 'NONE', #3887, #1748 ) ;
#1691 = CARTESIAN_POINT ( 'NONE',  ( -1.639234110326708464E-14, -51.50000000000000711, 11.00000000000000000 ) ) ;
#1692 = VECTOR ( 'NONE', #1152, 1000.000000000000000 ) ;
#1693 = VERTEX_POINT ( 'NONE', #87 ) ;
#1694 = EDGE_CURVE ( 'NONE', #3854, #2941, #1967, .T. ) ;
#1695 = ORIENTED_EDGE ( 'NONE', *, *, #3888, .F. ) ;
#1696 = LINE ( 'NONE', #447, #3182 ) ;
#1697 = AXIS2_PLACEMENT_3D ( 'NONE', #4013, #3937, #1141 ) ;
#1698 = CARTESIAN_POINT ( 'NONE',  ( -19.99999999999999289, -33.59999999999996589, 85.00000000000000000 ) ) ;
#1699 = VECTOR ( 'NONE', #2479, 1000.000000000000000 ) ;
#1700 = EDGE_CURVE ( 'NONE', #1715, #2975, #1026, .T. ) ;
#1701 = ORIENTED_EDGE ( 'NONE', *, *, #376, .T. ) ;
#1702 = FACE_BOUND ( 'NONE', #3249, .T. ) ;
#1703 = CARTESIAN_POINT ( 'NONE',  ( -5.000000000000012434, 51.00000000000000711, 80.00000000000000000 ) ) ;
#1704 = ORIENTED_EDGE ( 'NONE', *, *, #1898, .T. ) ;
#1705 = VECTOR ( 'NONE', #945, 1000.000000000000000 ) ;
#1706 = LINE ( 'NONE', #1642, #452 ) ;
#1707 = EDGE_CURVE ( 'NONE', #3808, #3477, #3214, .T. ) ;
#1708 = ORIENTED_EDGE ( 'NONE', *, *, #2359, .F. ) ;
#1709 = CARTESIAN_POINT ( 'NONE',  ( -5.000000000000014211, 56.00000000000000711, 45.00000000000000000 ) ) ;
#1710 = ORIENTED_EDGE ( 'NONE', *, *, #3021, .T. ) ;
#1711 = FACE_OUTER_BOUND ( 'NONE', #1585, .T. ) ;
#1712 = ORIENTED_EDGE ( 'NONE', *, *, #2530, .F. ) ;
#1713 = FILL_AREA_STYLE_COLOUR ( '', #2531 ) ;
#1714 = DIRECTION ( 'NONE',  ( 1.000000000000000000, 0.000000000000000000, 0.000000000000000000 ) ) ;
#1715 = VERTEX_POINT ( 'NONE', #2005 ) ;
#1716 = ORIENTED_EDGE ( 'NONE', *, *, #426, .T. ) ;
#1717 = LINE ( 'NONE', #3872, #1174 ) ;
#1718 = LINE ( 'NONE', #1108, #48 ) ;
#1719 = CARTESIAN_POINT ( 'NONE',  ( -33.39999999999997016, -50.99999999999999289, 85.00000000000000000 ) ) ;
#1720 = ORIENTED_EDGE ( 'NONE', *, *, #2767, .T. ) ;
#1721 = CARTESIAN_POINT ( 'NONE',  ( -69.00000000000002842, -56.99999999999997158, 0.000000000000000000 ) ) ;
#1722 = LINE ( 'NONE', #3897, #200 ) ;
#1723 = ORIENTED_EDGE ( 'NONE', *, *, #3280, .F. ) ;
#1724 = EDGE_CURVE ( 'NONE', #755, #3127, #3543, .T. ) ;
#1725 = ORIENTED_EDGE ( 'NONE', *, *, #2125, .T. ) ;
#1726 = CARTESIAN_POINT ( 'NONE',  ( -5.000000000000012434, 51.00000000000000711, 85.00000000000000000 ) ) ;
#1727 = ORIENTED_EDGE ( 'NONE', *, *, #2048, .F. ) ;
#1728 = CARTESIAN_POINT ( 'NONE',  ( 0.000000000000000000, 51.50000000000000711, 91.00000000000000000 ) ) ;
#1729 = EDGE_CURVE ( 'NONE', #2175, #3284, #2374, .T. ) ;
#1730 = CARTESIAN_POINT ( 'NONE',  ( -33.39999999999998437, -43.59999999999997300, 9.000000000000000000 ) ) ;
#1731 = CARTESIAN_POINT ( 'NONE',  ( -65.39999999999997726, -43.59999999999997300, 49.00000000000000000 ) ) ;
#1732 = DIRECTION ( 'NONE',  ( 0.000000000000000000, 0.000000000000000000, 1.000000000000000000 ) ) ;
#1733 = EDGE_CURVE ( 'NONE', #3333, #742, #3894, .T. ) ;
#1734 = ORIENTED_EDGE ( 'NONE', *, *, #135, .T. ) ;
#1735 = CARTESIAN_POINT ( 'NONE',  ( -65.39999999999997726, -46.59999999999998010, 5.000000000000000000 ) ) ;
#1736 = DIRECTION ( 'NONE',  ( 0.000000000000000000, 0.000000000000000000, -1.000000000000000000 ) ) ;
#1737 = LINE ( 'NONE', #3939, #1229 ) ;
#1738 = ORIENTED_EDGE ( 'NONE', *, *, #2699, .F. ) ;
#1739 = DIRECTION ( 'NONE',  ( 3.469446951953611231E-16, -1.000000000000000000, 0.000000000000000000 ) ) ;
#1740 = FACE_OUTER_BOUND ( 'NONE', #3309, .T. ) ;
#1741 = VECTOR ( 'NONE', #2138, 1000.000000000000000 ) ;
#1742 = EDGE_LOOP ( 'NONE', ( #2066, #1734, #3471, #3661 ) ) ;
#1743 = ADVANCED_FACE ( 'NONE', ( #745 ), #125, .F. ) ;
#1744 = DIRECTION ( 'NONE',  ( 1.213093339843922584E-16, -1.000000000000000000, 0.000000000000000000 ) ) ;
#1745 = AXIS2_PLACEMENT_3D ( 'NONE', #1343, #1606, #738 ) ;
#1746 = ORIENTED_EDGE ( 'NONE', *, *, #662, .T. ) ;
#1747 = DIRECTION ( 'NONE',  ( -1.000000000000000000, -0.000000000000000000, -0.000000000000000000 ) ) ;
#1748 = VECTOR ( 'NONE', #2942, 1000.000000000000000 ) ;
#1749 = EDGE_CURVE ( 'NONE', #82, #228, #188, .T. ) ;
#1750 = CARTESIAN_POINT ( 'NONE',  ( -14.99999999999999289, -28.59999999999996945, 85.00000000000000000 ) ) ;
#1751 = VECTOR ( 'NONE', #1514, 1000.000000000000000 ) ;
#1752 = CARTESIAN_POINT ( 'NONE',  ( 0.000000000000000000, -55.99999999999999289, 85.00000000000000000 ) ) ;
#1753 = VECTOR ( 'NONE', #740, 1000.000000000000000 ) ;
#1754 = ADVANCED_FACE ( 'NONE', ( #3916 ), #3253, .F. ) ;
#1755 = ORIENTED_EDGE ( 'NONE', *, *, #404, .F. ) ;
#1756 = DIRECTION ( 'NONE',  ( 0.000000000000000000, -1.000000000000000000, 0.000000000000000000 ) ) ;
#1757 = FACE_OUTER_BOUND ( 'NONE', #2696, .T. ) ;
#1758 = CARTESIAN_POINT ( 'NONE',  ( -75.00000000000000000, 51.00000000000000000, 45.00000000000000000 ) ) ;
#1759 = VECTOR ( 'NONE', #3636, 1000.000000000000000 ) ;
#1760 = ORIENTED_EDGE ( 'NONE', *, *, #3275, .T. ) ;
#1761 = VECTOR ( 'NONE', #3901, 1000.000000000000000 ) ;
#1762 = LINE ( 'NONE', #246, #237 ) ;
#1763 = DIRECTION ( 'NONE',  ( 1.000000000000000000, 0.000000000000000000, 0.000000000000000000 ) ) ;
#1764 = VECTOR ( 'NONE', #1640, 1000.000000000000000 ) ;
#1765 = VERTEX_POINT ( 'NONE', #2642 ) ;
#1766 = CARTESIAN_POINT ( 'NONE',  ( -20.00000000000000000, 33.59999999999995168, 80.00000000000000000 ) ) ;
#1767 = PRODUCT_DEFINITION_FORMATION_WITH_SPECIFIED_SOURCE ( 'ANY', '', #1298, .NOT_KNOWN. ) ;
#1768 = VERTEX_POINT ( 'NONE', #2337 ) ;
#1769 = DIRECTION ( 'NONE',  ( -0.000000000000000000, -0.000000000000000000, 1.000000000000000000 ) ) ;
#1770 = CARTESIAN_POINT ( 'NONE',  ( -5.000000000000012434, 51.00000000000000711, 45.00000000000000000 ) ) ;
#1771 = CARTESIAN_POINT ( 'NONE',  ( -5.000000000000000000, -50.99999999999999289, 85.00000000000000000 ) ) ;
#1772 = EDGE_CURVE ( 'NONE', #2839, #1850, #1737, .T. ) ;
#1773 = ORIENTED_EDGE ( 'NONE', *, *, #1144, .F. ) ;
#1774 = DIRECTION ( 'NONE',  ( -0.000000000000000000, -0.000000000000000000, 1.000000000000000000 ) ) ;
#1775 = DIRECTION ( 'NONE',  ( 0.000000000000000000, 0.000000000000000000, -1.000000000000000000 ) ) ;
#1776 = FACE_OUTER_BOUND ( 'NONE', #759, .T. ) ;
#1777 = ADVANCED_FACE ( 'NONE', ( #808 ), #2684, .F. ) ;
#1778 = ORIENTED_EDGE ( 'NONE', *, *, #1621, .T. ) ;
#1779 = PLANE ( 'NONE',  #2395 ) ;
#1780 = DIRECTION ( 'NONE',  ( -1.000000000000000000, -0.000000000000000000, -0.000000000000000000 ) ) ;
#1781 = ORIENTED_EDGE ( 'NONE', *, *, #3830, .F. ) ;
#1782 = CARTESIAN_POINT ( 'NONE',  ( -75.00000000000004263, -56.99999999999997158, 5.000000000000000000 ) ) ;
#1783 = ORIENTED_EDGE ( 'NONE', *, *, #3991, .T. ) ;
#1784 = PLANE ( 'NONE',  #1561 ) ;
#1785 = ORIENTED_EDGE ( 'NONE', *, *, #1057, .T. ) ;
#1786 = CYLINDRICAL_SURFACE ( 'NONE', #699, 1.500000000000001332 ) ;
#1787 = DIRECTION ( 'NONE',  ( 1.000000000000000000, 0.000000000000000000, 0.000000000000000000 ) ) ;
#1788 = DIRECTION ( 'NONE',  ( -0.000000000000000000, -0.000000000000000000, -1.000000000000000000 ) ) ;
#1789 = ORIENTED_EDGE ( 'NONE', *, *, #739, .T. ) ;
#1790 = FACE_OUTER_BOUND ( 'NONE', #2367, .T. ) ;
#1791 = DIRECTION ( 'NONE',  ( -1.000000000000000000, 0.000000000000000000, -0.000000000000000000 ) ) ;
#1792 = ADVANCED_FACE ( 'NONE', ( #825 ), #2047, .F. ) ;
#1793 = CARTESIAN_POINT ( 'NONE',  ( -33.39999999999998437, 51.00000000000000711, 11.00000000000000000 ) ) ;
#1794 = ORIENTED_EDGE ( 'NONE', *, *, #3807, .T. ) ;
#1795 = CARTESIAN_POINT ( 'NONE',  ( -9.500000000000003553, -53.99999999999998579, 5.000000000000000000 ) ) ;
#1796 = CARTESIAN_POINT ( 'NONE',  ( 0.000000000000000000, 51.50000000000000711, 11.00000000000000000 ) ) ;
#1797 = EDGE_CURVE ( 'NONE', #3372, #1855, #3232, .T. ) ;
#1798 = ORIENTED_EDGE ( 'NONE', *, *, #829, .F. ) ;
#1799 = CARTESIAN_POINT ( 'NONE',  ( -70.50000000000004263, 53.99999999999997158, 0.000000000000000000 ) ) ;
#1800 = EDGE_CURVE ( 'NONE', #1604, #1230, #2031, .T. ) ;
#1801 = VERTEX_POINT ( 'NONE', #1698 ) ;
#1802 = VECTOR ( 'NONE', #2278, 1000.000000000000000 ) ;
#1803 = DIRECTION ( 'NONE',  ( -1.000000000000000000, 0.000000000000000000, 0.000000000000000000 ) ) ;
#1804 = ORIENTED_EDGE ( 'NONE', *, *, #545, .F. ) ;
#1805 = VECTOR ( 'NONE', #2865, 1000.000000000000000 ) ;
#1806 = FACE_OUTER_BOUND ( 'NONE', #1900, .T. ) ;
#1807 = LINE ( 'NONE', #2503, #1683 ) ;
#1808 = VECTOR ( 'NONE', #1196, 1000.000000000000000 ) ;
#1809 = EDGE_LOOP ( 'NONE', ( #2114, #61, #3155, #2701 ) ) ;
#1810 = CARTESIAN_POINT ( 'NONE',  ( -33.39999999999998437, 51.00000000000000711, 91.00000000000000000 ) ) ;
#1811 = AXIS2_PLACEMENT_3D ( 'NONE', #1672, #449, #2949 ) ;
#1812 = DIRECTION ( 'NONE',  ( 1.000000000000000000, 0.000000000000000000, 0.000000000000000000 ) ) ;
#1813 = CARTESIAN_POINT ( 'NONE',  ( -73.50000000000005684, 53.99999999999997158, 0.000000000000000000 ) ) ;
#1814 = VECTOR ( 'NONE', #3821, 1000.000000000000000 ) ;
#1815 = ADVANCED_FACE ( 'NONE', ( #207 ), #1457, .F. ) ;
#1816 = ORIENTED_EDGE ( 'NONE', *, *, #2905, .F. ) ;
#1817 = DIRECTION ( 'NONE',  ( -0.000000000000000000, -0.000000000000000000, 1.000000000000000000 ) ) ;
#1818 = FACE_OUTER_BOUND ( 'NONE', #2160, .T. ) ;
#1819 = VECTOR ( 'NONE', #3421, 1000.000000000000000 ) ;
#1820 = EDGE_CURVE ( 'NONE', #3911, #1949, #1396, .T. ) ;
#1821 = VECTOR ( 'NONE', #530, 1000.000000000000000 ) ;
#1822 = VERTEX_POINT ( 'NONE', #1719 ) ;
#1823 = DIRECTION ( 'NONE',  ( 8.673617379884034239E-17, -1.000000000000000000, 0.000000000000000000 ) ) ;
#1824 = VERTEX_POINT ( 'NONE', #1375 ) ;
#1825 = VECTOR ( 'NONE', #3816, 1000.000000000000000 ) ;
#1826 = CARTESIAN_POINT ( 'NONE',  ( -29.79444872453598236, 43.59999999999995879, 49.00000000000000711 ) ) ;
#1827 = ADVANCED_FACE ( 'NONE', ( #167 ), #3874, .T. ) ;
#1828 = ORIENTED_EDGE ( 'NONE', *, *, #908, .T. ) ;
#1829 = VECTOR ( 'NONE', #1479, 1000.000000000000000 ) ;
#1830 = DIRECTION ( 'NONE',  ( -1.000000000000000000, -1.489033026589534369E-16, 0.000000000000000000 ) ) ;
#1831 = LINE ( 'NONE', #3347, #1808 ) ;
#1832 = CARTESIAN_POINT ( 'NONE',  ( -29.79444872453598236, 43.59999999999995879, 51.00000000000000711 ) ) ;
#1833 = EDGE_CURVE ( 'NONE', #3551, #3645, #1068, .T. ) ;
#1834 = ORIENTED_EDGE ( 'NONE', *, *, #34, .F. ) ;
#1835 = CARTESIAN_POINT ( 'NONE',  ( -55.39999999999997016, 28.59999999999995524, 0.000000000000000000 ) ) ;
#1836 = LINE ( 'NONE', #3411, #2855 ) ;
#1837 = CARTESIAN_POINT ( 'NONE',  ( -65.39999999999997726, 46.59999999999995879, 9.000000000000010658 ) ) ;
#1838 = ORIENTED_EDGE ( 'NONE', *, *, #2500, .T. ) ;
#1839 = CARTESIAN_POINT ( 'NONE',  ( -60.00000000000005684, -43.59999999999997300, 40.00000000000000711 ) ) ;
#1840 = LINE ( 'NONE', #2111, #2231 ) ;
#1841 = ORIENTED_EDGE ( 'NONE', *, *, #1833, .T. ) ;
#1842 = CYLINDRICAL_SURFACE ( 'NONE', #3336, 1.500000000000001332 ) ;
#1843 = ORIENTED_EDGE ( 'NONE', *, *, #183, .T. ) ;
#1844 = ADVANCED_FACE ( 'NONE', ( #1202 ), #242, .F. ) ;
#1845 = PLANE ( 'NONE',  #3328 ) ;
#1846 = ORIENTED_EDGE ( 'NONE', *, *, #3884, .T. ) ;
#1847 = DIRECTION ( 'NONE',  ( 1.000000000000000000, -0.000000000000000000, 0.000000000000000000 ) ) ;
#1848 = CARTESIAN_POINT ( 'NONE',  ( -65.39999999999997726, -43.59999999999997300, 91.00000000000000000 ) ) ;
#1849 = EDGE_CURVE ( 'NONE', #1641, #1256, #3972, .T. ) ;
#1850 = VERTEX_POINT ( 'NONE', #3723 ) ;
#1851 = CARTESIAN_POINT ( 'NONE',  ( -33.39999999999997726, -46.59999999999998010, 89.00000000000000000 ) ) ;
#1852 = DIRECTION ( 'NONE',  ( 0.000000000000000000, -1.000000000000000000, 0.000000000000000000 ) ) ;
#1853 = ADVANCED_FACE ( 'NONE', ( #2776 ), #921, .F. ) ;
#1854 = DIRECTION ( 'NONE',  ( -1.000000000000000000, -9.912705577010329247E-17, 0.000000000000000000 ) ) ;
#1855 = VERTEX_POINT ( 'NONE', #1837 ) ;
#1856 = CARTESIAN_POINT ( 'NONE',  ( -50.39999999999996305, -28.59999999999996945, 85.00000000000000000 ) ) ;
#1857 = DIRECTION ( 'NONE',  ( -1.819640009765883753E-16, 1.000000000000000000, 0.000000000000000000 ) ) ;
#1858 = CARTESIAN_POINT ( 'NONE',  ( -50.39999999999996305, -28.59999999999996945, 0.000000000000000000 ) ) ;
#1859 = EDGE_LOOP ( 'NONE', ( #3319, #3711, #912, #1321, #2339, #1992, #1533, #1959 ) ) ;
#1860 = CARTESIAN_POINT ( 'NONE',  ( -5.000000000000012434, 51.00000000000000711, 40.00000000000000000 ) ) ;
#1861 = EDGE_LOOP ( 'NONE', ( #3166, #830, #2296, #2049 ) ) ;
#1862 = CARTESIAN_POINT ( 'NONE',  ( 0.000000000000000000, 0.000000000000000000, 11.00000000000000000 ) ) ;
#1863 = ADVANCED_FACE ( 'NONE', ( #1776 ), #3025, .F. ) ;
#1864 = ORIENTED_EDGE ( 'NONE', *, *, #2648, .T. ) ;
#1865 = LINE ( 'NONE', #747, #3114 ) ;
#1866 = VECTOR ( 'NONE', #3554, 1000.000000000000000 ) ;
#1867 = LINE ( 'NONE', #3365, #118 ) ;
#1868 = DIRECTION ( 'NONE',  ( -1.000000000000000000, -0.000000000000000000, -0.000000000000000000 ) ) ;
#1869 = EDGE_CURVE ( 'NONE', #636, #1191, #3066, .T. ) ;
#1870 = ORIENTED_EDGE ( 'NONE', *, *, #932, .T. ) ;
#1871 = DIRECTION ( 'NONE',  ( 1.000000000000000000, 0.000000000000000000, 0.000000000000000000 ) ) ;
#1872 = CARTESIAN_POINT ( 'NONE',  ( -50.39999999999996305, -33.59999999999996589, 40.00000000000000000 ) ) ;
#1873 = CIRCLE ( 'NONE', #1547, 1.500000000000001332 ) ;
#1874 = DIRECTION ( 'NONE',  ( 1.000000000000000000, -0.000000000000000000, -0.000000000000000000 ) ) ;
#1875 = EDGE_CURVE ( 'NONE', #417, #1072, #3188, .T. ) ;
#1876 = AXIS2_PLACEMENT_3D ( 'NONE', #623, #859, #2732 ) ;
#1877 = ORIENTED_EDGE ( 'NONE', *, *, #3011, .F. ) ;
#1878 = CYLINDRICAL_SURFACE ( 'NONE', #2679, 4.999999999999997335 ) ;
#1879 = CARTESIAN_POINT ( 'NONE',  ( -55.39999999999997016, -6.720537102735326942E-15, 45.00000000000000000 ) ) ;
#1880 = DIRECTION ( 'NONE',  ( -1.000000000000000000, -8.673617379884034239E-17, -0.000000000000000000 ) ) ;
#1881 = LINE ( 'NONE', #1351, #1948 ) ;
#1882 = AXIS2_PLACEMENT_3D ( 'NONE', #2969, #1985, #1087 ) ;
#1883 = ORIENTED_EDGE ( 'NONE', *, *, #1433, .T. ) ;
#1884 = CIRCLE ( 'NONE', #2471, 4.999999999999993783 ) ;
#1885 = DIRECTION ( 'NONE',  ( -1.000000000000000000, 0.000000000000000000, 0.000000000000000000 ) ) ;
#1886 = ORIENTED_EDGE ( 'NONE', *, *, #2394, .T. ) ;
#1887 = DIRECTION ( 'NONE',  ( -0.000000000000000000, -0.000000000000000000, -1.000000000000000000 ) ) ;
#1888 = VECTOR ( 'NONE', #2483, 1000.000000000000000 ) ;
#1889 = VERTEX_POINT ( 'NONE', #3393 ) ;
#1890 = CARTESIAN_POINT ( 'NONE',  ( -15.00000000000000355, 28.59999999999995524, 0.000000000000000000 ) ) ;
#1891 = VECTOR ( 'NONE', #2446, 1000.000000000000000 ) ;
#1892 = LINE ( 'NONE', #354, #2012 ) ;
#1893 = AXIS2_PLACEMENT_3D ( 'NONE', #3047, #925, #2720 ) ;
#1894 = ORIENTED_EDGE ( 'NONE', *, *, #2628, .T. ) ;
#1895 = CARTESIAN_POINT ( 'NONE',  ( -65.39999999999997726, 43.59999999999995879, 11.00000000000001066 ) ) ;
#1896 = LINE ( 'NONE', #3759, #3117 ) ;
#1897 = DIRECTION ( 'NONE',  ( -1.000000000000000000, 0.000000000000000000, 0.000000000000000000 ) ) ;
#1898 = EDGE_CURVE ( 'NONE', #1629, #2937, #2015, .T. ) ;
#1899 = VERTEX_POINT ( 'NONE', #1472 ) ;
#1900 = EDGE_LOOP ( 'NONE', ( #2052, #1551, #2650, #2211 ) ) ;
#1901 = LINE ( 'NONE', #963, #2415 ) ;
#1902 = LINE ( 'NONE', #1574, #2851 ) ;
#1903 = CARTESIAN_POINT ( 'NONE',  ( -20.00000000000000000, 33.59999999999995168, 0.000000000000000000 ) ) ;
#1904 = CARTESIAN_POINT ( 'NONE',  ( -75.00000000000000000, 51.00000000000000000, 91.00000000000000000 ) ) ;
#1905 = EDGE_CURVE ( 'NONE', #909, #2191, #594, .T. ) ;
#1906 = ORIENTED_EDGE ( 'NONE', *, *, #903, .T. ) ;
#1907 = FACE_OUTER_BOUND ( 'NONE', #3248, .T. ) ;
#1908 = ORIENTED_EDGE ( 'NONE', *, *, #679, .T. ) ;
#1909 = EDGE_CURVE ( 'NONE', #1824, #537, #2861, .T. ) ;
#1910 = DIRECTION ( 'NONE',  ( -1.000000000000000000, 0.000000000000000000, -0.000000000000000000 ) ) ;
#1911 = ORIENTED_EDGE ( 'NONE', *, *, #1004, .T. ) ;
#1912 = DIRECTION ( 'NONE',  ( -1.000000000000000000, -9.912705577010329247E-17, 0.000000000000000000 ) ) ;
#1913 = VERTEX_POINT ( 'NONE', #2470 ) ;
#1914 = DIRECTION ( 'NONE',  ( 0.000000000000000000, 0.000000000000000000, 1.000000000000000000 ) ) ;
#1915 = FACE_OUTER_BOUND ( 'NONE', #1620, .T. ) ;
#1916 = DIRECTION ( 'NONE',  ( 1.000000000000000000, 0.000000000000000000, 0.000000000000000000 ) ) ;
#1917 = EDGE_LOOP ( 'NONE', ( #2422, #2805, #2334, #2935 ) ) ;
#1918 = EDGE_CURVE ( 'NONE', #1822, #2970, #2087, .T. ) ;
#1919 = ORIENTED_EDGE ( 'NONE', *, *, #294, .T. ) ;
#1920 = CARTESIAN_POINT ( 'NONE',  ( -29.79444872453598236, -43.59999999999997300, 9.000000000000000000 ) ) ;
#1921 = CARTESIAN_POINT ( 'NONE',  ( -65.39999999999997726, 43.59999999999995879, 91.00000000000001421 ) ) ;
#1922 = DIRECTION ( 'NONE',  ( -0.000000000000000000, -0.000000000000000000, -1.000000000000000000 ) ) ;
#1923 = EDGE_CURVE ( 'NONE', #982, #1824, #2448, .T. ) ;
#1924 = VERTEX_POINT ( 'NONE', #3353 ) ;
#1925 = DIRECTION ( 'NONE',  ( 0.000000000000000000, -1.000000000000000000, 0.000000000000000000 ) ) ;
#1926 = EDGE_LOOP ( 'NONE', ( #2235, #4006, #2303, #3111 ) ) ;
#1927 = DIRECTION ( 'NONE',  ( 0.000000000000000000, 1.000000000000000000, 0.000000000000000000 ) ) ;
#1928 = EDGE_CURVE ( 'NONE', #922, #2760, #2145, .T. ) ;
#1929 = ORIENTED_EDGE ( 'NONE', *, *, #2900, .T. ) ;
#1930 = LINE ( 'NONE', #336, #1493 ) ;
#1931 = CARTESIAN_POINT ( 'NONE',  ( 0.000000000000000000, -55.99999999999999289, 40.00000000000000000 ) ) ;
#1932 = CLOSED_SHELL ( 'NONE', ( #127, #2469, #1853, #30, #861, #1306, #1982, #47, #3550, #178, #4002, #2453, #3261, #3208, #3700, #2495, #3400, #1844, #3199, #3453, #2304, #1132, #1667, #1655, #754, #1777, #2930, #3106, #2401, #3083, #2429, #3934, #2249, #3632, #461, #3326, #3585, #81, #1075, #1815, #3026, #1754, #1014, #3181, #1406, #98, #2689, #1792, #1010, #382, #2749, #3756, #58, #2108, #2961, #1595, #2637, #2876, #1022, #1028, #277, #834, #3664, #3679, #3866, #3684, #926, #503, #1944, #3227, #3420, #598, #2722, #3304, #583, #3529, #3030, #272, #2006, #3429, #3904, #416, #2210, #2425, #2818, #1827, #3425, #1863, #227, #1180, #2924, #3918, #2518, #2259, #3349, #3628, #420, #2133, #550, #281, #2829, #3246, #3446, #3964, #758, #1743, #3910, #805, #4007, #2475, #108, #3000, #3705, #1410, #3735, #3674, #498, #3125, #2159, #980 ) ) ;
#1933 = VERTEX_POINT ( 'NONE', #2390 ) ;
#1934 = DIRECTION ( 'NONE',  ( 2.891205793294679312E-16, -1.000000000000000000, 0.000000000000000000 ) ) ;
#1935 = FACE_OUTER_BOUND ( 'NONE', #2920, .T. ) ;
#1936 = PLANE ( 'NONE',  #2218 ) ;
#1937 = VECTOR ( 'NONE', #1534, 1000.000000000000000 ) ;
#1938 = EDGE_LOOP ( 'NONE', ( #3523, #1536, #1834, #3649 ) ) ;
#1939 = EDGE_LOOP ( 'NONE', ( #1140, #2909, #855, #3485 ) ) ;
#1940 = FACE_BOUND ( 'NONE', #1393, .T. ) ;
#1941 = VECTOR ( 'NONE', #2028, 1000.000000000000000 ) ;
#1942 = LINE ( 'NONE', #3561, #369 ) ;
#1943 = DIRECTION ( 'NONE',  ( 0.000000000000000000, -1.000000000000000000, 0.000000000000000000 ) ) ;
#1944 = ADVANCED_FACE ( 'NONE', ( #3643 ), #549, .F. ) ;
#1945 = CIRCLE ( 'NONE', #1876, 4.999999999999997335 ) ;
#1946 = EDGE_LOOP ( 'NONE', ( #3982, #257, #1307, #3875 ) ) ;
#1947 = FACE_OUTER_BOUND ( 'NONE', #334, .T. ) ;
#1948 = VECTOR ( 'NONE', #24, 1000.000000000000000 ) ;
#1949 = VERTEX_POINT ( 'NONE', #2433 ) ;
#1950 = CARTESIAN_POINT ( 'NONE',  ( -33.39999999999998437, 51.00000000000000711, 51.00000000000000711 ) ) ;
#1951 = EDGE_CURVE ( 'NONE', #1256, #1400, #569, .T. ) ;
#1952 = VECTOR ( 'NONE', #3004, 1000.000000000000000 ) ;
#1953 = ORIENTED_EDGE ( 'NONE', *, *, #708, .F. ) ;
#1954 = CARTESIAN_POINT ( 'NONE',  ( -19.99999999999999289, -28.59999999999996945, 45.00000000000000000 ) ) ;
#1955 = VECTOR ( 'NONE', #1192, 1000.000000000000000 ) ;
#1956 = LINE ( 'NONE', #3510, #1231 ) ;
#1957 = EDGE_CURVE ( 'NONE', #2781, #888, #3371, .T. ) ;
#1958 = AXIS2_PLACEMENT_3D ( 'NONE', #3804, #1244, #3427 ) ;
#1959 = ORIENTED_EDGE ( 'NONE', *, *, #3774, .T. ) ;
#1960 = CARTESIAN_POINT ( 'NONE',  ( -65.39999999999999147, 46.60000000000000142, 11.00000000000000000 ) ) ;
#1961 = CARTESIAN_POINT ( 'NONE',  ( -8.000000000000003553, -53.99999999999998579, 0.000000000000000000 ) ) ;
#1962 = VECTOR ( 'NONE', #2645, 1000.000000000000000 ) ;
#1963 = ORIENTED_EDGE ( 'NONE', *, *, #3955, .F. ) ;
#1964 = ORIENTED_EDGE ( 'NONE', *, *, #603, .F. ) ;
#1965 = LINE ( 'NONE', #2002, #458 ) ;
#1966 = LINE ( 'NONE', #3479, #3706 ) ;
#1967 = LINE ( 'NONE', #1333, #2216 ) ;
#1968 = ORIENTED_EDGE ( 'NONE', *, *, #243, .T. ) ;
#1969 = PLANE ( 'NONE',  #1352 ) ;
#1970 = DIRECTION ( 'NONE',  ( -3.469446951953611724E-16, 1.000000000000000000, 0.000000000000000000 ) ) ;
#1971 = ORIENTED_EDGE ( 'NONE', *, *, #1061, .F. ) ;
#1972 = DIRECTION ( 'NONE',  ( 7.228014483236707402E-16, 1.000000000000000000, 0.000000000000000000 ) ) ;
#1973 = ORIENTED_EDGE ( 'NONE', *, *, #2905, .T. ) ;
#1974 = EDGE_CURVE ( 'NONE', #3372, #584, #265, .T. ) ;
#1975 = CARTESIAN_POINT ( 'NONE',  ( -75.00000000000000000, -50.99999999999998579, 91.00000000000000000 ) ) ;
#1976 = CARTESIAN_POINT ( 'NONE',  ( 0.000000000000000000, 0.000000000000000000, 45.00000000000000000 ) ) ;
#1977 = EDGE_CURVE ( 'NONE', #1562, #3437, #512, .T. ) ;
#1978 = ORIENTED_EDGE ( 'NONE', *, *, #4016, .F. ) ;
#1979 = CARTESIAN_POINT ( 'NONE',  ( -1.371604415045035710E-14, 56.00000000000000711, 5.000000000000000000 ) ) ;
#1980 = DIRECTION ( 'NONE',  ( -0.000000000000000000, -0.000000000000000000, 1.000000000000000000 ) ) ;
#1981 = EDGE_LOOP ( 'NONE', ( #3113, #2132, #2945, #2496 ) ) ;
#1982 = ADVANCED_FACE ( 'NONE', ( #673, #1003 ), #2250, .T. ) ;
#1983 = ORIENTED_EDGE ( 'NONE', *, *, #837, .F. ) ;
#1984 = DIRECTION ( 'NONE',  ( 1.000000000000000000, 0.000000000000000000, 0.000000000000000000 ) ) ;
#1985 = DIRECTION ( 'NONE',  ( -0.000000000000000000, -0.000000000000000000, 1.000000000000000000 ) ) ;
#1986 = VERTEX_POINT ( 'NONE', #693 ) ;
#1987 = CARTESIAN_POINT ( 'NONE',  ( -42.00000000000004974, 51.00000000000000711, 143.0970416646374872 ) ) ;
#1988 = DIRECTION ( 'NONE',  ( -0.000000000000000000, -0.000000000000000000, -1.000000000000000000 ) ) ;
#1989 = VERTEX_POINT ( 'NONE', #4053 ) ;
#1990 = CARTESIAN_POINT ( 'NONE',  ( -33.39999999999997016, -50.99999999999999289, 45.00000000000000000 ) ) ;
#1991 = VERTEX_POINT ( 'NONE', #3124 ) ;
#1992 = ORIENTED_EDGE ( 'NONE', *, *, #3653, .F. ) ;
#1993 = PLANE ( 'NONE',  #3060 ) ;
#1994 = EDGE_CURVE ( 'NONE', #3149, #2520, #3590, .T. ) ;
#1995 = CARTESIAN_POINT ( 'NONE',  ( -5.000000000000000000, -50.99999999999999289, 5.000000000000000000 ) ) ;
#1996 = CARTESIAN_POINT ( 'NONE',  ( -75.00000000000000000, 51.00000000000000000, 5.000000000000000000 ) ) ;
#1997 = FACE_OUTER_BOUND ( 'NONE', #1449, .T. ) ;
#1998 = EDGE_CURVE ( 'NONE', #468, #245, #1247, .T. ) ;
#1999 = AXIS2_PLACEMENT_3D ( 'NONE', #501, #2078, #1100 ) ;
#2000 = ORIENTED_EDGE ( 'NONE', *, *, #1869, .F. ) ;
#2001 = ORIENTED_EDGE ( 'NONE', *, *, #2449, .T. ) ;
#2002 = CARTESIAN_POINT ( 'NONE',  ( -75.00000000000004263, 56.99999999999997158, 5.000000000000000000 ) ) ;
#2003 = CARTESIAN_POINT ( 'NONE',  ( -33.40000000000012648, 43.59999999999995879, 51.00000000000000711 ) ) ;
#2004 = AXIS2_PLACEMENT_3D ( 'NONE', #2719, #3612, #3975 ) ;
#2005 = CARTESIAN_POINT ( 'NONE',  ( -42.00000000000004974, 51.00000000000000711, 80.00000000000000000 ) ) ;
#2006 = ADVANCED_FACE ( 'NONE', ( #2490 ), #1265, .F. ) ;
#2007 = VECTOR ( 'NONE', #1637, 1000.000000000000000 ) ;
#2008 = ORIENTED_EDGE ( 'NONE', *, *, #687, .F. ) ;
#2009 = CARTESIAN_POINT ( 'NONE',  ( -3.154072573846893698E-14, -56.00000000000000711, 51.00000000000000711 ) ) ;
#2010 = PLANE ( 'NONE',  #3202 ) ;
#2011 = ORIENTED_EDGE ( 'NONE', *, *, #2352, .F. ) ;
#2012 = VECTOR ( 'NONE', #2894, 1000.000000000000000 ) ;
#2013 = CARTESIAN_POINT ( 'NONE',  ( -69.00000000000002842, -50.99999999999997868, 5.000000000000000000 ) ) ;
#2014 = ORIENTED_EDGE ( 'NONE', *, *, #3285, .T. ) ;
#2015 = CIRCLE ( 'NONE', #248, 4.999999999999997335 ) ;
#2016 = LINE ( 'NONE', #137, #1761 ) ;
#2017 = ORIENTED_EDGE ( 'NONE', *, *, #1923, .F. ) ;
#2018 = FACE_OUTER_BOUND ( 'NONE', #2741, .T. ) ;
#2019 = VECTOR ( 'NONE', #3337, 1000.000000000000000 ) ;
#2020 = DIRECTION ( 'NONE',  ( -1.000000000000000000, -9.912705577010329247E-17, 0.000000000000000000 ) ) ;
#2021 = VECTOR ( 'NONE', #936, 1000.000000000000000 ) ;
#2022 = LINE ( 'NONE', #3966, #3582 ) ;
#2023 = DIRECTION ( 'NONE',  ( -0.000000000000000000, -0.000000000000000000, 1.000000000000000000 ) ) ;
#2024 = AXIS2_PLACEMENT_3D ( 'NONE', #2627, #412, #732 ) ;
#2025 = VERTEX_POINT ( 'NONE', #2557 ) ;
#2026 = ORIENTED_EDGE ( 'NONE', *, *, #3618, .T. ) ;
#2027 = DIRECTION ( 'NONE',  ( -0.000000000000000000, -0.000000000000000000, -1.000000000000000000 ) ) ;
#2028 = DIRECTION ( 'NONE',  ( -0.000000000000000000, -0.000000000000000000, -1.000000000000000000 ) ) ;
#2029 = EDGE_CURVE ( 'NONE', #1609, #1154, #2837, .T. ) ;
#2030 = VECTOR ( 'NONE', #2985, 1000.000000000000000 ) ;
#2031 = LINE ( 'NONE', #1758, #3586 ) ;
#2032 = CIRCLE ( 'NONE', #2745, 1.500000000000001332 ) ;
#2033 = ORIENTED_EDGE ( 'NONE', *, *, #1217, .T. ) ;
#2034 = PLANE ( 'NONE',  #2199 ) ;
#2035 = CARTESIAN_POINT ( 'NONE',  ( -65.39999999999999147, 46.60000000000000142, 5.000000000000000000 ) ) ;
#2036 = EDGE_CURVE ( 'NONE', #1005, #2025, #3784, .T. ) ;
#2037 = VERTEX_POINT ( 'NONE', #320 ) ;
#2038 = EDGE_LOOP ( 'NONE', ( #1723, #1435, #1282, #2535 ) ) ;
#2039 = DIRECTION ( 'NONE',  ( 0.000000000000000000, 0.000000000000000000, 1.000000000000000000 ) ) ;
#2040 = EDGE_LOOP ( 'NONE', ( #2667, #2869, #2994, #3413 ) ) ;
#2041 = LINE ( 'NONE', #753, #3325 ) ;
#2042 = CARTESIAN_POINT ( 'NONE',  ( 0.000000000000000000, -55.99999999999999289, 85.00000000000000000 ) ) ;
#2043 = LINE ( 'NONE', #3271, #1161 ) ;
#2044 = CARTESIAN_POINT ( 'NONE',  ( -5.000000000000030198, -51.50000000000000711, 91.00000000000000000 ) ) ;
#2045 = EDGE_LOOP ( 'NONE', ( #665, #1319, #1381, #2033, #3895, #2324, #845, #3228 ) ) ;
#2046 = CARTESIAN_POINT ( 'NONE',  ( -19.99999999999999289, -28.59999999999996945, 40.00000000000000000 ) ) ;
#2047 = PLANE ( 'NONE',  #3980 ) ;
#2048 = EDGE_CURVE ( 'NONE', #2291, #433, #358, .T. ) ;
#2049 = ORIENTED_EDGE ( 'NONE', *, *, #3609, .T. ) ;
#2050 = LINE ( 'NONE', #1443, #2522 ) ;
#2051 = CARTESIAN_POINT ( 'NONE',  ( -5.000000000000000000, -50.99999999999999289, 85.00000000000000000 ) ) ;
#2052 = ORIENTED_EDGE ( 'NONE', *, *, #249, .T. ) ;
#2053 = EDGE_CURVE ( 'NONE', #2025, #922, #381, .T. ) ;
#2054 = ORIENTED_EDGE ( 'NONE', *, *, #3223, .T. ) ;
#2055 = CARTESIAN_POINT ( 'NONE',  ( -5.000000000000004441, -56.99999999999997868, 5.000000000000000000 ) ) ;
#2056 = ORIENTED_EDGE ( 'NONE', *, *, #4033, .T. ) ;
#2057 = DIRECTION ( 'NONE',  ( -7.228014483236707402E-16, 1.000000000000000000, 0.000000000000000000 ) ) ;
#2058 = EDGE_CURVE ( 'NONE', #3803, #2136, #1557, .T. ) ;
#2059 = PLANE ( 'NONE',  #3308 ) ;
#2060 = LINE ( 'NONE', #2654, #2926 ) ;
#2061 = DIRECTION ( 'NONE',  ( 3.366307696711519806E-15, 1.000000000000000000, -0.000000000000000000 ) ) ;
#2062 = ORIENTED_EDGE ( 'NONE', *, *, #1198, .F. ) ;
#2063 = FACE_OUTER_BOUND ( 'NONE', #3006, .T. ) ;
#2064 = DIRECTION ( 'NONE',  ( -0.000000000000000000, 0.000000000000000000, -1.000000000000000000 ) ) ;
#2065 = CARTESIAN_POINT ( 'NONE',  ( 0.000000000000000000, 0.000000000000000000, 91.00000000000000000 ) ) ;
#2066 = ORIENTED_EDGE ( 'NONE', *, *, #1820, .F. ) ;
#2067 = CIRCLE ( 'NONE', #1999, 4.999999999999993783 ) ;
#2068 = CARTESIAN_POINT ( 'NONE',  ( -5.000000000000014211, 56.00000000000000711, 45.00000000000000000 ) ) ;
#2069 = DIRECTION ( 'NONE',  ( 0.000000000000000000, 0.000000000000000000, 1.000000000000000000 ) ) ;
#2070 = VECTOR ( 'NONE', #2991, 1000.000000000000000 ) ;
#2071 = EDGE_LOOP ( 'NONE', ( #2501, #3236, #2954, #3974, #1441, #3540, #3218, #295 ) ) ;
#2072 = PLANE ( 'NONE',  #853 ) ;
#2073 = VECTOR ( 'NONE', #3252, 1000.000000000000000 ) ;
#2074 = VERTEX_POINT ( 'NONE', #3451 ) ;
#2075 = EDGE_CURVE ( 'NONE', #2941, #649, #2508, .T. ) ;
#2076 = CARTESIAN_POINT ( 'NONE',  ( -5.000000000000000000, -55.99999999999999289, 45.00000000000000000 ) ) ;
#2077 = VECTOR ( 'NONE', #3950, 1000.000000000000000 ) ;
#2078 = DIRECTION ( 'NONE',  ( -0.000000000000000000, 0.000000000000000000, -1.000000000000000000 ) ) ;
#2079 = DIRECTION ( 'NONE',  ( -1.000000000000000000, -9.912705577010329247E-17, 0.000000000000000000 ) ) ;
#2080 = EDGE_CURVE ( 'NONE', #815, #1400, #2882, .T. ) ;
#2081 = AXIS2_PLACEMENT_3D ( 'NONE', #1310, #3493, #1897 ) ;
#2082 = VECTOR ( 'NONE', #1868, 1000.000000000000000 ) ;
#2083 = ORIENTED_EDGE ( 'NONE', *, *, #809, .F. ) ;
#2084 = LINE ( 'NONE', #263, #3793 ) ;
#2085 = DIRECTION ( 'NONE',  ( -1.000000000000000000, 0.000000000000000000, 0.000000000000000000 ) ) ;
#2086 = EDGE_CURVE ( 'NONE', #3229, #3580, #652, .T. ) ;
#2087 = LINE ( 'NONE', #3105, #1102 ) ;
#2088 = AXIS2_PLACEMENT_3D ( 'NONE', #1450, #3054, #2057 ) ;
#2089 = ORIENTED_EDGE ( 'NONE', *, *, #3506, .T. ) ;
#2090 = AXIS2_PLACEMENT_3D ( 'NONE', #2055, #3634, #2381 ) ;
#2091 = DIRECTION ( 'NONE',  ( 0.000000000000000000, 1.000000000000000000, 0.000000000000000000 ) ) ;
#2092 = LINE ( 'NONE', #536, #593 ) ;
#2093 = AXIS2_PLACEMENT_3D ( 'NONE', #1295, #2890, #45 ) ;
#2094 = EDGE_LOOP ( 'NONE', ( #1478, #1789, #1816, #3027 ) ) ;
#2095 = DIRECTION ( 'NONE',  ( -0.000000000000000000, -0.000000000000000000, -1.000000000000000000 ) ) ;
#2096 = VECTOR ( 'NONE', #2801, 1000.000000000000000 ) ;
#2097 = EDGE_LOOP ( 'NONE', ( #961, #2382, #1218, #2222, #54, #1755, #1170, #2260 ) ) ;
#2098 = CARTESIAN_POINT ( 'NONE',  ( -11.00000000000000178, -50.99999999999998579, 5.000000000000000000 ) ) ;
#2099 = EDGE_CURVE ( 'NONE', #3162, #2354, #80, .T. ) ;
#2100 = EDGE_LOOP ( 'NONE', ( #751, #2959 ) ) ;
#2101 = DIRECTION ( 'NONE',  ( -0.000000000000000000, -0.000000000000000000, 1.000000000000000000 ) ) ;
#2102 = DIRECTION ( 'NONE',  ( 1.000000000000000000, 0.000000000000000000, 0.000000000000000000 ) ) ;
#2103 = EDGE_CURVE ( 'NONE', #1023, #1933, #2232, .T. ) ;
#2104 = ORIENTED_EDGE ( 'NONE', *, *, #3814, .F. ) ;
#2105 = PLANE ( 'NONE',  #1305 ) ;
#2106 = DIRECTION ( 'NONE',  ( 1.000000000000000000, 0.000000000000000000, 0.000000000000000000 ) ) ;
#2107 = DIRECTION ( 'NONE',  ( -1.000000000000000000, 0.000000000000000000, 0.000000000000000000 ) ) ;
#2108 = ADVANCED_FACE ( 'NONE', ( #3474 ), #1936, .F. ) ;
#2109 = ORIENTED_EDGE ( 'NONE', *, *, #3752, .T. ) ;
#2110 = CARTESIAN_POINT ( 'NONE',  ( -65.39999999999997726, 43.59999999999995879, 49.00000000000000711 ) ) ;
#2111 = CARTESIAN_POINT ( 'NONE',  ( -29.79444872453598236, -43.59999999999997300, 51.00000000000000711 ) ) ;
#2112 = VERTEX_POINT ( 'NONE', #3515 ) ;
#2113 = DIRECTION ( 'NONE',  ( 0.000000000000000000, -0.000000000000000000, -1.000000000000000000 ) ) ;
#2114 = ORIENTED_EDGE ( 'NONE', *, *, #3730, .F. ) ;
#2115 = LINE ( 'NONE', #889, #1692 ) ;
#2116 = ORIENTED_EDGE ( 'NONE', *, *, #1084, .T. ) ;
#2117 = DIRECTION ( 'NONE',  ( -0.000000000000000000, -0.000000000000000000, 1.000000000000000000 ) ) ;
#2118 = LINE ( 'NONE', #3424, #4041 ) ;
#2119 = DIRECTION ( 'NONE',  ( 0.000000000000000000, 0.000000000000000000, -1.000000000000000000 ) ) ;
#2120 = EDGE_CURVE ( 'NONE', #2970, #1233, #718, .T. ) ;
#2121 = ORIENTED_EDGE ( 'NONE', *, *, #2896, .F. ) ;
#2122 = CARTESIAN_POINT ( 'NONE',  ( -15.00000000000000355, 28.59999999999995524, 0.000000000000000000 ) ) ;
#2123 = FACE_BOUND ( 'NONE', #2100, .T. ) ;
#2124 = DIRECTION ( 'NONE',  ( -0.000000000000000000, -0.000000000000000000, 1.000000000000000000 ) ) ;
#2125 = EDGE_CURVE ( 'NONE', #1122, #2576, #1368, .T. ) ;
#2126 = VERTEX_POINT ( 'NONE', #2591 ) ;
#2127 = CARTESIAN_POINT ( 'NONE',  ( -33.39999999999997726, -46.59999999999998010, 9.000000000000000000 ) ) ;
#2128 = DIRECTION ( 'NONE',  ( -0.000000000000000000, 1.000000000000000000, -0.000000000000000000 ) ) ;
#2129 = EDGE_CURVE ( 'NONE', #3838, #995, #119, .T. ) ;
#2130 = ORIENTED_EDGE ( 'NONE', *, *, #3572, .T. ) ;
#2131 = LINE ( 'NONE', #1520, #1699 ) ;
#2132 = ORIENTED_EDGE ( 'NONE', *, *, #3056, .F. ) ;
#2133 = ADVANCED_FACE ( 'NONE', ( #2616 ), #3537, .F. ) ;
#2134 = AXIS2_PLACEMENT_3D ( 'NONE', #475, #2091, #3316 ) ;
#2135 = CARTESIAN_POINT ( 'NONE',  ( -33.39999999999997726, -46.59999999999998010, 5.000000000000000000 ) ) ;
#2136 = VERTEX_POINT ( 'NONE', #504 ) ;
#2137 = AXIS2_PLACEMENT_3D ( 'NONE', #1960, #3536, #96 ) ;
#2138 = DIRECTION ( 'NONE',  ( -0.000000000000000000, -0.000000000000000000, -1.000000000000000000 ) ) ;
#2139 = PLANE ( 'NONE',  #308 ) ;
#2140 = VECTOR ( 'NONE', #3020, 1000.000000000000000 ) ;
#2141 = VERTEX_POINT ( 'NONE', #3908 ) ;
#2142 = CARTESIAN_POINT ( 'NONE',  ( -29.79444872453598236, 46.59999999999995879, 49.00000000000001421 ) ) ;
#2143 = VECTOR ( 'NONE', #1185, 1000.000000000000000 ) ;
#2144 = DIRECTION ( 'NONE',  ( 0.000000000000000000, -1.000000000000000000, -5.782411586589351722E-16 ) ) ;
#2145 = LINE ( 'NONE', #2795, #2467 ) ;
#2146 = AXIS2_PLACEMENT_3D ( 'NONE', #876, #2119, #3366 ) ;
#2147 = EDGE_CURVE ( 'NONE', #69, #3551, #419, .T. ) ;
#2148 = VERTEX_POINT ( 'NONE', #3603 ) ;
#2149 = LINE ( 'NONE', #2841, #3045 ) ;
#2150 = PLANE ( 'NONE',  #527 ) ;
#2151 = VECTOR ( 'NONE', #3548, 1000.000000000000000 ) ;
#2152 = VECTOR ( 'NONE', #609, 1000.000000000000000 ) ;
#2153 = EDGE_CURVE ( 'NONE', #800, #474, #1391, .T. ) ;
#2154 = ORIENTED_EDGE ( 'NONE', *, *, #1977, .F. ) ;
#2155 = CARTESIAN_POINT ( 'NONE',  ( -29.79444872453598236, -43.59999999999997300, 91.00000000000000000 ) ) ;
#2156 = VERTEX_POINT ( 'NONE', #3272 ) ;
#2157 = AXIS2_PLACEMENT_3D ( 'NONE', #252, #3418, #1501 ) ;
#2158 = LINE ( 'NONE', #3486, #4049 ) ;
#2159 = ADVANCED_FACE ( 'NONE', ( #1997 ), #2983, .F. ) ;
#2160 = EDGE_LOOP ( 'NONE', ( #871, #1403, #3210, #2618 ) ) ;
#2161 = AXIS2_PLACEMENT_3D ( 'NONE', #1025, #327, #3458 ) ;
#2162 = DIRECTION ( 'NONE',  ( 1.489033026589534369E-16, -1.000000000000000000, 0.000000000000000000 ) ) ;
#2163 = LINE ( 'NONE', #606, #3251 ) ;
#2164 = ORIENTED_EDGE ( 'NONE', *, *, #857, .F. ) ;
#2165 = DIRECTION ( 'NONE',  ( -0.000000000000000000, -0.000000000000000000, 1.000000000000000000 ) ) ;
#2166 = DIRECTION ( 'NONE',  ( -0.000000000000000000, -0.000000000000000000, -1.000000000000000000 ) ) ;
#2167 = DIRECTION ( 'NONE',  ( -0.000000000000000000, -0.000000000000000000, -1.000000000000000000 ) ) ;
#2168 = VERTEX_POINT ( 'NONE', #2899 ) ;
#2169 = DIRECTION ( 'NONE',  ( -0.000000000000000000, 1.000000000000000000, -0.000000000000000000 ) ) ;
#2170 = CYLINDRICAL_SURFACE ( 'NONE', #1674, 4.999999999999995559 ) ;
#2171 = DIRECTION ( 'NONE',  ( -1.000000000000000000, 0.000000000000000000, 0.000000000000000000 ) ) ;
#2172 = PRODUCT_RELATED_PRODUCT_CATEGORY ( 'part', '', ( #1298 ) ) ;
#2173 = ORIENTED_EDGE ( 'NONE', *, *, #3578, .F. ) ;
#2174 = CARTESIAN_POINT ( 'NONE',  ( -65.39999999999999147, 46.60000000000000142, 5.000000000000000000 ) ) ;
#2175 = VERTEX_POINT ( 'NONE', #804 ) ;
#2176 = CARTESIAN_POINT ( 'NONE',  ( -33.39999999999997726, -46.59999999999998010, 91.00000000000000000 ) ) ;
#2177 = EDGE_CURVE ( 'NONE', #1256, #3848, #3226, .T. ) ;
#2178 = ORIENTED_EDGE ( 'NONE', *, *, #3959, .T. ) ;
#2179 = CARTESIAN_POINT ( 'NONE',  ( -33.39999999999998437, 51.00000000000000711, 5.000000000000000000 ) ) ;
#2180 = LINE ( 'NONE', #562, #3710 ) ;
#2181 = EDGE_CURVE ( 'NONE', #3883, #2148, #97, .T. ) ;
#2182 = ORIENTED_EDGE ( 'NONE', *, *, #3223, .F. ) ;
#2183 = LINE ( 'NONE', #1219, #134 ) ;
#2184 = FACE_BOUND ( 'NONE', #2951, .T. ) ;
#2185 = APPLICATION_CONTEXT ( 'automotive_design' ) ;
#2186 = CARTESIAN_POINT ( 'NONE',  ( -52.00000000000004974, 51.00000000000000711, 143.0970416646374872 ) ) ;
#2187 = EDGE_LOOP ( 'NONE', ( #463, #348, #250, #3084 ) ) ;
#2188 = CARTESIAN_POINT ( 'NONE',  ( 0.000000000000000000, 0.000000000000000000, 51.00000000000000711 ) ) ;
#2189 = DIRECTION ( 'NONE',  ( -1.000000000000000000, 0.000000000000000000, 0.000000000000000000 ) ) ;
#2190 = LINE ( 'NONE', #2214, #3076 ) ;
#2191 = VERTEX_POINT ( 'NONE', #3556 ) ;
#2192 = PLANE ( 'NONE',  #2482 ) ;
#2193 = ORIENTED_EDGE ( 'NONE', *, *, #3637, .F. ) ;
#2194 = CARTESIAN_POINT ( 'NONE',  ( -8.000000000000017764, 53.99999999999998579, 5.000000000000000000 ) ) ;
#2195 = VECTOR ( 'NONE', #1137, 1000.000000000000000 ) ;
#2196 = ORIENTED_EDGE ( 'NONE', *, *, #624, .T. ) ;
#2197 = EDGE_CURVE ( 'NONE', #982, #3504, #251, .T. ) ;
#2198 = DIRECTION ( 'NONE',  ( -0.000000000000000000, -0.000000000000000000, 1.000000000000000000 ) ) ;
#2199 = AXIS2_PLACEMENT_3D ( 'NONE', #210, #2687, #1418 ) ;
#2200 = DIRECTION ( 'NONE',  ( 1.000000000000000000, 0.000000000000000000, 0.000000000000000000 ) ) ;
#2201 = VECTOR ( 'NONE', #3140, 1000.000000000000000 ) ;
#2202 = EDGE_CURVE ( 'NONE', #3195, #3333, #1884, .T. ) ;
#2203 = ORIENTED_EDGE ( 'NONE', *, *, #3043, .T. ) ;
#2204 = LINE ( 'NONE', #3758, #796 ) ;
#2205 = FACE_OUTER_BOUND ( 'NONE', #1031, .T. ) ;
#2206 = AXIS2_PLACEMENT_3D ( 'NONE', #1220, #2432, #2468 ) ;
#2207 = DIRECTION ( 'NONE',  ( -0.000000000000000000, 0.000000000000000000, -1.000000000000000000 ) ) ;
#2208 = AXIS2_PLACEMENT_3D ( 'NONE', #892, #587, #3082 ) ;
#2209 = EDGE_LOOP ( 'NONE', ( #2240, #1397, #1725, #3902 ) ) ;
#2210 = ADVANCED_FACE ( 'NONE', ( #143, #2636 ), #3889, .T. ) ;
#2211 = ORIENTED_EDGE ( 'NONE', *, *, #739, .F. ) ;
#2212 = LINE ( 'NONE', #301, #653 ) ;
#2213 = LINE ( 'NONE', #3457, #177 ) ;
#2214 = CARTESIAN_POINT ( 'NONE',  ( -5.000000000000000000, -50.99999999999999289, 45.00000000000000000 ) ) ;
#2215 = CARTESIAN_POINT ( 'NONE',  ( -5.000000000000030198, -51.50000000000000711, 91.00000000000000000 ) ) ;
#2216 = VECTOR ( 'NONE', #2579, 1000.000000000000000 ) ;
#2217 = EDGE_LOOP ( 'NONE', ( #3206, #524, #639, #3849 ) ) ;
#2218 = AXIS2_PLACEMENT_3D ( 'NONE', #2573, #3187, #1020 ) ;
#2219 = DIRECTION ( 'NONE',  ( -1.000000000000000000, 9.912705577010328015E-17, 0.000000000000000000 ) ) ;
#2220 = ORIENTED_EDGE ( 'NONE', *, *, #1974, .T. ) ;
#2221 = DIRECTION ( 'NONE',  ( -0.000000000000000000, -0.000000000000000000, 1.000000000000000000 ) ) ;
#2222 = ORIENTED_EDGE ( 'NONE', *, *, #958, .T. ) ;
#2223 = AXIS2_PLACEMENT_3D ( 'NONE', #2840, #2536, #3789 ) ;
#2224 = LINE ( 'NONE', #668, #844 ) ;
#2225 = LINE ( 'NONE', #3142, #2082 ) ;
#2226 = EDGE_CURVE ( 'NONE', #1233, #3998, #2351, .T. ) ;
#2227 = VECTOR ( 'NONE', #1925, 1000.000000000000000 ) ;
#2228 = VERTEX_POINT ( 'NONE', #2964 ) ;
#2229 = DIRECTION ( 'NONE',  ( 1.577021341797096821E-15, -1.000000000000000000, 0.000000000000000000 ) ) ;
#2230 = LINE ( 'NONE', #3868, #706 ) ;
#2231 = VECTOR ( 'NONE', #2744, 1000.000000000000000 ) ;
#2232 = LINE ( 'NONE', #3825, #3522 ) ;
#2233 = EDGE_CURVE ( 'NONE', #1339, #469, #1411, .T. ) ;
#2234 = VERTEX_POINT ( 'NONE', #2044 ) ;
#2235 = ORIENTED_EDGE ( 'NONE', *, *, #1797, .F. ) ;
#2236 = DIRECTION ( 'NONE',  ( -0.000000000000000000, -0.000000000000000000, 1.000000000000000000 ) ) ;
#2237 = DIRECTION ( 'NONE',  ( -1.213093339843922584E-16, 1.000000000000000000, 0.000000000000000000 ) ) ;
#2238 = DIRECTION ( 'NONE',  ( -0.000000000000000000, 0.000000000000000000, -1.000000000000000000 ) ) ;
#2239 = EDGE_CURVE ( 'NONE', #2781, #2306, #848, .T. ) ;
#2240 = ORIENTED_EDGE ( 'NONE', *, *, #321, .F. ) ;
#2241 = DIRECTION ( 'NONE',  ( 0.000000000000000000, 1.000000000000000000, -0.000000000000000000 ) ) ;
#2242 = ORIENTED_EDGE ( 'NONE', *, *, #455, .T. ) ;
#2243 = DIRECTION ( 'NONE',  ( -1.000000000000000000, -1.668003342285391058E-16, -0.000000000000000000 ) ) ;
#2244 = ORIENTED_EDGE ( 'NONE', *, *, #3370, .F. ) ;
#2245 = CARTESIAN_POINT ( 'NONE',  ( -33.40000000000012648, 46.59999999999995168, 9.000000000000010658 ) ) ;
#2246 = VERTEX_POINT ( 'NONE', #1432 ) ;
#2247 = CARTESIAN_POINT ( 'NONE',  ( 0.000000000000000000, 0.000000000000000000, 85.00000000000000000 ) ) ;
#2248 = CARTESIAN_POINT ( 'NONE',  ( -65.39999999999999147, 46.60000000000000142, 11.00000000000000000 ) ) ;
#2249 = ADVANCED_FACE ( 'NONE', ( #1123 ), #821, .F. ) ;
#2250 = PLANE ( 'NONE',  #2081 ) ;
#2251 = ORIENTED_EDGE ( 'NONE', *, *, #1440, .T. ) ;
#2252 = EDGE_LOOP ( 'NONE', ( #1210, #3726, #3549, #2639 ) ) ;
#2253 = CARTESIAN_POINT ( 'NONE',  ( -65.39999999999997726, -46.59999999999998010, 51.00000000000000711 ) ) ;
#2254 = LINE ( 'NONE', #3498, #2007 ) ;
#2255 = EDGE_CURVE ( 'NONE', #674, #1850, #3409, .T. ) ;
#2256 = CARTESIAN_POINT ( 'NONE',  ( -42.00000000000004974, 51.00000000000000711, 11.00000000000000000 ) ) ;
#2257 = ORIENTED_EDGE ( 'NONE', *, *, #850, .T. ) ;
#2258 = LINE ( 'NONE', #1578, #390 ) ;
#2259 = ADVANCED_FACE ( 'NONE', ( #588 ), #3967, .T. ) ;
#2260 = ORIENTED_EDGE ( 'NONE', *, *, #299, .T. ) ;
#2261 = CARTESIAN_POINT ( 'NONE',  ( -42.00000000000004974, 43.59999999999995879, 183.0970416646374588 ) ) ;
#2262 = VERTEX_POINT ( 'NONE', #1139 ) ;
#2263 = EDGE_CURVE ( 'NONE', #3238, #184, #1216, .T. ) ;
#2264 = DIRECTION ( 'NONE',  ( -1.000000000000000000, 0.000000000000000000, 0.000000000000000000 ) ) ;
#2265 = ORIENTED_EDGE ( 'NONE', *, *, #3049, .T. ) ;
#2266 = DIRECTION ( 'NONE',  ( -1.000000000000000000, -1.489033026589534369E-16, 0.000000000000000000 ) ) ;
#2267 = DIRECTION ( 'NONE',  ( 0.000000000000000000, 0.000000000000000000, 1.000000000000000000 ) ) ;
#2268 = VECTOR ( 'NONE', #2392, 1000.000000000000000 ) ;
#2269 = EDGE_LOOP ( 'NONE', ( #2244, #3925, #3022, #2891 ) ) ;
#2270 = EDGE_LOOP ( 'NONE', ( #2755, #2391, #1021, #1129, #195, #3107, #817, #2360, #3260, #3986, #3143, #1288, #604, #969 ) ) ;
#2271 = DIRECTION ( 'NONE',  ( -0.000000000000000000, -0.000000000000000000, -1.000000000000000000 ) ) ;
#2272 = AXIS2_PLACEMENT_3D ( 'NONE', #1531, #1852, #18 ) ;
#2273 = CARTESIAN_POINT ( 'NONE',  ( -33.39999999999998437, 51.00000000000000711, 85.00000000000000000 ) ) ;
#2274 = CARTESIAN_POINT ( 'NONE',  ( -42.00000000000004974, 51.00000000000000711, 183.0970416646374588 ) ) ;
#2275 = AXIS2_PLACEMENT_3D ( 'NONE', #2912, #414, #3488 ) ;
#2276 = EDGE_CURVE ( 'NONE', #39, #612, #2463, .T. ) ;
#2277 = ORIENTED_EDGE ( 'NONE', *, *, #3380, .T. ) ;
#2278 = DIRECTION ( 'NONE',  ( 0.000000000000000000, -1.000000000000000000, 0.000000000000000000 ) ) ;
#2279 = DIRECTION ( 'NONE',  ( 0.000000000000000000, -0.000000000000000000, 1.000000000000000000 ) ) ;
#2280 = AXIS2_PLACEMENT_3D ( 'NONE', #3792, #2238, #1316 ) ;
#2281 = VERTEX_POINT ( 'NONE', #3990 ) ;
#2282 = LINE ( 'NONE', #2261, #791 ) ;
#2283 = EDGE_CURVE ( 'NONE', #1641, #815, #1527, .T. ) ;
#2284 = VECTOR ( 'NONE', #3841, 1000.000000000000000 ) ;
#2285 = EDGE_LOOP ( 'NONE', ( #3343, #2178, #2915, #2450, #1159, #104, #490, #2326, #1384, #430, #519, #1001 ) ) ;
#2286 = CARTESIAN_POINT ( 'NONE',  ( -19.99999999999999289, -28.59999999999996945, 85.00000000000000000 ) ) ;
#2287 = VECTOR ( 'NONE', #3262, 1000.000000000000000 ) ;
#2288 = PLANE ( 'NONE',  #2797 ) ;
#2289 = EDGE_CURVE ( 'NONE', #3068, #2434, #916, .T. ) ;
#2290 = VECTOR ( 'NONE', #2996, 1000.000000000000000 ) ;
#2291 = VERTEX_POINT ( 'NONE', #2734 ) ;
#2292 = CARTESIAN_POINT ( 'NONE',  ( -6.500000000000004441, -53.99999999999998579, 5.000000000000000000 ) ) ;
#2293 = DIRECTION ( 'NONE',  ( -0.000000000000000000, -0.000000000000000000, 1.000000000000000000 ) ) ;
#2294 = CIRCLE ( 'NONE', #2808, 1.500000000000001332 ) ;
#2295 = ORIENTED_EDGE ( 'NONE', *, *, #321, .T. ) ;
#2296 = ORIENTED_EDGE ( 'NONE', *, *, #1258, .T. ) ;
#2297 = CARTESIAN_POINT ( 'NONE',  ( -29.79444872453598236, -46.59999999999997300, 9.000000000000000000 ) ) ;
#2298 = DIRECTION ( 'NONE',  ( 0.000000000000000000, -1.000000000000000000, 0.000000000000000000 ) ) ;
#2299 = CARTESIAN_POINT ( 'NONE',  ( -65.39999999999997726, -46.59999999999998010, 45.00000000000000000 ) ) ;
#2300 = EDGE_LOOP ( 'NONE', ( #3160, #1312, #1120, #1906 ) ) ;
#2301 = CARTESIAN_POINT ( 'NONE',  ( -5.000000000000030198, -51.50000000000000711, 45.00000000000000000 ) ) ;
#2302 = CARTESIAN_POINT ( 'NONE',  ( -11.00000000000000178, 50.99999999999998579, 5.000000000000000000 ) ) ;
#2303 = ORIENTED_EDGE ( 'NONE', *, *, #342, .T. ) ;
#2304 = ADVANCED_FACE ( 'NONE', ( #1452, #2428 ), #3678, .T. ) ;
#2305 = LINE ( 'NONE', #750, #1044 ) ;
#2306 = VERTEX_POINT ( 'NONE', #563 ) ;
#2307 = ORIENTED_EDGE ( 'NONE', *, *, #3280, .T. ) ;
#2308 = EDGE_CURVE ( 'NONE', #927, #720, #2225, .T. ) ;
#2309 = DIRECTION ( 'NONE',  ( 1.000000000000000000, 0.000000000000000000, 0.000000000000000000 ) ) ;
#2310 = DIRECTION ( 'NONE',  ( -7.228014483236707402E-16, -1.000000000000000000, 0.000000000000000000 ) ) ;
#2311 = FACE_OUTER_BOUND ( 'NONE', #1511, .T. ) ;
#2312 = EDGE_CURVE ( 'NONE', #378, #2481, #2853, .T. ) ;
#2313 = DIRECTION ( 'NONE',  ( 0.000000000000000000, -1.000000000000000000, 0.000000000000000000 ) ) ;
#2314 = ORIENTED_EDGE ( 'NONE', *, *, #1302, .F. ) ;
#2315 = ORIENTED_EDGE ( 'NONE', *, *, #3101, .F. ) ;
#2316 = CARTESIAN_POINT ( 'NONE',  ( -29.79444872453598236, -43.59999999999997300, 51.00000000000000711 ) ) ;
#2317 = CARTESIAN_POINT ( 'NONE',  ( -33.39999999999998437, -43.59999999999997300, 89.00000000000000000 ) ) ;
#2318 = CARTESIAN_POINT ( 'NONE',  ( -1.371604415045035710E-14, 56.00000000000000711, 45.00000000000000000 ) ) ;
#2319 = ORIENTED_EDGE ( 'NONE', *, *, #3802, .T. ) ;
#2320 = LINE ( 'NONE', #313, #3242 ) ;
#2321 = LINE ( 'NONE', #767, #4 ) ;
#2322 = ORIENTED_EDGE ( 'NONE', *, *, #735, .T. ) ;
#2323 = LINE ( 'NONE', #2013, #1169 ) ;
#2324 = ORIENTED_EDGE ( 'NONE', *, *, #1600, .T. ) ;
#2325 = PLANE ( 'NONE',  #1374 ) ;
#2326 = ORIENTED_EDGE ( 'NONE', *, *, #122, .F. ) ;
#2327 = FACE_OUTER_BOUND ( 'NONE', #3300, .T. ) ;
#2328 = EDGE_CURVE ( 'NONE', #1422, #3441, #3470, .T. ) ;
#2329 = PLANE ( 'NONE',  #3837 ) ;
#2330 = DIRECTION ( 'NONE',  ( -1.000000000000000000, -8.673617379884034239E-17, -0.000000000000000000 ) ) ;
#2331 = DIRECTION ( 'NONE',  ( -0.000000000000000000, 0.000000000000000000, 1.000000000000000000 ) ) ;
#2332 = EDGE_CURVE ( 'NONE', #2141, #3911, #646, .T. ) ;
#2333 = ORIENTED_EDGE ( 'NONE', *, *, #731, .F. ) ;
#2334 = ORIENTED_EDGE ( 'NONE', *, *, #159, .T. ) ;
#2335 = DIRECTION ( 'NONE',  ( 1.000000000000000000, 8.673617379884034239E-17, 0.000000000000000000 ) ) ;
#2336 = CARTESIAN_POINT ( 'NONE',  ( -33.39999999999997726, -46.59999999999998010, 45.00000000000000000 ) ) ;
#2337 = CARTESIAN_POINT ( 'NONE',  ( -42.00000000000004974, 43.59999999999995879, 80.00000000000000000 ) ) ;
#2338 = VECTOR ( 'NONE', #2166, 1000.000000000000000 ) ;
#2339 = ORIENTED_EDGE ( 'NONE', *, *, #2978, .F. ) ;
#2340 = DIRECTION ( 'NONE',  ( -1.000000000000000000, 0.000000000000000000, 0.000000000000000000 ) ) ;
#2341 = DIRECTION ( 'NONE',  ( -1.000000000000000000, 0.000000000000000000, 0.000000000000000000 ) ) ;
#2342 = ORIENTED_EDGE ( 'NONE', *, *, #522, .T. ) ;
#2343 = ORIENTED_EDGE ( 'NONE', *, *, #6, .F. ) ;
#2344 = DIRECTION ( 'NONE',  ( -1.000000000000000000, 0.000000000000000000, 0.000000000000000000 ) ) ;
#2345 = VERTEX_POINT ( 'NONE', #1603 ) ;
#2346 = CARTESIAN_POINT ( 'NONE',  ( -33.40000000000012648, 43.59999999999995879, 91.00000000000001421 ) ) ;
#2347 = VECTOR ( 'NONE', #2061, 1000.000000000000000 ) ;
#2348 = FACE_OUTER_BOUND ( 'NONE', #2252, .T. ) ;
#2349 = VECTOR ( 'NONE', #2169, 1000.000000000000000 ) ;
#2350 = LINE ( 'NONE', #1215, #2859 ) ;
#2351 = LINE ( 'NONE', #3576, #1434 ) ;
#2352 = EDGE_CURVE ( 'NONE', #1154, #3645, #3100, .T. ) ;
#2353 = AXIS2_PLACEMENT_3D ( 'NONE', #1348, #3913, #2595 ) ;
#2354 = VERTEX_POINT ( 'NONE', #3180 ) ;
#2355 = CARTESIAN_POINT ( 'NONE',  ( -42.00000000000004974, 51.00000000000000711, 143.0970416646374872 ) ) ;
#2356 = DIRECTION ( 'NONE',  ( -0.000000000000000000, -0.000000000000000000, 1.000000000000000000 ) ) ;
#2357 = VECTOR ( 'NONE', #515, 1000.000000000000000 ) ;
#2358 = CARTESIAN_POINT ( 'NONE',  ( -33.39999999999997016, -50.99999999999998579, 91.00000000000000000 ) ) ;
#2359 = EDGE_CURVE ( 'NONE', #3640, #3502, #375, .T. ) ;
#2360 = ORIENTED_EDGE ( 'NONE', *, *, #1626, .F. ) ;
#2361 = CARTESIAN_POINT ( 'NONE',  ( -69.00000000000002842, -50.99999999999997868, 5.000000000000000000 ) ) ;
#2362 = LINE ( 'NONE', #748, #3797 ) ;
#2363 = ORIENTED_EDGE ( 'NONE', *, *, #3395, .F. ) ;
#2364 = EDGE_CURVE ( 'NONE', #2234, #1913, #3241, .T. ) ;
#2365 = ORIENTED_EDGE ( 'NONE', *, *, #74, .T. ) ;
#2366 = DIRECTION ( 'NONE',  ( -0.000000000000000000, 0.000000000000000000, 1.000000000000000000 ) ) ;
#2367 = EDGE_LOOP ( 'NONE', ( #197, #1515, #3927, #1124 ) ) ;
#2368 = DIRECTION ( 'NONE',  ( 1.000000000000000000, 0.000000000000000000, 0.000000000000000000 ) ) ;
#2369 = LINE ( 'NONE', #1688, #1866 ) ;
#2370 = DIRECTION ( 'NONE',  ( -0.000000000000000000, 0.000000000000000000, -1.000000000000000000 ) ) ;
#2371 = ORIENTED_EDGE ( 'NONE', *, *, #975, .T. ) ;
#2372 = DIRECTION ( 'NONE',  ( 0.000000000000000000, -0.000000000000000000, -1.000000000000000000 ) ) ;
#2373 = CARTESIAN_POINT ( 'NONE',  ( -55.39999999999997016, 28.59999999999995524, 5.000000000000000000 ) ) ;
#2374 = LINE ( 'NONE', #3562, #1364 ) ;
#2375 = EDGE_CURVE ( 'NONE', #1055, #2434, #2895, .T. ) ;
#2376 = VERTEX_POINT ( 'NONE', #1097 ) ;
#2377 = CARTESIAN_POINT ( 'NONE',  ( -1.639234110326708464E-14, -51.50000000000000711, 91.00000000000000000 ) ) ;
#2378 = CARTESIAN_POINT ( 'NONE',  ( -5.000000000000014211, 51.50000000000000711, 51.00000000000000711 ) ) ;
#2379 = EDGE_CURVE ( 'NONE', #1055, #3419, #712, .T. ) ;
#2380 = ORIENTED_EDGE ( 'NONE', *, *, #2707, .F. ) ;
#2381 = DIRECTION ( 'NONE',  ( 0.000000000000000000, 0.000000000000000000, -1.000000000000000000 ) ) ;
#2382 = ORIENTED_EDGE ( 'NONE', *, *, #3659, .F. ) ;
#2383 = CARTESIAN_POINT ( 'NONE',  ( -75.00000000000004263, -56.99999999999997158, 0.000000000000000000 ) ) ;
#2384 = EDGE_CURVE ( 'NONE', #2387, #3467, #2612, .T. ) ;
#2385 = CARTESIAN_POINT ( 'NONE',  ( -15.00000000000000533, 28.59999999999995524, 40.00000000000000000 ) ) ;
#2386 = LINE ( 'NONE', #161, #570 ) ;
#2387 = VERTEX_POINT ( 'NONE', #1078 ) ;
#2388 = DIRECTION ( 'NONE',  ( 1.577021341797096821E-15, -1.000000000000000000, -5.782411586589351722E-16 ) ) ;
#2389 = CARTESIAN_POINT ( 'NONE',  ( -65.39999999999997726, -43.59999999999997300, 40.00000000000000711 ) ) ;
#2390 = CARTESIAN_POINT ( 'NONE',  ( -5.000000000000000000, -51.50000000000000711, 5.000000000000000000 ) ) ;
#2391 = ORIENTED_EDGE ( 'NONE', *, *, #3332, .F. ) ;
#2392 = DIRECTION ( 'NONE',  ( -0.000000000000000000, -0.000000000000000000, -1.000000000000000000 ) ) ;
#2393 = FACE_OUTER_BOUND ( 'NONE', #3158, .T. ) ;
#2394 = EDGE_CURVE ( 'NONE', #474, #742, #1956, .T. ) ;
#2395 = AXIS2_PLACEMENT_3D ( 'NONE', #2361, #3339, #1146 ) ;
#2396 = VERTEX_POINT ( 'NONE', #3865 ) ;
#2397 = CARTESIAN_POINT ( 'NONE',  ( -11.00000000000000178, 50.99999999999998579, 0.000000000000000000 ) ) ;
#2398 = VECTOR ( 'NONE', #1812, 1000.000000000000000 ) ;
#2399 = VERTEX_POINT ( 'NONE', #158 ) ;
#2400 = DIRECTION ( 'NONE',  ( -1.000000000000000000, 0.000000000000000000, 0.000000000000000000 ) ) ;
#2401 = ADVANCED_FACE ( 'NONE', ( #94 ), #3929, .F. ) ;
#2402 = MECHANICAL_DESIGN_GEOMETRIC_PRESENTATION_REPRESENTATION (  '', ( #1616 ), #1361 ) ;
#2403 = ORIENTED_EDGE ( 'NONE', *, *, #2036, .T. ) ;
#2404 = CARTESIAN_POINT ( 'NONE',  ( -42.00000000000004974, 51.00000000000000711, 40.00000000000000711 ) ) ;
#2405 = DIRECTION ( 'NONE',  ( -0.000000000000000000, 1.000000000000000000, 0.000000000000000000 ) ) ;
#2406 = VECTOR ( 'NONE', #511, 1000.000000000000000 ) ;
#2407 = EDGE_CURVE ( 'NONE', #1191, #2399, #2939, .T. ) ;
#2408 = VECTOR ( 'NONE', #1103, 1000.000000000000000 ) ;
#2409 = VERTEX_POINT ( 'NONE', #2346 ) ;
#2410 = LINE ( 'NONE', #3697, #2874 ) ;
#2411 = CARTESIAN_POINT ( 'NONE',  ( -55.39999999999997016, 28.59999999999995524, 40.00000000000000000 ) ) ;
#2412 = DIRECTION ( 'NONE',  ( 1.000000000000000000, 0.000000000000000000, 0.000000000000000000 ) ) ;
#2413 = VECTOR ( 'NONE', #1747, 1000.000000000000000 ) ;
#2414 = ORIENTED_EDGE ( 'NONE', *, *, #294, .F. ) ;
#2415 = VECTOR ( 'NONE', #22, 1000.000000000000000 ) ;
#2416 = CARTESIAN_POINT ( 'NONE',  ( -29.79444872453598236, 43.59999999999995879, 11.00000000000001066 ) ) ;
#2417 = LINE ( 'NONE', #3669, #2556 ) ;
#2418 = VECTOR ( 'NONE', #3173, 1000.000000000000000 ) ;
#2419 = EDGE_LOOP ( 'NONE', ( #1778, #2717, #2424, #1529 ) ) ;
#2420 = EDGE_CURVE ( 'NONE', #408, #436, #1645, .T. ) ;
#2421 = DIRECTION ( 'NONE',  ( -0.000000000000000000, 0.000000000000000000, -1.000000000000000000 ) ) ;
#2422 = ORIENTED_EDGE ( 'NONE', *, *, #1733, .F. ) ;
#2423 = CARTESIAN_POINT ( 'NONE',  ( -1.371604415045035710E-14, 56.00000000000000711, 80.00000000000000000 ) ) ;
#2424 = ORIENTED_EDGE ( 'NONE', *, *, #1401, .F. ) ;
#2425 = ADVANCED_FACE ( 'NONE', ( #2327 ), #3289, .F. ) ;
#2426 = PLANE ( 'NONE',  #3042 ) ;
#2427 = PLANE ( 'NONE',  #2208 ) ;
#2428 = FACE_OUTER_BOUND ( 'NONE', #900, .T. ) ;
#2429 = ADVANCED_FACE ( 'NONE', ( #1711 ), #2288, .F. ) ;
#2430 = ORIENTED_EDGE ( 'NONE', *, *, #2086, .T. ) ;
#2431 = FACE_OUTER_BOUND ( 'NONE', #3809, .T. ) ;
#2432 = DIRECTION ( 'NONE',  ( 0.000000000000000000, 0.000000000000000000, 1.000000000000000000 ) ) ;
#2433 = CARTESIAN_POINT ( 'NONE',  ( -60.00000000000000000, -43.59999999999997300, 51.00000000000000711 ) ) ;
#2434 = VERTEX_POINT ( 'NONE', #801 ) ;
#2435 = CARTESIAN_POINT ( 'NONE',  ( -60.00000000000005684, -50.99999999999998579, 11.00000000000000000 ) ) ;
#2436 = CARTESIAN_POINT ( 'NONE',  ( -52.00000000000004974, 43.59999999999995879, 40.00000000000000711 ) ) ;
#2437 = EDGE_LOOP ( 'NONE', ( #3361, #100, #3490, #4045 ) ) ;
#2438 = CARTESIAN_POINT ( 'NONE',  ( -65.39999999999997726, -46.59999999999998010, 51.00000000000000711 ) ) ;
#2439 = ORIENTED_EDGE ( 'NONE', *, *, #3712, .F. ) ;
#2440 = DIRECTION ( 'NONE',  ( -0.000000000000000000, -0.000000000000000000, -1.000000000000000000 ) ) ;
#2441 = EDGE_LOOP ( 'NONE', ( #2863, #1538, #411, #2487 ) ) ;
#2442 = DIRECTION ( 'NONE',  ( 1.000000000000000000, 0.000000000000000000, 0.000000000000000000 ) ) ;
#2443 = LINE ( 'NONE', #2770, #2599 ) ;
#2444 = EDGE_CURVE ( 'NONE', #350, #2906, #3533, .T. ) ;
#2445 = ORIENTED_EDGE ( 'NONE', *, *, #3830, .T. ) ;
#2446 = DIRECTION ( 'NONE',  ( -0.000000000000000000, -0.000000000000000000, -1.000000000000000000 ) ) ;
#2447 = CARTESIAN_POINT ( 'NONE',  ( -29.79444872453598236, 46.59999999999995879, 89.00000000000001421 ) ) ;
#2448 = LINE ( 'NONE', #282, #2143 ) ;
#2449 = EDGE_CURVE ( 'NONE', #3864, #3858, #2041, .T. ) ;
#2450 = ORIENTED_EDGE ( 'NONE', *, *, #2255, .F. ) ;
#2451 = DIRECTION ( 'NONE',  ( 2.891205793294679312E-16, 1.000000000000000000, -0.000000000000000000 ) ) ;
#2452 = DIRECTION ( 'NONE',  ( 3.469446951953611231E-16, -1.000000000000000000, 0.000000000000000000 ) ) ;
#2453 = ADVANCED_FACE ( 'NONE', ( #775, #736 ), #1993, .F. ) ;
#2454 = VERTEX_POINT ( 'NONE', #1728 ) ;
#2455 = LINE ( 'NONE', #3379, #1377 ) ;
#2456 = EDGE_LOOP ( 'NONE', ( #224, #3720, #1639, #3382, #1330, #1712, #955, #83 ) ) ;
#2457 = AXIS2_PLACEMENT_3D ( 'NONE', #944, #573, #3070 ) ;
#2458 = LINE ( 'NONE', #3567, #3524 ) ;
#2459 = ORIENTED_EDGE ( 'NONE', *, *, #3495, .T. ) ;
#2460 = AXIS2_PLACEMENT_3D ( 'NONE', #3145, #2529, #380 ) ;
#2461 = CARTESIAN_POINT ( 'NONE',  ( -15.00000000000000533, 28.59999999999995524, 0.000000000000000000 ) ) ;
#2462 = DIRECTION ( 'NONE',  ( -1.000000000000000000, -9.912705577010329247E-17, 0.000000000000000000 ) ) ;
#2463 = LINE ( 'NONE', #218, #3452 ) ;
#2464 = AXIS2_PLACEMENT_3D ( 'NONE', #1017, #1584, #3203 ) ;
#2465 = ORIENTED_EDGE ( 'NONE', *, *, #3146, .T. ) ;
#2466 = CARTESIAN_POINT ( 'NONE',  ( -14.99999999999999289, -28.59999999999996945, 0.000000000000000000 ) ) ;
#2467 = VECTOR ( 'NONE', #3699, 1000.000000000000000 ) ;
#2468 = DIRECTION ( 'NONE',  ( 1.000000000000000000, 0.000000000000000000, 0.000000000000000000 ) ) ;
#2469 = ADVANCED_FACE ( 'NONE', ( #176 ), #1686, .F. ) ;
#2470 = CARTESIAN_POINT ( 'NONE',  ( -5.000000000000031974, -56.00000000000000711, 91.00000000000000000 ) ) ;
#2471 = AXIS2_PLACEMENT_3D ( 'NONE', #757, #3846, #3245 ) ;
#2472 = ORIENTED_EDGE ( 'NONE', *, *, #3802, .F. ) ;
#2473 = DIRECTION ( 'NONE',  ( 1.577021341797096821E-15, -1.000000000000000000, 0.000000000000000000 ) ) ;
#2474 = DIRECTION ( 'NONE',  ( -0.000000000000000000, -0.000000000000000000, -1.000000000000000000 ) ) ;
#2475 = ADVANCED_FACE ( 'NONE', ( #2018 ), #3885, .F. ) ;
#2476 = CIRCLE ( 'NONE', #3855, 1.500000000000001332 ) ;
#2477 = VECTOR ( 'NONE', #2165, 1000.000000000000000 ) ;
#2478 = ORIENTED_EDGE ( 'NONE', *, *, #1334, .F. ) ;
#2479 = DIRECTION ( 'NONE',  ( 0.000000000000000000, 0.000000000000000000, -1.000000000000000000 ) ) ;
#2480 = EDGE_CURVE ( 'NONE', #391, #529, #1136, .T. ) ;
#2481 = VERTEX_POINT ( 'NONE', #3303 ) ;
#2482 = AXIS2_PLACEMENT_3D ( 'NONE', #3526, #664, #1012 ) ;
#2483 = DIRECTION ( 'NONE',  ( -1.000000000000000000, 0.000000000000000000, 0.000000000000000000 ) ) ;
#2484 = ORIENTED_EDGE ( 'NONE', *, *, #1673, .F. ) ;
#2485 = DIRECTION ( 'NONE',  ( -0.000000000000000000, -0.000000000000000000, -1.000000000000000000 ) ) ;
#2486 = DIRECTION ( 'NONE',  ( -0.000000000000000000, -0.000000000000000000, 1.000000000000000000 ) ) ;
#2487 = ORIENTED_EDGE ( 'NONE', *, *, #3637, .T. ) ;
#2488 = CARTESIAN_POINT ( 'NONE',  ( -29.79444872453598236, 43.59999999999995879, 51.00000000000000711 ) ) ;
#2489 = CARTESIAN_POINT ( 'NONE',  ( -5.000000000000004441, -56.99999999999997868, 5.000000000000000000 ) ) ;
#2490 = FACE_OUTER_BOUND ( 'NONE', #3276, .T. ) ;
#2491 = ORIENTED_EDGE ( 'NONE', *, *, #2444, .F. ) ;
#2492 = CARTESIAN_POINT ( 'NONE',  ( -42.00000000000004974, 51.00000000000000711, 51.00000000000000711 ) ) ;
#2493 = CARTESIAN_POINT ( 'NONE',  ( -11.00000000000000178, -50.99999999999998579, 5.000000000000000000 ) ) ;
#2494 = DIRECTION ( 'NONE',  ( 0.000000000000000000, 1.000000000000000000, 0.000000000000000000 ) ) ;
#2495 = ADVANCED_FACE ( 'NONE', ( #3344 ), #1784, .F. ) ;
#2496 = ORIENTED_EDGE ( 'NONE', *, *, #2530, .T. ) ;
#2497 = DIRECTION ( 'NONE',  ( -0.000000000000000000, 0.000000000000000000, -1.000000000000000000 ) ) ;
#2498 = EDGE_LOOP ( 'NONE', ( #1963, #4012, #2056, #3494, #4042, #2307 ) ) ;
#2499 = DIRECTION ( 'NONE',  ( 1.577021341797097018E-15, 1.000000000000000000, -0.000000000000000000 ) ) ;
#2500 = EDGE_CURVE ( 'NONE', #2156, #1335, #3983, .T. ) ;
#2501 = ORIENTED_EDGE ( 'NONE', *, *, #3132, .F. ) ;
#2502 = LINE ( 'NONE', #2928, #432 ) ;
#2503 = CARTESIAN_POINT ( 'NONE',  ( -29.79444872453598236, 46.59999999999995879, 49.00000000000001421 ) ) ;
#2504 = EDGE_CURVE ( 'NONE', #3886, #618, #2750, .T. ) ;
#2505 = ORIENTED_EDGE ( 'NONE', *, *, #222, .T. ) ;
#2506 = CARTESIAN_POINT ( 'NONE',  ( -33.39999999999998437, 51.00000000000000711, 11.00000000000000000 ) ) ;
#2507 = CARTESIAN_POINT ( 'NONE',  ( -75.00000000000005684, 50.99999999999998579, 5.000000000000000000 ) ) ;
#2508 = LINE ( 'NONE', #3806, #1689 ) ;
#2509 = ORIENTED_EDGE ( 'NONE', *, *, #3725, .T. ) ;
#2510 = ORIENTED_EDGE ( 'NONE', *, *, #478, .F. ) ;
#2511 = CARTESIAN_POINT ( 'NONE',  ( -50.39999999999997016, 33.59999999999995168, 85.00000000000000000 ) ) ;
#2512 = DIRECTION ( 'NONE',  ( 1.577021341797096821E-15, -1.000000000000000000, 0.000000000000000000 ) ) ;
#2513 = LINE ( 'NONE', #3152, #2096 ) ;
#2514 = LINE ( 'NONE', #328, #1039 ) ;
#2515 = ORIENTED_EDGE ( 'NONE', *, *, #781, .F. ) ;
#2516 = PLANE ( 'NONE',  #72 ) ;
#2517 = EDGE_LOOP ( 'NONE', ( #2827, #1301, #1894, #3341 ) ) ;
#2518 = ADVANCED_FACE ( 'NONE', ( #254 ), #3691, .T. ) ;
#2519 = CARTESIAN_POINT ( 'NONE',  ( -5.000000000000030198, -51.50000000000000711, 11.00000000000000000 ) ) ;
#2520 = VERTEX_POINT ( 'NONE', #4023 ) ;
#2521 = CARTESIAN_POINT ( 'NONE',  ( -5.000000000000000000, -55.99999999999999289, 80.00000000000000000 ) ) ;
#2522 = VECTOR ( 'NONE', #965, 1000.000000000000000 ) ;
#2523 = DIRECTION ( 'NONE',  ( -1.000000000000000000, 0.000000000000000000, 0.000000000000000000 ) ) ;
#2524 = EDGE_CURVE ( 'NONE', #768, #474, #2611, .T. ) ;
#2525 = CARTESIAN_POINT ( 'NONE',  ( -75.00000000000004263, -56.99999999999997158, 5.000000000000000000 ) ) ;
#2526 = VECTOR ( 'NONE', #2682, 1000.000000000000000 ) ;
#2527 = ORIENTED_EDGE ( 'NONE', *, *, #448, .T. ) ;
#2528 = FACE_BOUND ( 'NONE', #669, .T. ) ;
#2529 = DIRECTION ( 'NONE',  ( 0.000000000000000000, 0.000000000000000000, 1.000000000000000000 ) ) ;
#2530 = EDGE_CURVE ( 'NONE', #1540, #468, #2115, .T. ) ;
#2531 = COLOUR_RGB ( '',0.7921568627450980005, 0.8196078431372548767, 0.9333333333333333481 ) ;
#2532 = CARTESIAN_POINT ( 'NONE',  ( -8.000000000000017764, 53.99999999999998579, 5.000000000000000000 ) ) ;
#2533 = CIRCLE ( 'NONE', #2280, 4.999999999999997335 ) ;
#2534 = ORIENTED_EDGE ( 'NONE', *, *, #2772, .T. ) ;
#2535 = ORIENTED_EDGE ( 'NONE', *, *, #1820, .T. ) ;
#2536 = DIRECTION ( 'NONE',  ( 0.000000000000000000, 0.000000000000000000, 1.000000000000000000 ) ) ;
#2537 = DIRECTION ( 'NONE',  ( -0.000000000000000000, -0.000000000000000000, 1.000000000000000000 ) ) ;
#2538 = LINE ( 'NONE', #3481, #3122 ) ;
#2539 = VECTOR ( 'NONE', #398, 1000.000000000000000 ) ;
#2540 = ORIENTED_EDGE ( 'NONE', *, *, #2678, .F. ) ;
#2541 = AXIS2_PLACEMENT_3D ( 'NONE', #2532, #1632, #3165 ) ;
#2542 = CARTESIAN_POINT ( 'NONE',  ( -33.40000000000012648, 46.59999999999995879, 89.00000000000001421 ) ) ;
#2543 = VERTEX_POINT ( 'NONE', #2135 ) ;
#2544 = CARTESIAN_POINT ( 'NONE',  ( 0.000000000000000000, 0.000000000000000000, 11.00000000000000000 ) ) ;
#2545 = VECTOR ( 'NONE', #3727, 1000.000000000000000 ) ;
#2546 = EDGE_CURVE ( 'NONE', #2941, #408, #2766, .T. ) ;
#2547 = ORIENTED_EDGE ( 'NONE', *, *, #3609, .F. ) ;
#2548 = PRODUCT_DEFINITION_CONTEXT ( 'detailed design', #2185, 'design' ) ;
#2549 = VECTOR ( 'NONE', #3064, 1000.000000000000000 ) ;
#2550 = DIRECTION ( 'NONE',  ( 1.819640009765883753E-16, -1.000000000000000000, 0.000000000000000000 ) ) ;
#2551 = VECTOR ( 'NONE', #367, 1000.000000000000000 ) ;
#2552 = EDGE_CURVE ( 'NONE', #3848, #733, #3324, .T. ) ;
#2553 = EDGE_LOOP ( 'NONE', ( #2723, #2484, #2478, #1652 ) ) ;
#2554 = PLANE ( 'NONE',  #1311 ) ;
#2555 = LINE ( 'NONE', #3823, #244 ) ;
#2556 = VECTOR ( 'NONE', #3357, 1000.000000000000000 ) ;
#2557 = CARTESIAN_POINT ( 'NONE',  ( -52.00000000000004974, 51.00000000000000711, 40.00000000000000711 ) ) ;
#2558 = EDGE_CURVE ( 'NONE', #1610, #1641, #3078, .T. ) ;
#2559 = ORIENTED_EDGE ( 'NONE', *, *, #77, .F. ) ;
#2560 = ORIENTED_EDGE ( 'NONE', *, *, #528, .F. ) ;
#2561 = CARTESIAN_POINT ( 'NONE',  ( -5.000000000000000000, -50.99999999999999289, 0.000000000000000000 ) ) ;
#2562 = CARTESIAN_POINT ( 'NONE',  ( -60.00000000000000000, -43.59999999999997300, 80.00000000000000000 ) ) ;
#2563 = PRODUCT_CONTEXT ( 'NONE', #1347, 'mechanical' ) ;
#2564 = CARTESIAN_POINT ( 'NONE',  ( -14.99999999999999822, -2.729460014648825137E-15, 45.00000000000000000 ) ) ;
#2565 = ORIENTED_EDGE ( 'NONE', *, *, #3354, .F. ) ;
#2566 = CARTESIAN_POINT ( 'NONE',  ( -8.000000000000017764, 53.99999999999998579, 0.000000000000000000 ) ) ;
#2567 = VERTEX_POINT ( 'NONE', #199 ) ;
#2568 = CARTESIAN_POINT ( 'NONE',  ( -50.39999999999996305, -33.59999999999996589, 0.000000000000000000 ) ) ;
#2569 = VERTEX_POINT ( 'NONE', #3362 ) ;
#2570 = CARTESIAN_POINT ( 'NONE',  ( -50.39999999999997016, 28.59999999999995524, 45.00000000000000000 ) ) ;
#2571 = ORIENTED_EDGE ( 'NONE', *, *, #2289, .T. ) ;
#2572 = DIRECTION ( 'NONE',  ( -0.000000000000000000, -0.000000000000000000, 1.000000000000000000 ) ) ;
#2573 = CARTESIAN_POINT ( 'NONE',  ( -52.00000000000004974, 51.00000000000000711, 183.0970416646374588 ) ) ;
#2574 = EDGE_CURVE ( 'NONE', #709, #2610, #3963, .T. ) ;
#2575 = ORIENTED_EDGE ( 'NONE', *, *, #3307, .T. ) ;
#2576 = VERTEX_POINT ( 'NONE', #818 ) ;
#2577 = LINE ( 'NONE', #3541, #1564 ) ;
#2578 = LINE ( 'NONE', #3169, #3048 ) ;
#2579 = DIRECTION ( 'NONE',  ( 1.577021341797096821E-15, -1.000000000000000000, -5.782411586589351722E-16 ) ) ;
#2580 = EDGE_CURVE ( 'NONE', #2819, #3422, #1504, .T. ) ;
#2581 = ORIENTED_EDGE ( 'NONE', *, *, #1203, .F. ) ;
#2582 = FACE_OUTER_BOUND ( 'NONE', #1317, .T. ) ;
#2583 = EDGE_LOOP ( 'NONE', ( #1480, #3615, #2265, #3233 ) ) ;
#2584 = EDGE_CURVE ( 'NONE', #3333, #800, #3620, .T. ) ;
#2585 = PLANE ( 'NONE',  #2024 ) ;
#2586 = ORIENTED_EDGE ( 'NONE', *, *, #2824, .T. ) ;
#2587 = LINE ( 'NONE', #3509, #971 ) ;
#2588 = CARTESIAN_POINT ( 'NONE',  ( -19.99999999999999289, -33.59999999999996589, 0.000000000000000000 ) ) ;
#2589 = ORIENTED_EDGE ( 'NONE', *, *, #850, .F. ) ;
#2590 = LINE ( 'NONE', #3492, #638 ) ;
#2591 = CARTESIAN_POINT ( 'NONE',  ( -19.99999999999999289, -33.59999999999996589, 0.000000000000000000 ) ) ;
#2592 = AXIS2_PLACEMENT_3D ( 'NONE', #901, #632, #1592 ) ;
#2593 = VERTEX_POINT ( 'NONE', #3654 ) ;
#2594 = VERTEX_POINT ( 'NONE', #2693 ) ;
#2595 = DIRECTION ( 'NONE',  ( -3.469446951953611724E-16, 1.000000000000000000, 0.000000000000000000 ) ) ;
#2596 = VECTOR ( 'NONE', #2237, 1000.000000000000000 ) ;
#2597 = CARTESIAN_POINT ( 'NONE',  ( -20.00000000000000000, 33.59999999999995168, 5.000000000000000000 ) ) ;
#2598 = LINE ( 'NONE', #1576, #3259 ) ;
#2599 = VECTOR ( 'NONE', #15, 1000.000000000000000 ) ;
#2600 = EDGE_CURVE ( 'NONE', #2168, #2234, #2709, .T. ) ;
#2601 = ORIENTED_EDGE ( 'NONE', *, *, #1098, .T. ) ;
#2602 = LINE ( 'NONE', #3856, #4035 ) ;
#2603 = DIRECTION ( 'NONE',  ( 1.000000000000000000, 0.000000000000000000, 0.000000000000000000 ) ) ;
#2604 = CIRCLE ( 'NONE', #1687, 1.500000000000001332 ) ;
#2605 = ORIENTED_EDGE ( 'NONE', *, *, #2658, .F. ) ;
#2606 = DIRECTION ( 'NONE',  ( -1.000000000000000000, -1.668003342285391058E-16, -0.000000000000000000 ) ) ;
#2607 = AXIS2_PLACEMENT_3D ( 'NONE', #2677, #3291, #3306 ) ;
#2608 = EDGE_CURVE ( 'NONE', #2126, #3941, #521, .T. ) ;
#2609 = VERTEX_POINT ( 'NONE', #1466 ) ;
#2610 = VERTEX_POINT ( 'NONE', #2098 ) ;
#2611 = CIRCLE ( 'NONE', #316, 4.999999999999997335 ) ;
#2612 = LINE ( 'NONE', #2588, #2539 ) ;
#2613 = VECTOR ( 'NONE', #279, 1000.000000000000000 ) ;
#2614 = ORIENTED_EDGE ( 'NONE', *, *, #3171, .T. ) ;
#2615 = DIRECTION ( 'NONE',  ( 7.228014483236707402E-16, -1.000000000000000000, -0.000000000000000000 ) ) ;
#2616 = FACE_OUTER_BOUND ( 'NONE', #1567, .T. ) ;
#2617 = AXIS2_PLACEMENT_3D ( 'NONE', #2992, #192, #1444 ) ;
#2618 = ORIENTED_EDGE ( 'NONE', *, *, #3593, .F. ) ;
#2619 = VERTEX_POINT ( 'NONE', #3034 ) ;
#2620 = DIRECTION ( 'NONE',  ( 7.228014483236707402E-16, -1.000000000000000000, -0.000000000000000000 ) ) ;
#2621 = DIRECTION ( 'NONE',  ( 0.000000000000000000, 0.000000000000000000, 1.000000000000000000 ) ) ;
#2622 = DIRECTION ( 'NONE',  ( -2.891205793294679312E-16, -1.000000000000000000, 0.000000000000000000 ) ) ;
#2623 = ORIENTED_EDGE ( 'NONE', *, *, #1127, .T. ) ;
#2624 = DIRECTION ( 'NONE',  ( -1.213093339843922584E-16, 1.000000000000000000, 0.000000000000000000 ) ) ;
#2625 = PLANE ( 'NONE',  #2617 ) ;
#2626 = ORIENTED_EDGE ( 'NONE', *, *, #103, .T. ) ;
#2627 = CARTESIAN_POINT ( 'NONE',  ( -65.39999999999997726, -46.59999999999998010, 11.00000000000000000 ) ) ;
#2628 = EDGE_CURVE ( 'NONE', #2399, #2112, #232, .T. ) ;
#2629 = VERTEX_POINT ( 'NONE', #289 ) ;
#2630 = PLANE ( 'NONE',  #2090 ) ;
#2631 = ORIENTED_EDGE ( 'NONE', *, *, #2120, .F. ) ;
#2632 = DIRECTION ( 'NONE',  ( 1.000000000000000000, 0.000000000000000000, 0.000000000000000000 ) ) ;
#2633 = EDGE_CURVE ( 'NONE', #2520, #3149, #2476, .T. ) ;
#2634 = LINE ( 'NONE', #1080, #3240 ) ;
#2635 = CARTESIAN_POINT ( 'NONE',  ( -5.000000000000000000, -55.99999999999999289, 5.000000000000000000 ) ) ;
#2636 = FACE_OUTER_BOUND ( 'NONE', #3345, .T. ) ;
#2637 = ADVANCED_FACE ( 'NONE', ( #666 ), #1845, .F. ) ;
#2638 = ORIENTED_EDGE ( 'NONE', *, *, #1600, .F. ) ;
#2639 = ORIENTED_EDGE ( 'NONE', *, *, #3358, .T. ) ;
#2640 = DIRECTION ( 'NONE',  ( 1.000000000000000000, 0.000000000000000000, -0.000000000000000000 ) ) ;
#2641 = LINE ( 'NONE', #3953, #2526 ) ;
#2642 = CARTESIAN_POINT ( 'NONE',  ( -33.39999999999999147, 46.60000000000000142, 85.00000000000000000 ) ) ;
#2643 = ORIENTED_EDGE ( 'NONE', *, *, #1428, .F. ) ;
#2644 = CARTESIAN_POINT ( 'NONE',  ( -29.79444872453598236, 43.59999999999995879, 9.000000000000008882 ) ) ;
#2645 = DIRECTION ( 'NONE',  ( -1.577021341797097018E-15, 1.000000000000000000, 0.000000000000000000 ) ) ;
#2646 = ORIENTED_EDGE ( 'NONE', *, *, #522, .F. ) ;
#2647 = EDGE_LOOP ( 'NONE', ( #481, #2322, #1738, #3338, #2319, #2862, #4050, #822 ) ) ;
#2648 = EDGE_CURVE ( 'NONE', #649, #2839, #2158, .T. ) ;
#2649 = DIRECTION ( 'NONE',  ( 0.000000000000000000, 1.000000000000000000, -0.000000000000000000 ) ) ;
#2650 = ORIENTED_EDGE ( 'NONE', *, *, #679, .F. ) ;
#2651 = CARTESIAN_POINT ( 'NONE',  ( -65.39999999999997726, -46.59999999999997300, 9.000000000000000000 ) ) ;
#2652 = EDGE_CURVE ( 'NONE', #3419, #3796, #4043, .T. ) ;
#2653 = VERTEX_POINT ( 'NONE', #3115 ) ;
#2654 = CARTESIAN_POINT ( 'NONE',  ( -33.39999999999997016, -50.99999999999998579, 51.00000000000000711 ) ) ;
#2655 = CARTESIAN_POINT ( 'NONE',  ( -29.79444872453598236, -43.59999999999997300, 11.00000000000000000 ) ) ;
#2656 = AXIS2_PLACEMENT_3D ( 'NONE', #3036, #542, #3716 ) ;
#2657 = ORIENTED_EDGE ( 'NONE', *, *, #1415, .T. ) ;
#2658 = EDGE_CURVE ( 'NONE', #2885, #1629, #3095, .T. ) ;
#2659 = ORIENTED_EDGE ( 'NONE', *, *, #533, .F. ) ;
#2660 = CARTESIAN_POINT ( 'NONE',  ( -5.000000000000014211, 51.50000000000000711, 91.00000000000000000 ) ) ;
#2661 = AXIS2_PLACEMENT_3D ( 'NONE', #1354, #2907, #2340 ) ;
#2662 = CARTESIAN_POINT ( 'NONE',  ( -11.00000000000000178, 50.99999999999998579, 5.000000000000000000 ) ) ;
#2663 = CIRCLE ( 'NONE', #2460, 1.499999999999999556 ) ;
#2664 = ORIENTED_EDGE ( 'NONE', *, *, #3285, .F. ) ;
#2665 = CARTESIAN_POINT ( 'NONE',  ( -65.39999999999997726, 43.59999999999995879, 9.000000000000008882 ) ) ;
#2666 = LINE ( 'NONE', #812, #1566 ) ;
#2667 = ORIENTED_EDGE ( 'NONE', *, *, #2080, .F. ) ;
#2668 = AXIS2_PLACEMENT_3D ( 'NONE', #1390, #2405, #3658 ) ;
#2669 = VERTEX_POINT ( 'NONE', #310 ) ;
#2670 = CARTESIAN_POINT ( 'NONE',  ( -9.500000000000003553, -53.99999999999998579, 0.000000000000000000 ) ) ;
#2671 = ORIENTED_EDGE ( 'NONE', *, *, #3475, .T. ) ;
#2672 = DIRECTION ( 'NONE',  ( 0.000000000000000000, 1.000000000000000000, 0.000000000000000000 ) ) ;
#2673 = VECTOR ( 'NONE', #2313, 1000.000000000000000 ) ;
#2674 = EDGE_CURVE ( 'NONE', #2839, #2975, #3404, .T. ) ;
#2675 = ORIENTED_EDGE ( 'NONE', *, *, #4028, .T. ) ;
#2676 = AXIS2_PLACEMENT_3D ( 'NONE', #3497, #3763, #2799 ) ;
#2677 = CARTESIAN_POINT ( 'NONE',  ( -19.99999999999999289, -28.59999999999996945, 0.000000000000000000 ) ) ;
#2678 = EDGE_CURVE ( 'NONE', #2610, #1151, #1211, .T. ) ;
#2679 = AXIS2_PLACEMENT_3D ( 'NONE', #3128, #657, #2820 ) ;
#2680 = ORIENTED_EDGE ( 'NONE', *, *, #1631, .T. ) ;
#2681 = DIRECTION ( 'NONE',  ( 1.000000000000000000, 0.000000000000000000, 0.000000000000000000 ) ) ;
#2682 = DIRECTION ( 'NONE',  ( 3.469446951953611231E-16, -1.000000000000000000, 0.000000000000000000 ) ) ;
#2683 = VECTOR ( 'NONE', #3961, 1000.000000000000000 ) ;
#2684 = PLANE ( 'NONE',  #443 ) ;
#2685 = EDGE_CURVE ( 'NONE', #271, #144, #3159, .T. ) ;
#2686 = EDGE_LOOP ( 'NONE', ( #444, #3198, #3743, #1262 ) ) ;
#2687 = DIRECTION ( 'NONE',  ( -8.673617379884034239E-17, 1.000000000000000000, 0.000000000000000000 ) ) ;
#2688 = LINE ( 'NONE', #211, #856 ) ;
#2689 = ADVANCED_FACE ( 'NONE', ( #1235 ), #619, .F. ) ;
#2690 = ORIENTED_EDGE ( 'NONE', *, *, #954, .T. ) ;
#2691 = PLANE ( 'NONE',  #3860 ) ;
#2692 = ORIENTED_EDGE ( 'NONE', *, *, #2375, .F. ) ;
#2693 = CARTESIAN_POINT ( 'NONE',  ( -50.39999999999997016, 33.59999999999995168, 40.00000000000000000 ) ) ;
#2694 = ORIENTED_EDGE ( 'NONE', *, *, #1579, .F. ) ;
#2695 = LINE ( 'NONE', #3907, #1487 ) ;
#2696 = EDGE_LOOP ( 'NONE', ( #3507, #962, #1294, #1978 ) ) ;
#2697 = FACE_OUTER_BOUND ( 'NONE', #2647, .T. ) ;
#2698 = CARTESIAN_POINT ( 'NONE',  ( -20.00000000000000000, 28.59999999999995524, 0.000000000000000000 ) ) ;
#2699 = EDGE_CURVE ( 'NONE', #2409, #3323, #930, .T. ) ;
#2700 = CARTESIAN_POINT ( 'NONE',  ( -60.00000000000000000, -43.59999999999997300, 51.00000000000000711 ) ) ;
#2701 = ORIENTED_EDGE ( 'NONE', *, *, #1281, .F. ) ;
#2702 = CARTESIAN_POINT ( 'NONE',  ( 0.000000000000000000, -55.99999999999999289, 45.00000000000000000 ) ) ;
#2703 = DIRECTION ( 'NONE',  ( 1.000000000000000000, 0.000000000000000000, 0.000000000000000000 ) ) ;
#2704 = EDGE_CURVE ( 'NONE', #3504, #537, #3138, .T. ) ;
#2705 = ORIENTED_EDGE ( 'NONE', *, *, #882, .F. ) ;
#2706 = DIRECTION ( 'NONE',  ( -0.000000000000000000, -0.000000000000000000, -1.000000000000000000 ) ) ;
#2707 = EDGE_CURVE ( 'NONE', #2569, #2970, #3175, .T. ) ;
#2708 = ORIENTED_EDGE ( 'NONE', *, *, #1328, .T. ) ;
#2709 = LINE ( 'NONE', #1175, #1369 ) ;
#2710 = CARTESIAN_POINT ( 'NONE',  ( -5.000000000000014211, 51.50000000000000711, 11.00000000000000000 ) ) ;
#2711 = CARTESIAN_POINT ( 'NONE',  ( -60.00000000000005684, -43.59999999999997300, 143.0970416646374872 ) ) ;
#2712 = ORIENTED_EDGE ( 'NONE', *, *, #958, .F. ) ;
#2713 = CARTESIAN_POINT ( 'NONE',  ( -33.39999999999997016, -50.99999999999998579, 11.00000000000000000 ) ) ;
#2714 = FACE_OUTER_BOUND ( 'NONE', #21, .T. ) ;
#2715 = DIRECTION ( 'NONE',  ( -0.000000000000000000, 0.000000000000000000, -1.000000000000000000 ) ) ;
#2716 = PRODUCT_DEFINITION ( 'UNKNOWN', '', #1767, #2548 ) ;
#2717 = ORIENTED_EDGE ( 'NONE', *, *, #2504, .F. ) ;
#2718 = AXIS2_PLACEMENT_3D ( 'NONE', #605, #1847, #2788 ) ;
#2719 = CARTESIAN_POINT ( 'NONE',  ( -50.39999999999996305, -33.59999999999996589, 0.000000000000000000 ) ) ;
#2720 = DIRECTION ( 'NONE',  ( 0.000000000000000000, -0.000000000000000000, -1.000000000000000000 ) ) ;
#2721 = VECTOR ( 'NONE', #1513, 1000.000000000000000 ) ;
#2722 = ADVANCED_FACE ( 'NONE', ( #1539 ), #351, .F. ) ;
#2723 = ORIENTED_EDGE ( 'NONE', *, *, #937, .T. ) ;
#2724 = CARTESIAN_POINT ( 'NONE',  ( -19.99999999999999289, -28.59999999999996945, 80.00000000000000000 ) ) ;
#2725 = VECTOR ( 'NONE', #864, 1000.000000000000000 ) ;
#2726 = ORIENTED_EDGE ( 'NONE', *, *, #2524, .T. ) ;
#2727 = DIRECTION ( 'NONE',  ( -1.000000000000000000, 0.000000000000000000, 0.000000000000000000 ) ) ;
#2728 = EDGE_CURVE ( 'NONE', #3088, #620, #2847, .T. ) ;
#2729 = AXIS2_PLACEMENT_3D ( 'NONE', #2570, #3820, #1303 ) ;
#2730 = ORIENTED_EDGE ( 'NONE', *, *, #2843, .T. ) ;
#2731 = CARTESIAN_POINT ( 'NONE',  ( -29.79444872453598236, 43.59999999999995879, 89.00000000000001421 ) ) ;
#2732 = DIRECTION ( 'NONE',  ( 1.000000000000000000, 0.000000000000000000, 0.000000000000000000 ) ) ;
#2733 = AXIS2_PLACEMENT_3D ( 'NONE', #532, #3087, #1532 ) ;
#2734 = CARTESIAN_POINT ( 'NONE',  ( -60.00000000000005684, -50.99999999999998579, 40.00000000000000711 ) ) ;
#2735 = VECTOR ( 'NONE', #959, 1000.000000000000000 ) ;
#2736 = ORIENTED_EDGE ( 'NONE', *, *, #2379, .F. ) ;
#2737 = LINE ( 'NONE', #1810, #1891 ) ;
#2738 = DIRECTION ( 'NONE',  ( -1.000000000000000000, -0.000000000000000000, -0.000000000000000000 ) ) ;
#2739 = CARTESIAN_POINT ( 'NONE',  ( 0.000000000000000000, -55.99999999999999289, 0.000000000000000000 ) ) ;
#2740 = VECTOR ( 'NONE', #1681, 1000.000000000000000 ) ;
#2741 = EDGE_LOOP ( 'NONE', ( #2680, #3256, #3692, #2605 ) ) ;
#2742 = VECTOR ( 'NONE', #1774, 1000.000000000000000 ) ;
#2743 = LINE ( 'NONE', #514, #2918 ) ;
#2744 = DIRECTION ( 'NONE',  ( -1.000000000000000000, -8.673617379884034239E-17, -0.000000000000000000 ) ) ;
#2745 = AXIS2_PLACEMENT_3D ( 'NONE', #2566, #3503, #1885 ) ;
#2746 = ORIENTED_EDGE ( 'NONE', *, *, #1428, .T. ) ;
#2747 = LINE ( 'NONE', #3689, #1177 ) ;
#2748 = ORIENTED_EDGE ( 'NONE', *, *, #2394, .F. ) ;
#2749 = ADVANCED_FACE ( 'NONE', ( #1276 ), #3751, .F. ) ;
#2750 = LINE ( 'NONE', #273, #3067 ) ;
#2751 = ORIENTED_EDGE ( 'NONE', *, *, #2879, .T. ) ;
#2752 = DIRECTION ( 'NONE',  ( -1.000000000000000000, -8.673617379884034239E-17, -0.000000000000000000 ) ) ;
#2753 = DIRECTION ( 'NONE',  ( -2.891205793294679312E-16, 1.000000000000000000, 0.000000000000000000 ) ) ;
#2754 = EDGE_CURVE ( 'NONE', #3551, #2037, #640, .T. ) ;
#2755 = ORIENTED_EDGE ( 'NONE', *, *, #1350, .F. ) ;
#2756 = LINE ( 'NONE', #2713, #1821 ) ;
#2757 = CARTESIAN_POINT ( 'NONE',  ( -52.00000000000004974, 43.59999999999995879, 40.00000000000000711 ) ) ;
#2758 = EDGE_CURVE ( 'NONE', #1413, #636, #29, .T. ) ;
#2759 = DIRECTION ( 'NONE',  ( 1.000000000000000000, 0.000000000000000000, 0.000000000000000000 ) ) ;
#2760 = VERTEX_POINT ( 'NONE', #49 ) ;
#2761 = DIRECTION ( 'NONE',  ( -1.213093339843922584E-16, 1.000000000000000000, 0.000000000000000000 ) ) ;
#2762 = CARTESIAN_POINT ( 'NONE',  ( -42.00000000000004974, 43.59999999999995879, 51.00000000000000711 ) ) ;
#2763 = EDGE_LOOP ( 'NONE', ( #1083, #1454, #3464, #155 ) ) ;
#2764 = DIRECTION ( 'NONE',  ( -0.000000000000000000, -0.000000000000000000, 1.000000000000000000 ) ) ;
#2765 = ORIENTED_EDGE ( 'NONE', *, *, #2728, .F. ) ;
#2766 = LINE ( 'NONE', #1826, #129 ) ;
#2767 = EDGE_CURVE ( 'NONE', #3050, #451, #2458, .T. ) ;
#2768 = EDGE_LOOP ( 'NONE', ( #539, #3385, #695, #1058 ) ) ;
#2769 = CARTESIAN_POINT ( 'NONE',  ( -55.39999999999997016, 28.59999999999995524, 45.00000000000000000 ) ) ;
#2770 = CARTESIAN_POINT ( 'NONE',  ( -65.39999999999997726, -43.59999999999997300, 11.00000000000000000 ) ) ;
#2771 = DIRECTION ( 'NONE',  ( 1.577021341797097018E-15, 1.000000000000000000, -0.000000000000000000 ) ) ;
#2772 = EDGE_CURVE ( 'NONE', #433, #469, #2305, .T. ) ;
#2773 = ORIENTED_EDGE ( 'NONE', *, *, #1253, .T. ) ;
#2774 = FACE_OUTER_BOUND ( 'NONE', #152, .T. ) ;
#2775 = CARTESIAN_POINT ( 'NONE',  ( 0.000000000000000000, 0.000000000000000000, 0.000000000000000000 ) ) ;
#2776 = FACE_OUTER_BOUND ( 'NONE', #3015, .T. ) ;
#2777 = EDGE_CURVE ( 'NONE', #2569, #403, #3836, .T. ) ;
#2778 = EDGE_LOOP ( 'NONE', ( #3426, #4034 ) ) ;
#2779 = CARTESIAN_POINT ( 'NONE',  ( -42.00000000000004974, 43.59999999999995879, 11.00000000000001066 ) ) ;
#2780 = FACE_OUTER_BOUND ( 'NONE', #2038, .T. ) ;
#2781 = VERTEX_POINT ( 'NONE', #3505 ) ;
#2782 = LINE ( 'NONE', #579, #3137 ) ;
#2783 = ORIENTED_EDGE ( 'NONE', *, *, #3752, .F. ) ;
#2784 = VECTOR ( 'NONE', #2473, 1000.000000000000000 ) ;
#2785 = DIRECTION ( 'NONE',  ( 0.000000000000000000, 0.000000000000000000, -1.000000000000000000 ) ) ;
#2786 = VERTEX_POINT ( 'NONE', #2568 ) ;
#2787 = AXIS2_PLACEMENT_3D ( 'NONE', #531, #1775, #1791 ) ;
#2788 = DIRECTION ( 'NONE',  ( 0.000000000000000000, 0.000000000000000000, -1.000000000000000000 ) ) ;
#2789 = DIRECTION ( 'NONE',  ( 0.000000000000000000, 0.000000000000000000, -1.000000000000000000 ) ) ;
#2790 = VECTOR ( 'NONE', #1787, 1000.000000000000000 ) ;
#2791 = ORIENTED_EDGE ( 'NONE', *, *, #3834, .F. ) ;
#2792 = LINE ( 'NONE', #2488, #2613 ) ;
#2793 = AXIS2_PLACEMENT_3D ( 'NONE', #1961, #1649, #1327 ) ;
#2794 = DIRECTION ( 'NONE',  ( -0.000000000000000000, -0.000000000000000000, 1.000000000000000000 ) ) ;
#2795 = CARTESIAN_POINT ( 'NONE',  ( -65.39999999999997726, 51.00000000000000000, 40.00000000000000711 ) ) ;
#2796 = EDGE_CURVE ( 'NONE', #184, #408, #1033, .T. ) ;
#2797 = AXIS2_PLACEMENT_3D ( 'NONE', #3552, #2960, #1407 ) ;
#2798 = ORIENTED_EDGE ( 'NONE', *, *, #2584, .F. ) ;
#2799 = DIRECTION ( 'NONE',  ( -1.000000000000000000, 0.000000000000000000, 0.000000000000000000 ) ) ;
#2800 = LINE ( 'NONE', #3415, #770 ) ;
#2801 = DIRECTION ( 'NONE',  ( -1.000000000000000000, -9.912705577010329247E-17, 0.000000000000000000 ) ) ;
#2802 = VECTOR ( 'NONE', #1803, 1000.000000000000000 ) ;
#2803 = EDGE_CURVE ( 'NONE', #1768, #3923, #2282, .T. ) ;
#2804 = AXIS2_PLACEMENT_3D ( 'NONE', #1094, #1404, #2344 ) ;
#2805 = ORIENTED_EDGE ( 'NONE', *, *, #2202, .F. ) ;
#2806 = DIRECTION ( 'NONE',  ( 0.000000000000000000, -1.000000000000000000, 0.000000000000000000 ) ) ;
#2807 = ORIENTED_EDGE ( 'NONE', *, *, #473, .T. ) ;
#2808 = AXIS2_PLACEMENT_3D ( 'NONE', #429, #3014, #2341 ) ;
#2809 = CARTESIAN_POINT ( 'NONE',  ( -5.000000000000014211, 51.50000000000000711, 91.00000000000000000 ) ) ;
#2810 = VERTEX_POINT ( 'NONE', #1990 ) ;
#2811 = FACE_OUTER_BOUND ( 'NONE', #1917, .T. ) ;
#2812 = DIRECTION ( 'NONE',  ( -1.000000000000000000, 0.000000000000000000, 0.000000000000000000 ) ) ;
#2813 = EDGE_LOOP ( 'NONE', ( #165, #3881, #2257, #3993 ) ) ;
#2814 = CARTESIAN_POINT ( 'NONE',  ( -50.39999999999997016, 28.59999999999995524, 0.000000000000000000 ) ) ;
#2815 = LINE ( 'NONE', #1245, #1158 ) ;
#2816 = DIRECTION ( 'NONE',  ( -0.000000000000000000, -0.000000000000000000, -1.000000000000000000 ) ) ;
#2817 = ORIENTED_EDGE ( 'NONE', *, *, #1356, .F. ) ;
#2818 = ADVANCED_FACE ( 'NONE', ( #3818 ), #3528, .T. ) ;
#2819 = VERTEX_POINT ( 'NONE', #153 ) ;
#2820 = DIRECTION ( 'NONE',  ( 1.000000000000000000, 0.000000000000000000, 0.000000000000000000 ) ) ;
#2821 = LINE ( 'NONE', #3109, #3312 ) ;
#2822 = SHAPE_DEFINITION_REPRESENTATION ( #3592, #3899 ) ;
#2823 = CARTESIAN_POINT ( 'NONE',  ( -52.00000000000004974, 43.59999999999995879, 80.00000000000000000 ) ) ;
#2824 = EDGE_CURVE ( 'NONE', #403, #1233, #1320, .T. ) ;
#2825 = ORIENTED_EDGE ( 'NONE', *, *, #1433, .F. ) ;
#2826 = DIRECTION ( 'NONE',  ( -0.000000000000000000, -0.000000000000000000, 1.000000000000000000 ) ) ;
#2827 = ORIENTED_EDGE ( 'NONE', *, *, #2276, .F. ) ;
#2828 = DIRECTION ( 'NONE',  ( -1.000000000000000000, -0.000000000000000000, -0.000000000000000000 ) ) ;
#2829 = ADVANCED_FACE ( 'NONE', ( #769 ), #1338, .F. ) ;
#2830 = ORIENTED_EDGE ( 'NONE', *, *, #1928, .T. ) ;
#2831 = FACE_BOUND ( 'NONE', #1643, .T. ) ;
#2832 = DIRECTION ( 'NONE',  ( -3.048009811211187487E-15, 1.000000000000000000, 0.000000000000000000 ) ) ;
#2833 = DIRECTION ( 'NONE',  ( 1.000000000000000000, 0.000000000000000000, 0.000000000000000000 ) ) ;
#2834 = ORIENTED_EDGE ( 'NONE', *, *, #987, .T. ) ;
#2835 = CARTESIAN_POINT ( 'NONE',  ( -19.99999999999999289, -33.59999999999996589, 0.000000000000000000 ) ) ;
#2836 = PLANE ( 'NONE',  #3845 ) ;
#2837 = LINE ( 'NONE', #340, #3785 ) ;
#2838 = ORIENTED_EDGE ( 'NONE', *, *, #3879, .F. ) ;
#2839 = VERTEX_POINT ( 'NONE', #1950 ) ;
#2840 = CARTESIAN_POINT ( 'NONE',  ( -72.00000000000005684, 53.99999999999997158, 5.000000000000000000 ) ) ;
#2841 = CARTESIAN_POINT ( 'NONE',  ( -75.00000000000000000, -50.99999999999998579, 11.00000000000000000 ) ) ;
#2842 = DIRECTION ( 'NONE',  ( 0.000000000000000000, -0.000000000000000000, -1.000000000000000000 ) ) ;
#2843 = EDGE_CURVE ( 'NONE', #584, #128, #394, .T. ) ;
#2844 = ORIENTED_EDGE ( 'NONE', *, *, #1079, .F. ) ;
#2845 = FACE_OUTER_BOUND ( 'NONE', #3767, .T. ) ;
#2846 = ORIENTED_EDGE ( 'NONE', *, *, #2233, .F. ) ;
#2847 = LINE ( 'NONE', #1622, #1888 ) ;
#2848 = EDGE_CURVE ( 'NONE', #4029, #813, #1706, .T. ) ;
#2849 = VECTOR ( 'NONE', #3987, 1000.000000000000000 ) ;
#2850 = ORIENTED_EDGE ( 'NONE', *, *, #1098, .F. ) ;
#2851 = VECTOR ( 'NONE', #284, 1000.000000000000000 ) ;
#2852 = LINE ( 'NONE', #3801, #3318 ) ;
#2853 = LINE ( 'NONE', #1323, #193 ) ;
#2854 = EDGE_CURVE ( 'NONE', #616, #1596, #2323, .T. ) ;
#2855 = VECTOR ( 'NONE', #2738, 1000.000000000000000 ) ;
#2856 = VERTEX_POINT ( 'NONE', #2892 ) ;
#2857 = CARTESIAN_POINT ( 'NONE',  ( -20.00000000000000000, 33.59999999999995168, 0.000000000000000000 ) ) ;
#2858 = CARTESIAN_POINT ( 'NONE',  ( 0.000000000000000000, -33.59999999999996589, 80.00000000000000000 ) ) ;
#2859 = VECTOR ( 'NONE', #2462, 1000.000000000000000 ) ;
#2860 = CARTESIAN_POINT ( 'NONE',  ( -5.000000000000012434, 51.00000000000000711, 40.00000000000000000 ) ) ;
#2861 = CIRCLE ( 'NONE', #189, 4.999999999999997335 ) ;
#2862 = ORIENTED_EDGE ( 'NONE', *, *, #230, .T. ) ;
#2863 = ORIENTED_EDGE ( 'NONE', *, *, #1127, .F. ) ;
#2864 = CARTESIAN_POINT ( 'NONE',  ( -65.39999999999997726, -43.59999999999997300, 9.000000000000000000 ) ) ;
#2865 = DIRECTION ( 'NONE',  ( 0.000000000000000000, 0.000000000000000000, -1.000000000000000000 ) ) ;
#2866 = APPLICATION_PROTOCOL_DEFINITION ( 'draft international standard', 'automotive_design', 1998, #1347 ) ;
#2867 = CARTESIAN_POINT ( 'NONE',  ( -52.00000000000004974, 51.00000000000000000, 80.00000000000000000 ) ) ;
#2868 = AXIS2_PLACEMENT_3D ( 'NONE', #3623, #1980, #2917 ) ;
#2869 = ORIENTED_EDGE ( 'NONE', *, *, #2283, .F. ) ;
#2870 = AXIS2_PLACEMENT_3D ( 'NONE', #1856, #84, #1331 ) ;
#2871 = CARTESIAN_POINT ( 'NONE',  ( -1.371604415045035710E-14, 56.00000000000000711, 85.00000000000000000 ) ) ;
#2872 = VERTEX_POINT ( 'NONE', #2955 ) ;
#2873 = CARTESIAN_POINT ( 'NONE',  ( -29.79444872453598236, 43.59999999999995879, 91.00000000000001421 ) ) ;
#2874 = VECTOR ( 'NONE', #2388, 1000.000000000000000 ) ;
#2875 = ORIENTED_EDGE ( 'NONE', *, *, #4011, .F. ) ;
#2876 = ADVANCED_FACE ( 'NONE', ( #91 ), #2585, .F. ) ;
#2877 = AXIS2_PLACEMENT_3D ( 'NONE', #1461, #1399, #2929 ) ;
#2878 = CARTESIAN_POINT ( 'NONE',  ( -33.39999999999998437, 51.00000000000000711, 85.00000000000000000 ) ) ;
#2879 = EDGE_CURVE ( 'NONE', #2141, #3858, #3219, .T. ) ;
#2880 = VERTEX_POINT ( 'NONE', #2910 ) ;
#2881 = DIRECTION ( 'NONE',  ( -1.000000000000000000, 0.000000000000000000, 0.000000000000000000 ) ) ;
#2882 = LINE ( 'NONE', #1588, #3263 ) ;
#2883 = ORIENTED_EDGE ( 'NONE', *, *, #2480, .T. ) ;
#2884 = EDGE_CURVE ( 'NONE', #3127, #1088, #3859, .T. ) ;
#2885 = VERTEX_POINT ( 'NONE', #1268 ) ;
#2886 = CARTESIAN_POINT ( 'NONE',  ( -33.39999999999997726, -46.59999999999998010, 85.00000000000000000 ) ) ;
#2887 = LINE ( 'NONE', #3192, #241 ) ;
#2888 = CARTESIAN_POINT ( 'NONE',  ( -5.000000000000030198, -51.50000000000000711, 51.00000000000000711 ) ) ;
#2889 = VERTEX_POINT ( 'NONE', #990 ) ;
#2890 = DIRECTION ( 'NONE',  ( -1.000000000000000000, -1.489033026589534369E-16, 0.000000000000000000 ) ) ;
#2891 = ORIENTED_EDGE ( 'NONE', *, *, #2974, .F. ) ;
#2892 = CARTESIAN_POINT ( 'NONE',  ( -69.00000000000002842, 56.99999999999997158, 0.000000000000000000 ) ) ;
#2893 = ORIENTED_EDGE ( 'NONE', *, *, #877, .F. ) ;
#2894 = DIRECTION ( 'NONE',  ( 3.366307696711519806E-15, 1.000000000000000000, -0.000000000000000000 ) ) ;
#2895 = LINE ( 'NONE', #1363, #56 ) ;
#2896 = EDGE_CURVE ( 'NONE', #3819, #813, #3810, .T. ) ;
#2897 = ORIENTED_EDGE ( 'NONE', *, *, #683, .F. ) ;
#2898 = DIRECTION ( 'NONE',  ( 1.000000000000000000, 0.000000000000000000, 0.000000000000000000 ) ) ;
#2899 = CARTESIAN_POINT ( 'NONE',  ( -1.639234110326708464E-14, -51.50000000000000711, 91.00000000000000000 ) ) ;
#2900 = EDGE_CURVE ( 'NONE', #8, #2906, #1611, .T. ) ;
#2901 = ORIENTED_EDGE ( 'NONE', *, *, #1707, .T. ) ;
#2902 = ORIENTED_EDGE ( 'NONE', *, *, #3332, .T. ) ;
#2903 = DIRECTION ( 'NONE',  ( 1.000000000000000000, 1.156482317317867781E-15, 0.000000000000000000 ) ) ;
#2904 = DIRECTION ( 'NONE',  ( -0.000000000000000000, -0.000000000000000000, -1.000000000000000000 ) ) ;
#2905 = EDGE_CURVE ( 'NONE', #1991, #1889, #3062, .T. ) ;
#2906 = VERTEX_POINT ( 'NONE', #2864 ) ;
#2907 = DIRECTION ( 'NONE',  ( -0.000000000000000000, 0.000000000000000000, -1.000000000000000000 ) ) ;
#2908 = CARTESIAN_POINT ( 'NONE',  ( -5.000000000000000000, -50.99999999999999289, 45.00000000000000000 ) ) ;
#2909 = ORIENTED_EDGE ( 'NONE', *, *, #256, .F. ) ;
#2910 = CARTESIAN_POINT ( 'NONE',  ( -14.99999999999999289, -28.59999999999996945, 5.000000000000000000 ) ) ;
#2911 = EDGE_LOOP ( 'NONE', ( #3539, #1459, #517, #1243, #2765, #3483, #355, #1506, #1186, #495, #2825, #2623, #2883, #810, #3862, #1572 ) ) ;
#2912 = CARTESIAN_POINT ( 'NONE',  ( -72.00000000000005684, 53.99999999999997158, 0.000000000000000000 ) ) ;
#2913 = DIRECTION ( 'NONE',  ( -0.000000000000000000, 1.000000000000000000, 5.782411586589351722E-16 ) ) ;
#2914 = AXIS2_PLACEMENT_3D ( 'NONE', #439, #1451, #141 ) ;
#2915 = ORIENTED_EDGE ( 'NONE', *, *, #77, .T. ) ;
#2916 = LINE ( 'NONE', #1063, #841 ) ;
#2917 = DIRECTION ( 'NONE',  ( 1.000000000000000000, 0.000000000000000000, 0.000000000000000000 ) ) ;
#2918 = VECTOR ( 'NONE', #1495, 1000.000000000000000 ) ;
#2919 = ORIENTED_EDGE ( 'NONE', *, *, #554, .F. ) ;
#2920 = EDGE_LOOP ( 'NONE', ( #3417, #2491, #1559, #3968, #1971, #1093, #3496, #3121, #946, #2830 ) ) ;
#2921 = FACE_OUTER_BOUND ( 'NONE', #3619, .T. ) ;
#2922 = VECTOR ( 'NONE', #418, 1000.000000000000000 ) ;
#2923 = CARTESIAN_POINT ( 'NONE',  ( -11.00000000000000355, -56.99999999999997868, 0.000000000000000000 ) ) ;
#2924 = ADVANCED_FACE ( 'NONE', ( #1940, #41 ), #3191, .T. ) ;
#2925 = CARTESIAN_POINT ( 'NONE',  ( -20.00000000000000000, 33.59999999999995168, 0.000000000000000000 ) ) ;
#2926 = VECTOR ( 'NONE', #217, 1000.000000000000000 ) ;
#2927 = ORIENTED_EDGE ( 'NONE', *, *, #1679, .F. ) ;
#2928 = CARTESIAN_POINT ( 'NONE',  ( -55.39999999999997016, -6.720537102735326942E-15, 80.00000000000000000 ) ) ;
#2929 = DIRECTION ( 'NONE',  ( 1.000000000000000000, 0.000000000000000000, 0.000000000000000000 ) ) ;
#2930 = ADVANCED_FACE ( 'NONE', ( #923 ), #1552, .F. ) ;
#2931 = AXIS2_PLACEMENT_3D ( 'NONE', #1416, #3954, #2622 ) ;
#2932 = EDGE_LOOP ( 'NONE', ( #686, #413, #2897, #1085 ) ) ;
#2933 = DIRECTION ( 'NONE',  ( -0.000000000000000000, 1.000000000000000000, -0.000000000000000000 ) ) ;
#2934 = VECTOR ( 'NONE', #985, 1000.000000000000000 ) ;
#2935 = ORIENTED_EDGE ( 'NONE', *, *, #154, .F. ) ;
#2936 = CARTESIAN_POINT ( 'NONE',  ( 0.000000000000000000, 0.000000000000000000, 11.00000000000000000 ) ) ;
#2937 = VERTEX_POINT ( 'NONE', #2511 ) ;
#2938 = VECTOR ( 'NONE', #1402, 1000.000000000000000 ) ;
#2939 = LINE ( 'NONE', #1341, #2284 ) ;
#2940 = CIRCLE ( 'NONE', #2223, 1.500000000000001332 ) ;
#2941 = VERTEX_POINT ( 'NONE', #361 ) ;
#2942 = DIRECTION ( 'NONE',  ( 1.000000000000000000, -0.000000000000000000, -0.000000000000000000 ) ) ;
#2943 = CARTESIAN_POINT ( 'NONE',  ( -50.39999999999996305, -28.59999999999996945, 40.00000000000000000 ) ) ;
#2944 = AXIS2_PLACEMENT_3D ( 'NONE', #2724, #2497, #3749 ) ;
#2945 = ORIENTED_EDGE ( 'NONE', *, *, #903, .F. ) ;
#2946 = EDGE_LOOP ( 'NONE', ( #2342, #2130, #1968, #2726, #1886, #737, #3102, #1474 ) ) ;
#2947 = FACE_OUTER_BOUND ( 'NONE', #2686, .T. ) ;
#2948 = LINE ( 'NONE', #147, #2596 ) ;
#2949 = DIRECTION ( 'NONE',  ( 0.000000000000000000, -0.000000000000000000, -1.000000000000000000 ) ) ;
#2950 = EDGE_CURVE ( 'NONE', #497, #3127, #3432, .T. ) ;
#2951 = EDGE_LOOP ( 'NONE', ( #111, #1870 ) ) ;
#2952 = CARTESIAN_POINT ( 'NONE',  ( -5.000000000000014211, 56.00000000000000711, 11.00000000000000000 ) ) ;
#2953 = CARTESIAN_POINT ( 'NONE',  ( -52.00000000000004974, 51.00000000000000711, 11.00000000000000000 ) ) ;
#2954 = ORIENTED_EDGE ( 'NONE', *, *, #3558, .F. ) ;
#2955 = CARTESIAN_POINT ( 'NONE',  ( -33.40000000000012648, 43.59999999999995879, 9.000000000000008882 ) ) ;
#2956 = EDGE_CURVE ( 'NONE', #17, #2889, #1627, .T. ) ;
#2957 = ORIENTED_EDGE ( 'NONE', *, *, #882, .T. ) ;
#2958 = LINE ( 'NONE', #851, #1 ) ;
#2959 = ORIENTED_EDGE ( 'NONE', *, *, #1528, .T. ) ;
#2960 = DIRECTION ( 'NONE',  ( 0.000000000000000000, 0.000000000000000000, 1.000000000000000000 ) ) ;
#2961 = ADVANCED_FACE ( 'NONE', ( #696 ), #1636, .F. ) ;
#2962 = EDGE_LOOP ( 'NONE', ( #359, #1266, #95, #1781, #2173, #1577, #3633, #1353, #675, #385, #942, #2343, #1469, #1006, #3826, #1425, #1804, #3891 ) ) ;
#2963 = SURFACE_STYLE_USAGE ( .BOTH. , #202 ) ;
#2964 = CARTESIAN_POINT ( 'NONE',  ( -69.00000000000002842, 50.99999999999997868, 0.000000000000000000 ) ) ;
#2965 = ORIENTED_EDGE ( 'NONE', *, *, #3405, .F. ) ;
#2966 = ORIENTED_EDGE ( 'NONE', *, *, #949, .F. ) ;
#2967 = PLANE ( 'NONE',  #1628 ) ;
#2968 = LINE ( 'NONE', #1162, #1941 ) ;
#2969 = CARTESIAN_POINT ( 'NONE',  ( -19.99999999999999289, -28.59999999999996945, 0.000000000000000000 ) ) ;
#2970 = VERTEX_POINT ( 'NONE', #2886 ) ;
#2971 = CARTESIAN_POINT ( 'NONE',  ( -50.39999999999996305, -33.59999999999996589, 0.000000000000000000 ) ) ;
#2972 = CARTESIAN_POINT ( 'NONE',  ( -65.39999999999997726, -43.59999999999997300, 80.00000000000000000 ) ) ;
#2973 = ORIENTED_EDGE ( 'NONE', *, *, #2608, .T. ) ;
#2974 = EDGE_CURVE ( 'NONE', #909, #39, #3414, .T. ) ;
#2975 = VERTEX_POINT ( 'NONE', #2492 ) ;
#2976 = DIRECTION ( 'NONE',  ( 1.000000000000000000, 0.000000000000000000, 0.000000000000000000 ) ) ;
#2977 = VERTEX_POINT ( 'NONE', #1591 ) ;
#2978 = EDGE_CURVE ( 'NONE', #1023, #618, #2212, .T. ) ;
#2979 = DIRECTION ( 'NONE',  ( -1.000000000000000000, -8.673617379884034239E-17, 0.000000000000000000 ) ) ;
#2980 = CARTESIAN_POINT ( 'NONE',  ( -5.000000000000031974, -56.00000000000000711, 51.00000000000000711 ) ) ;
#2981 =( LENGTH_UNIT ( ) NAMED_UNIT ( * ) SI_UNIT ( .MILLI., .METRE. ) );
#2982 = EDGE_CURVE ( 'NONE', #3091, #2880, #1250, .T. ) ;
#2983 = CYLINDRICAL_SURFACE ( 'NONE', #2868, 4.999999999999997335 ) ;
#2984 = ORIENTED_EDGE ( 'NONE', *, *, #1646, .F. ) ;
#2985 = DIRECTION ( 'NONE',  ( -1.000000000000000000, -0.000000000000000000, -0.000000000000000000 ) ) ;
#2986 = DIRECTION ( 'NONE',  ( 1.000000000000000000, 0.000000000000000000, 0.000000000000000000 ) ) ;
#2987 = VECTOR ( 'NONE', #491, 1000.000000000000000 ) ;
#2988 = DIRECTION ( 'NONE',  ( 0.000000000000000000, 0.000000000000000000, -1.000000000000000000 ) ) ;
#2989 = VECTOR ( 'NONE', #1491, 1000.000000000000000 ) ;
#2990 = ORIENTED_EDGE ( 'NONE', *, *, #1626, .T. ) ;
#2991 = DIRECTION ( 'NONE',  ( -0.000000000000000000, -0.000000000000000000, -1.000000000000000000 ) ) ;
#2992 = CARTESIAN_POINT ( 'NONE',  ( -1.371604415045035710E-14, 56.00000000000000711, 5.000000000000000000 ) ) ;
#2993 = CIRCLE ( 'NONE', #1490, 4.999999999999997335 ) ;
#2994 = ORIENTED_EDGE ( 'NONE', *, *, #1849, .T. ) ;
#2995 = AXIS2_PLACEMENT_3D ( 'NONE', #2888, #1943, #2842 ) ;
#2996 = DIRECTION ( 'NONE',  ( -1.000000000000000000, 0.000000000000000000, 0.000000000000000000 ) ) ;
#2997 = ORIENTED_EDGE ( 'NONE', *, *, #3299, .F. ) ;
#2998 = CARTESIAN_POINT ( 'NONE',  ( -5.000000000000000000, -50.99999999999999289, 5.000000000000000000 ) ) ;
#2999 = AXIS2_PLACEMENT_3D ( 'NONE', #526, #860, #1197 ) ;
#3000 = ADVANCED_FACE ( 'NONE', ( #630 ), #1878, .F. ) ;
#3001 = DIRECTION ( 'NONE',  ( 0.000000000000000000, 1.000000000000000000, -0.000000000000000000 ) ) ;
#3002 = AXIS2_PLACEMENT_3D ( 'NONE', #950, #3439, #1599 ) ;
#3003 = CARTESIAN_POINT ( 'NONE',  ( -15.00000000000000533, 28.59999999999995524, 0.000000000000000000 ) ) ;
#3004 = DIRECTION ( 'NONE',  ( -1.224646799147353207E-16, 1.000000000000000000, 0.000000000000000000 ) ) ;
#3005 = EDGE_CURVE ( 'NONE', #1413, #1933, #1901, .T. ) ;
#3006 = EDGE_LOOP ( 'NONE', ( #1846, #777, #852, #1841 ) ) ;
#3007 = LINE ( 'NONE', #220, #2549 ) ;
#3008 = PLANE ( 'NONE',  #773 ) ;
#3009 = VECTOR ( 'NONE', #1090, 1000.000000000000000 ) ;
#3010 = DIRECTION ( 'NONE',  ( -0.000000000000000000, -0.000000000000000000, -1.000000000000000000 ) ) ;
#3011 = EDGE_CURVE ( 'NONE', #3437, #417, #3150, .T. ) ;
#3012 = ORIENTED_EDGE ( 'NONE', *, *, #3079, .F. ) ;
#3013 = CARTESIAN_POINT ( 'NONE',  ( -50.39999999999997016, 33.59999999999995168, 5.000000000000000000 ) ) ;
#3014 = DIRECTION ( 'NONE',  ( 0.000000000000000000, 0.000000000000000000, 1.000000000000000000 ) ) ;
#3015 = EDGE_LOOP ( 'NONE', ( #3731, #3898, #3736, #2965 ) ) ;
#3016 = FACE_OUTER_BOUND ( 'NONE', #951, .T. ) ;
#3017 = EDGE_LOOP ( 'NONE', ( #35, #2547, #422, #557 ) ) ;
#3018 = CARTESIAN_POINT ( 'NONE',  ( -65.39999999999997726, -43.59999999999997300, 80.00000000000000000 ) ) ;
#3019 = DIRECTION ( 'NONE',  ( -0.000000000000000000, 0.000000000000000000, -1.000000000000000000 ) ) ;
#3020 = DIRECTION ( 'NONE',  ( -1.000000000000000000, -8.673617379884034239E-17, -0.000000000000000000 ) ) ;
#3021 = EDGE_CURVE ( 'NONE', #2609, #888, #2940, .T. ) ;
#3022 = ORIENTED_EDGE ( 'NONE', *, *, #897, .T. ) ;
#3023 = CARTESIAN_POINT ( 'NONE',  ( -1.371604415045035710E-14, 56.00000000000000711, 45.00000000000000000 ) ) ;
#3024 = CARTESIAN_POINT ( 'NONE',  ( -50.39999999999997016, 33.59999999999995168, 0.000000000000000000 ) ) ;
#3025 = CYLINDRICAL_SURFACE ( 'NONE', #3778, 1.499999999999999556 ) ;
#3026 = ADVANCED_FACE ( 'NONE', ( #3478 ), #1372, .F. ) ;
#3027 = ORIENTED_EDGE ( 'NONE', *, *, #25, .F. ) ;
#3028 = PLANE ( 'NONE',  #2004 ) ;
#3029 = LINE ( 'NONE', #1147, #802 ) ;
#3030 = ADVANCED_FACE ( 'NONE', ( #2921 ), #1107, .F. ) ;
#3031 = ORIENTED_EDGE ( 'NONE', *, *, #2796, .F. ) ;
#3032 = CARTESIAN_POINT ( 'NONE',  ( -1.371604415045035710E-14, 56.00000000000000711, 51.00000000000000711 ) ) ;
#3033 = ORIENTED_EDGE ( 'NONE', *, *, #3056, .T. ) ;
#3034 = CARTESIAN_POINT ( 'NONE',  ( -33.40000000000012648, 43.59999999999995879, 89.00000000000001421 ) ) ;
#3035 = ORIENTED_EDGE ( 'NONE', *, *, #3153, .F. ) ;
#3036 = CARTESIAN_POINT ( 'NONE',  ( -55.39999999999997016, 28.59999999999995524, 0.000000000000000000 ) ) ;
#3037 = DIRECTION ( 'NONE',  ( 3.366307696711519806E-15, 1.000000000000000000, -0.000000000000000000 ) ) ;
#3038 = ORIENTED_EDGE ( 'NONE', *, *, #1510, .F. ) ;
#3039 = LINE ( 'NONE', #3994, #3331 ) ;
#3040 = DIRECTION ( 'NONE',  ( -0.000000000000000000, -0.000000000000000000, 1.000000000000000000 ) ) ;
#3041 = DIRECTION ( 'NONE',  ( -1.000000000000000000, 1.577021341797096821E-15, 0.000000000000000000 ) ) ;
#3042 = AXIS2_PLACEMENT_3D ( 'NONE', #4046, #1239, #216 ) ;
#3043 = EDGE_CURVE ( 'NONE', #3531, #1682, #3230, .T. ) ;
#3044 = VERTEX_POINT ( 'NONE', #3606 ) ;
#3045 = VECTOR ( 'NONE', #42, 1000.000000000000000 ) ;
#3046 = DIRECTION ( 'NONE',  ( 0.000000000000000000, -1.000000000000000000, 0.000000000000000000 ) ) ;
#3047 = CARTESIAN_POINT ( 'NONE',  ( -75.00000000000004263, -56.99999999999997158, 5.000000000000000000 ) ) ;
#3048 = VECTOR ( 'NONE', #3790, 1000.000000000000000 ) ;
#3049 = EDGE_CURVE ( 'NONE', #2543, #1693, #1047, .T. ) ;
#3050 = VERTEX_POINT ( 'NONE', #3850 ) ;
#3051 = CARTESIAN_POINT ( 'NONE',  ( -55.39999999999996305, -28.59999999999996945, 40.00000000000000000 ) ) ;
#3052 = VECTOR ( 'NONE', #711, 1000.000000000000000 ) ;
#3053 = ORIENTED_EDGE ( 'NONE', *, *, #687, .T. ) ;
#3054 = DIRECTION ( 'NONE',  ( 1.000000000000000000, 7.228014483236707402E-16, 0.000000000000000000 ) ) ;
#3055 = VECTOR ( 'NONE', #1594, 1000.000000000000000 ) ;
#3056 = EDGE_CURVE ( 'NONE', #2376, #245, #470, .T. ) ;
#3057 = ORIENTED_EDGE ( 'NONE', *, *, #1928, .F. ) ;
#3058 = DIRECTION ( 'NONE',  ( -1.000000000000000000, 0.000000000000000000, 0.000000000000000000 ) ) ;
#3059 = CARTESIAN_POINT ( 'NONE',  ( -52.00000000000004974, 43.59999999999995879, 80.00000000000000000 ) ) ;
#3060 = AXIS2_PLACEMENT_3D ( 'NONE', #1976, #415, #437 ) ;
#3061 = CARTESIAN_POINT ( 'NONE',  ( -52.00000000000004974, 51.00000000000000711, 183.0970416646374588 ) ) ;
#3062 = CIRCLE ( 'NONE', #2870, 4.999999999999997335 ) ;
#3063 = ORIENTED_EDGE ( 'NONE', *, *, #3553, .T. ) ;
#3064 = DIRECTION ( 'NONE',  ( -1.224646799147353207E-16, 1.000000000000000000, 0.000000000000000000 ) ) ;
#3065 = DIRECTION ( 'NONE',  ( -0.000000000000000000, -0.000000000000000000, 1.000000000000000000 ) ) ;
#3066 = LINE ( 'NONE', #865, #974 ) ;
#3067 = VECTOR ( 'NONE', #2440, 1000.000000000000000 ) ;
#3068 = VERTEX_POINT ( 'NONE', #185 ) ;
#3069 = VECTOR ( 'NONE', #446, 1000.000000000000000 ) ;
#3070 = DIRECTION ( 'NONE',  ( -1.000000000000000000, -8.673617379884034239E-17, 0.000000000000000000 ) ) ;
#3071 = FACE_OUTER_BOUND ( 'NONE', #2209, .T. ) ;
#3072 = EDGE_CURVE ( 'NONE', #2148, #620, #2577, .T. ) ;
#3073 = VECTOR ( 'NONE', #2171, 1000.000000000000000 ) ;
#3074 = ORIENTED_EDGE ( 'NONE', *, *, #1579, .T. ) ;
#3075 = CARTESIAN_POINT ( 'NONE',  ( -20.00000000000000000, 33.59999999999995168, 0.000000000000000000 ) ) ;
#3076 = VECTOR ( 'NONE', #698, 1000.000000000000000 ) ;
#3077 = VERTEX_POINT ( 'NONE', #423 ) ;
#3078 = LINE ( 'NONE', #1522, #3267 ) ;
#3079 = EDGE_CURVE ( 'NONE', #1801, #1991, #1717, .T. ) ;
#3080 = EDGE_LOOP ( 'NONE', ( #2692, #3827, #214, #44, #1656, #3616, #2631, #212, #1412, #427, #938, #2571 ) ) ;
#3081 = CARTESIAN_POINT ( 'NONE',  ( -65.39999999999999147, 46.60000000000000142, 91.00000000000000000 ) ) ;
#3082 = DIRECTION ( 'NONE',  ( 0.000000000000000000, -0.000000000000000000, -1.000000000000000000 ) ) ;
#3083 = ADVANCED_FACE ( 'NONE', ( #3892 ), #743, .F. ) ;
#3084 = ORIENTED_EDGE ( 'NONE', *, *, #1234, .F. ) ;
#3085 = CARTESIAN_POINT ( 'NONE',  ( -65.39999999999997726, -46.59999999999998010, 45.00000000000000000 ) ) ;
#3086 = CARTESIAN_POINT ( 'NONE',  ( -1.371604415045035710E-14, 56.00000000000000711, 91.00000000000000000 ) ) ;
#3087 = DIRECTION ( 'NONE',  ( -0.000000000000000000, -0.000000000000000000, 1.000000000000000000 ) ) ;
#3088 = VERTEX_POINT ( 'NONE', #3560 ) ;
#3089 = CARTESIAN_POINT ( 'NONE',  ( -14.99999999999999822, -2.729460014648825137E-15, 40.00000000000000000 ) ) ;
#3090 = FACE_OUTER_BOUND ( 'NONE', #3605, .T. ) ;
#3091 = VERTEX_POINT ( 'NONE', #3519 ) ;
#3092 = EDGE_CURVE ( 'NONE', #572, #2291, #3581, .T. ) ;
#3093 = CARTESIAN_POINT ( 'NONE',  ( -5.000000000000012434, 51.00000000000000711, 0.000000000000000000 ) ) ;
#3094 = ORIENTED_EDGE ( 'NONE', *, *, #814, .F. ) ;
#3095 = LINE ( 'NONE', #370, #1439 ) ;
#3096 = ORIENTED_EDGE ( 'NONE', *, *, #2854, .T. ) ;
#3097 = EDGE_CURVE ( 'NONE', #1544, #2396, #1965, .T. ) ;
#3098 = FACE_OUTER_BOUND ( 'NONE', #1287, .T. ) ;
#3099 = FACE_OUTER_BOUND ( 'NONE', #1938, .T. ) ;
#3100 = LINE ( 'NONE', #1931, #2021 ) ;
#3101 = EDGE_CURVE ( 'NONE', #3406, #667, #785, .T. ) ;
#3102 = ORIENTED_EDGE ( 'NONE', *, *, #2982, .T. ) ;
#3103 = DIRECTION ( 'NONE',  ( 0.000000000000000000, -1.000000000000000000, 0.000000000000000000 ) ) ;
#3104 = PLANE ( 'NONE',  #1358 ) ;
#3105 = CARTESIAN_POINT ( 'NONE',  ( -33.39999999999997016, -50.99999999999998579, 85.00000000000000000 ) ) ;
#3106 = ADVANCED_FACE ( 'NONE', ( #2947 ), #2967, .F. ) ;
#3107 = ORIENTED_EDGE ( 'NONE', *, *, #10, .F. ) ;
#3108 = DIRECTION ( 'NONE',  ( -0.000000000000000000, -0.000000000000000000, -1.000000000000000000 ) ) ;
#3109 = CARTESIAN_POINT ( 'NONE',  ( -33.39999999999998437, -43.59999999999997300, 51.00000000000000711 ) ) ;
#3110 = DIRECTION ( 'NONE',  ( 0.000000000000000000, -0.000000000000000000, 1.000000000000000000 ) ) ;
#3111 = ORIENTED_EDGE ( 'NONE', *, *, #647, .T. ) ;
#3112 = LINE ( 'NONE', #1799, #3930 ) ;
#3113 = ORIENTED_EDGE ( 'NONE', *, *, #1998, .T. ) ;
#3114 = VECTOR ( 'NONE', #3545, 1000.000000000000000 ) ;
#3115 = CARTESIAN_POINT ( 'NONE',  ( -11.00000000000000355, 56.99999999999997868, 0.000000000000000000 ) ) ;
#3116 = ORIENTED_EDGE ( 'NONE', *, *, #3538, .F. ) ;
#3117 = VECTOR ( 'NONE', #3065, 1000.000000000000000 ) ;
#3118 = CARTESIAN_POINT ( 'NONE',  ( -42.00000000000004974, 43.59999999999995879, 143.0970416646374872 ) ) ;
#3119 = CARTESIAN_POINT ( 'NONE',  ( -69.00000000000002842, 50.99999999999997868, 0.000000000000000000 ) ) ;
#3120 = EDGE_CURVE ( 'NONE', #3566, #709, #2756, .T. ) ;
#3121 = ORIENTED_EDGE ( 'NONE', *, *, #2896, .T. ) ;
#3122 = VECTOR ( 'NONE', #680, 1000.000000000000000 ) ;
#3123 = CARTESIAN_POINT ( 'NONE',  ( -1.639234110326708464E-14, -51.50000000000000711, 11.00000000000000000 ) ) ;
#3124 = CARTESIAN_POINT ( 'NONE',  ( -50.39999999999996305, -33.59999999999996589, 85.00000000000000000 ) ) ;
#3125 = ADVANCED_FACE ( 'NONE', ( #2431 ), #507, .F. ) ;
#3126 = VECTOR ( 'NONE', #1788, 1000.000000000000000 ) ;
#3127 = VERTEX_POINT ( 'NONE', #3085 ) ;
#3128 = CARTESIAN_POINT ( 'NONE',  ( -50.39999999999996305, -28.59999999999996945, 0.000000000000000000 ) ) ;
#3129 = CARTESIAN_POINT ( 'NONE',  ( -29.79444872453598236, -46.59999999999997300, 49.00000000000000000 ) ) ;
#3130 = AXIS2_PLACEMENT_3D ( 'NONE', #3571, #1426, #215 ) ;
#3131 = PLANE ( 'NONE',  #3714 ) ;
#3132 = EDGE_CURVE ( 'NONE', #2669, #625, #1503, .T. ) ;
#3133 = VECTOR ( 'NONE', #1076, 1000.000000000000000 ) ;
#3134 = ORIENTED_EDGE ( 'NONE', *, *, #2036, .F. ) ;
#3135 = CARTESIAN_POINT ( 'NONE',  ( -50.39999999999996305, -28.59999999999996945, 0.000000000000000000 ) ) ;
#3136 = ORIENTED_EDGE ( 'NONE', *, *, #426, .F. ) ;
#3137 = VECTOR ( 'NONE', #287, 1000.000000000000000 ) ;
#3138 = LINE ( 'NONE', #12, #3924 ) ;
#3139 = ORIENTED_EDGE ( 'NONE', *, *, #473, .F. ) ;
#3140 = DIRECTION ( 'NONE',  ( -1.819640009765883753E-16, 1.000000000000000000, -0.000000000000000000 ) ) ;
#3141 = LINE ( 'NONE', #1602, #3052 ) ;
#3142 = CARTESIAN_POINT ( 'NONE',  ( -5.000000000000014211, 56.00000000000000711, 91.00000000000000000 ) ) ;
#3143 = ORIENTED_EDGE ( 'NONE', *, *, #2552, .F. ) ;
#3144 = LINE ( 'NONE', #1895, #198 ) ;
#3145 = CARTESIAN_POINT ( 'NONE',  ( -8.000000000000003553, -53.99999999999998579, 5.000000000000000000 ) ) ;
#3146 = EDGE_CURVE ( 'NONE', #929, #1556, #2737, .T. ) ;
#3147 = CARTESIAN_POINT ( 'NONE',  ( -72.00000000000004263, -53.99999999999998579, 5.000000000000000000 ) ) ;
#3148 = ORIENTED_EDGE ( 'NONE', *, *, #347, .F. ) ;
#3149 = VERTEX_POINT ( 'NONE', #895 ) ;
#3150 = LINE ( 'NONE', #344, #1442 ) ;
#3151 = PLANE ( 'NONE',  #2457 ) ;
#3152 = CARTESIAN_POINT ( 'NONE',  ( -5.000000000000012434, 51.00000000000000711, 5.000000000000000000 ) ) ;
#3153 = EDGE_CURVE ( 'NONE', #2037, #3794, #3039, .T. ) ;
#3154 = DIRECTION ( 'NONE',  ( -0.000000000000000000, -0.000000000000000000, -1.000000000000000000 ) ) ;
#3155 = ORIENTED_EDGE ( 'NONE', *, *, #2633, .T. ) ;
#3156 = LINE ( 'NONE', #349, #2551 ) ;
#3157 = EDGE_CURVE ( 'NONE', #3696, #1765, #2084, .T. ) ;
#3158 = EDGE_LOOP ( 'NONE', ( #40, #2193, #360, #3635 ) ) ;
#3159 = LINE ( 'NONE', #998, #1304 ) ;
#3160 = ORIENTED_EDGE ( 'NONE', *, *, #510, .T. ) ;
#3161 = LINE ( 'NONE', #374, #3320 ) ;
#3162 = VERTEX_POINT ( 'NONE', #3334 ) ;
#3163 = DIRECTION ( 'NONE',  ( 0.000000000000000000, 0.000000000000000000, -1.000000000000000000 ) ) ;
#3164 = DIRECTION ( 'NONE',  ( -0.000000000000000000, -0.000000000000000000, -1.000000000000000000 ) ) ;
#3165 = DIRECTION ( 'NONE',  ( -1.000000000000000000, 0.000000000000000000, 0.000000000000000000 ) ) ;
#3166 = ORIENTED_EDGE ( 'NONE', *, *, #571, .F. ) ;
#3167 = ORIENTED_EDGE ( 'NONE', *, *, #1356, .T. ) ;
#3168 = DIRECTION ( 'NONE',  ( 1.000000000000000000, 0.000000000000000000, 0.000000000000000000 ) ) ;
#3169 = CARTESIAN_POINT ( 'NONE',  ( -65.39999999999997726, 46.59999999999995879, 9.000000000000010658 ) ) ;
#3170 = CARTESIAN_POINT ( 'NONE',  ( -75.00000000000005684, -50.99999999999998579, 5.000000000000000000 ) ) ;
#3171 = EDGE_CURVE ( 'NONE', #3696, #2619, #2410, .T. ) ;
#3172 = EDGE_LOOP ( 'NONE', ( #681, #3547, #3053, #1417 ) ) ;
#3173 = DIRECTION ( 'NONE',  ( -1.577021341797097018E-15, 1.000000000000000000, 0.000000000000000000 ) ) ;
#3174 = VERTEX_POINT ( 'NONE', #1183 ) ;
#3175 = LINE ( 'NONE', #2176, #582 ) ;
#3176 = EDGE_CURVE ( 'NONE', #905, #2520, #3391, .T. ) ;
#3177 = ORIENTED_EDGE ( 'NONE', *, *, #2086, .F. ) ;
#3178 = CIRCLE ( 'NONE', #2661, 4.999999999999997335 ) ;
#3179 = CARTESIAN_POINT ( 'NONE',  ( -20.00000000000000000, 33.59999999999995168, 45.00000000000000000 ) ) ;
#3180 = CARTESIAN_POINT ( 'NONE',  ( -69.00000000000002842, 50.99999999999997868, 5.000000000000000000 ) ) ;
#3181 = ADVANCED_FACE ( 'NONE', ( #2697 ), #566, .F. ) ;
#3182 = VECTOR ( 'NONE', #2537, 1000.000000000000000 ) ;
#3183 = EDGE_LOOP ( 'NONE', ( #3670, #2902, #1635, #2807 ) ) ;
#3184 = PLANE ( 'NONE',  #322 ) ;
#3185 = CARTESIAN_POINT ( 'NONE',  ( -5.510910596163077723E-16, -51.50000000000000711, 5.000000000000000000 ) ) ;
#3186 = VECTOR ( 'NONE', #915, 1000.000000000000000 ) ;
#3187 = DIRECTION ( 'NONE',  ( 1.000000000000000000, 0.000000000000000000, -0.000000000000000000 ) ) ;
#3188 = CIRCLE ( 'NONE', #3917, 1.499999999999999556 ) ;
#3189 = ORIENTED_EDGE ( 'NONE', *, *, #103, .F. ) ;
#3190 = ORIENTED_EDGE ( 'NONE', *, *, #2099, .F. ) ;
#3191 = PLANE ( 'NONE',  #383 ) ;
#3192 = CARTESIAN_POINT ( 'NONE',  ( -55.39999999999996305, -28.59999999999996945, 0.000000000000000000 ) ) ;
#3193 = CARTESIAN_POINT ( 'NONE',  ( -5.000000000000000000, -55.99999999999999289, 40.00000000000000000 ) ) ;
#3194 = VECTOR ( 'NONE', #3348, 1000.000000000000000 ) ;
#3195 = VERTEX_POINT ( 'NONE', #3969 ) ;
#3196 = VECTOR ( 'NONE', #1289, 1000.000000000000000 ) ;
#3197 = LINE ( 'NONE', #2871, #1825 ) ;
#3198 = ORIENTED_EDGE ( 'NONE', *, *, #1694, .T. ) ;
#3199 = ADVANCED_FACE ( 'NONE', ( #2063 ), #840, .F. ) ;
#3200 = CARTESIAN_POINT ( 'NONE',  ( -33.39999999999998437, 51.00000000000000711, 5.000000000000000000 ) ) ;
#3201 = ORIENTED_EDGE ( 'NONE', *, *, #2704, .F. ) ;
#3202 = AXIS2_PLACEMENT_3D ( 'NONE', #454, #2069, #3235 ) ;
#3203 = DIRECTION ( 'NONE',  ( 1.213093339843922584E-16, -1.000000000000000000, 0.000000000000000000 ) ) ;
#3204 = EDGE_CURVE ( 'NONE', #2191, #3088, #3007, .T. ) ;
#3205 = DIRECTION ( 'NONE',  ( -0.000000000000000000, -0.000000000000000000, 1.000000000000000000 ) ) ;
#3206 = ORIENTED_EDGE ( 'NONE', *, *, #2685, .T. ) ;
#3207 = CARTESIAN_POINT ( 'NONE',  ( -72.00000000000004263, -53.99999999999998579, 0.000000000000000000 ) ) ;
#3208 = ADVANCED_FACE ( 'NONE', ( #1470 ), #1160, .F. ) ;
#3209 = DIRECTION ( 'NONE',  ( 1.000000000000000000, 0.000000000000000000, -0.000000000000000000 ) ) ;
#3210 = ORIENTED_EDGE ( 'NONE', *, *, #290, .T. ) ;
#3211 = EDGE_LOOP ( 'NONE', ( #3685, #972, #1446, #266, #1077, #231, #1046, #2 ) ) ;
#3212 = DIRECTION ( 'NONE',  ( 0.000000000000000000, 0.000000000000000000, -1.000000000000000000 ) ) ;
#3213 = DIRECTION ( 'NONE',  ( -0.000000000000000000, -1.000000000000000000, -0.000000000000000000 ) ) ;
#3214 = LINE ( 'NONE', #2662, #1431 ) ;
#3215 = ORIENTED_EDGE ( 'NONE', *, *, #3092, .F. ) ;
#3216 = DIRECTION ( 'NONE',  ( 0.000000000000000000, 0.000000000000000000, 1.000000000000000000 ) ) ;
#3217 = CARTESIAN_POINT ( 'NONE',  ( -52.00000000000004974, 51.00000000000000711, 51.00000000000000711 ) ) ;
#3218 = ORIENTED_EDGE ( 'NONE', *, *, #1631, .F. ) ;
#3219 = LINE ( 'NONE', #1660, #981 ) ;
#3220 = ORIENTED_EDGE ( 'NONE', *, *, #3747, .T. ) ;
#3221 = DIRECTION ( 'NONE',  ( 1.577021341797096821E-15, -1.000000000000000000, -5.782411586589351722E-16 ) ) ;
#3222 = DIRECTION ( 'NONE',  ( 3.469446951953611231E-16, -1.000000000000000000, 0.000000000000000000 ) ) ;
#3223 = EDGE_CURVE ( 'NONE', #771, #190, #1125, .T. ) ;
#3224 = ORIENTED_EDGE ( 'NONE', *, *, #3940, .T. ) ;
#3225 = CARTESIAN_POINT ( 'NONE',  ( -65.39999999999999147, 46.60000000000000142, 45.00000000000000000 ) ) ;
#3226 = LINE ( 'NONE', #1344, #2673 ) ;
#3227 = ADVANCED_FACE ( 'NONE', ( #863 ), #2105, .F. ) ;
#3228 = ORIENTED_EDGE ( 'NONE', *, *, #230, .F. ) ;
#3229 = VERTEX_POINT ( 'NONE', #1436 ) ;
#3230 = LINE ( 'NONE', #2355, #3269 ) ;
#3231 = CARTESIAN_POINT ( 'NONE',  ( 0.000000000000000000, 0.000000000000000000, 51.00000000000000711 ) ) ;
#3232 = LINE ( 'NONE', #3294, #2406 ) ;
#3233 = ORIENTED_EDGE ( 'NONE', *, *, #3482, .F. ) ;
#3234 = DIRECTION ( 'NONE',  ( -1.000000000000000000, 0.000000000000000000, 0.000000000000000000 ) ) ;
#3235 = DIRECTION ( 'NONE',  ( 1.000000000000000000, 0.000000000000000000, -0.000000000000000000 ) ) ;
#3236 = ORIENTED_EDGE ( 'NONE', *, *, #1135, .F. ) ;
#3237 = CARTESIAN_POINT ( 'NONE',  ( -5.000000000000000000, -50.99999999999999289, 5.000000000000000000 ) ) ;
#3238 = VERTEX_POINT ( 'NONE', #547 ) ;
#3239 = ORIENTED_EDGE ( 'NONE', *, *, #1875, .F. ) ;
#3240 = VECTOR ( 'NONE', #3638, 1000.000000000000000 ) ;
#3241 = LINE ( 'NONE', #114, #3388 ) ;
#3242 = VECTOR ( 'NONE', #3588, 1000.000000000000000 ) ;
#3243 = LINE ( 'NONE', #1365, #110 ) ;
#3244 = PRESENTATION_STYLE_ASSIGNMENT (( #2963 ) ) ;
#3245 = DIRECTION ( 'NONE',  ( -1.000000000000000000, 0.000000000000000000, 0.000000000000000000 ) ) ;
#3246 = ADVANCED_FACE ( 'NONE', ( #1790 ), #239, .F. ) ;
#3247 = AXIS2_PLACEMENT_3D ( 'NONE', #2698, #3040, #2986 ) ;
#3248 = EDGE_LOOP ( 'NONE', ( #1069, #3945, #1669, #3733, #71 ) ) ;
#3249 = EDGE_LOOP ( 'NONE', ( #253, #883 ) ) ;
#3250 = CARTESIAN_POINT ( 'NONE',  ( -33.39999999999998437, -43.59999999999997300, 91.00000000000000000 ) ) ;
#3251 = VECTOR ( 'NONE', #236, 1000.000000000000000 ) ;
#3252 = DIRECTION ( 'NONE',  ( -0.000000000000000000, -0.000000000000000000, -1.000000000000000000 ) ) ;
#3253 = PLANE ( 'NONE',  #120 ) ;
#3254 = EDGE_CURVE ( 'NONE', #468, #1011, #2204, .T. ) ;
#3255 = VECTOR ( 'NONE', #2812, 1000.000000000000000 ) ;
#3256 = ORIENTED_EDGE ( 'NONE', *, *, #1234, .T. ) ;
#3257 = CARTESIAN_POINT ( 'NONE',  ( -75.00000000000000000, 51.00000000000000000, 91.00000000000000000 ) ) ;
#3258 = DIRECTION ( 'NONE',  ( 0.000000000000000000, -1.000000000000000000, 0.000000000000000000 ) ) ;
#3259 = VECTOR ( 'NONE', #1615, 1000.000000000000000 ) ;
#3260 = ORIENTED_EDGE ( 'NONE', *, *, #2879, .F. ) ;
#3261 = ADVANCED_FACE ( 'NONE', ( #2774, #1283, #2528 ), #2554, .F. ) ;
#3262 = DIRECTION ( 'NONE',  ( -0.000000000000000000, -0.000000000000000000, -1.000000000000000000 ) ) ;
#3263 = VECTOR ( 'NONE', #402, 1000.000000000000000 ) ;
#3264 = ORIENTED_EDGE ( 'NONE', *, *, #34, .T. ) ;
#3265 = CARTESIAN_POINT ( 'NONE',  ( 0.000000000000000000, -55.99999999999999289, 45.00000000000000000 ) ) ;
#3266 = ORIENTED_EDGE ( 'NONE', *, *, #2048, .T. ) ;
#3267 = VECTOR ( 'NONE', #833, 1000.000000000000000 ) ;
#3268 = DIRECTION ( 'NONE',  ( -3.854941057726234153E-16, -1.000000000000000000, 0.000000000000000000 ) ) ;
#3269 = VECTOR ( 'NONE', #2027, 1000.000000000000000 ) ;
#3270 = DIRECTION ( 'NONE',  ( 0.000000000000000000, 0.000000000000000000, -1.000000000000000000 ) ) ;
#3271 = CARTESIAN_POINT ( 'NONE',  ( -50.39999999999997016, 33.59999999999995168, 0.000000000000000000 ) ) ;
#3272 = CARTESIAN_POINT ( 'NONE',  ( -1.371604415045035710E-14, 56.00000000000000711, 80.00000000000000000 ) ) ;
#3273 = VECTOR ( 'NONE', #3258, 1000.000000000000000 ) ;
#3274 = ORIENTED_EDGE ( 'NONE', *, *, #2600, .T. ) ;
#3275 = EDGE_CURVE ( 'NONE', #800, #164, #1113, .T. ) ;
#3276 = EDGE_LOOP ( 'NONE', ( #2694, #2403, #2601, #145 ) ) ;
#3277 = AXIS2_PLACEMENT_3D ( 'NONE', #615, #4019, #2703 ) ;
#3278 = DIRECTION ( 'NONE',  ( -0.000000000000000000, -1.000000000000000000, -0.000000000000000000 ) ) ;
#3279 = DIRECTION ( 'NONE',  ( -0.000000000000000000, 1.000000000000000000, -0.000000000000000000 ) ) ;
#3280 = EDGE_CURVE ( 'NONE', #733, #1949, #2183, .T. ) ;
#3281 = VERTEX_POINT ( 'NONE', #1263 ) ;
#3282 = FACE_OUTER_BOUND ( 'NONE', #3936, .T. ) ;
#3283 = CARTESIAN_POINT ( 'NONE',  ( -5.000000000000014211, 51.50000000000000711, 11.00000000000000000 ) ) ;
#3284 = VERTEX_POINT ( 'NONE', #2506 ) ;
#3285 = EDGE_CURVE ( 'NONE', #667, #2569, #3781, .T. ) ;
#3286 = ORIENTED_EDGE ( 'NONE', *, *, #2058, .T. ) ;
#3287 = LINE ( 'NONE', #1134, #1049 ) ;
#3288 = ORIENTED_EDGE ( 'NONE', *, *, #1498, .F. ) ;
#3289 = CYLINDRICAL_SURFACE ( 'NONE', #379, 1.500000000000001332 ) ;
#3290 = CARTESIAN_POINT ( 'NONE',  ( -42.00000000000004974, 51.00000000000000711, 183.0970416646374588 ) ) ;
#3291 = DIRECTION ( 'NONE',  ( -0.000000000000000000, -0.000000000000000000, 1.000000000000000000 ) ) ;
#3292 = ORIENTED_EDGE ( 'NONE', *, *, #163, .F. ) ;
#3293 = CARTESIAN_POINT ( 'NONE',  ( -19.99999999999999289, -33.59999999999996589, 80.00000000000000000 ) ) ;
#3294 = CARTESIAN_POINT ( 'NONE',  ( -29.79444872453598236, 46.59999999999995879, 9.000000000000010658 ) ) ;
#3295 = EDGE_LOOP ( 'NONE', ( #209, #372, #3757, #1500, #642, #3762 ) ) ;
#3296 = CARTESIAN_POINT ( 'NONE',  ( -60.00000000000000000, -43.59999999999997300, 80.00000000000000000 ) ) ;
#3297 = DIRECTION ( 'NONE',  ( -1.000000000000000000, -1.668003342285391058E-16, -0.000000000000000000 ) ) ;
#3298 = ORIENTED_EDGE ( 'NONE', *, *, #3991, .F. ) ;
#3299 = EDGE_CURVE ( 'NONE', #1924, #2880, #318, .T. ) ;
#3300 = EDGE_LOOP ( 'NONE', ( #2817, #2844, #1785, #3286 ) ) ;
#3301 = FACE_OUTER_BOUND ( 'NONE', #1939, .T. ) ;
#3302 = ORIENTED_EDGE ( 'NONE', *, *, #1729, .F. ) ;
#3303 = CARTESIAN_POINT ( 'NONE',  ( -14.99999999999999289, -28.59999999999996945, 80.00000000000000000 ) ) ;
#3304 = ADVANCED_FACE ( 'NONE', ( #3472 ), #1308, .F. ) ;
#3305 = DIRECTION ( 'NONE',  ( 0.000000000000000000, 0.000000000000000000, 1.000000000000000000 ) ) ;
#3306 = DIRECTION ( 'NONE',  ( 1.000000000000000000, 0.000000000000000000, 0.000000000000000000 ) ) ;
#3307 = EDGE_CURVE ( 'NONE', #3819, #384, #3144, .T. ) ;
#3308 = AXIS2_PLACEMENT_3D ( 'NONE', #1389, #3270, #3574 ) ;
#3309 = EDGE_LOOP ( 'NONE', ( #1065, #629, #933, #2838, #2116 ) ) ;
#3310 = DIRECTION ( 'NONE',  ( 5.015442563508421592E-32, -5.782411586589351722E-16, 1.000000000000000000 ) ) ;
#3311 = DIRECTION ( 'NONE',  ( 0.000000000000000000, -1.000000000000000000, 0.000000000000000000 ) ) ;
#3312 = VECTOR ( 'NONE', #3764, 1000.000000000000000 ) ;
#3313 = DIRECTION ( 'NONE',  ( -1.000000000000000000, 0.000000000000000000, -0.000000000000000000 ) ) ;
#3314 = AXIS2_PLACEMENT_3D ( 'NONE', #3915, #1471, #3583 ) ;
#3315 = VERTEX_POINT ( 'NONE', #1586 ) ;
#3316 = DIRECTION ( 'NONE',  ( 0.000000000000000000, -0.000000000000000000, 1.000000000000000000 ) ) ;
#3317 = CARTESIAN_POINT ( 'NONE',  ( -75.00000000000005684, 50.99999999999998579, 5.000000000000000000 ) ) ;
#3318 = VECTOR ( 'NONE', #2832, 1000.000000000000000 ) ;
#3319 = ORIENTED_EDGE ( 'NONE', *, *, #3204, .T. ) ;
#3320 = VECTOR ( 'NONE', #1625, 1000.000000000000000 ) ;
#3321 = EDGE_CURVE ( 'NONE', #764, #1801, #338, .T. ) ;
#3322 = LINE ( 'NONE', #3617, #3133 ) ;
#3323 = VERTEX_POINT ( 'NONE', #36 ) ;
#3324 = LINE ( 'NONE', #3018, #1759 ) ;
#3325 = VECTOR ( 'NONE', #482, 1000.000000000000000 ) ;
#3326 = ADVANCED_FACE ( 'NONE', ( #670, #919 ), #1530, .F. ) ;
#3327 = LINE ( 'NONE', #1770, #235 ) ;
#3328 = AXIS2_PLACEMENT_3D ( 'NONE', #1862, #973, #1910 ) ;
#3329 = DIRECTION ( 'NONE',  ( -0.000000000000000000, -0.000000000000000000, -1.000000000000000000 ) ) ;
#3330 = DIRECTION ( 'NONE',  ( 0.000000000000000000, -1.000000000000000000, 0.000000000000000000 ) ) ;
#3331 = VECTOR ( 'NONE', #879, 1000.000000000000000 ) ;
#3332 = EDGE_CURVE ( 'NONE', #1715, #1768, #4051, .T. ) ;
#3333 = VERTEX_POINT ( 'NONE', #2857 ) ;
#3334 = CARTESIAN_POINT ( 'NONE',  ( -69.00000000000002842, 56.99999999999997158, 5.000000000000000000 ) ) ;
#3335 = PLANE ( 'NONE',  #2787 ) ;
#3336 = AXIS2_PLACEMENT_3D ( 'NONE', #1597, #2826, #1618 ) ;
#3337 = DIRECTION ( 'NONE',  ( -0.000000000000000000, -0.000000000000000000, -1.000000000000000000 ) ) ;
#3338 = ORIENTED_EDGE ( 'NONE', *, *, #3779, .T. ) ;
#3339 = DIRECTION ( 'NONE',  ( 1.000000000000000000, 0.000000000000000000, 0.000000000000000000 ) ) ;
#3340 = CYLINDRICAL_SURFACE ( 'NONE', #3935, 4.999999999999997335 ) ;
#3341 = ORIENTED_EDGE ( 'NONE', *, *, #829, .T. ) ;
#3342 = CARTESIAN_POINT ( 'NONE',  ( -50.39999999999996305, -28.59999999999996945, 5.000000000000000000 ) ) ;
#3343 = ORIENTED_EDGE ( 'NONE', *, *, #937, .F. ) ;
#3344 = FACE_OUTER_BOUND ( 'NONE', #1647, .T. ) ;
#3345 = EDGE_LOOP ( 'NONE', ( #2638, #1708, #2333, #1342 ) ) ;
#3346 = LINE ( 'NONE', #1508, #1286 ) ;
#3347 = CARTESIAN_POINT ( 'NONE',  ( -14.99999999999999289, -28.59999999999996945, 0.000000000000000000 ) ) ;
#3348 = DIRECTION ( 'NONE',  ( -1.000000000000000000, -8.673617379884034239E-17, -0.000000000000000000 ) ) ;
#3349 = ADVANCED_FACE ( 'NONE', ( #55 ), #1545, .T. ) ;
#3350 = ORIENTED_EDGE ( 'NONE', *, *, #2758, .T. ) ;
#3351 = DIRECTION ( 'NONE',  ( 0.000000000000000000, -1.000000000000000000, 0.000000000000000000 ) ) ;
#3352 = FACE_OUTER_BOUND ( 'NONE', #873, .T. ) ;
#3353 = CARTESIAN_POINT ( 'NONE',  ( -14.99999999999999289, -28.59999999999996945, 0.000000000000000000 ) ) ;
#3354 = EDGE_CURVE ( 'NONE', #649, #3923, #2792, .T. ) ;
#3355 = ORIENTED_EDGE ( 'NONE', *, *, #1198, .T. ) ;
#3356 = LINE ( 'NONE', #3646, #500 ) ;
#3357 = DIRECTION ( 'NONE',  ( -0.000000000000000000, -0.000000000000000000, -1.000000000000000000 ) ) ;
#3358 = EDGE_CURVE ( 'NONE', #1913, #323, #3740, .T. ) ;
#3359 = ORIENTED_EDGE ( 'NONE', *, *, #1473, .F. ) ;
#3360 = LINE ( 'NONE', #2174, #523 ) ;
#3361 = ORIENTED_EDGE ( 'NONE', *, *, #371, .F. ) ;
#3362 = CARTESIAN_POINT ( 'NONE',  ( -33.39999999999997726, -46.59999999999997300, 89.00000000000000000 ) ) ;
#3363 = VERTEX_POINT ( 'NONE', #1684 ) ;
#3364 = DIRECTION ( 'NONE',  ( 1.000000000000000000, 0.000000000000000000, 0.000000000000000000 ) ) ;
#3365 = CARTESIAN_POINT ( 'NONE',  ( -11.00000000000000178, 50.99999999999998579, 5.000000000000000000 ) ) ;
#3366 = DIRECTION ( 'NONE',  ( -1.000000000000000000, 0.000000000000000000, 0.000000000000000000 ) ) ;
#3367 = ORIENTED_EDGE ( 'NONE', *, *, #2678, .T. ) ;
#3368 = DIRECTION ( 'NONE',  ( -0.000000000000000000, -0.000000000000000000, -1.000000000000000000 ) ) ;
#3369 = LINE ( 'NONE', #610, #2398 ) ;
#3370 = EDGE_CURVE ( 'NONE', #1191, #909, #2016, .T. ) ;
#3371 = LINE ( 'NONE', #1813, #1751 ) ;
#3372 = VERTEX_POINT ( 'NONE', #3946 ) ;
#3373 = VECTOR ( 'NONE', #3656, 1000.000000000000000 ) ;
#3374 = CARTESIAN_POINT ( 'NONE',  ( -5.000000000000000000, 50.99999999999999289, 5.000000000000000000 ) ) ;
#3375 = CARTESIAN_POINT ( 'NONE',  ( -65.39999999999999147, 46.60000000000000142, 85.00000000000000000 ) ) ;
#3376 = EDGE_CURVE ( 'NONE', #2354, #2228, #2958, .T. ) ;
#3377 = VECTOR ( 'NONE', #3520, 1000.000000000000000 ) ;
#3378 = ORIENTED_EDGE ( 'NONE', *, *, #3959, .F. ) ;
#3379 = CARTESIAN_POINT ( 'NONE',  ( 0.000000000000000000, -55.99999999999999289, 80.00000000000000000 ) ) ;
#3380 = EDGE_CURVE ( 'NONE', #3467, #1824, #1119, .T. ) ;
#3381 = VECTOR ( 'NONE', #502, 1000.000000000000000 ) ;
#3382 = ORIENTED_EDGE ( 'NONE', *, *, #1673, .T. ) ;
#3383 = DIRECTION ( 'NONE',  ( -1.000000000000000000, -8.673617379884034239E-17, -0.000000000000000000 ) ) ;
#3384 = VECTOR ( 'NONE', #3813, 1000.000000000000000 ) ;
#3385 = ORIENTED_EDGE ( 'NONE', *, *, #396, .F. ) ;
#3386 = PLANE ( 'NONE',  #2656 ) ;
#3387 = CARTESIAN_POINT ( 'NONE',  ( -5.000000000000014211, 56.00000000000000711, 80.00000000000000000 ) ) ;
#3388 = VECTOR ( 'NONE', #3268, 1000.000000000000000 ) ;
#3389 = CARTESIAN_POINT ( 'NONE',  ( -65.39999999999997726, -46.59999999999998010, 91.00000000000000000 ) ) ;
#3390 = VECTOR ( 'NONE', #3108, 1000.000000000000000 ) ;
#3391 = LINE ( 'NONE', #3952, #2742 ) ;
#3392 = CARTESIAN_POINT ( 'NONE',  ( 0.000000000000000000, 51.50000000000000711, 45.00000000000000000 ) ) ;
#3393 = CARTESIAN_POINT ( 'NONE',  ( -55.39999999999996305, -28.59999999999996945, 85.00000000000000000 ) ) ;
#3394 = VECTOR ( 'NONE', #3662, 1000.000000000000000 ) ;
#3395 = EDGE_CURVE ( 'NONE', #3044, #46, #520, .T. ) ;
#3396 = ORIENTED_EDGE ( 'NONE', *, *, #3097, .F. ) ;
#3397 = AXIS2_PLACEMENT_3D ( 'NONE', #1709, #3569, #1150 ) ;
#3398 = LINE ( 'NONE', #3089, #305 ) ;
#3399 = CARTESIAN_POINT ( 'NONE',  ( -65.39999999999999147, 46.60000000000000142, 51.00000000000000711 ) ) ;
#3400 = ADVANCED_FACE ( 'NONE', ( #3596 ), #3184, .F. ) ;
#3401 = ORIENTED_EDGE ( 'NONE', *, *, #2884, .T. ) ;
#3402 = LINE ( 'NONE', #600, #3863 ) ;
#3403 = ORIENTED_EDGE ( 'NONE', *, *, #342, .F. ) ;
#3404 = LINE ( 'NONE', #1560, #3719 ) ;
#3405 = EDGE_CURVE ( 'NONE', #1562, #1072, #3287, .T. ) ;
#3406 = VERTEX_POINT ( 'NONE', #480 ) ;
#3407 = PLANE ( 'NONE',  #2718 ) ;
#3408 = CARTESIAN_POINT ( 'NONE',  ( -65.39999999999997726, 51.00000000000000000, 80.00000000000000000 ) ) ;
#3409 = LINE ( 'NONE', #4027, #1168 ) ;
#3410 = ORIENTED_EDGE ( 'NONE', *, *, #159, .F. ) ;
#3411 = CARTESIAN_POINT ( 'NONE',  ( -5.000000000000030198, -51.50000000000000711, 85.00000000000000000 ) ) ;
#3412 = CARTESIAN_POINT ( 'NONE',  ( 0.000000000000000000, -55.99999999999999289, 45.00000000000000000 ) ) ;
#3413 = ORIENTED_EDGE ( 'NONE', *, *, #1951, .T. ) ;
#3414 = LINE ( 'NONE', #2561, #3196 ) ;
#3415 = CARTESIAN_POINT ( 'NONE',  ( 0.000000000000000000, -33.59999999999996589, 5.000000000000000000 ) ) ;
#3416 = CARTESIAN_POINT ( 'NONE',  ( -60.00000000000000000, -50.99999999999998579, 51.00000000000000711 ) ) ;
#3417 = ORIENTED_EDGE ( 'NONE', *, *, #1328, .F. ) ;
#3418 = DIRECTION ( 'NONE',  ( 1.000000000000000000, 0.000000000000000000, 0.000000000000000000 ) ) ;
#3419 = VERTEX_POINT ( 'NONE', #1726 ) ;
#3420 = ADVANCED_FACE ( 'NONE', ( #196 ), #2691, .T. ) ;
#3421 = DIRECTION ( 'NONE',  ( 0.000000000000000000, 0.000000000000000000, -1.000000000000000000 ) ) ;
#3422 = VERTEX_POINT ( 'NONE', #1766 ) ;
#3423 = CARTESIAN_POINT ( 'NONE',  ( -20.00000000000000000, 28.59999999999995524, 5.000000000000000000 ) ) ;
#3424 = CARTESIAN_POINT ( 'NONE',  ( -73.50000000000004263, -53.99999999999998579, 0.000000000000000000 ) ) ;
#3425 = ADVANCED_FACE ( 'NONE', ( #1385 ), #2630, .T. ) ;
#3426 = ORIENTED_EDGE ( 'NONE', *, *, #2058, .F. ) ;
#3427 = DIRECTION ( 'NONE',  ( 0.000000000000000000, -1.000000000000000000, -5.782411586589351722E-16 ) ) ;
#3428 = LINE ( 'NONE', #2507, #964 ) ;
#3429 = ADVANCED_FACE ( 'NONE', ( #434 ), #2072, .F. ) ;
#3430 = DIRECTION ( 'NONE',  ( 0.000000000000000000, 1.000000000000000000, 0.000000000000000000 ) ) ;
#3431 = ORIENTED_EDGE ( 'NONE', *, *, #3501, .F. ) ;
#3432 = LINE ( 'NONE', #2253, #3390 ) ;
#3433 = FACE_OUTER_BOUND ( 'NONE', #3788, .T. ) ;
#3434 = PLANE ( 'NONE',  #2995 ) ;
#3435 = ORIENTED_EDGE ( 'NONE', *, *, #2075, .F. ) ;
#3436 = DIRECTION ( 'NONE',  ( 0.000000000000000000, 0.000000000000000000, 1.000000000000000000 ) ) ;
#3437 = VERTEX_POINT ( 'NONE', #2670 ) ;
#3438 = VECTOR ( 'NONE', #191, 1000.000000000000000 ) ;
#3439 = DIRECTION ( 'NONE',  ( 8.673617379884034239E-17, -1.000000000000000000, 0.000000000000000000 ) ) ;
#3440 = EDGE_CURVE ( 'NONE', #1422, #3281, #3322, .T. ) ;
#3441 = VERTEX_POINT ( 'NONE', #816 ) ;
#3442 = VECTOR ( 'NONE', #3938, 1000.000000000000000 ) ;
#3443 = LINE ( 'NONE', #977, #3573 ) ;
#3444 = CARTESIAN_POINT ( 'NONE',  ( -1.639234110326708464E-14, -51.50000000000000711, 51.00000000000000711 ) ) ;
#3445 = AXIS2_PLACEMENT_3D ( 'NONE', #984, #3844, #2881 ) ;
#3446 = ADVANCED_FACE ( 'NONE', ( #3301 ), #2325, .F. ) ;
#3447 = ORIENTED_EDGE ( 'NONE', *, *, #2608, .F. ) ;
#3448 = DIRECTION ( 'NONE',  ( 1.000000000000000000, 0.000000000000000000, 0.000000000000000000 ) ) ;
#3449 = VECTOR ( 'NONE', #1854, 1000.000000000000000 ) ;
#3450 = CARTESIAN_POINT ( 'NONE',  ( -5.000000000000014211, 56.00000000000000711, 5.000000000000000000 ) ) ;
#3451 = CARTESIAN_POINT ( 'NONE',  ( -1.371604415045035710E-14, 56.00000000000000711, 11.00000000000000000 ) ) ;
#3452 = VECTOR ( 'NONE', #544, 1000.000000000000000 ) ;
#3453 = ADVANCED_FACE ( 'NONE', ( #3016 ), #213, .F. ) ;
#3454 = ORIENTED_EDGE ( 'NONE', *, *, #3944, .F. ) ;
#3455 = EDGE_LOOP ( 'NONE', ( #2990, #3591, #341, #1016, #1172, #2001 ) ) ;
#3456 = DIRECTION ( 'NONE',  ( 1.819640009765883753E-16, -1.000000000000000000, 0.000000000000000000 ) ) ;
#3457 = CARTESIAN_POINT ( 'NONE',  ( -11.00000000000000178, 50.99999999999998579, 0.000000000000000000 ) ) ;
#3458 = DIRECTION ( 'NONE',  ( 1.000000000000000000, 0.000000000000000000, 0.000000000000000000 ) ) ;
#3459 = VECTOR ( 'NONE', #1769, 1000.000000000000000 ) ;
#3460 = CARTESIAN_POINT ( 'NONE',  ( 0.000000000000000000, 0.000000000000000000, 11.00000000000000000 ) ) ;
#3461 = VECTOR ( 'NONE', #761, 1000.000000000000000 ) ;
#3462 = ORIENTED_EDGE ( 'NONE', *, *, #2950, .F. ) ;
#3463 = CARTESIAN_POINT ( 'NONE',  ( -5.000000000000014211, 56.00000000000000711, 5.000000000000000000 ) ) ;
#3464 = ORIENTED_EDGE ( 'NONE', *, *, #2699, .T. ) ;
#3465 = AXIS2_PLACEMENT_3D ( 'NONE', #3833, #392, #2279 ) ;
#3466 = DIRECTION ( 'NONE',  ( -1.000000000000000000, -8.673617379884034239E-17, -0.000000000000000000 ) ) ;
#3467 = VERTEX_POINT ( 'NONE', #772 ) ;
#3468 = VECTOR ( 'NONE', #2452, 1000.000000000000000 ) ;
#3469 = DIRECTION ( 'NONE',  ( -0.000000000000000000, 0.000000000000000000, -1.000000000000000000 ) ) ;
#3470 = LINE ( 'NONE', #16, #979 ) ;
#3471 = ORIENTED_EDGE ( 'NONE', *, *, #1193, .T. ) ;
#3472 = FACE_OUTER_BOUND ( 'NONE', #1926, .T. ) ;
#3473 = DIRECTION ( 'NONE',  ( 1.577021341797096821E-15, -1.000000000000000000, 0.000000000000000000 ) ) ;
#3474 = FACE_OUTER_BOUND ( 'NONE', #2437, .T. ) ;
#3475 = EDGE_CURVE ( 'NONE', #1544, #3162, #1464, .T. ) ;
#3476 = ORIENTED_EDGE ( 'NONE', *, *, #1104, .T. ) ;
#3477 = VERTEX_POINT ( 'NONE', #2397 ) ;
#3478 = FACE_OUTER_BOUND ( 'NONE', #878, .T. ) ;
#3479 = CARTESIAN_POINT ( 'NONE',  ( -29.79444872453598236, -43.59999999999997300, 89.00000000000000000 ) ) ;
#3480 = DIRECTION ( 'NONE',  ( 0.000000000000000000, -0.000000000000000000, 1.000000000000000000 ) ) ;
#3481 = CARTESIAN_POINT ( 'NONE',  ( 0.000000000000000000, 51.50000000000000711, 51.00000000000000711 ) ) ;
#3482 = EDGE_CURVE ( 'NONE', #350, #1693, #3651, .T. ) ;
#3483 = ORIENTED_EDGE ( 'NONE', *, *, #3204, .F. ) ;
#3484 = FACE_OUTER_BOUND ( 'NONE', #1859, .T. ) ;
#3485 = ORIENTED_EDGE ( 'NONE', *, *, #243, .F. ) ;
#3486 = CARTESIAN_POINT ( 'NONE',  ( -33.39999999999998437, 51.00000000000000711, 51.00000000000000711 ) ) ;
#3487 = ORIENTED_EDGE ( 'NONE', *, *, #3558, .T. ) ;
#3488 = DIRECTION ( 'NONE',  ( -1.000000000000000000, 0.000000000000000000, 0.000000000000000000 ) ) ;
#3489 = DIRECTION ( 'NONE',  ( 1.819640009765883753E-16, -1.000000000000000000, 0.000000000000000000 ) ) ;
#3490 = ORIENTED_EDGE ( 'NONE', *, *, #2283, .T. ) ;
#3491 = CARTESIAN_POINT ( 'NONE',  ( -11.00000000000000178, 50.99999999999998579, 5.000000000000000000 ) ) ;
#3492 = CARTESIAN_POINT ( 'NONE',  ( -5.000000000000000000, 50.99999999999999289, 5.000000000000000000 ) ) ;
#3493 = DIRECTION ( 'NONE',  ( 0.000000000000000000, 0.000000000000000000, -1.000000000000000000 ) ) ;
#3494 = ORIENTED_EDGE ( 'NONE', *, *, #672, .T. ) ;
#3495 = EDGE_CURVE ( 'NONE', #2306, #2609, #3112, .T. ) ;
#3496 = ORIENTED_EDGE ( 'NONE', *, *, #3307, .F. ) ;
#3497 = CARTESIAN_POINT ( 'NONE',  ( -20.00000000000000000, 28.59999999999995524, 85.00000000000000000 ) ) ;
#3498 = CARTESIAN_POINT ( 'NONE',  ( -65.39999999999999147, 46.60000000000000142, 91.00000000000000000 ) ) ;
#3499 = LINE ( 'NONE', #660, #1448 ) ;
#3500 = LINE ( 'NONE', #3831, #311 ) ;
#3501 = EDGE_CURVE ( 'NONE', #612, #1151, #2782, .T. ) ;
#3502 = VERTEX_POINT ( 'NONE', #1782 ) ;
#3503 = DIRECTION ( 'NONE',  ( 0.000000000000000000, 0.000000000000000000, 1.000000000000000000 ) ) ;
#3504 = VERTEX_POINT ( 'NONE', #3051 ) ;
#3505 = CARTESIAN_POINT ( 'NONE',  ( -73.50000000000005684, 53.99999999999997158, 0.000000000000000000 ) ) ;
#3506 = EDGE_CURVE ( 'NONE', #3044, #1488, #1558, .T. ) ;
#3507 = ORIENTED_EDGE ( 'NONE', *, *, #1111, .T. ) ;
#3508 = AXIS2_PLACEMENT_3D ( 'NONE', #952, #3876, #1563 ) ;
#3509 = CARTESIAN_POINT ( 'NONE',  ( -65.39999999999999147, 46.60000000000000142, 85.00000000000000000 ) ) ;
#3510 = CARTESIAN_POINT ( 'NONE',  ( 0.000000000000000000, 33.59999999999995168, 5.000000000000000000 ) ) ;
#3511 = VECTOR ( 'NONE', #3164, 1000.000000000000000 ) ;
#3512 = ORIENTED_EDGE ( 'NONE', *, *, #3984, .F. ) ;
#3513 = DIRECTION ( 'NONE',  ( 1.489033026589534369E-16, -1.000000000000000000, 0.000000000000000000 ) ) ;
#3514 = CIRCLE ( 'NONE', #2275, 1.500000000000001332 ) ;
#3515 = CARTESIAN_POINT ( 'NONE',  ( -11.00000000000000355, -56.99999999999997868, 5.000000000000000000 ) ) ;
#3516 = VECTOR ( 'NONE', #881, 1000.000000000000000 ) ;
#3517 = ORIENTED_EDGE ( 'NONE', *, *, #2772, .F. ) ;
#3518 = ORIENTED_EDGE ( 'NONE', *, *, #2177, .T. ) ;
#3519 = CARTESIAN_POINT ( 'NONE',  ( -15.00000000000000533, 28.59999999999995524, 5.000000000000000000 ) ) ;
#3520 = DIRECTION ( 'NONE',  ( 1.577021341797097018E-15, 1.000000000000000000, -0.000000000000000000 ) ) ;
#3521 = DIRECTION ( 'NONE',  ( -0.000000000000000000, -0.000000000000000000, -1.000000000000000000 ) ) ;
#3522 = VECTOR ( 'NONE', #628, 1000.000000000000000 ) ;
#3523 = ORIENTED_EDGE ( 'NONE', *, *, #3695, .F. ) ;
#3524 = VECTOR ( 'NONE', #1015, 1000.000000000000000 ) ;
#3525 = FACE_OUTER_BOUND ( 'NONE', #1278, .T. ) ;
#3526 = CARTESIAN_POINT ( 'NONE',  ( 0.000000000000000000, -55.99999999999999289, 5.000000000000000000 ) ) ;
#3527 = ORIENTED_EDGE ( 'NONE', *, *, #975, .F. ) ;
#3528 = PLANE ( 'NONE',  #3988 ) ;
#3529 = ADVANCED_FACE ( 'NONE', ( #3671 ), #3981, .F. ) ;
#3530 = VECTOR ( 'NONE', #2706, 1000.000000000000000 ) ;
#3531 = VERTEX_POINT ( 'NONE', #9 ) ;
#3532 = DIRECTION ( 'NONE',  ( -0.000000000000000000, 0.000000000000000000, -1.000000000000000000 ) ) ;
#3533 = LINE ( 'NONE', #2651, #1041 ) ;
#3534 = EDGE_CURVE ( 'NONE', #323, #1189, #2455, .T. ) ;
#3535 = EDGE_LOOP ( 'NONE', ( #790, #886, #2459, #1710 ) ) ;
#3536 = DIRECTION ( 'NONE',  ( 0.000000000000000000, 1.000000000000000000, 0.000000000000000000 ) ) ;
#3537 = CYLINDRICAL_SURFACE ( 'NONE', #2607, 4.999999999999997335 ) ;
#3538 = EDGE_CURVE ( 'NONE', #3284, #128, #1190, .T. ) ;
#3539 = ORIENTED_EDGE ( 'NONE', *, *, #3553, .F. ) ;
#3540 = ORIENTED_EDGE ( 'NONE', *, *, #2580, .F. ) ;
#3541 = CARTESIAN_POINT ( 'NONE',  ( -5.000000000000000000, 50.99999999999999289, 0.000000000000000000 ) ) ;
#3542 = CARTESIAN_POINT ( 'NONE',  ( -69.00000000000002842, -50.99999999999997868, 5.000000000000000000 ) ) ;
#3543 = LINE ( 'NONE', #2299, #1296 ) ;
#3544 = ORIENTED_EDGE ( 'NONE', *, *, #2197, .F. ) ;
#3545 = DIRECTION ( 'NONE',  ( -1.213093339843922584E-16, 1.000000000000000000, 0.000000000000000000 ) ) ;
#3546 = LINE ( 'NONE', #3283, #325 ) ;
#3547 = ORIENTED_EDGE ( 'NONE', *, *, #3101, .T. ) ;
#3548 = DIRECTION ( 'NONE',  ( 0.000000000000000000, 0.000000000000000000, -1.000000000000000000 ) ) ;
#3549 = ORIENTED_EDGE ( 'NONE', *, *, #624, .F. ) ;
#3550 = ADVANCED_FACE ( 'NONE', ( #3709 ), #307, .F. ) ;
#3551 = VERTEX_POINT ( 'NONE', #3032 ) ;
#3552 = CARTESIAN_POINT ( 'NONE',  ( -29.79444872453598236, -46.59999999999997300, 49.00000000000000000 ) ) ;
#3553 = EDGE_CURVE ( 'NONE', #3477, #2228, #617, .T. ) ;
#3554 = DIRECTION ( 'NONE',  ( -0.000000000000000000, -0.000000000000000000, 1.000000000000000000 ) ) ;
#3555 = PLANE ( 'NONE',  #568 ) ;
#3556 = CARTESIAN_POINT ( 'NONE',  ( 0.000000000000000000, -55.99999999999999289, 0.000000000000000000 ) ) ;
#3557 = VERTEX_POINT ( 'NONE', #1255 ) ;
#3558 = EDGE_CURVE ( 'NONE', #2481, #764, #589, .T. ) ;
#3559 = EDGE_LOOP ( 'NONE', ( #3224, #988, #3979, #3786, #2783, #1297 ) ) ;
#3560 = CARTESIAN_POINT ( 'NONE',  ( -1.371604415045035710E-14, 56.00000000000000711, 0.000000000000000000 ) ) ;
#3561 = CARTESIAN_POINT ( 'NONE',  ( -5.000000000000031974, -56.00000000000000711, 91.00000000000000000 ) ) ;
#3562 = CARTESIAN_POINT ( 'NONE',  ( -33.39999999999998437, 51.00000000000000711, 11.00000000000000000 ) ) ;
#3563 = ORIENTED_EDGE ( 'NONE', *, *, #2704, .T. ) ;
#3564 = LINE ( 'NONE', #3754, #3971 ) ;
#3565 = LINE ( 'NONE', #1677, #1962 ) ;
#3566 = VERTEX_POINT ( 'NONE', #1171 ) ;
#3567 = CARTESIAN_POINT ( 'NONE',  ( -65.39999999999997726, 46.59999999999995879, 89.00000000000001421 ) ) ;
#3568 = ORIENTED_EDGE ( 'NONE', *, *, #795, .T. ) ;
#3569 = DIRECTION ( 'NONE',  ( 1.000000000000000000, 3.469446951953611724E-16, -0.000000000000000000 ) ) ;
#3570 = ORIENTED_EDGE ( 'NONE', *, *, #1376, .T. ) ;
#3571 = CARTESIAN_POINT ( 'NONE',  ( -50.39999999999997016, 28.59999999999995524, 0.000000000000000000 ) ) ;
#3572 = EDGE_CURVE ( 'NONE', #1899, #2576, #1242, .T. ) ;
#3573 = VECTOR ( 'NONE', #643, 1000.000000000000000 ) ;
#3574 = DIRECTION ( 'NONE',  ( -1.000000000000000000, 0.000000000000000000, -0.000000000000000000 ) ) ;
#3575 = FACE_OUTER_BOUND ( 'NONE', #869, .T. ) ;
#3576 = CARTESIAN_POINT ( 'NONE',  ( -65.39999999999999147, 46.60000000000000142, 85.00000000000000000 ) ) ;
#3577 = CIRCLE ( 'NONE', #1095, 4.999999999999997335 ) ;
#3578 = EDGE_CURVE ( 'NONE', #1693, #2629, #3360, .T. ) ;
#3579 = ORIENTED_EDGE ( 'NONE', *, *, #2674, .T. ) ;
#3580 = VERTEX_POINT ( 'NONE', #1860 ) ;
#3581 = LINE ( 'NONE', #146, #3461 ) ;
#3582 = VECTOR ( 'NONE', #2330, 1000.000000000000000 ) ;
#3583 = DIRECTION ( 'NONE',  ( 0.000000000000000000, 0.000000000000000000, -1.000000000000000000 ) ) ;
#3584 = DIRECTION ( 'NONE',  ( 0.000000000000000000, 0.000000000000000000, -1.000000000000000000 ) ) ;
#3585 = ADVANCED_FACE ( 'NONE', ( #3732 ), #556, .F. ) ;
#3586 = VECTOR ( 'NONE', #3010, 1000.000000000000000 ) ;
#3587 = EDGE_LOOP ( 'NONE', ( #565, #121, #746, #3435, #20, #1624 ) ) ;
#3588 = DIRECTION ( 'NONE',  ( -0.000000000000000000, -0.000000000000000000, -1.000000000000000000 ) ) ;
#3589 = LINE ( 'NONE', #793, #1051 ) ;
#3590 = CIRCLE ( 'NONE', #2541, 1.500000000000001332 ) ;
#3591 = ORIENTED_EDGE ( 'NONE', *, *, #3358, .F. ) ;
#3592 = PRODUCT_DEFINITION_SHAPE ( 'NONE', 'NONE',  #2716 ) ;
#3593 = EDGE_CURVE ( 'NONE', #3854, #674, #2747, .T. ) ;
#3594 = AXIS2_PLACEMENT_3D ( 'NONE', #140, #1387, #2632 ) ;
#3595 = ORIENTED_EDGE ( 'NONE', *, *, #483, .F. ) ;
#3596 = FACE_OUTER_BOUND ( 'NONE', #2768, .T. ) ;
#3597 = ORIENTED_EDGE ( 'NONE', *, *, #576, .T. ) ;
#3598 = AXIS2_PLACEMENT_3D ( 'NONE', #2122, #1489, #3641 ) ;
#3599 = CARTESIAN_POINT ( 'NONE',  ( -72.00000000000004263, -53.99999999999998579, 0.000000000000000000 ) ) ;
#3600 = VECTOR ( 'NONE', #3456, 1000.000000000000000 ) ;
#3601 = PLANE ( 'NONE',  #765 ) ;
#3602 =( NAMED_UNIT ( * ) PLANE_ANGLE_UNIT ( ) SI_UNIT ( $, .RADIAN. ) );
#3603 = CARTESIAN_POINT ( 'NONE',  ( -5.000000000000004441, 56.99999999999997868, 0.000000000000000000 ) ) ;
#3604 = AXIS2_PLACEMENT_3D ( 'NONE', #285, #3958, #1476 ) ;
#3605 = EDGE_LOOP ( 'NONE', ( #337, #171, #3038, #1651 ) ) ;
#3606 = CARTESIAN_POINT ( 'NONE',  ( -20.00000000000000000, 33.59999999999995168, 40.00000000000000000 ) ) ;
#3607 = AXIS2_PLACEMENT_3D ( 'NONE', #65, #993, #3480 ) ;
#3608 = PLANE ( 'NONE',  #3314 ) ;
#3609 = EDGE_CURVE ( 'NONE', #1249, #2653, #2131, .T. ) ;
#3610 = DIRECTION ( 'NONE',  ( -1.000000000000000000, -1.577021341797096821E-15, 0.000000000000000000 ) ) ;
#3611 = ORIENTED_EDGE ( 'NONE', *, *, #2956, .T. ) ;
#3612 = DIRECTION ( 'NONE',  ( 0.000000000000000000, -1.000000000000000000, 0.000000000000000000 ) ) ;
#3613 = DIRECTION ( 'NONE',  ( 1.577021341797097018E-15, 1.000000000000000000, -0.000000000000000000 ) ) ;
#3614 = EDGE_CURVE ( 'NONE', #3406, #3557, #907, .T. ) ;
#3615 = ORIENTED_EDGE ( 'NONE', *, *, #208, .T. ) ;
#3616 = ORIENTED_EDGE ( 'NONE', *, *, #2226, .F. ) ;
#3617 = CARTESIAN_POINT ( 'NONE',  ( -75.00000000000000000, -50.99999999999998579, 45.00000000000000000 ) ) ;
#3618 = EDGE_CURVE ( 'NONE', #3174, #1488, #3402, .T. ) ;
#3619 = EDGE_LOOP ( 'NONE', ( #3835, #1661, #317, #238 ) ) ;
#3620 = LINE ( 'NONE', #499, #2413 ) ;
#3621 = FACE_OUTER_BOUND ( 'NONE', #3672, .T. ) ;
#3622 = CARTESIAN_POINT ( 'NONE',  ( 0.000000000000000000, -55.99999999999999289, 40.00000000000000000 ) ) ;
#3623 = CARTESIAN_POINT ( 'NONE',  ( -19.99999999999999289, -28.59999999999996945, 0.000000000000000000 ) ) ;
#3624 = ORIENTED_EDGE ( 'NONE', *, *, #2758, .F. ) ;
#3625 = CARTESIAN_POINT ( 'NONE',  ( -50.39999999999996305, -28.59999999999996945, 80.00000000000000000 ) ) ;
#3626 = DIRECTION ( 'NONE',  ( -0.000000000000000000, -1.000000000000000000, -0.000000000000000000 ) ) ;
#3627 = DIRECTION ( 'NONE',  ( 0.000000000000000000, 1.000000000000000000, 0.000000000000000000 ) ) ;
#3628 = ADVANCED_FACE ( 'NONE', ( #1209 ), #1842, .F. ) ;
#3629 = ORIENTED_EDGE ( 'NONE', *, *, #1440, .F. ) ;
#3630 = FACE_OUTER_BOUND ( 'NONE', #2763, .T. ) ;
#3631 = CARTESIAN_POINT ( 'NONE',  ( -75.00000000000000000, 51.00000000000000000, 11.00000000000000000 ) ) ;
#3632 = ADVANCED_FACE ( 'NONE', ( #1947 ), #996, .F. ) ;
#3633 = ORIENTED_EDGE ( 'NONE', *, *, #3940, .F. ) ;
#3634 = DIRECTION ( 'NONE',  ( 0.000000000000000000, -1.000000000000000000, -0.000000000000000000 ) ) ;
#3635 = ORIENTED_EDGE ( 'NONE', *, *, #364, .T. ) ;
#3636 = DIRECTION ( 'NONE',  ( 1.000000000000000000, 0.000000000000000000, 0.000000000000000000 ) ) ;
#3637 = EDGE_CURVE ( 'NONE', #3640, #391, #2258, .T. ) ;
#3638 = DIRECTION ( 'NONE',  ( -0.000000000000000000, -0.000000000000000000, -1.000000000000000000 ) ) ;
#3639 = PLANE ( 'NONE',  #2668 ) ;
#3640 = VERTEX_POINT ( 'NONE', #27 ) ;
#3641 = DIRECTION ( 'NONE',  ( -1.819640009765883753E-16, 1.000000000000000000, 0.000000000000000000 ) ) ;
#3642 = LINE ( 'NONE', #221, #838 ) ;
#3643 = FACE_OUTER_BOUND ( 'NONE', #601, .T. ) ;
#3644 = AXIS2_PLACEMENT_3D ( 'NONE', #3207, #401, #2898 ) ;
#3645 = VERTEX_POINT ( 'NONE', #704 ) ;
#3646 = CARTESIAN_POINT ( 'NONE',  ( -65.39999999999997726, 51.00000000000000000, 143.0970416646374872 ) ) ;
#3647 = DIRECTION ( 'NONE',  ( -1.819640009765883753E-16, 1.000000000000000000, 0.000000000000000000 ) ) ;
#3648 = VECTOR ( 'NONE', #2486, 1000.000000000000000 ) ;
#3649 = ORIENTED_EDGE ( 'NONE', *, *, #2263, .F. ) ;
#3650 = VECTOR ( 'NONE', #1922, 1000.000000000000000 ) ;
#3651 = LINE ( 'NONE', #156, #1633 ) ;
#3652 = EDGE_LOOP ( 'NONE', ( #26, #2798, #705, #2748 ) ) ;
#3653 = EDGE_CURVE ( 'NONE', #995, #1023, #331, .T. ) ;
#3654 = CARTESIAN_POINT ( 'NONE',  ( -5.000000000000000000, 51.50000000000000711, 5.000000000000000000 ) ) ;
#3655 = ORIENTED_EDGE ( 'NONE', *, *, #329, .T. ) ;
#3656 = DIRECTION ( 'NONE',  ( 0.000000000000000000, -1.000000000000000000, 0.000000000000000000 ) ) ;
#3657 = VECTOR ( 'NONE', #2727, 1000.000000000000000 ) ;
#3658 = DIRECTION ( 'NONE',  ( 0.000000000000000000, -0.000000000000000000, 1.000000000000000000 ) ) ;
#3659 = EDGE_CURVE ( 'NONE', #927, #2156, #3197, .T. ) ;
#3660 = AXIS2_PLACEMENT_3D ( 'NONE', #3491, #691, #1934 ) ;
#3661 = ORIENTED_EDGE ( 'NONE', *, *, #3955, .T. ) ;
#3662 = DIRECTION ( 'NONE',  ( -0.000000000000000000, -0.000000000000000000, 1.000000000000000000 ) ) ;
#3663 = LINE ( 'NONE', #2660, #2725 ) ;
#3664 = ADVANCED_FACE ( 'NONE', ( #1907 ), #2516, .F. ) ;
#3665 = AXIS2_PLACEMENT_3D ( 'NONE', #2438, #2806, #2113 ) ;
#3666 = DIRECTION ( 'NONE',  ( 0.000000000000000000, 0.000000000000000000, 1.000000000000000000 ) ) ;
#3667 = ORIENTED_EDGE ( 'NONE', *, *, #809, .T. ) ;
#3668 = CARTESIAN_POINT ( 'NONE',  ( -65.39999999999997726, 46.59999999999995879, 49.00000000000001421 ) ) ;
#3669 = CARTESIAN_POINT ( 'NONE',  ( -33.39999999999997726, -46.59999999999998010, 51.00000000000000711 ) ) ;
#3670 = ORIENTED_EDGE ( 'NONE', *, *, #1700, .F. ) ;
#3671 = FACE_OUTER_BOUND ( 'NONE', #4020, .T. ) ;
#3672 = EDGE_LOOP ( 'NONE', ( #393, #3167, #395, #1360 ) ) ;
#3673 = CARTESIAN_POINT ( 'NONE',  ( -50.39999999999997016, 28.59999999999995524, 5.000000000000000000 ) ) ;
#3674 = ADVANCED_FACE ( 'NONE', ( #1355 ), #1318, .F. ) ;
#3675 = ORIENTED_EDGE ( 'NONE', *, *, #1918, .T. ) ;
#3676 = FACE_OUTER_BOUND ( 'NONE', #1809, .T. ) ;
#3677 = CARTESIAN_POINT ( 'NONE',  ( -1.639234110326708464E-14, -51.50000000000000711, 91.00000000000000000 ) ) ;
#3678 = PLANE ( 'NONE',  #2146 ) ;
#3679 = ADVANCED_FACE ( 'NONE', ( #3484 ), #2192, .F. ) ;
#3680 = ORIENTED_EDGE ( 'NONE', *, *, #2600, .F. ) ;
#3681 = DIRECTION ( 'NONE',  ( 0.000000000000000000, -0.000000000000000000, -1.000000000000000000 ) ) ;
#3682 = FACE_BOUND ( 'NONE', #1502, .T. ) ;
#3683 = CARTESIAN_POINT ( 'NONE',  ( -65.39999999999997726, 51.00000000000000000, 183.0970416646374588 ) ) ;
#3684 = ADVANCED_FACE ( 'NONE', ( #729 ), #1336, .F. ) ;
#3685 = ORIENTED_EDGE ( 'NONE', *, *, #2546, .F. ) ;
#3686 = DIRECTION ( 'NONE',  ( 1.000000000000000000, 1.819640009765883753E-16, 0.000000000000000000 ) ) ;
#3687 = LINE ( 'NONE', #574, #7 ) ;
#3688 = ORIENTED_EDGE ( 'NONE', *, *, #1034, .F. ) ;
#3689 = CARTESIAN_POINT ( 'NONE',  ( -33.39999999999999147, 46.60000000000000142, 51.00000000000000711 ) ) ;
#3690 = ORIENTED_EDGE ( 'NONE', *, *, #135, .F. ) ;
#3691 = PLANE ( 'NONE',  #2088 ) ;
#3692 = ORIENTED_EDGE ( 'NONE', *, *, #1898, .F. ) ;
#3693 = LINE ( 'NONE', #891, #1741 ) ;
#3694 = LINE ( 'NONE', #543, #2790 ) ;
#3695 = EDGE_CURVE ( 'NONE', #815, #3238, #89, .T. ) ;
#3696 = VERTEX_POINT ( 'NONE', #2542 ) ;
#3697 = CARTESIAN_POINT ( 'NONE',  ( -33.40000000000012648, 46.59999999999995168, 89.00000000000001421 ) ) ;
#3698 = DIRECTION ( 'NONE',  ( 5.015442563508421592E-32, -5.782411586589351722E-16, 1.000000000000000000 ) ) ;
#3699 = DIRECTION ( 'NONE',  ( 0.000000000000000000, -1.000000000000000000, 0.000000000000000000 ) ) ;
#3700 = ADVANCED_FACE ( 'NONE', ( #70 ), #1658, .F. ) ;
#3701 = ORIENTED_EDGE ( 'NONE', *, *, #683, .T. ) ;
#3702 = VECTOR ( 'NONE', #2761, 1000.000000000000000 ) ;
#3703 = FACE_OUTER_BOUND ( 'NONE', #2419, .T. ) ;
#3704 = CARTESIAN_POINT ( 'NONE',  ( -15.00000000000000355, 28.59999999999995524, 0.000000000000000000 ) ) ;
#3705 = ADVANCED_FACE ( 'NONE', ( #2582 ), #106, .F. ) ;
#3706 = VECTOR ( 'NONE', #677, 1000.000000000000000 ) ;
#3707 = UNCERTAINTY_MEASURE_WITH_UNIT (LENGTH_MEASURE( 1.000000000000000082E-05 ), #86, 'distance_accuracy_value', 'NONE');
#3708 = ORIENTED_EDGE ( 'NONE', *, *, #3005, .T. ) ;
#3709 = FACE_OUTER_BOUND ( 'NONE', #139, .T. ) ;
#3710 = VECTOR ( 'NONE', #2102, 1000.000000000000000 ) ;
#3711 = ORIENTED_EDGE ( 'NONE', *, *, #1084, .F. ) ;
#3712 = EDGE_CURVE ( 'NONE', #3441, #3406, #947, .T. ) ;
#3713 = DIRECTION ( 'NONE',  ( 0.000000000000000000, 0.000000000000000000, 1.000000000000000000 ) ) ;
#3714 = AXIS2_PLACEMENT_3D ( 'NONE', #43, #1292, #634 ) ;
#3715 = ORIENTED_EDGE ( 'NONE', *, *, #877, .T. ) ;
#3716 = DIRECTION ( 'NONE',  ( 1.213093339843922584E-16, -1.000000000000000000, 0.000000000000000000 ) ) ;
#3717 = CARTESIAN_POINT ( 'NONE',  ( -11.00000000000000355, 56.99999999999997868, 5.000000000000000000 ) ) ;
#3718 = VECTOR ( 'NONE', #2293, 1000.000000000000000 ) ;
#3719 = VECTOR ( 'NONE', #2243, 1000.000000000000000 ) ;
#3720 = ORIENTED_EDGE ( 'NONE', *, *, #1833, .F. ) ;
#3721 = CARTESIAN_POINT ( 'NONE',  ( -5.000000000000012434, 51.00000000000000711, 45.00000000000000000 ) ) ;
#3722 = DIRECTION ( 'NONE',  ( 1.000000000000000000, 0.000000000000000000, 0.000000000000000000 ) ) ;
#3723 = CARTESIAN_POINT ( 'NONE',  ( -33.39999999999998437, 51.00000000000000711, 45.00000000000000000 ) ) ;
#3724 = AXIS2_PLACEMENT_3D ( 'NONE', #4030, #626, #1871 ) ;
#3725 = EDGE_CURVE ( 'NONE', #497, #1194, #3156, .T. ) ;
#3726 = ORIENTED_EDGE ( 'NONE', *, *, #299, .F. ) ;
#3727 = DIRECTION ( 'NONE',  ( -1.000000000000000000, -8.673617379884034239E-17, -0.000000000000000000 ) ) ;
#3728 = LINE ( 'NONE', #3374, #435 ) ;
#3729 = PLANE ( 'NONE',  #1893 ) ;
#3730 = EDGE_CURVE ( 'NONE', #905, #3363, #2032, .T. ) ;
#3731 = ORIENTED_EDGE ( 'NONE', *, *, #932, .F. ) ;
#3732 = FACE_OUTER_BOUND ( 'NONE', #3455, .T. ) ;
#3733 = ORIENTED_EDGE ( 'NONE', *, *, #1869, .T. ) ;
#3734 = DIRECTION ( 'NONE',  ( -1.000000000000000000, 0.000000000000000000, -0.000000000000000000 ) ) ;
#3735 = ADVANCED_FACE ( 'NONE', ( #2845 ), #3795, .F. ) ;
#3736 = ORIENTED_EDGE ( 'NONE', *, *, #1875, .T. ) ;
#3737 = LINE ( 'NONE', #1213, #2849 ) ;
#3738 = LINE ( 'NONE', #1848, #3648 ) ;
#3739 = ORIENTED_EDGE ( 'NONE', *, *, #1458, .F. ) ;
#3740 = LINE ( 'NONE', #831, #3530 ) ;
#3741 = FACE_BOUND ( 'NONE', #1112, .T. ) ;
#3742 = DIRECTION ( 'NONE',  ( -1.000000000000000000, -9.912705577010329247E-17, 0.000000000000000000 ) ) ;
#3743 = ORIENTED_EDGE ( 'NONE', *, *, #2546, .T. ) ;
#3744 = CARTESIAN_POINT ( 'NONE',  ( 0.000000000000000000, 0.000000000000000000, 5.000000000000000000 ) ) ;
#3745 = FACE_OUTER_BOUND ( 'NONE', #3559, .T. ) ;
#3746 = CARTESIAN_POINT ( 'NONE',  ( -29.79444872453598236, -43.59999999999997300, 49.00000000000000000 ) ) ;
#3747 = EDGE_CURVE ( 'NONE', #3284, #1682, #1115, .T. ) ;
#3748 = ORIENTED_EDGE ( 'NONE', *, *, #3043, .F. ) ;
#3749 = DIRECTION ( 'NONE',  ( -1.000000000000000000, 0.000000000000000000, 0.000000000000000000 ) ) ;
#3750 = ORIENTED_EDGE ( 'NONE', *, *, #2308, .F. ) ;
#3751 = PLANE ( 'NONE',  #3002 ) ;
#3752 = EDGE_CURVE ( 'NONE', #3566, #1339, #3565, .T. ) ;
#3753 = ORIENTED_EDGE ( 'NONE', *, *, #2652, .T. ) ;
#3754 = CARTESIAN_POINT ( 'NONE',  ( -50.39999999999996305, -33.59999999999996589, 0.000000000000000000 ) ) ;
#3755 = DIRECTION ( 'NONE',  ( -1.213093339843922584E-16, 1.000000000000000000, 0.000000000000000000 ) ) ;
#3756 = ADVANCED_FACE ( 'NONE', ( #3877 ), #2010, .F. ) ;
#3757 = ORIENTED_EDGE ( 'NONE', *, *, #3779, .F. ) ;
#3758 = CARTESIAN_POINT ( 'NONE',  ( 0.000000000000000000, -55.99999999999999289, 45.00000000000000000 ) ) ;
#3759 = CARTESIAN_POINT ( 'NONE',  ( -14.99999999999999289, -28.59999999999996945, 0.000000000000000000 ) ) ;
#3760 = CARTESIAN_POINT ( 'NONE',  ( -5.000000000000012434, 51.00000000000000711, 45.00000000000000000 ) ) ;
#3761 = ORIENTED_EDGE ( 'NONE', *, *, #1153, .T. ) ;
#3762 = ORIENTED_EDGE ( 'NONE', *, *, #3157, .T. ) ;
#3763 = DIRECTION ( 'NONE',  ( -0.000000000000000000, 0.000000000000000000, -1.000000000000000000 ) ) ;
#3764 = DIRECTION ( 'NONE',  ( 0.000000000000000000, 0.000000000000000000, -1.000000000000000000 ) ) ;
#3765 = DIRECTION ( 'NONE',  ( -0.000000000000000000, -0.000000000000000000, 1.000000000000000000 ) ) ;
#3766 = VECTOR ( 'NONE', #3046, 1000.000000000000000 ) ;
#3767 = EDGE_LOOP ( 'NONE', ( #2182, #2251, #1828, #2643 ) ) ;
#3768 = DIRECTION ( 'NONE',  ( 1.000000000000000000, 3.469446951953611724E-16, -0.000000000000000000 ) ) ;
#3769 = ORIENTED_EDGE ( 'NONE', *, *, #1524, .T. ) ;
#3770 = VECTOR ( 'NONE', #2298, 1000.000000000000000 ) ;
#3771 = DIRECTION ( 'NONE',  ( -3.854941057726234153E-16, -1.000000000000000000, 0.000000000000000000 ) ) ;
#3772 = EDGE_LOOP ( 'NONE', ( #580, #1118, #123, #1029 ) ) ;
#3773 = CIRCLE ( 'NONE', #710, 4.999999999999997335 ) ;
#3774 = EDGE_CURVE ( 'NONE', #3838, #2191, #2321, .T. ) ;
#3775 = PLANE ( 'NONE',  #1481 ) ;
#3776 = LINE ( 'NONE', #1322, #441 ) ;
#3777 = DIRECTION ( 'NONE',  ( -1.000000000000000000, -0.000000000000000000, -0.000000000000000000 ) ) ;
#3778 = AXIS2_PLACEMENT_3D ( 'NONE', #223, #2124, #2412 ) ;
#3779 = EDGE_CURVE ( 'NONE', #2409, #929, #1722, .T. ) ;
#3780 = ORIENTED_EDGE ( 'NONE', *, *, #3440, .T. ) ;
#3781 = LINE ( 'NONE', #1851, #3928 ) ;
#3782 = VECTOR ( 'NONE', #2904, 1000.000000000000000 ) ;
#3783 = DIRECTION ( 'NONE',  ( -1.000000000000000000, -1.577021341797096821E-15, 0.000000000000000000 ) ) ;
#3784 = LINE ( 'NONE', #1285, #1366 ) ;
#3785 = VECTOR ( 'NONE', #1874, 1000.000000000000000 ) ;
#3786 = ORIENTED_EDGE ( 'NONE', *, *, #1650, .F. ) ;
#3787 = EDGE_CURVE ( 'NONE', #4029, #1420, #1419, .T. ) ;
#3788 = EDGE_LOOP ( 'NONE', ( #3403, #1523, #1701, #2414, #78, #3074, #204, #2575 ) ) ;
#3789 = DIRECTION ( 'NONE',  ( -1.000000000000000000, 0.000000000000000000, 0.000000000000000000 ) ) ;
#3790 = DIRECTION ( 'NONE',  ( -0.000000000000000000, 1.000000000000000000, 5.782411586589351722E-16 ) ) ;
#3791 = VECTOR ( 'NONE', #3466, 1000.000000000000000 ) ;
#3792 = CARTESIAN_POINT ( 'NONE',  ( -50.39999999999997016, 28.59999999999995524, 80.00000000000000000 ) ) ;
#3793 = VECTOR ( 'NONE', #3368, 1000.000000000000000 ) ;
#3794 = VERTEX_POINT ( 'NONE', #2378 ) ;
#3795 = CYLINDRICAL_SURFACE ( 'NONE', #2877, 4.999999999999997335 ) ;
#3796 = VERTEX_POINT ( 'NONE', #1703 ) ;
#3797 = VECTOR ( 'NONE', #1380, 1000.000000000000000 ) ;
#3798 = DIRECTION ( 'NONE',  ( -1.000000000000000000, 0.000000000000000000, 0.000000000000000000 ) ) ;
#3799 = ORIENTED_EDGE ( 'NONE', *, *, #2147, .T. ) ;
#3800 = VECTOR ( 'NONE', #1880, 1000.000000000000000 ) ;
#3801 = CARTESIAN_POINT ( 'NONE',  ( 0.000000000000000000, 51.50000000000000711, 11.00000000000000000 ) ) ;
#3802 = EDGE_CURVE ( 'NONE', #929, #1604, #151, .T. ) ;
#3803 = VERTEX_POINT ( 'NONE', #828 ) ;
#3804 = CARTESIAN_POINT ( 'NONE',  ( -29.79444872453598236, 46.59999999999995879, 9.000000000000010658 ) ) ;
#3805 = FACE_OUTER_BOUND ( 'NONE', #3295, .T. ) ;
#3806 = CARTESIAN_POINT ( 'NONE',  ( -33.40000000000012648, 43.59999999999995879, 51.00000000000000711 ) ) ;
#3807 = EDGE_CURVE ( 'NONE', #3363, #905, #2294, .T. ) ;
#3808 = VERTEX_POINT ( 'NONE', #2302 ) ;
#3809 = EDGE_LOOP ( 'NONE', ( #2705, #590, #2371, #2927 ) ) ;
#3810 = LINE ( 'NONE', #1007, #2349 ) ;
#3811 = CARTESIAN_POINT ( 'NONE',  ( -5.000000000000014211, 56.00000000000000711, 5.000000000000000000 ) ) ;
#3812 = APPLICATION_PROTOCOL_DEFINITION ( 'draft international standard', 'automotive_design', 1998, #2185 ) ;
#3813 = DIRECTION ( 'NONE',  ( 1.819640009765883753E-16, -1.000000000000000000, 0.000000000000000000 ) ) ;
#3814 = EDGE_CURVE ( 'NONE', #2354, #1230, #492, .T. ) ;
#3815 = EDGE_LOOP ( 'NONE', ( #3350, #3655, #1685, #3701 ) ) ;
#3816 = DIRECTION ( 'NONE',  ( -0.000000000000000000, -0.000000000000000000, -1.000000000000000000 ) ) ;
#3817 = EDGE_LOOP ( 'NONE', ( #918, #1973, #1908, #1704, #2690, #3611, #3878, #1267 ) ) ;
#3818 = FACE_OUTER_BOUND ( 'NONE', #2269, .T. ) ;
#3819 = VERTEX_POINT ( 'NONE', #3943 ) ;
#3820 = DIRECTION ( 'NONE',  ( -0.000000000000000000, 0.000000000000000000, -1.000000000000000000 ) ) ;
#3821 = DIRECTION ( 'NONE',  ( -0.000000000000000000, -0.000000000000000000, -1.000000000000000000 ) ) ;
#3822 = ORIENTED_EDGE ( 'NONE', *, *, #1923, .T. ) ;
#3823 = CARTESIAN_POINT ( 'NONE',  ( -5.000000000000012434, 51.00000000000000711, 40.00000000000000000 ) ) ;
#3824 = EDGE_CURVE ( 'NONE', #1420, #3819, #3589, .T. ) ;
#3825 = CARTESIAN_POINT ( 'NONE',  ( -5.000000000000030198, -51.50000000000000711, 5.000000000000000000 ) ) ;
#3826 = ORIENTED_EDGE ( 'NONE', *, *, #1621, .F. ) ;
#3827 = ORIENTED_EDGE ( 'NONE', *, *, #2379, .T. ) ;
#3828 = DIRECTION ( 'NONE',  ( -1.000000000000000000, 0.000000000000000000, 0.000000000000000000 ) ) ;
#3829 = LINE ( 'NONE', #362, #1290 ) ;
#3830 = EDGE_CURVE ( 'NONE', #2629, #584, #3857, .T. ) ;
#3831 = CARTESIAN_POINT ( 'NONE',  ( -5.000000000000014211, 51.50000000000000711, 51.00000000000000711 ) ) ;
#3832 = ORIENTED_EDGE ( 'NONE', *, *, #3814, .T. ) ;
#3833 = CARTESIAN_POINT ( 'NONE',  ( -50.39999999999997016, 33.59999999999995168, 0.000000000000000000 ) ) ;
#3834 = EDGE_CURVE ( 'NONE', #144, #2593, #3546, .T. ) ;
#3835 = ORIENTED_EDGE ( 'NONE', *, *, #2900, .F. ) ;
#3836 = LINE ( 'NONE', #1073, #2740 ) ;
#3837 = AXIS2_PLACEMENT_3D ( 'NONE', #3290, #836, #3305 ) ;
#3838 = VERTEX_POINT ( 'NONE', #1131 ) ;
#3839 = VECTOR ( 'NONE', #1676, 1000.000000000000000 ) ;
#3840 = CARTESIAN_POINT ( 'NONE',  ( -50.39999999999997016, 28.59999999999995524, 40.00000000000000000 ) ) ;
#3841 = DIRECTION ( 'NONE',  ( -7.228014483236707402E-16, -1.000000000000000000, 0.000000000000000000 ) ) ;
#3842 = VECTOR ( 'NONE', #3278, 1000.000000000000000 ) ;
#3843 = ORIENTED_EDGE ( 'NONE', *, *, #347, .T. ) ;
#3844 = DIRECTION ( 'NONE',  ( -0.000000000000000000, 0.000000000000000000, -1.000000000000000000 ) ) ;
#3845 = AXIS2_PLACEMENT_3D ( 'NONE', #1326, #3783, #3473 ) ;
#3846 = DIRECTION ( 'NONE',  ( 0.000000000000000000, 0.000000000000000000, 1.000000000000000000 ) ) ;
#3847 = VECTOR ( 'NONE', #1607, 1000.000000000000000 ) ;
#3848 = VERTEX_POINT ( 'NONE', #2972 ) ;
#3849 = ORIENTED_EDGE ( 'NONE', *, *, #3879, .T. ) ;
#3850 = CARTESIAN_POINT ( 'NONE',  ( -65.39999999999997726, 43.59999999999995879, 89.00000000000001421 ) ) ;
#3851 = FACE_OUTER_BOUND ( 'NONE', #2300, .T. ) ;
#3852 = FACE_OUTER_BOUND ( 'NONE', #1981, .T. ) ;
#3853 = EDGE_CURVE ( 'NONE', #168, #1055, #2666, .T. ) ;
#3854 = VERTEX_POINT ( 'NONE', #1054 ) ;
#3855 = AXIS2_PLACEMENT_3D ( 'NONE', #2194, #3713, #3798 ) ;
#3856 = CARTESIAN_POINT ( 'NONE',  ( -75.00000000000004263, -56.99999999999997158, 5.000000000000000000 ) ) ;
#3857 = LINE ( 'NONE', #2035, #1507 ) ;
#3858 = VERTEX_POINT ( 'NONE', #3921 ) ;
#3859 = LINE ( 'NONE', #3880, #259 ) ;
#3860 = AXIS2_PLACEMENT_3D ( 'NONE', #2936, #2366, #2976 ) ;
#3861 = EDGE_CURVE ( 'NONE', #2872, #2175, #2362, .T. ) ;
#3862 = ORIENTED_EDGE ( 'NONE', *, *, #1277, .T. ) ;
#3863 = VECTOR ( 'NONE', #928, 1000.000000000000000 ) ;
#3864 = VERTEX_POINT ( 'NONE', #2051 ) ;
#3865 = CARTESIAN_POINT ( 'NONE',  ( -75.00000000000004263, 56.99999999999997158, 0.000000000000000000 ) ) ;
#3866 = ADVANCED_FACE ( 'NONE', ( #1740 ), #2625, .F. ) ;
#3867 = ORIENTED_EDGE ( 'NONE', *, *, #2233, .T. ) ;
#3868 = CARTESIAN_POINT ( 'NONE',  ( -70.50000000000002842, -53.99999999999998579, 0.000000000000000000 ) ) ;
#3869 = CARTESIAN_POINT ( 'NONE',  ( -55.39999999999996305, -28.59999999999996945, 0.000000000000000000 ) ) ;
#3870 = EDGE_LOOP ( 'NONE', ( #3487, #421, #3288, #608 ) ) ;
#3871 = ORIENTED_EDGE ( 'NONE', *, *, #3157, .F. ) ;
#3872 = CARTESIAN_POINT ( 'NONE',  ( 0.000000000000000000, -33.59999999999996589, 85.00000000000000000 ) ) ;
#3873 = LINE ( 'NONE', #3811, #2073 ) ;
#3874 = PLANE ( 'NONE',  #2931 ) ;
#3875 = ORIENTED_EDGE ( 'NONE', *, *, #2824, .F. ) ;
#3876 = DIRECTION ( 'NONE',  ( -0.000000000000000000, -0.000000000000000000, 1.000000000000000000 ) ) ;
#3877 = FACE_OUTER_BOUND ( 'NONE', #866, .T. ) ;
#3878 = ORIENTED_EDGE ( 'NONE', *, *, #1510, .T. ) ;
#3879 = EDGE_CURVE ( 'NONE', #2074, #271, #2688, .T. ) ;
#3880 = CARTESIAN_POINT ( 'NONE',  ( -65.39999999999999147, 46.60000000000000142, 45.00000000000000000 ) ) ;
#3881 = ORIENTED_EDGE ( 'NONE', *, *, #1957, .T. ) ;
#3882 = CARTESIAN_POINT ( 'NONE',  ( -60.00000000000005684, -43.59999999999997300, 143.0970416646374872 ) ) ;
#3883 = VERTEX_POINT ( 'NONE', #1227 ) ;
#3884 = EDGE_CURVE ( 'NONE', #3645, #286, #268, .T. ) ;
#3885 = CYLINDRICAL_SURFACE ( 'NONE', #3130, 4.999999999999997335 ) ;
#3886 = VERTEX_POINT ( 'NONE', #1796 ) ;
#3887 = CARTESIAN_POINT ( 'NONE',  ( -5.000000000000004441, 56.99999999999997868, 5.000000000000000000 ) ) ;
#3888 = EDGE_CURVE ( 'NONE', #849, #1005, #304, .T. ) ;
#3889 = PLANE ( 'NONE',  #1105 ) ;
#3890 = EDGE_LOOP ( 'NONE', ( #2277, #655, #269, #2746, #2026, #2365, #353, #1045 ) ) ;
#3891 = ORIENTED_EDGE ( 'NONE', *, *, #1173, .F. ) ;
#3892 = FACE_OUTER_BOUND ( 'NONE', #2498, .T. ) ;
#3893 = LINE ( 'NONE', #1086, #3842 ) ;
#3894 = LINE ( 'NONE', #2925, #904 ) ;
#3895 = ORIENTED_EDGE ( 'NONE', *, *, #364, .F. ) ;
#3896 = DIRECTION ( 'NONE',  ( -1.000000000000000000, -8.673617379884034239E-17, -0.000000000000000000 ) ) ;
#3897 = CARTESIAN_POINT ( 'NONE',  ( -33.39999999999998437, 51.00000000000000711, 91.00000000000000000 ) ) ;
#3898 = ORIENTED_EDGE ( 'NONE', *, *, #3011, .T. ) ;
#3899 = ADVANCED_BREP_SHAPE_REPRESENTATION ( 'Motor Driver Clip Shelving - Left', ( #1237, #2161 ), #1181 ) ;
#3900 = EDGE_LOOP ( 'NONE', ( #2121, #487, #541, #1370 ) ) ;
#3901 = DIRECTION ( 'NONE',  ( -0.000000000000000000, -0.000000000000000000, -1.000000000000000000 ) ) ;
#3902 = ORIENTED_EDGE ( 'NONE', *, *, #3572, .F. ) ;
#3903 = DIRECTION ( 'NONE',  ( 1.000000000000000000, 0.000000000000000000, 0.000000000000000000 ) ) ;
#3904 = ADVANCED_FACE ( 'NONE', ( #2393 ), #3729, .T. ) ;
#3905 = AXIS2_PLACEMENT_3D ( 'NONE', #4008, #1195, #2442 ) ;
#3906 = FACE_OUTER_BOUND ( 'NONE', #1742, .T. ) ;
#3907 = CARTESIAN_POINT ( 'NONE',  ( -75.00000000000000000, -50.99999999999998579, 0.000000000000000000 ) ) ;
#3908 = CARTESIAN_POINT ( 'NONE',  ( -60.00000000000000000, -50.99999999999998579, 80.00000000000000000 ) ) ;
#3909 = VECTOR ( 'NONE', #2794, 1000.000000000000000 ) ;
#3910 = ADVANCED_FACE ( 'NONE', ( #3090 ), #247, .F. ) ;
#3911 = VERTEX_POINT ( 'NONE', #3416 ) ;
#3912 = ORIENTED_EDGE ( 'NONE', *, *, #2754, .T. ) ;
#3913 = DIRECTION ( 'NONE',  ( 1.000000000000000000, 3.469446951953611724E-16, -0.000000000000000000 ) ) ;
#3914 = VECTOR ( 'NONE', #3037, 1000.000000000000000 ) ;
#3915 = CARTESIAN_POINT ( 'NONE',  ( -5.000000000000000000, -55.99999999999999289, 5.000000000000000000 ) ) ;
#3916 = FACE_OUTER_BOUND ( 'NONE', #1035, .T. ) ;
#3917 = AXIS2_PLACEMENT_3D ( 'NONE', #1222, #3666, #2759 ) ;
#3918 = ADVANCED_FACE ( 'NONE', ( #1517 ), #1496, .F. ) ;
#3919 = ORIENTED_EDGE ( 'NONE', *, *, #3120, .F. ) ;
#3920 = LINE ( 'NONE', #2702, #112 ) ;
#3921 = CARTESIAN_POINT ( 'NONE',  ( -5.000000000000000000, -50.99999999999999289, 80.00000000000000000 ) ) ;
#3922 = VECTOR ( 'NONE', #3222, 1000.000000000000000 ) ;
#3923 = VERTEX_POINT ( 'NONE', #2762 ) ;
#3924 = VECTOR ( 'NONE', #2221, 1000.000000000000000 ) ;
#3925 = ORIENTED_EDGE ( 'NONE', *, *, #2407, .T. ) ;
#3926 = DIRECTION ( 'NONE',  ( -0.000000000000000000, -0.000000000000000000, 1.000000000000000000 ) ) ;
#3927 = ORIENTED_EDGE ( 'NONE', *, *, #2153, .T. ) ;
#3928 = VECTOR ( 'NONE', #2229, 1000.000000000000000 ) ;
#3929 = PLANE ( 'NONE',  #1623 ) ;
#3930 = VECTOR ( 'NONE', #2764, 1000.000000000000000 ) ;
#3931 = ORIENTED_EDGE ( 'NONE', *, *, #3984, .T. ) ;
#3932 = CARTESIAN_POINT ( 'NONE',  ( -65.39999999999997726, -46.59999999999998010, 85.00000000000000000 ) ) ;
#3933 = CARTESIAN_POINT ( 'NONE',  ( 0.000000000000000000, 51.50000000000000711, 51.00000000000000711 ) ) ;
#3934 = ADVANCED_FACE ( 'NONE', ( #2780 ), #597, .F. ) ;
#3935 = AXIS2_PLACEMENT_3D ( 'NONE', #1858, #3976, #553 ) ;
#3936 = EDGE_LOOP ( 'NONE', ( #3761, #2505, #1518, #3871 ) ) ;
#3937 = DIRECTION ( 'NONE',  ( 0.000000000000000000, 0.000000000000000000, -1.000000000000000000 ) ) ;
#3938 = DIRECTION ( 'NONE',  ( 1.000000000000000000, 0.000000000000000000, 0.000000000000000000 ) ) ;
#3939 = CARTESIAN_POINT ( 'NONE',  ( -33.39999999999998437, 51.00000000000000711, 51.00000000000000711 ) ) ;
#3940 = EDGE_CURVE ( 'NONE', #709, #2543, #3029, .T. ) ;
#3941 = VERTEX_POINT ( 'NONE', #847 ) ;
#3942 = CARTESIAN_POINT ( 'NONE',  ( -65.39999999999997726, 46.59999999999995879, 89.00000000000001421 ) ) ;
#3943 = CARTESIAN_POINT ( 'NONE',  ( -65.39999999999997726, 43.59999999999995879, 11.00000000000001066 ) ) ;
#3944 = EDGE_CURVE ( 'NONE', #2246, #1986, #2092, .T. ) ;
#3945 = ORIENTED_EDGE ( 'NONE', *, *, #3774, .F. ) ;
#3946 = CARTESIAN_POINT ( 'NONE',  ( -33.40000000000012648, 46.59999999999995879, 9.000000000000010658 ) ) ;
#3947 = ORIENTED_EDGE ( 'NONE', *, *, #2332, .F. ) ;
#3948 = DIRECTION ( 'NONE',  ( -1.000000000000000000, -0.000000000000000000, -0.000000000000000000 ) ) ;
#3949 = DIRECTION ( 'NONE',  ( 0.000000000000000000, 0.000000000000000000, 1.000000000000000000 ) ) ;
#3950 = DIRECTION ( 'NONE',  ( -0.000000000000000000, -0.000000000000000000, 1.000000000000000000 ) ) ;
#3951 = ORIENTED_EDGE ( 'NONE', *, *, #1650, .T. ) ;
#3952 = CARTESIAN_POINT ( 'NONE',  ( -9.500000000000019540, 53.99999999999998579, 0.000000000000000000 ) ) ;
#3953 = CARTESIAN_POINT ( 'NONE',  ( -5.000000000000014211, 56.00000000000000711, 80.00000000000000000 ) ) ;
#3954 = DIRECTION ( 'NONE',  ( -1.000000000000000000, 2.891205793294679312E-16, 0.000000000000000000 ) ) ;
#3955 = EDGE_CURVE ( 'NONE', #1133, #1949, #1840, .T. ) ;
#3956 = ORIENTED_EDGE ( 'NONE', *, *, #1334, .T. ) ;
#3957 = FACE_OUTER_BOUND ( 'NONE', #2441, .T. ) ;
#3958 = DIRECTION ( 'NONE',  ( -1.000000000000000000, 0.000000000000000000, 0.000000000000000000 ) ) ;
#3959 = EDGE_CURVE ( 'NONE', #2977, #3229, #4000, .T. ) ;
#3960 = ORIENTED_EDGE ( 'NONE', *, *, #1524, .F. ) ;
#3961 = DIRECTION ( 'NONE',  ( 1.000000000000000000, 0.000000000000000000, 0.000000000000000000 ) ) ;
#3962 = ORIENTED_EDGE ( 'NONE', *, *, #3475, .F. ) ;
#3963 = LINE ( 'NONE', #2998, #1955 ) ;
#3964 = ADVANCED_FACE ( 'NONE', ( #3071 ), #3340, .F. ) ;
#3965 = LINE ( 'NONE', #622, #1214 ) ;
#3966 = CARTESIAN_POINT ( 'NONE',  ( -29.79444872453598236, -46.59999999999997300, 9.000000000000000000 ) ) ;
#3967 = PLANE ( 'NONE',  #2999 ) ;
#3968 = ORIENTED_EDGE ( 'NONE', *, *, #3578, .T. ) ;
#3969 = CARTESIAN_POINT ( 'NONE',  ( -15.00000000000000533, 28.59999999999995524, 0.000000000000000000 ) ) ;
#3970 = CARTESIAN_POINT ( 'NONE',  ( -72.00000000000005684, 53.99999999999997158, 5.000000000000000000 ) ) ;
#3971 = VECTOR ( 'NONE', #2198, 1000.000000000000000 ) ;
#3972 = LINE ( 'NONE', #899, #3449 ) ;
#3973 = CIRCLE ( 'NONE', #1424, 4.999999999999997335 ) ;
#3974 = ORIENTED_EDGE ( 'NONE', *, *, #2312, .F. ) ;
#3975 = DIRECTION ( 'NONE',  ( 0.000000000000000000, -0.000000000000000000, -1.000000000000000000 ) ) ;
#3976 = DIRECTION ( 'NONE',  ( -0.000000000000000000, -0.000000000000000000, 1.000000000000000000 ) ) ;
#3977 = VECTOR ( 'NONE', #314, 1000.000000000000000 ) ;
#3978 = EDGE_CURVE ( 'NONE', #436, #1088, #3687, .T. ) ;
#3979 = ORIENTED_EDGE ( 'NONE', *, *, #494, .F. ) ;
#3980 = AXIS2_PLACEMENT_3D ( 'NONE', #2065, #3584, #3313 ) ;
#3981 = PLANE ( 'NONE',  #462 ) ;
#3982 = ORIENTED_EDGE ( 'NONE', *, *, #2777, .F. ) ;
#3983 = LINE ( 'NONE', #2423, #2802 ) ;
#3984 = EDGE_CURVE ( 'NONE', #1986, #755, #2417, .T. ) ;
#3985 = VECTOR ( 'NONE', #59, 1000.000000000000000 ) ;
#3986 = ORIENTED_EDGE ( 'NONE', *, *, #399, .F. ) ;
#3987 = DIRECTION ( 'NONE',  ( -1.577021341797097018E-15, 1.000000000000000000, 0.000000000000000000 ) ) ;
#3988 = AXIS2_PLACEMENT_3D ( 'NONE', #3237, #133, #1972 ) ;
#3989 = CARTESIAN_POINT ( 'NONE',  ( -65.39999999999997726, 51.00000000000000000, 51.00000000000000711 ) ) ;
#3990 = CARTESIAN_POINT ( 'NONE',  ( -73.50000000000004263, -53.99999999999998579, 0.000000000000000000 ) ) ;
#3991 = EDGE_CURVE ( 'NONE', #513, #1682, #885, .T. ) ;
#3992 = AXIS2_PLACEMENT_3D ( 'NONE', #2316, #722, #2335 ) ;
#3993 = ORIENTED_EDGE ( 'NONE', *, *, #3495, .F. ) ;
#3994 = CARTESIAN_POINT ( 'NONE',  ( -5.000000000000014211, 51.50000000000000711, 51.00000000000000711 ) ) ;
#3995 = DIRECTION ( 'NONE',  ( 0.000000000000000000, 0.000000000000000000, -1.000000000000000000 ) ) ;
#3996 = VECTOR ( 'NONE', #4021, 1000.000000000000000 ) ;
#3997 = DIRECTION ( 'NONE',  ( -1.577021341797096821E-15, -1.000000000000000000, 0.000000000000000000 ) ) ;
#3998 = VERTEX_POINT ( 'NONE', #3375 ) ;
#3999 = LINE ( 'NONE', #2971, #3438 ) ;
#4000 = LINE ( 'NONE', #1535, #3468 ) ;
#4001 = ORIENTED_EDGE ( 'NONE', *, *, #3538, .T. ) ;
#4002 = ADVANCED_FACE ( 'NONE', ( #1818 ), #2150, .F. ) ;
#4003 = DIRECTION ( 'NONE',  ( -0.000000000000000000, -0.000000000000000000, 1.000000000000000000 ) ) ;
#4004 = ORIENTED_EDGE ( 'NONE', *, *, #1383, .T. ) ;
#4005 = CARTESIAN_POINT ( 'NONE',  ( 0.000000000000000000, 33.59999999999995168, 80.00000000000000000 ) ) ;
#4006 = ORIENTED_EDGE ( 'NONE', *, *, #1473, .T. ) ;
#4007 = ADVANCED_FACE ( 'NONE', ( #1270 ), #633, .F. ) ;
#4008 = CARTESIAN_POINT ( 'NONE',  ( -72.00000000000004263, -53.99999999999998579, 5.000000000000000000 ) ) ;
#4009 = LINE ( 'NONE', #1542, #1099 ) ;
#4010 = DIRECTION ( 'NONE',  ( 0.000000000000000000, -0.000000000000000000, -1.000000000000000000 ) ) ;
#4011 = EDGE_CURVE ( 'NONE', #3808, #128, #2513, .T. ) ;
#4012 = ORIENTED_EDGE ( 'NONE', *, *, #554, .T. ) ;
#4013 = CARTESIAN_POINT ( 'NONE',  ( 0.000000000000000000, 0.000000000000000000, 91.00000000000000000 ) ) ;
#4014 = DIRECTION ( 'NONE',  ( -1.000000000000000000, -0.000000000000000000, -0.000000000000000000 ) ) ;
#4015 = CARTESIAN_POINT ( 'NONE',  ( -33.39999999999999147, 46.60000000000000142, 11.00000000000000000 ) ) ;
#4016 = EDGE_CURVE ( 'NONE', #3422, #17, #1252, .T. ) ;
#4017 = ORIENTED_EDGE ( 'NONE', *, *, #3395, .T. ) ;
#4018 = DIRECTION ( 'NONE',  ( 7.228014483236707402E-16, -1.000000000000000000, -0.000000000000000000 ) ) ;
#4019 = DIRECTION ( 'NONE',  ( -0.000000000000000000, -0.000000000000000000, 1.000000000000000000 ) ) ;
#4020 = EDGE_LOOP ( 'NONE', ( #2846, #3951, #1929, #2708, #291, #727 ) ) ;
#4021 = DIRECTION ( 'NONE',  ( -1.000000000000000000, -8.673617379884034239E-17, -0.000000000000000000 ) ) ;
#4022 = ORIENTED_EDGE ( 'NONE', *, *, #3321, .F. ) ;
#4023 = CARTESIAN_POINT ( 'NONE',  ( -9.500000000000019540, 53.99999999999998579, 5.000000000000000000 ) ) ;
#4024 = ORIENTED_EDGE ( 'NONE', *, *, #654, .T. ) ;
#4025 = FACE_OUTER_BOUND ( 'NONE', #784, .T. ) ;
#4026 = LINE ( 'NONE', #3677, #3914 ) ;
#4027 = CARTESIAN_POINT ( 'NONE',  ( -33.39999999999998437, 51.00000000000000711, 45.00000000000000000 ) ) ;
#4028 = EDGE_CURVE ( 'NONE', #403, #3077, #3499, .T. ) ;
#4029 = VERTEX_POINT ( 'NONE', #678 ) ;
#4030 = CARTESIAN_POINT ( 'NONE',  ( -50.39999999999997016, 28.59999999999995524, 0.000000000000000000 ) ) ;
#4031 = DIRECTION ( 'NONE',  ( -1.000000000000000000, 0.000000000000000000, 0.000000000000000000 ) ) ;
#4032 = CARTESIAN_POINT ( 'NONE',  ( -50.39999999999997016, 28.59999999999995524, 85.00000000000000000 ) ) ;
#4033 = EDGE_CURVE ( 'NONE', #2246, #1194, #1593, .T. ) ;
#4034 = ORIENTED_EDGE ( 'NONE', *, *, #203, .F. ) ;
#4035 = VECTOR ( 'NONE', #1053, 1000.000000000000000 ) ;
#4036 = DIRECTION ( 'NONE',  ( -2.891205793294679312E-16, 1.000000000000000000, 0.000000000000000000 ) ) ;
#4037 = DIRECTION ( 'NONE',  ( 0.000000000000000000, 1.000000000000000000, 0.000000000000000000 ) ) ;
#4038 = EDGE_CURVE ( 'NONE', #2567, #1066, #2190, .T. ) ;
#4039 = EDGE_LOOP ( 'NONE', ( #368, #300, #3266, #2534 ) ) ;
#4040 = DIRECTION ( 'NONE',  ( -1.000000000000000000, -9.912705577010329247E-17, 0.000000000000000000 ) ) ;
#4041 = VECTOR ( 'NONE', #260, 1000.000000000000000 ) ;
#4042 = ORIENTED_EDGE ( 'NONE', *, *, #2552, .T. ) ;
#4043 = LINE ( 'NONE', #910, #719 ) ;
#4044 = AXIS2_PLACEMENT_3D ( 'NONE', #3460, #994, #661 ) ;
#4045 = ORIENTED_EDGE ( 'NONE', *, *, #3695, .T. ) ;
#4046 = CARTESIAN_POINT ( 'NONE',  ( 0.000000000000000000, 0.000000000000000000, 91.00000000000000000 ) ) ;
#4047 = CARTESIAN_POINT ( 'NONE',  ( -33.39999999999998437, -43.59999999999997300, 11.00000000000000000 ) ) ;
#4048 = AXIS2_PLACEMENT_3D ( 'NONE', #2943, #2370, #162 ) ;
#4049 = VECTOR ( 'NONE', #2499, 1000.000000000000000 ) ;
#4050 = ORIENTED_EDGE ( 'NONE', *, *, #2328, .T. ) ;
#4051 = LINE ( 'NONE', #1605, #1240 ) ;
#4052 = CARTESIAN_POINT ( 'NONE',  ( -5.000000000000003553, -55.99999999999999289, 0.000000000000000000 ) ) ;
#4053 = CARTESIAN_POINT ( 'NONE',  ( -33.39999999999997726, -46.59999999999997300, 9.000000000000000000 ) ) ;
ENDSEC;
END-ISO-10303-21;
