ISO-10303-21;
HEADER;
FILE_DESCRIPTION (( 'STEP AP214' ),
    '1' );
FILE_NAME ('Motor Driver Clip Shelf - Right.STEP',
    '2026-07-26T00:21:41',
    ( '' ),
    ( '' ),
    'SwSTEP 2.0',
    'SolidWorks 2025',
    '' );
FILE_SCHEMA (( 'AUTOMOTIVE_DESIGN' ));
ENDSEC;

DATA;
#1 = DIRECTION ( 'NONE',  ( 1.000000000000000000, 3.016910393003143845E-16, -0.000000000000000000 ) ) ;
#2 = AXIS2_PLACEMENT_3D ( 'NONE', #1945, #1598, #207 ) ;
#3 = ADVANCED_FACE ( 'NONE', ( #2146 ), #2007, .F. ) ;
#4 = ORIENTED_EDGE ( 'NONE', *, *, #2184, .T. ) ;
#5 = ORIENTED_EDGE ( 'NONE', *, *, #158, .T. ) ;
#6 = ORIENTED_EDGE ( 'NONE', *, *, #939, .T. ) ;
#7 = CYLINDRICAL_SURFACE ( 'NONE', #1747, 1.500000000000001332 ) ;
#8 = CARTESIAN_POINT ( 'NONE',  ( 36.65517241379312452, -52.86206896551727397, 6.000000000000000000 ) ) ;
#9 = FACE_OUTER_BOUND ( 'NONE', #1798, .T. ) ;
#10 = DIRECTION ( 'NONE',  ( 1.217349807703021130E-16, -1.000000000000000000, 0.000000000000000000 ) ) ;
#11 = ORIENTED_EDGE ( 'NONE', *, *, #1777, .F. ) ;
#12 = EDGE_CURVE ( 'NONE', #1316, #1341, #247, .T. ) ;
#13 = DIRECTION ( 'NONE',  ( 0.000000000000000000, -0.000000000000000000, -1.000000000000000000 ) ) ;
#14 = ORIENTED_EDGE ( 'NONE', *, *, #1152, .F. ) ;
#15 = ADVANCED_FACE ( 'NONE', ( #1813 ), #1626, .F. ) ;
#16 = ORIENTED_EDGE ( 'NONE', *, *, #1523, .F. ) ;
#17 = CARTESIAN_POINT ( 'NONE',  ( -22.49999999999999289, 38.00000000000002132, 6.000000000000000000 ) ) ;
#18 = DIRECTION ( 'NONE',  ( 0.000000000000000000, 1.000000000000000000, 0.000000000000000000 ) ) ;
#19 = CARTESIAN_POINT ( 'NONE',  ( 26.19000000000000838, -32.57999999999996277, -4.000000000000000000 ) ) ;
#20 = CARTESIAN_POINT ( 'NONE',  ( 27.50000000000001421, 51.20000000000003837, 6.000000000000000000 ) ) ;
#21 = DIRECTION ( 'NONE',  ( 0.000000000000000000, 0.000000000000000000, 1.000000000000000000 ) ) ;
#22 = DIRECTION ( 'NONE',  ( 0.000000000000000000, -0.000000000000000000, 1.000000000000000000 ) ) ;
#23 = ORIENTED_EDGE ( 'NONE', *, *, #1283, .F. ) ;
#24 = EDGE_CURVE ( 'NONE', #286, #2271, #1637, .T. ) ;
#25 = EDGE_LOOP ( 'NONE', ( #801, #853, #1511, #582 ) ) ;
#26 = DIRECTION ( 'NONE',  ( 0.000000000000000000, 0.000000000000000000, -1.000000000000000000 ) ) ;
#27 = VECTOR ( 'NONE', #906, 1000.000000000000000 ) ;
#28 = CIRCLE ( 'NONE', #852, 1.000000000000000888 ) ;
#29 = CARTESIAN_POINT ( 'NONE',  ( -31.00000000000000711, 43.00000000000002132, 3.000000000000000000 ) ) ;
#30 = PLANE ( 'NONE',  #514 ) ;
#31 = CIRCLE ( 'NONE', #1965, 1.000000000000004441 ) ;
#32 = CARTESIAN_POINT ( 'NONE',  ( 9.500000000000026645, -48.00000000000002132, 0.000000000000000000 ) ) ;
#33 = AXIS2_PLACEMENT_3D ( 'NONE', #246, #1831, #1299 ) ;
#34 = DIRECTION ( 'NONE',  ( 0.000000000000000000, 0.000000000000000000, 1.000000000000000000 ) ) ;
#35 = VECTOR ( 'NONE', #594, 1000.000000000000114 ) ;
#36 = ORIENTED_EDGE ( 'NONE', *, *, #539, .F. ) ;
#37 = AXIS2_PLACEMENT_3D ( 'NONE', #951, #1465, #791 ) ;
#38 = VERTEX_POINT ( 'NONE', #1448 ) ;
#39 = CARTESIAN_POINT ( 'NONE',  ( 32.50000000000001421, 51.20000000000003837, 6.000000000000000000 ) ) ;
#40 = EDGE_CURVE ( 'NONE', #1719, #2216, #901, .T. ) ;
#41 = CARTESIAN_POINT ( 'NONE',  ( 27.50000000000002842, -51.20000000000002416, 6.000000000000000000 ) ) ;
#42 = EDGE_CURVE ( 'NONE', #1159, #2116, #886, .T. ) ;
#43 = EDGE_LOOP ( 'NONE', ( #1248, #598, #1466, #36 ) ) ;
#44 = CARTESIAN_POINT ( 'NONE',  ( -31.00000000000000711, 46.00000000000000000, 3.000000000000000000 ) ) ;
#45 = LINE ( 'NONE', #573, #1041 ) ;
#46 = ORIENTED_EDGE ( 'NONE', *, *, #2192, .T. ) ;
#47 = CARTESIAN_POINT ( 'NONE',  ( 27.94000000000000128, 36.00000000000003553, 0.000000000000000000 ) ) ;
#48 = CARTESIAN_POINT ( 'NONE',  ( -32.50000000000000711, 41.50000000000002132, 1.500000000000000000 ) ) ;
#49 = EDGE_CURVE ( 'NONE', #751, #857, #572, .T. ) ;
#50 = CARTESIAN_POINT ( 'NONE',  ( 23.60530830047594364, -51.71203832808036793, 6.000000000000000000 ) ) ;
#51 = LINE ( 'NONE', #1165, #179 ) ;
#52 = ADVANCED_FACE ( 'NONE', ( #1869 ), #1338, .F. ) ;
#53 = ORIENTED_EDGE ( 'NONE', *, *, #884, .T. ) ;
#54 = LINE ( 'NONE', #1131, #858 ) ;
#55 = FACE_OUTER_BOUND ( 'NONE', #1807, .T. ) ;
#56 = CARTESIAN_POINT ( 'NONE',  ( 21.50000000000001776, 37.00000000000002842, 6.000000000000000000 ) ) ;
#57 = ORIENTED_EDGE ( 'NONE', *, *, #2015, .F. ) ;
#58 = ORIENTED_EDGE ( 'NONE', *, *, #2164, .T. ) ;
#59 = DIRECTION ( 'NONE',  ( 0.000000000000000000, 0.000000000000000000, -1.000000000000000000 ) ) ;
#60 = CARTESIAN_POINT ( 'NONE',  ( 27.50000000000002842, -51.20000000000002416, 6.000000000000000000 ) ) ;
#61 = AXIS2_PLACEMENT_3D ( 'NONE', #1210, #322, #658 ) ;
#62 = DIRECTION ( 'NONE',  ( 1.000000000000000000, 0.000000000000000000, 0.000000000000000000 ) ) ;
#63 = CYLINDRICAL_SURFACE ( 'NONE', #920, 1.500000000000001332 ) ;
#64 = VECTOR ( 'NONE', #2094, 1000.000000000000000 ) ;
#65 = LINE ( 'NONE', #1483, #111 ) ;
#66 = DIRECTION ( 'NONE',  ( 0.000000000000000000, 0.000000000000000000, 1.000000000000000000 ) ) ;
#67 = EDGE_CURVE ( 'NONE', #2031, #1772, #652, .T. ) ;
#68 = AXIS2_PLACEMENT_3D ( 'NONE', #2273, #1620, #384 ) ;
#69 = DIRECTION ( 'NONE',  ( -1.000000000000000000, 0.000000000000000000, 0.000000000000000000 ) ) ;
#70 = ORIENTED_EDGE ( 'NONE', *, *, #1214, .T. ) ;
#71 = CIRCLE ( 'NONE', #1440, 6.024999999999967493 ) ;
#72 = VECTOR ( 'NONE', #387, 1000.000000000000000 ) ;
#73 = EDGE_LOOP ( 'NONE', ( #1877, #1078, #699, #1748 ) ) ;
#74 = CARTESIAN_POINT ( 'NONE',  ( -31.87867965644035451, -46.00000000000000000, -8.429554511533319991E-17 ) ) ;
#75 = CARTESIAN_POINT ( 'NONE',  ( 22.50000000000002132, -34.00000000000003553, 0.000000000000000000 ) ) ;
#76 = CARTESIAN_POINT ( 'NONE',  ( -20.99999999999998579, -35.00000000000003553, 0.000000000000000000 ) ) ;
#77 = CARTESIAN_POINT ( 'NONE',  ( -21.99999999999998934, -27.00000000000003908, 6.000000000000000000 ) ) ;
#78 = CARTESIAN_POINT ( 'NONE',  ( 27.50000000000001421, 51.20000000000003837, 6.000000000000000000 ) ) ;
#79 = CARTESIAN_POINT ( 'NONE',  ( -29.68999999999999773, 36.00000000000002842, 0.000000000000000000 ) ) ;
#80 = DIRECTION ( 'NONE',  ( -1.000000000000000000, 0.000000000000000000, 0.000000000000000000 ) ) ;
#81 = FACE_BOUND ( 'NONE', #1304, .T. ) ;
#82 = ORIENTED_EDGE ( 'NONE', *, *, #42, .F. ) ;
#83 = ADVANCED_FACE ( 'NONE', ( #2026 ), #628, .F. ) ;
#84 = VERTEX_POINT ( 'NONE', #1880 ) ;
#85 = LINE ( 'NONE', #948, #1439 ) ;
#86 = CYLINDRICAL_SURFACE ( 'NONE', #1922, 1.500000000000000000 ) ;
#87 = LINE ( 'NONE', #276, #2215 ) ;
#88 = DIRECTION ( 'NONE',  ( 1.217349807703021130E-16, -1.000000000000000000, 0.000000000000000000 ) ) ;
#89 = DIRECTION ( 'NONE',  ( -1.000000000000000000, 0.000000000000000000, 0.000000000000000000 ) ) ;
#90 = LINE ( 'NONE', #1659, #484 ) ;
#91 = CARTESIAN_POINT ( 'NONE',  ( 32.50000000000001421, 57.22500000000000853, 0.000000000000000000 ) ) ;
#92 = CARTESIAN_POINT ( 'NONE',  ( 9.500000000000019540, 48.00000000000003553, 6.000000000000000000 ) ) ;
#93 = EDGE_LOOP ( 'NONE', ( #957, #291, #1070, #2169 ) ) ;
#94 = PRODUCT_RELATED_PRODUCT_CATEGORY ( 'part', '', ( #1928 ) ) ;
#95 = VERTEX_POINT ( 'NONE', #2197 ) ;
#96 = DIRECTION ( 'NONE',  ( 1.000000000000000000, 0.000000000000000000, 0.000000000000000000 ) ) ;
#97 = EDGE_CURVE ( 'NONE', #1093, #1762, #1859, .T. ) ;
#98 = VERTEX_POINT ( 'NONE', #1154 ) ;
#99 = CARTESIAN_POINT ( 'NONE',  ( 27.94000000000000128, 36.00000000000003553, 6.000000000000000000 ) ) ;
#100 = DIRECTION ( 'NONE',  ( 1.000000000000000000, 6.421350511362182739E-16, 0.000000000000000000 ) ) ;
#101 = VECTOR ( 'NONE', #548, 1000.000000000000000 ) ;
#102 = VERTEX_POINT ( 'NONE', #976 ) ;
#103 = FACE_OUTER_BOUND ( 'NONE', #2182, .T. ) ;
#104 = VECTOR ( 'NONE', #2082, 1000.000000000000000 ) ;
#105 = CARTESIAN_POINT ( 'NONE',  ( 9.500000000000019540, 46.00000000000000711, 6.000000000000000000 ) ) ;
#106 = VERTEX_POINT ( 'NONE', #1346 ) ;
#107 = VECTOR ( 'NONE', #1028, 1000.000000000000000 ) ;
#108 = EDGE_LOOP ( 'NONE', ( #891, #1958, #1786, #134 ) ) ;
#109 = CIRCLE ( 'NONE', #1709, 1.750000000000001554 ) ;
#110 = CARTESIAN_POINT ( 'NONE',  ( -32.50000000000000711, 41.50000000000002132, 1.500000000000000000 ) ) ;
#111 = VECTOR ( 'NONE', #1313, 1000.000000000000000 ) ;
#112 = EDGE_LOOP ( 'NONE', ( #1219, #57 ) ) ;
#113 = DIRECTION ( 'NONE',  ( 0.000000000000000000, 0.000000000000000000, 1.000000000000000000 ) ) ;
#114 = EDGE_CURVE ( 'NONE', #2031, #1719, #443, .T. ) ;
#115 = CARTESIAN_POINT ( 'NONE',  ( -31.00000000000000711, 45.99999999999999289, 3.000000000000000000 ) ) ;
#116 = LINE ( 'NONE', #1534, #2065 ) ;
#117 = EDGE_CURVE ( 'NONE', #1797, #1863, #831, .T. ) ;
#118 = LINE ( 'NONE', #1932, #1442 ) ;
#119 = CYLINDRICAL_SURFACE ( 'NONE', #1890, 0.5000000000000004441 ) ;
#120 = VERTEX_POINT ( 'NONE', #615 ) ;
#121 = ORIENTED_EDGE ( 'NONE', *, *, #117, .F. ) ;
#122 = CARTESIAN_POINT ( 'NONE',  ( 22.50000000000002132, -34.00000000000003553, 6.000000000000000000 ) ) ;
#123 = ORIENTED_EDGE ( 'NONE', *, *, #674, .F. ) ;
#124 = DIRECTION ( 'NONE',  ( 1.000000000000000000, 3.016910393003143845E-16, -0.000000000000000000 ) ) ;
#125 =( BOUNDED_CURVE ( )  B_SPLINE_CURVE ( 3, ( #1097, #1792, #1775, #2283 ),
 .UNSPECIFIED., .F., .T. ) 
 B_SPLINE_CURVE_WITH_KNOTS ( ( 4, 4 ),
 ( 1.570796326794896558, 3.141592653589793116 ),
 .UNSPECIFIED. ) 
 CURVE ( )  GEOMETRIC_REPRESENTATION_ITEM ( )  RATIONAL_B_SPLINE_CURVE ( ( 1.000000000000000000, 0.8047378541243649375, 0.8047378541243649375, 1.000000000000000000 ) ) 
 REPRESENTATION_ITEM ( '' )  );
#126 = EDGE_CURVE ( 'NONE', #98, #451, #2062, .T. ) ;
#127 = CARTESIAN_POINT ( 'NONE',  ( 32.50000000000002842, -57.22499999999999432, 0.000000000000000000 ) ) ;
#128 = SURFACE_STYLE_USAGE ( .BOTH. , #1580 ) ;
#129 = ORIENTED_EDGE ( 'NONE', *, *, #67, .T. ) ;
#130 = CARTESIAN_POINT ( 'NONE',  ( -21.99999999999998934, -34.00000000000003553, 6.000000000000000000 ) ) ;
#131 = ADVANCED_FACE ( 'NONE', ( #1835 ), #2188, .F. ) ;
#132 = ORIENTED_EDGE ( 'NONE', *, *, #142, .T. ) ;
#133 = DIRECTION ( 'NONE',  ( 0.000000000000000000, -0.000000000000000000, -1.000000000000000000 ) ) ;
#134 = ORIENTED_EDGE ( 'NONE', *, *, #1170, .T. ) ;
#135 = CARTESIAN_POINT ( 'NONE',  ( -32.50000000000000711, 46.00000000000000000, 6.000000000000000000 ) ) ;
#136 = CARTESIAN_POINT ( 'NONE',  ( 29.69000000000000483, 36.00000000000003553, 6.000000000000000000 ) ) ;
#137 = CARTESIAN_POINT ( 'NONE',  ( 37.50000000000001421, 49.00000000000004263, 6.000000000000000000 ) ) ;
#138 = ORIENTED_EDGE ( 'NONE', *, *, #1352, .F. ) ;
#139 = CARTESIAN_POINT ( 'NONE',  ( 36.65517241379312452, -52.86206896551727397, 0.000000000000000000 ) ) ;
#140 = VERTEX_POINT ( 'NONE', #1658 ) ;
#141 = VECTOR ( 'NONE', #792, 1000.000000000000000 ) ;
#142 = EDGE_CURVE ( 'NONE', #1791, #2011, #430, .T. ) ;
#143 = AXIS2_PLACEMENT_3D ( 'NONE', #1989, #1969, #1617 ) ;
#144 = ORIENTED_EDGE ( 'NONE', *, *, #738, .F. ) ;
#145 = CYLINDRICAL_SURFACE ( 'NONE', #1434, 1.000000000000000888 ) ;
#146 = AXIS2_PLACEMENT_3D ( 'NONE', #499, #1002, #662 ) ;
#147 = VECTOR ( 'NONE', #1765, 1000.000000000000000 ) ;
#148 = ORIENTED_EDGE ( 'NONE', *, *, #900, .F. ) ;
#149 = CARTESIAN_POINT ( 'NONE',  ( 32.50000000000002132, -45.99999999999998579, 6.000000000000000000 ) ) ;
#150 = DIRECTION ( 'NONE',  ( 0.000000000000000000, 0.000000000000000000, 1.000000000000000000 ) ) ;
#151 = VECTOR ( 'NONE', #1639, 1000.000000000000000 ) ;
#152 = DIRECTION ( 'NONE',  ( 3.469446951953614583E-15, -1.000000000000000000, 0.000000000000000000 ) ) ;
#153 = ORIENTED_EDGE ( 'NONE', *, *, #1573, .T. ) ;
#154 = DIRECTION ( 'NONE',  ( -0.000000000000000000, -0.000000000000000000, 1.000000000000000000 ) ) ;
#155 = ORIENTED_EDGE ( 'NONE', *, *, #2085, .T. ) ;
#156 = ADVANCED_FACE ( 'NONE', ( #953 ), #63, .T. ) ;
#157 = EDGE_LOOP ( 'NONE', ( #2191, #463, #2201, #1726 ) ) ;
#158 = EDGE_CURVE ( 'NONE', #1759, #1242, #1493, .T. ) ;
#159 = EDGE_LOOP ( 'NONE', ( #1630, #1019, #1125, #382 ) ) ;
#160 = CARTESIAN_POINT ( 'NONE',  ( -0.4999999999999817923, -46.00000000000000000, 0.000000000000000000 ) ) ;
#161 = DIRECTION ( 'NONE',  ( 0.000000000000000000, 0.000000000000000000, 1.000000000000000000 ) ) ;
#162 = DIRECTION ( 'NONE',  ( -8.673617379883907282E-16, 1.000000000000000000, -0.000000000000000000 ) ) ;
#163 = ORIENTED_EDGE ( 'NONE', *, *, #1352, .T. ) ;
#164 = DIRECTION ( 'NONE',  ( -0.9109952089899573391, -0.4124169361184673588, -0.000000000000000000 ) ) ;
#165 = VERTEX_POINT ( 'NONE', #642 ) ;
#166 = ORIENTED_EDGE ( 'NONE', *, *, #600, .T. ) ;
#167 = VERTEX_POINT ( 'NONE', #253 ) ;
#168 = DIRECTION ( 'NONE',  ( -1.000000000000000000, -0.000000000000000000, -0.000000000000000000 ) ) ;
#169 = FACE_OUTER_BOUND ( 'NONE', #108, .T. ) ;
#170 = ADVANCED_FACE ( 'NONE', ( #2050 ), #467, .F. ) ;
#171 = CARTESIAN_POINT ( 'NONE',  ( -30.99999999999999289, -41.50000000000003553, 6.000000000000010658 ) ) ;
#172 =( LENGTH_UNIT ( ) NAMED_UNIT ( * ) SI_UNIT ( .MILLI., .METRE. ) );
#173 = ORIENTED_EDGE ( 'NONE', *, *, #2085, .F. ) ;
#174 = FACE_OUTER_BOUND ( 'NONE', #649, .T. ) ;
#175 = ORIENTED_EDGE ( 'NONE', *, *, #397, .F. ) ;
#176 = VERTEX_POINT ( 'NONE', #1713 ) ;
#177 = VECTOR ( 'NONE', #1276, 1000.000000000000000 ) ;
#178 = ORIENTED_EDGE ( 'NONE', *, *, #797, .T. ) ;
#179 = VECTOR ( 'NONE', #590, 1000.000000000000000 ) ;
#180 = LINE ( 'NONE', #2137, #1476 ) ;
#181 = CIRCLE ( 'NONE', #1194, 1.750000000000001554 ) ;
#182 = PLANE ( 'NONE',  #1264 ) ;
#183 = EDGE_CURVE ( 'NONE', #1736, #1048, #116, .T. ) ;
#184 = DIRECTION ( 'NONE',  ( -0.000000000000000000, -0.000000000000000000, 1.000000000000000000 ) ) ;
#185 = VECTOR ( 'NONE', #168, 1000.000000000000000 ) ;
#186 = CARTESIAN_POINT ( 'NONE',  ( -28.99999999999999289, 30.00000000000002487, 0.000000000000000000 ) ) ;
#187 = AXIS2_PLACEMENT_3D ( 'NONE', #1324, #446, #1660 ) ;
#188 = EDGE_CURVE ( 'NONE', #2214, #38, #1358, .T. ) ;
#189 = ORIENTED_EDGE ( 'NONE', *, *, #1767, .T. ) ;
#190 = DIRECTION ( 'NONE',  ( -0.000000000000000000, -0.000000000000000000, -1.000000000000000000 ) ) ;
#191 = ORIENTED_EDGE ( 'NONE', *, *, #2178, .T. ) ;
#192 = ORIENTED_EDGE ( 'NONE', *, *, #952, .T. ) ;
#193 = DIRECTION ( 'NONE',  ( 1.000000000000000000, 0.000000000000000000, 0.000000000000000000 ) ) ;
#194 = DIRECTION ( 'NONE',  ( -1.000000000000000000, -1.508455196501570936E-16, 0.000000000000000000 ) ) ;
#195 = DIRECTION ( 'NONE',  ( -1.000000000000000000, 0.000000000000000000, 0.000000000000000000 ) ) ;
#196 = CARTESIAN_POINT ( 'NONE',  ( -26.18999999999999417, 36.00000000000002842, 0.000000000000000000 ) ) ;
#197 = EDGE_LOOP ( 'NONE', ( #516, #1741, #1211, #70 ) ) ;
#198 = ADVANCED_FACE ( 'NONE', ( #967 ), #1675, .T. ) ;
#199 = CARTESIAN_POINT ( 'NONE',  ( 26.79379153194079421, -53.15549760449500383, 6.000000000000000000 ) ) ;
#200 = EDGE_LOOP ( 'NONE', ( #298, #1461, #1944, #591 ) ) ;
#201 = EDGE_LOOP ( 'NONE', ( #809, #1872 ) ) ;
#202 = CARTESIAN_POINT ( 'NONE',  ( -30.99999999999999289, -44.50000000000000000, 6.000000000000000000 ) ) ;
#203 = DIRECTION ( 'NONE',  ( -0.000000000000000000, -0.000000000000000000, -1.000000000000000000 ) ) ;
#204 = DIRECTION ( 'NONE',  ( -1.000000000000000000, -0.000000000000000000, -0.000000000000000000 ) ) ;
#205 = LINE ( 'NONE', #20, #1971 ) ;
#206 = ORIENTED_EDGE ( 'NONE', *, *, #2095, .F. ) ;
#207 = DIRECTION ( 'NONE',  ( -1.000000000000000000, 0.000000000000000000, 0.000000000000000000 ) ) ;
#208 = DIRECTION ( 'NONE',  ( 1.000000000000000000, 0.000000000000000000, 0.000000000000000000 ) ) ;
#209 = EDGE_LOOP ( 'NONE', ( #1413, #1045, #1462, #825 ) ) ;
#210 = EDGE_CURVE ( 'NONE', #1736, #608, #1994, .T. ) ;
#211 = ORIENTED_EDGE ( 'NONE', *, *, #282, .T. ) ;
#212 = CYLINDRICAL_SURFACE ( 'NONE', #2071, 1.500000000000001332 ) ;
#213 = EDGE_CURVE ( 'NONE', #1853, #856, #1390, .T. ) ;
#214 = VECTOR ( 'NONE', #1056, 1000.000000000000000 ) ;
#215 = CIRCLE ( 'NONE', #1778, 7.999999999999998224 ) ;
#216 = MANIFOLD_SOLID_BREP ( 'Fillet2', #1180 ) ;
#217 = CYLINDRICAL_SURFACE ( 'NONE', #1192, 1.000000000000004441 ) ;
#218 = FACE_BOUND ( 'NONE', #112, .T. ) ;
#219 = VECTOR ( 'NONE', #1311, 1000.000000000000000 ) ;
#220 =( NAMED_UNIT ( * ) SI_UNIT ( $, .STERADIAN. ) SOLID_ANGLE_UNIT ( ) );
#221 = AXIS2_PLACEMENT_3D ( 'NONE', #497, #1212, #1531 ) ;
#222 = EDGE_LOOP ( 'NONE', ( #631, #1427, #1396, #46 ) ) ;
#223 = CARTESIAN_POINT ( 'NONE',  ( 26.79379153194079421, -53.15549760449500383, 0.000000000000000000 ) ) ;
#224 = VECTOR ( 'NONE', #1393, 1000.000000000000000 ) ;
#225 = ORIENTED_EDGE ( 'NONE', *, *, #24, .T. ) ;
#226 = ADVANCED_FACE ( 'NONE', ( #2107 ), #2087, .F. ) ;
#227 = ORIENTED_EDGE ( 'NONE', *, *, #1690, .F. ) ;
#228 = CARTESIAN_POINT ( 'NONE',  ( -22.99999999999999289, -27.00000000000003908, 6.000000000000000000 ) ) ;
#229 = EDGE_CURVE ( 'NONE', #857, #102, #1215, .T. ) ;
#230 = LINE ( 'NONE', #1503, #1706 ) ;
#231 = DIRECTION ( 'NONE',  ( 0.000000000000000000, -1.000000000000000000, 0.000000000000000000 ) ) ;
#232 = ORIENTED_EDGE ( 'NONE', *, *, #1501, .F. ) ;
#233 = CARTESIAN_POINT ( 'NONE',  ( 32.49999999999999289, 46.00000000000000000, 6.000000000000000000 ) ) ;
#234 = DIRECTION ( 'NONE',  ( -1.000000000000000000, 0.000000000000000000, 0.000000000000000000 ) ) ;
#235 = LINE ( 'NONE', #540, #2140 ) ;
#236 = ORIENTED_EDGE ( 'NONE', *, *, #1138, .F. ) ;
#237 = VERTEX_POINT ( 'NONE', #711 ) ;
#238 = CARTESIAN_POINT ( 'NONE',  ( -23.49999999999999645, 38.00000000000002132, 0.000000000000000000 ) ) ;
#239 = CARTESIAN_POINT ( 'NONE',  ( 32.50000000000002132, -45.99999999999998579, 6.000000000000000000 ) ) ;
#240 = EDGE_CURVE ( 'NONE', #95, #596, #1555, .T. ) ;
#241 = CARTESIAN_POINT ( 'NONE',  ( 3.742640687119283438, 43.00000000000002132, 6.000000000000000000 ) ) ;
#242 = FACE_OUTER_BOUND ( 'NONE', #1394, .T. ) ;
#243 = DIRECTION ( 'NONE',  ( -0.000000000000000000, -0.000000000000000000, -1.000000000000000000 ) ) ;
#244 = ORIENTED_EDGE ( 'NONE', *, *, #1948, .T. ) ;
#245 = ORIENTED_EDGE ( 'NONE', *, *, #1635, .T. ) ;
#246 = CARTESIAN_POINT ( 'NONE',  ( -0.4999999999999692468, -51.00000000000000000, 6.000000000000000000 ) ) ;
#247 = CIRCLE ( 'NONE', #1467, 1.750000000000001554 ) ;
#248 = AXIS2_PLACEMENT_3D ( 'NONE', #1457, #34, #756 ) ;
#249 = CARTESIAN_POINT ( 'NONE',  ( 37.00000000000001421, 52.50000000000004974, 0.000000000000000000 ) ) ;
#250 = VECTOR ( 'NONE', #759, 1000.000000000000000 ) ;
#251 = DIRECTION ( 'NONE',  ( 0.000000000000000000, -0.000000000000000000, -1.000000000000000000 ) ) ;
#252 = EDGE_CURVE ( 'NONE', #2122, #1216, #1758, .T. ) ;
#253 = CARTESIAN_POINT ( 'NONE',  ( 36.65517241379311031, 52.86206896551728818, 0.000000000000000000 ) ) ;
#254 = VECTOR ( 'NONE', #634, 1000.000000000000000 ) ;
#255 = LINE ( 'NONE', #380, #2147 ) ;
#256 = CARTESIAN_POINT ( 'NONE',  ( 9.500000000000026645, -48.00000000000002132, 6.000000000000000000 ) ) ;
#257 = VECTOR ( 'NONE', #124, 1000.000000000000000 ) ;
#258 = EDGE_CURVE ( 'NONE', #751, #1286, #1907, .T. ) ;
#259 = FACE_OUTER_BOUND ( 'NONE', #1942, .T. ) ;
#260 = VERTEX_POINT ( 'NONE', #318 ) ;
#261 = VECTOR ( 'NONE', #1120, 1000.000000000000000 ) ;
#262 = CIRCLE ( 'NONE', #1561, 0.5000000000000004441 ) ;
#263 = VERTEX_POINT ( 'NONE', #1724 ) ;
#264 = CYLINDRICAL_SURFACE ( 'NONE', #2108, 1.000000000000000888 ) ;
#265 = LINE ( 'NONE', #1802, #27 ) ;
#266 = DIRECTION ( 'NONE',  ( -0.000000000000000000, -0.000000000000000000, -1.000000000000000000 ) ) ;
#267 = PLANE ( 'NONE',  #1051 ) ;
#268 = CARTESIAN_POINT ( 'NONE',  ( 27.50000000000002842, -51.20000000000002416, 0.000000000000000000 ) ) ;
#269 = EDGE_CURVE ( 'NONE', #1353, #1093, #1237, .T. ) ;
#270 = CARTESIAN_POINT ( 'NONE',  ( 27.50000000000002842, -52.70000000000002416, 6.000000000000000000 ) ) ;
#271 = DIRECTION ( 'NONE',  ( 1.000000000000000000, 0.000000000000000000, 0.000000000000000000 ) ) ;
#272 = EDGE_LOOP ( 'NONE', ( #729, #960 ) ) ;
#273 = EDGE_CURVE ( 'NONE', #1791, #120, #840, .T. ) ;
#274 = CARTESIAN_POINT ( 'NONE',  ( -27.99999999999999289, 29.00000000000002132, 0.000000000000000000 ) ) ;
#275 = ORIENTED_EDGE ( 'NONE', *, *, #210, .F. ) ;
#276 = CARTESIAN_POINT ( 'NONE',  ( -0.4999999999999692468, -51.00000000000000000, 6.000000000000000000 ) ) ;
#277 = CARTESIAN_POINT ( 'NONE',  ( 27.94000000000000128, 36.00000000000003553, -4.000000000000000000 ) ) ;
#278 = VERTEX_POINT ( 'NONE', #1732 ) ;
#279 = LINE ( 'NONE', #991, #486 ) ;
#280 = PLANE ( 'NONE',  #1662 ) ;
#281 = ORIENTED_EDGE ( 'NONE', *, *, #2072, .F. ) ;
#282 = EDGE_CURVE ( 'NONE', #1286, #2120, #2242, .T. ) ;
#283 = ORIENTED_EDGE ( 'NONE', *, *, #728, .T. ) ;
#284 = CARTESIAN_POINT ( 'NONE',  ( 3.742640687119283438, -43.00000000000003553, 6.000000000000010658 ) ) ;
#285 = ADVANCED_FACE ( 'NONE', ( #1040 ), #851, .F. ) ;
#286 = VERTEX_POINT ( 'NONE', #1941 ) ;
#287 = CARTESIAN_POINT ( 'NONE',  ( -30.99999999999999289, -43.00000000000003553, 6.000000000000010658 ) ) ;
#288 = DIRECTION ( 'NONE',  ( 0.000000000000000000, 0.000000000000000000, 1.000000000000000000 ) ) ;
#289 = DIRECTION ( 'NONE',  ( 0.000000000000000000, 0.000000000000000000, -1.000000000000000000 ) ) ;
#290 = COLOUR_RGB ( '',0.7921568627450980005, 0.8196078431372548767, 0.9333333333333333481 ) ;
#291 = ORIENTED_EDGE ( 'NONE', *, *, #1443, .F. ) ;
#292 = DIRECTION ( 'NONE',  ( 0.000000000000000000, 0.000000000000000000, 1.000000000000000000 ) ) ;
#293 =( GEOMETRIC_REPRESENTATION_CONTEXT ( 3 ) GLOBAL_UNCERTAINTY_ASSIGNED_CONTEXT ( ( #983 ) ) GLOBAL_UNIT_ASSIGNED_CONTEXT ( ( #409, #1826, #220 ) ) REPRESENTATION_CONTEXT ( 'NONE', 'WORKASPACE' ) );
#294 = VECTOR ( 'NONE', #22, 1000.000000000000000 ) ;
#295 = CARTESIAN_POINT ( 'NONE',  ( 20.30597281152818923, 59.00000000000003553, 6.000000000000000000 ) ) ;
#296 = ORIENTED_EDGE ( 'NONE', *, *, #1919, .T. ) ;
#297 = VECTOR ( 'NONE', #586, 1000.000000000000000 ) ;
#298 = ORIENTED_EDGE ( 'NONE', *, *, #114, .T. ) ;
#299 = VECTOR ( 'NONE', #1576, 1000.000000000000000 ) ;
#300 = CARTESIAN_POINT ( 'NONE',  ( 21.50000000000001776, 38.00000000000002842, 6.000000000000000000 ) ) ;
#301 = EDGE_CURVE ( 'NONE', #1048, #1691, #2245, .T. ) ;
#302 = AXIS2_PLACEMENT_3D ( 'NONE', #1881, #854, #1006 ) ;
#303 = ORIENTED_EDGE ( 'NONE', *, *, #213, .F. ) ;
#304 = PLANE ( 'NONE',  #964 ) ;
#305 = DIRECTION ( 'NONE',  ( 1.000000000000000000, 0.000000000000000000, 0.000000000000000000 ) ) ;
#306 = ADVANCED_FACE ( 'NONE', ( #9 ), #1964, .F. ) ;
#307 = CARTESIAN_POINT ( 'NONE',  ( 9.500000000000026645, -48.00000000000002132, 6.000000000000000000 ) ) ;
#308 = DIRECTION ( 'NONE',  ( 0.000000000000000000, 0.000000000000000000, 1.000000000000000000 ) ) ;
#309 = CARTESIAN_POINT ( 'NONE',  ( -23.49999999999999645, 31.00000000000002132, 6.000000000000000000 ) ) ;
#310 = ORIENTED_EDGE ( 'NONE', *, *, #912, .T. ) ;
#311 = ORIENTED_EDGE ( 'NONE', *, *, #641, .F. ) ;
#312 = DIRECTION ( 'NONE',  ( 0.000000000000000000, -0.000000000000000000, 1.000000000000000000 ) ) ;
#313 = ORIENTED_EDGE ( 'NONE', *, *, #2178, .F. ) ;
#314 = DIRECTION ( 'NONE',  ( 0.000000000000000000, 0.000000000000000000, -1.000000000000000000 ) ) ;
#315 = PLANE ( 'NONE',  #449 ) ;
#316 = CARTESIAN_POINT ( 'NONE',  ( 10.50000000000003020, -49.00000000000002842, 6.000000000000000000 ) ) ;
#317 = EDGE_CURVE ( 'NONE', #2226, #1611, #1147, .T. ) ;
#318 = CARTESIAN_POINT ( 'NONE',  ( 9.500000000000019540, 46.00000000000000711, 0.000000000000000000 ) ) ;
#319 = DIRECTION ( 'NONE',  ( -1.508455196501571183E-16, 1.000000000000000000, -0.000000000000000000 ) ) ;
#320 = ORIENTED_EDGE ( 'NONE', *, *, #1961, .F. ) ;
#321 = ORIENTED_EDGE ( 'NONE', *, *, #1519, .T. ) ;
#322 = DIRECTION ( 'NONE',  ( 0.000000000000000000, -1.000000000000000000, 0.000000000000000000 ) ) ;
#323 = ORIENTED_EDGE ( 'NONE', *, *, #301, .F. ) ;
#324 = CARTESIAN_POINT ( 'NONE',  ( -31.00000000000000711, 46.00000000000000000, 0.000000000000000000 ) ) ;
#325 = CARTESIAN_POINT ( 'NONE',  ( -30.99999999999999289, -43.00000000000003553, 3.000000000000010658 ) ) ;
#326 = DIRECTION ( 'NONE',  ( 0.000000000000000000, 1.000000000000000000, 0.000000000000000000 ) ) ;
#327 = ORIENTED_EDGE ( 'NONE', *, *, #1805, .T. ) ;
#328 = PLANE ( 'NONE',  #1232 ) ;
#329 = EDGE_CURVE ( 'NONE', #553, #1179, #2142, .T. ) ;
#330 = ORIENTED_EDGE ( 'NONE', *, *, #397, .T. ) ;
#331 = AXIS2_PLACEMENT_3D ( 'NONE', #732, #437, #974 ) ;
#332 = ADVANCED_FACE ( 'NONE', ( #789 ), #1855, .F. ) ;
#333 = CIRCLE ( 'NONE', #626, 1.000000000000000888 ) ;
#334 = ORIENTED_EDGE ( 'NONE', *, *, #1487, .T. ) ;
#335 = CIRCLE ( 'NONE', #2183, 1.000000000000000888 ) ;
#336 = VERTEX_POINT ( 'NONE', #75 ) ;
#337 = LINE ( 'NONE', #160, #927 ) ;
#338 = DIRECTION ( 'NONE',  ( 0.000000000000000000, -1.000000000000000000, 0.000000000000000000 ) ) ;
#339 = AXIS2_PLACEMENT_3D ( 'NONE', #2258, #2063, #1909 ) ;
#340 = CARTESIAN_POINT ( 'NONE',  ( -23.49999999999999645, 37.00000000000002132, 6.000000000000000000 ) ) ;
#341 = CARTESIAN_POINT ( 'NONE',  ( 32.49999999999999289, 46.00000000000000000, 6.000000000000000000 ) ) ;
#342 = ORIENTED_EDGE ( 'NONE', *, *, #743, .F. ) ;
#343 = DIRECTION ( 'NONE',  ( -0.000000000000000000, -0.000000000000000000, -1.000000000000000000 ) ) ;
#344 = ORIENTED_EDGE ( 'NONE', *, *, #269, .T. ) ;
#345 = ADVANCED_FACE ( 'NONE', ( #610 ), #898, .F. ) ;
#346 = ORIENTED_EDGE ( 'NONE', *, *, #1181, .T. ) ;
#347 = EDGE_CURVE ( 'NONE', #2134, #1408, #265, .T. ) ;
#348 = ORIENTED_EDGE ( 'NONE', *, *, #24, .F. ) ;
#349 = DIRECTION ( 'NONE',  ( -0.000000000000000000, -0.000000000000000000, -1.000000000000000000 ) ) ;
#350 = CARTESIAN_POINT ( 'NONE',  ( 27.50000000000001776, 49.00000000000004263, 6.000000000000000000 ) ) ;
#351 = VERTEX_POINT ( 'NONE', #2022 ) ;
#352 = CARTESIAN_POINT ( 'NONE',  ( 23.60530830047594364, -51.71203832808036793, 6.000000000000000000 ) ) ;
#353 = ORIENTED_EDGE ( 'NONE', *, *, #1283, .T. ) ;
#354 = ORIENTED_EDGE ( 'NONE', *, *, #2114, .F. ) ;
#355 = ADVANCED_FACE ( 'NONE', ( #1794, #394, #218, #1811, #2155, #1319 ), #1976, .T. ) ;
#356 = ORIENTED_EDGE ( 'NONE', *, *, #539, .T. ) ;
#357 = CARTESIAN_POINT ( 'NONE',  ( 3.742640687119283438, 46.00000000000000000, 3.000000000000000000 ) ) ;
#358 = ADVANCED_FACE ( 'NONE', ( #569 ), #86, .T. ) ;
#359 = FACE_OUTER_BOUND ( 'NONE', #197, .T. ) ;
#360 = DIRECTION ( 'NONE',  ( -0.000000000000000000, 0.000000000000000000, 1.000000000000000000 ) ) ;
#361 = VERTEX_POINT ( 'NONE', #916 ) ;
#362 = LINE ( 'NONE', #352, #783 ) ;
#363 = ORIENTED_EDGE ( 'NONE', *, *, #1456, .T. ) ;
#364 = CARTESIAN_POINT ( 'NONE',  ( 23.60530830047592943, 51.71203832808038214, 6.000000000000000000 ) ) ;
#365 = AXIS2_PLACEMENT_3D ( 'NONE', #1166, #1685, #89 ) ;
#366 = DIRECTION ( 'NONE',  ( -1.000000000000000000, 0.000000000000000000, 0.000000000000000000 ) ) ;
#367 = VERTEX_POINT ( 'NONE', #1500 ) ;
#368 = CIRCLE ( 'NONE', #703, 1.000000000000004441 ) ;
#369 = ORIENTED_EDGE ( 'NONE', *, *, #1608, .T. ) ;
#370 = VECTOR ( 'NONE', #696, 1000.000000000000000 ) ;
#371 = CARTESIAN_POINT ( 'NONE',  ( 10.50000000000001776, 48.00000000000003553, 6.000000000000000000 ) ) ;
#372 = VECTOR ( 'NONE', #2084, 1000.000000000000000 ) ;
#373 = CYLINDRICAL_SURFACE ( 'NONE', #925, 1.500000000000001332 ) ;
#374 = CARTESIAN_POINT ( 'NONE',  ( -20.99999999999998579, -34.00000000000003553, 0.000000000000000000 ) ) ;
#375 = AXIS2_PLACEMENT_3D ( 'NONE', #1314, #234, #66 ) ;
#376 = EDGE_CURVE ( 'NONE', #1344, #1347, #2129, .T. ) ;
#377 = LINE ( 'NONE', #1412, #968 ) ;
#378 = VECTOR ( 'NONE', #536, 1000.000000000000000 ) ;
#379 = ORIENTED_EDGE ( 'NONE', *, *, #870, .T. ) ;
#380 = CARTESIAN_POINT ( 'NONE',  ( 37.50000000000001421, 49.00000000000004263, 0.000000000000000000 ) ) ;
#381 = CARTESIAN_POINT ( 'NONE',  ( 27.50000000000002842, -52.70000000000002416, 6.000000000000000000 ) ) ;
#382 = ORIENTED_EDGE ( 'NONE', *, *, #1822, .T. ) ;
#383 = ORIENTED_EDGE ( 'NONE', *, *, #269, .F. ) ;
#384 = DIRECTION ( 'NONE',  ( 1.000000000000000000, 0.000000000000000000, 0.000000000000000000 ) ) ;
#385 = FACE_OUTER_BOUND ( 'NONE', #476, .T. ) ;
#386 = LINE ( 'NONE', #1099, #1224 ) ;
#387 = DIRECTION ( 'NONE',  ( -1.000000000000000000, -1.508455196501570936E-16, 0.000000000000000000 ) ) ;
#388 = ADVANCED_FACE ( 'NONE', ( #1259 ), #30, .F. ) ;
#389 = CARTESIAN_POINT ( 'NONE',  ( -32.49999999999999289, -46.00000000000000000, 1.499999999999999556 ) ) ;
#390 = CARTESIAN_POINT ( 'NONE',  ( -24.49999999999999645, 30.00000000000002132, 0.000000000000000000 ) ) ;
#391 = ORIENTED_EDGE ( 'NONE', *, *, #2156, .F. ) ;
#392 = LINE ( 'NONE', #1104, #1478 ) ;
#393 = DIRECTION ( 'NONE',  ( -0.000000000000000000, -0.000000000000000000, -1.000000000000000000 ) ) ;
#394 = FACE_BOUND ( 'NONE', #201, .T. ) ;
#395 = CARTESIAN_POINT ( 'NONE',  ( 26.19000000000000838, -32.57999999999996277, 0.000000000000000000 ) ) ;
#396 = ORIENTED_EDGE ( 'NONE', *, *, #581, .T. ) ;
#397 = EDGE_CURVE ( 'NONE', #501, #639, #2101, .T. ) ;
#398 = DIRECTION ( 'NONE',  ( 1.000000000000000000, 0.000000000000000000, 0.000000000000000000 ) ) ;
#399 = DIRECTION ( 'NONE',  ( 0.000000000000000000, 1.000000000000000000, 0.000000000000000000 ) ) ;
#400 = CARTESIAN_POINT ( 'NONE',  ( 37.00000000000001421, 52.50000000000004974, 6.000000000000000000 ) ) ;
#401 = ORIENTED_EDGE ( 'NONE', *, *, #329, .T. ) ;
#402 = EDGE_CURVE ( 'NONE', #2059, #1253, #1701, .T. ) ;
#403 = ORIENTED_EDGE ( 'NONE', *, *, #527, .F. ) ;
#404 = CARTESIAN_POINT ( 'NONE',  ( -30.99999999999999289, -46.00000000000000000, 1.499999999999999556 ) ) ;
#405 = AXIS2_PLACEMENT_3D ( 'NONE', #534, #1074, #1247 ) ;
#406 = AXIS2_PLACEMENT_3D ( 'NONE', #1780, #546, #558 ) ;
#407 = CARTESIAN_POINT ( 'NONE',  ( 26.79379153194078000, 53.15549760449501804, 6.000000000000000000 ) ) ;
#408 = VECTOR ( 'NONE', #2005, 1000.000000000000000 ) ;
#409 =( LENGTH_UNIT ( ) NAMED_UNIT ( * ) SI_UNIT ( .MILLI., .METRE. ) );
#410 = VECTOR ( 'NONE', #609, 1000.000000000000000 ) ;
#411 = ORIENTED_EDGE ( 'NONE', *, *, #2184, .F. ) ;
#412 = AXIS2_PLACEMENT_3D ( 'NONE', #1217, #511, #1193 ) ;
#413 = CARTESIAN_POINT ( 'NONE',  ( 23.60530830047594364, -51.71203832808036793, 6.000000000000000000 ) ) ;
#414 = DIRECTION ( 'NONE',  ( -1.000000000000000000, 0.000000000000000000, 0.000000000000000000 ) ) ;
#415 = EDGE_LOOP ( 'NONE', ( #1361, #1400, #524, #311 ) ) ;
#416 = EDGE_CURVE ( 'NONE', #1691, #2282, #386, .T. ) ;
#417 = CARTESIAN_POINT ( 'NONE',  ( -20.99999999999998579, -35.00000000000003553, 6.000000000000000000 ) ) ;
#418 = CARTESIAN_POINT ( 'NONE',  ( -28.99999999999998934, -26.00000000000003908, 0.000000000000000000 ) ) ;
#419 = FACE_OUTER_BOUND ( 'NONE', #908, .T. ) ;
#420 = CARTESIAN_POINT ( 'NONE',  ( 3.742640687119283438, 46.00000000000000000, 3.000000000000000000 ) ) ;
#421 = CYLINDRICAL_SURFACE ( 'NONE', #1196, 1.000000000000000888 ) ;
#422 = CYLINDRICAL_SURFACE ( 'NONE', #1787, 1.500000000000001332 ) ;
#423 = CARTESIAN_POINT ( 'NONE',  ( 27.00000000000002842, -52.70000000000002416, 0.000000000000000000 ) ) ;
#424 = ORIENTED_EDGE ( 'NONE', *, *, #1334, .T. ) ;
#425 = VERTEX_POINT ( 'NONE', #1984 ) ;
#426 = CARTESIAN_POINT ( 'NONE',  ( 29.69000000000001194, -32.57999999999996277, -4.000000000000000000 ) ) ;
#427 = EDGE_CURVE ( 'NONE', #1107, #2091, #1106, .T. ) ;
#428 = DIRECTION ( 'NONE',  ( 0.000000000000000000, 0.000000000000000000, 1.000000000000000000 ) ) ;
#429 = EDGE_CURVE ( 'NONE', #1005, #911, #1471, .T. ) ;
#430 = LINE ( 'NONE', #1323, #2027 ) ;
#431 = CARTESIAN_POINT ( 'NONE',  ( 27.50000000000001421, 51.20000000000003837, 6.000000000000000000 ) ) ;
#432 = CARTESIAN_POINT ( 'NONE',  ( 27.94000000000000128, 36.00000000000003553, -4.000000000000000000 ) ) ;
#433 = DIRECTION ( 'NONE',  ( -1.000000000000000000, 0.000000000000000000, 0.000000000000000000 ) ) ;
#434 = EDGE_LOOP ( 'NONE', ( #1524, #718, #2270, #2081 ) ) ;
#435 = ORIENTED_EDGE ( 'NONE', *, *, #529, .F. ) ;
#436 = FACE_OUTER_BOUND ( 'NONE', #918, .T. ) ;
#437 = DIRECTION ( 'NONE',  ( -0.000000000000000000, -0.000000000000000000, -1.000000000000000000 ) ) ;
#438 = VECTOR ( 'NONE', #184, 1000.000000000000000 ) ;
#439 =( BOUNDED_CURVE ( )  B_SPLINE_CURVE ( 3, ( #1370, #1213, #1567, #1554 ),
 .UNSPECIFIED., .F., .T. ) 
 B_SPLINE_CURVE_WITH_KNOTS ( ( 4, 4 ),
 ( 0.000000000000000000, 1.570796326794896558 ),
 .UNSPECIFIED. ) 
 CURVE ( )  GEOMETRIC_REPRESENTATION_ITEM ( )  RATIONAL_B_SPLINE_CURVE ( ( 1.000000000000000000, 0.8047378541243649375, 0.8047378541243649375, 1.000000000000000000 ) ) 
 REPRESENTATION_ITEM ( '' )  );
#440 = DIRECTION ( 'NONE',  ( -0.000000000000000000, -0.000000000000000000, -1.000000000000000000 ) ) ;
#441 = CIRCLE ( 'NONE', #1924, 1.000000000000000888 ) ;
#442 = ADVANCED_FACE ( 'NONE', ( #2250 ), #1330, .F. ) ;
#443 = LINE ( 'NONE', #989, #1549 ) ;
#444 = VECTOR ( 'NONE', #203, 1000.000000000000000 ) ;
#445 = CARTESIAN_POINT ( 'NONE',  ( -0.4999999999999817923, -46.00000000000000000, 0.000000000000000000 ) ) ;
#446 = DIRECTION ( 'NONE',  ( 0.000000000000000000, 0.000000000000000000, 1.000000000000000000 ) ) ;
#447 = CARTESIAN_POINT ( 'NONE',  ( 37.00000000000002842, -52.50000000000003553, 6.000000000000000000 ) ) ;
#448 = EDGE_LOOP ( 'NONE', ( #1563, #681, #2073, #823 ) ) ;
#449 = AXIS2_PLACEMENT_3D ( 'NONE', #1027, #1054, #1987 ) ;
#450 = AXIS2_PLACEMENT_3D ( 'NONE', #50, #965, #763 ) ;
#451 = VERTEX_POINT ( 'NONE', #2069 ) ;
#452 = DIRECTION ( 'NONE',  ( 1.000000000000000000, 0.000000000000000000, 0.000000000000000000 ) ) ;
#453 = CARTESIAN_POINT ( 'NONE',  ( -0.4999999999999891753, -43.00000000000003553, 3.000000000000010658 ) ) ;
#454 = ORIENTED_EDGE ( 'NONE', *, *, #1364, .F. ) ;
#455 = CARTESIAN_POINT ( 'NONE',  ( 10.50000000000003020, -49.00000000000002842, 0.000000000000000000 ) ) ;
#456 =( BOUNDED_CURVE ( )  B_SPLINE_CURVE ( 3, ( #1162, #846, #2204, #110 ),
 .UNSPECIFIED., .F., .F. ) 
 B_SPLINE_CURVE_WITH_KNOTS ( ( 4, 4 ),
 ( 3.141592653589793116, 4.712388980384689674 ),
 .UNSPECIFIED. ) 
 CURVE ( )  GEOMETRIC_REPRESENTATION_ITEM ( )  RATIONAL_B_SPLINE_CURVE ( ( 1.000000000000000000, 0.8047378541243649375, 0.8047378541243649375, 1.000000000000000000 ) ) 
 REPRESENTATION_ITEM ( '' )  );
#457 = CARTESIAN_POINT ( 'NONE',  ( 9.500000000000028422, -45.99999999999999289, 6.000000000000000000 ) ) ;
#458 = DIRECTION ( 'NONE',  ( -1.000000000000000000, -0.000000000000000000, -0.000000000000000000 ) ) ;
#459 = CARTESIAN_POINT ( 'NONE',  ( 27.00000000000001421, 52.70000000000003837, 6.000000000000000000 ) ) ;
#460 = EDGE_CURVE ( 'NONE', #351, #1557, #1704, .T. ) ;
#461 = FACE_OUTER_BOUND ( 'NONE', #1059, .T. ) ;
#462 = ORIENTED_EDGE ( 'NONE', *, *, #1018, .T. ) ;
#463 = ORIENTED_EDGE ( 'NONE', *, *, #1257, .F. ) ;
#464 = DIRECTION ( 'NONE',  ( -0.000000000000000000, -0.000000000000000000, -1.000000000000000000 ) ) ;
#465 = ORIENTED_EDGE ( 'NONE', *, *, #1644, .F. ) ;
#466 = DIRECTION ( 'NONE',  ( 1.000000000000000000, 0.000000000000000000, 0.000000000000000000 ) ) ;
#467 = PLANE ( 'NONE',  #1587 ) ;
#468 = ORIENTED_EDGE ( 'NONE', *, *, #512, .F. ) ;
#469 = CARTESIAN_POINT ( 'NONE',  ( -0.4999999999999930611, 46.00000000000001421, 6.000000000000000000 ) ) ;
#470 = DIRECTION ( 'NONE',  ( 0.000000000000000000, 0.000000000000000000, 1.000000000000000000 ) ) ;
#471 = ORIENTED_EDGE ( 'NONE', *, *, #317, .F. ) ;
#472 = ADVANCED_FACE ( 'NONE', ( #1866 ), #1901, .F. ) ;
#473 = ORIENTED_EDGE ( 'NONE', *, *, #1679, .T. ) ;
#474 = EDGE_CURVE ( 'NONE', #2175, #1762, #1035, .T. ) ;
#475 = DIRECTION ( 'NONE',  ( 0.000000000000000000, 0.000000000000000000, 1.000000000000000000 ) ) ;
#476 = EDGE_LOOP ( 'NONE', ( #565, #1209, #2000, #877 ) ) ;
#477 = DIRECTION ( 'NONE',  ( -1.000000000000000000, -0.000000000000000000, -0.000000000000000000 ) ) ;
#478 = CARTESIAN_POINT ( 'NONE',  ( -23.49999999999999645, 30.00000000000002132, 0.000000000000000000 ) ) ;
#479 = DIRECTION ( 'NONE',  ( 0.000000000000000000, -0.000000000000000000, -1.000000000000000000 ) ) ;
#480 = LINE ( 'NONE', #1558, #824 ) ;
#481 = AXIS2_PLACEMENT_3D ( 'NONE', #2241, #1389, #490 ) ;
#482 = ORIENTED_EDGE ( 'NONE', *, *, #1975, .T. ) ;
#483 = ORIENTED_EDGE ( 'NONE', *, *, #1690, .T. ) ;
#484 = VECTOR ( 'NONE', #806, 1000.000000000000000 ) ;
#485 = CYLINDRICAL_SURFACE ( 'NONE', #664, 1.750000000000001554 ) ;
#486 = VECTOR ( 'NONE', #1157, 1000.000000000000000 ) ;
#487 = ADVANCED_FACE ( 'NONE', ( #1739 ), #145, .F. ) ;
#488 = VERTEX_POINT ( 'NONE', #860 ) ;
#489 = CARTESIAN_POINT ( 'NONE',  ( -24.49999999999999645, 31.00000000000002132, 0.000000000000000000 ) ) ;
#490 = DIRECTION ( 'NONE',  ( 2.276824562219560495E-15, 1.000000000000000000, 0.000000000000000000 ) ) ;
#491 = DIRECTION ( 'NONE',  ( -1.000000000000000000, -0.000000000000000000, -0.000000000000000000 ) ) ;
#492 = CARTESIAN_POINT ( 'NONE',  ( -0.5000000000002129408, 46.00000000000000000, 3.000000000000000000 ) ) ;
#493 = ORIENTED_EDGE ( 'NONE', *, *, #1487, .F. ) ;
#494 = VERTEX_POINT ( 'NONE', #638 ) ;
#495 = DIRECTION ( 'NONE',  ( -0.000000000000000000, -0.000000000000000000, -1.000000000000000000 ) ) ;
#496 = ORIENTED_EDGE ( 'NONE', *, *, #1834, .F. ) ;
#497 = CARTESIAN_POINT ( 'NONE',  ( 9.500000000000028422, -51.00000000000002842, 6.000000000000000000 ) ) ;
#498 = ADVANCED_FACE ( 'NONE', ( #621 ), #485, .F. ) ;
#499 = CARTESIAN_POINT ( 'NONE',  ( 21.50000000000001776, -34.00000000000003553, 0.000000000000000000 ) ) ;
#500 = SURFACE_STYLE_FILL_AREA ( #2287 ) ;
#501 = VERTEX_POINT ( 'NONE', #1200 ) ;
#502 = CARTESIAN_POINT ( 'NONE',  ( -23.49999999999999645, 38.00000000000002132, 6.000000000000000000 ) ) ;
#503 = ORIENTED_EDGE ( 'NONE', *, *, #347, .F. ) ;
#504 = ORIENTED_EDGE ( 'NONE', *, *, #1243, .T. ) ;
#505 = EDGE_LOOP ( 'NONE', ( #1827, #232, #2046, #14 ) ) ;
#506 = CARTESIAN_POINT ( 'NONE',  ( -27.99999999999998579, -26.00000000000003553, 6.000000000000000000 ) ) ;
#507 = DIRECTION ( 'NONE',  ( 0.000000000000000000, -1.000000000000000000, 0.000000000000000000 ) ) ;
#508 = CARTESIAN_POINT ( 'NONE',  ( -31.00000000000000711, 46.00000000000000000, 6.000000000000000000 ) ) ;
#509 = DIRECTION ( 'NONE',  ( 1.000000000000000000, 0.000000000000000000, 0.000000000000000000 ) ) ;
#510 = ORIENTED_EDGE ( 'NONE', *, *, #542, .T. ) ;
#511 = DIRECTION ( 'NONE',  ( -0.000000000000000000, -0.000000000000000000, -1.000000000000000000 ) ) ;
#512 = EDGE_CURVE ( 'NONE', #993, #488, #1887, .T. ) ;
#513 = EDGE_LOOP ( 'NONE', ( #4, #862, #1947, #675, #1262, #1022 ) ) ;
#514 = AXIS2_PLACEMENT_3D ( 'NONE', #1281, #929, #745 ) ;
#515 = VECTOR ( 'NONE', #464, 1000.000000000000000 ) ;
#516 = ORIENTED_EDGE ( 'NONE', *, *, #97, .T. ) ;
#517 = CIRCLE ( 'NONE', #1044, 1.750000000000001554 ) ;
#518 = VECTOR ( 'NONE', #2014, 1000.000000000000000 ) ;
#519 = VERTEX_POINT ( 'NONE', #453 ) ;
#520 = CARTESIAN_POINT ( 'NONE',  ( -27.99999999999999289, 30.00000000000002487, 0.000000000000000000 ) ) ;
#521 = VECTOR ( 'NONE', #2132, 1000.000000000000000 ) ;
#522 = FACE_OUTER_BOUND ( 'NONE', #415, .T. ) ;
#523 = CARTESIAN_POINT ( 'NONE',  ( 10.50000000000001776, 49.00000000000004263, 6.000000000000000000 ) ) ;
#524 = ORIENTED_EDGE ( 'NONE', *, *, #1337, .F. ) ;
#525 = CARTESIAN_POINT ( 'NONE',  ( 27.94000000000000838, -32.57999999999996277, -4.000000000000000000 ) ) ;
#526 = VERTEX_POINT ( 'NONE', #996 ) ;
#527 = EDGE_CURVE ( 'NONE', #1025, #1242, #456, .T. ) ;
#528 = ORIENTED_EDGE ( 'NONE', *, *, #2114, .T. ) ;
#529 = EDGE_CURVE ( 'NONE', #278, #165, #215, .T. ) ;
#530 = ORIENTED_EDGE ( 'NONE', *, *, #1817, .F. ) ;
#531 = DIRECTION ( 'NONE',  ( -1.000000000000000000, -3.469446951953614583E-15, 0.000000000000000000 ) ) ;
#532 = FACE_OUTER_BOUND ( 'NONE', #765, .T. ) ;
#533 = DIRECTION ( 'NONE',  ( -1.000000000000000000, 0.000000000000000000, 0.000000000000000000 ) ) ;
#534 = CARTESIAN_POINT ( 'NONE',  ( 27.94000000000000128, 36.00000000000003553, 0.000000000000000000 ) ) ;
#535 = ORIENTED_EDGE ( 'NONE', *, *, #1781, .T. ) ;
#536 = DIRECTION ( 'NONE',  ( 1.000000000000000000, 0.000000000000000000, 0.000000000000000000 ) ) ;
#537 = VERTEX_POINT ( 'NONE', #122 ) ;
#538 = DIRECTION ( 'NONE',  ( -0.000000000000000000, 1.000000000000000000, -0.000000000000000000 ) ) ;
#539 = EDGE_CURVE ( 'NONE', #1700, #106, #1343, .T. ) ;
#540 = CARTESIAN_POINT ( 'NONE',  ( -32.49999999999999289, -41.50000000000003553, 6.000000000000000000 ) ) ;
#541 = ORIENTED_EDGE ( 'NONE', *, *, #1170, .F. ) ;
#542 = EDGE_CURVE ( 'NONE', #984, #237, #826, .T. ) ;
#543 = ORIENTED_EDGE ( 'NONE', *, *, #1781, .F. ) ;
#544 = LINE ( 'NONE', #1586, #1007 ) ;
#545 = LINE ( 'NONE', #1589, #776 ) ;
#546 = DIRECTION ( 'NONE',  ( 0.000000000000000000, 0.000000000000000000, 1.000000000000000000 ) ) ;
#547 = DIRECTION ( 'NONE',  ( -0.000000000000000000, -0.000000000000000000, -1.000000000000000000 ) ) ;
#548 = DIRECTION ( 'NONE',  ( 0.000000000000000000, -0.000000000000000000, -1.000000000000000000 ) ) ;
#549 = MECHANICAL_DESIGN_GEOMETRIC_PRESENTATION_REPRESENTATION (  '', ( #1960 ), #1846 ) ;
#550 = CARTESIAN_POINT ( 'NONE',  ( -30.99999999999999289, -43.00000000000003553, 6.000000000000010658 ) ) ;
#551 = ORIENTED_EDGE ( 'NONE', *, *, #937, .F. ) ;
#552 = AXIS2_PLACEMENT_3D ( 'NONE', #1024, #1354, #1012 ) ;
#553 = VERTEX_POINT ( 'NONE', #1365 ) ;
#554 = CYLINDRICAL_SURFACE ( 'NONE', #821, 1.000000000000000888 ) ;
#555 = ADVANCED_FACE ( 'NONE', ( #1377 ), #648, .F. ) ;
#556 = AXIS2_PLACEMENT_3D ( 'NONE', #506, #1345, #1756 ) ;
#557 = CARTESIAN_POINT ( 'NONE',  ( 10.50000000000003020, -48.00000000000002132, 6.000000000000000000 ) ) ;
#558 = DIRECTION ( 'NONE',  ( 1.000000000000000000, 0.000000000000000000, 0.000000000000000000 ) ) ;
#559 = VECTOR ( 'NONE', #2053, 1000.000000000000000 ) ;
#560 = FACE_OUTER_BOUND ( 'NONE', #2160, .T. ) ;
#561 = VECTOR ( 'NONE', #778, 1000.000000000000000 ) ;
#562 = ORIENTED_EDGE ( 'NONE', *, *, #273, .F. ) ;
#563 = CARTESIAN_POINT ( 'NONE',  ( -32.49999999999999289, -42.37867965644039003, 2.378679656440363832 ) ) ;
#564 = ORIENTED_EDGE ( 'NONE', *, *, #2135, .F. ) ;
#565 = ORIENTED_EDGE ( 'NONE', *, *, #512, .T. ) ;
#566 = CARTESIAN_POINT ( 'NONE',  ( 3.742640687119283438, 43.00000000000002132, 3.000000000000000000 ) ) ;
#567 = FACE_OUTER_BOUND ( 'NONE', #1182, .T. ) ;
#568 = EDGE_CURVE ( 'NONE', #2090, #1839, #1548, .T. ) ;
#569 = FACE_OUTER_BOUND ( 'NONE', #1572, .T. ) ;
#570 = LINE ( 'NONE', #747, #72 ) ;
#571 = ADVANCED_FACE ( 'NONE', ( #1023 ), #2177, .F. ) ;
#572 = LINE ( 'NONE', #578, #1076 ) ;
#573 = CARTESIAN_POINT ( 'NONE',  ( -26.18999999999998707, -32.57999999999996987, -4.000000000000000000 ) ) ;
#574 = ORIENTED_EDGE ( 'NONE', *, *, #656, .T. ) ;
#575 = FACE_OUTER_BOUND ( 'NONE', #43, .T. ) ;
#576 = CARTESIAN_POINT ( 'NONE',  ( 21.50000000000002132, -35.00000000000003553, 0.000000000000000000 ) ) ;
#577 = LINE ( 'NONE', #77, #561 ) ;
#578 = CARTESIAN_POINT ( 'NONE',  ( 10.50000000000001776, 49.00000000000003553, 6.000000000000000000 ) ) ;
#579 = CARTESIAN_POINT ( 'NONE',  ( -21.99999999999998934, -35.00000000000003553, 0.000000000000000000 ) ) ;
#580 = DIRECTION ( 'NONE',  ( -0.000000000000000000, -0.000000000000000000, 1.000000000000000000 ) ) ;
#581 = EDGE_CURVE ( 'NONE', #367, #425, #934, .T. ) ;
#582 = ORIENTED_EDGE ( 'NONE', *, *, #997, .T. ) ;
#583 = DIRECTION ( 'NONE',  ( -1.000000000000000000, 0.000000000000000000, 0.000000000000000000 ) ) ;
#584 = AXIS2_PLACEMENT_3D ( 'NONE', #1568, #152, #865 ) ;
#585 = AXIS2_PLACEMENT_3D ( 'NONE', #1008, #1663, #785 ) ;
#586 = DIRECTION ( 'NONE',  ( -3.016910393003143352E-16, 1.000000000000000000, 0.000000000000000000 ) ) ;
#587 = VECTOR ( 'NONE', #905, 1000.000000000000000 ) ;
#588 = APPLICATION_PROTOCOL_DEFINITION ( 'draft international standard', 'automotive_design', 1998, #1197 ) ;
#589 = AXIS2_PLACEMENT_3D ( 'NONE', #249, #428, #963 ) ;
#590 = DIRECTION ( 'NONE',  ( 0.000000000000000000, 1.000000000000000000, 0.000000000000000000 ) ) ;
#591 = ORIENTED_EDGE ( 'NONE', *, *, #67, .F. ) ;
#592 = CARTESIAN_POINT ( 'NONE',  ( 32.50000000000001421, 51.20000000000003837, 6.000000000000000000 ) ) ;
#593 = VECTOR ( 'NONE', #319, 1000.000000000000000 ) ;
#594 = DIRECTION ( 'NONE',  ( 0.9109952089899573391, -0.4124169361184673588, 0.000000000000000000 ) ) ;
#595 = CARTESIAN_POINT ( 'NONE',  ( -23.49999999999999645, 30.00000000000002132, 0.000000000000000000 ) ) ;
#596 = VERTEX_POINT ( 'NONE', #1294 ) ;
#597 = EDGE_CURVE ( 'NONE', #2068, #1569, #1367, .T. ) ;
#598 = ORIENTED_EDGE ( 'NONE', *, *, #542, .F. ) ;
#599 = LINE ( 'NONE', #238, #2002 ) ;
#600 = EDGE_CURVE ( 'NONE', #451, #1550, #1551, .T. ) ;
#601 = DIRECTION ( 'NONE',  ( 1.000000000000000000, 0.000000000000000000, 0.000000000000000000 ) ) ;
#602 = DIRECTION ( 'NONE',  ( -1.000000000000000000, -0.000000000000000000, -0.000000000000000000 ) ) ;
#603 = CARTESIAN_POINT ( 'NONE',  ( 32.50000000000002842, -51.20000000000002416, 0.000000000000000000 ) ) ;
#604 = FACE_OUTER_BOUND ( 'NONE', #1733, .T. ) ;
#605 = FACE_BOUND ( 'NONE', #272, .T. ) ;
#606 = ORIENTED_EDGE ( 'NONE', *, *, #1443, .T. ) ;
#607 = EDGE_CURVE ( 'NONE', #106, #984, #1263, .T. ) ;
#608 = VERTEX_POINT ( 'NONE', #1629 ) ;
#609 = DIRECTION ( 'NONE',  ( -0.000000000000000000, -0.000000000000000000, -1.000000000000000000 ) ) ;
#610 = FACE_OUTER_BOUND ( 'NONE', #1366, .T. ) ;
#611 = ADVANCED_FACE ( 'NONE', ( #2148 ), #910, .F. ) ;
#612 = PLANE ( 'NONE',  #1151 ) ;
#613 = CARTESIAN_POINT ( 'NONE',  ( 0.000000000000000000, 0.000000000000000000, 0.000000000000000000 ) ) ;
#614 =( BOUNDED_CURVE ( )  B_SPLINE_CURVE ( 3, ( #1082, #563, #1460, #1788 ),
 .UNSPECIFIED., .F., .F. ) 
 B_SPLINE_CURVE_WITH_KNOTS ( ( 4, 4 ),
 ( 1.570796326794892561, 3.141592653589793116 ),
 .UNSPECIFIED. ) 
 CURVE ( )  GEOMETRIC_REPRESENTATION_ITEM ( )  RATIONAL_B_SPLINE_CURVE ( ( 1.000000000000000000, 0.8047378541243640493, 0.8047378541243640493, 1.000000000000000000 ) ) 
 REPRESENTATION_ITEM ( '' )  );
#615 = CARTESIAN_POINT ( 'NONE',  ( 32.49999999999999289, 46.00000000000000000, 0.000000000000000000 ) ) ;
#616 = DIRECTION ( 'NONE',  ( 0.000000000000000000, 0.000000000000000000, 1.000000000000000000 ) ) ;
#617 = DIRECTION ( 'NONE',  ( 1.000000000000000000, 0.000000000000000000, 0.000000000000000000 ) ) ;
#618 = ORIENTED_EDGE ( 'NONE', *, *, #912, .F. ) ;
#619 = ORIENTED_EDGE ( 'NONE', *, *, #1181, .F. ) ;
#620 = CARTESIAN_POINT ( 'NONE',  ( 26.19000000000000838, -32.57999999999996277, 6.000000000000000000 ) ) ;
#621 = FACE_OUTER_BOUND ( 'NONE', #1938, .T. ) ;
#622 = EDGE_LOOP ( 'NONE', ( #1774, #875, #1727, #1897 ) ) ;
#623 = VECTOR ( 'NONE', #204, 1000.000000000000000 ) ;
#624 = DIRECTION ( 'NONE',  ( 0.000000000000000000, 0.000000000000000000, 1.000000000000000000 ) ) ;
#625 = EDGE_CURVE ( 'NONE', #1593, #2020, #28, .T. ) ;
#626 = AXIS2_PLACEMENT_3D ( 'NONE', #1472, #1485, #617 ) ;
#627 = DIRECTION ( 'NONE',  ( 1.000000000000000000, 0.000000000000000000, 0.000000000000000000 ) ) ;
#628 = PLANE ( 'NONE',  #1260 ) ;
#629 = VECTOR ( 'NONE', #1410, 1000.000000000000000 ) ;
#630 = ADVANCED_FACE ( 'NONE', ( #1437 ), #769, .T. ) ;
#631 = ORIENTED_EDGE ( 'NONE', *, *, #1834, .T. ) ;
#632 = PLANE ( 'NONE',  #375 ) ;
#633 = CIRCLE ( 'NONE', #1116, 1.750000000000001554 ) ;
#634 = DIRECTION ( 'NONE',  ( 0.000000000000000000, 1.000000000000000000, 0.000000000000000000 ) ) ;
#635 = ORIENTED_EDGE ( 'NONE', *, *, #952, .F. ) ;
#636 = VECTOR ( 'NONE', #1980, 1000.000000000000000 ) ;
#637 = ORIENTED_EDGE ( 'NONE', *, *, #2234, .T. ) ;
#638 = CARTESIAN_POINT ( 'NONE',  ( 36.65517241379311031, 52.86206896551728818, 6.000000000000000000 ) ) ;
#639 = VERTEX_POINT ( 'NONE', #1094 ) ;
#640 = CARTESIAN_POINT ( 'NONE',  ( 27.50000000000001421, 51.20000000000003837, 0.000000000000000000 ) ) ;
#641 = EDGE_CURVE ( 'NONE', #286, #95, #235, .T. ) ;
#642 = CARTESIAN_POINT ( 'NONE',  ( 23.60530830047594364, -51.71203832808036793, 6.000000000000000000 ) ) ;
#643 = DIRECTION ( 'NONE',  ( 1.000000000000000000, 0.000000000000000000, 0.000000000000000000 ) ) ;
#644 = EDGE_CURVE ( 'NONE', #1179, #1853, #368, .T. ) ;
#645 = DIRECTION ( 'NONE',  ( -0.000000000000000000, -0.000000000000000000, -1.000000000000000000 ) ) ;
#646 = ORIENTED_EDGE ( 'NONE', *, *, #2261, .F. ) ;
#647 = ORIENTED_EDGE ( 'NONE', *, *, #1937, .T. ) ;
#648 = CYLINDRICAL_SURFACE ( 'NONE', #552, 7.999999999999998224 ) ;
#649 = EDGE_LOOP ( 'NONE', ( #1042, #772, #1874, #1061 ) ) ;
#650 = DIRECTION ( 'NONE',  ( 1.000000000000000000, 4.336808689942015764E-16, 0.000000000000000000 ) ) ;
#651 = LINE ( 'NONE', #307, #892 ) ;
#652 = LINE ( 'NONE', #1482, #141 ) ;
#653 = EDGE_CURVE ( 'NONE', #488, #1009, #945, .T. ) ;
#654 = DIRECTION ( 'NONE',  ( 1.000000000000000000, 0.000000000000000000, 0.000000000000000000 ) ) ;
#655 = ORIENTED_EDGE ( 'NONE', *, *, #1416, .T. ) ;
#656 = EDGE_CURVE ( 'NONE', #1316, #871, #45, .T. ) ;
#657 = ORIENTED_EDGE ( 'NONE', *, *, #416, .F. ) ;
#658 = DIRECTION ( 'NONE',  ( 0.000000000000000000, -0.000000000000000000, -1.000000000000000000 ) ) ;
#659 = ORIENTED_EDGE ( 'NONE', *, *, #2153, .T. ) ;
#660 = LINE ( 'NONE', #149, #257 ) ;
#661 = AXIS2_PLACEMENT_3D ( 'NONE', #277, #2223, #1506 ) ;
#662 = DIRECTION ( 'NONE',  ( 1.000000000000000000, 0.000000000000000000, 0.000000000000000000 ) ) ;
#663 = CARTESIAN_POINT ( 'NONE',  ( 9.500000000000028422, -45.99999999999999289, 6.000000000000000000 ) ) ;
#664 = AXIS2_PLACEMENT_3D ( 'NONE', #1876, #1718, #2238 ) ;
#665 = DIRECTION ( 'NONE',  ( -1.000000000000000000, 0.000000000000000000, 0.000000000000000000 ) ) ;
#666 = VECTOR ( 'NONE', #1621, 1000.000000000000000 ) ;
#667 = VERTEX_POINT ( 'NONE', #1956 ) ;
#668 = AXIS2_PLACEMENT_3D ( 'NONE', #1800, #913, #1441 ) ;
#669 = EDGE_CURVE ( 'NONE', #1819, #361, #1285, .T. ) ;
#670 = ORIENTED_EDGE ( 'NONE', *, *, #376, .F. ) ;
#671 = CIRCLE ( 'NONE', #187, 1.000000000000000888 ) ;
#672 = CARTESIAN_POINT ( 'NONE',  ( -0.5000000000002129408, 45.99999999999998579, 3.000000000000000000 ) ) ;
#673 = VECTOR ( 'NONE', #1, 1000.000000000000000 ) ;
#674 = EDGE_CURVE ( 'NONE', #286, #1009, #614, .T. ) ;
#675 = ORIENTED_EDGE ( 'NONE', *, *, #1062, .T. ) ;
#676 = LINE ( 'NONE', #2220, #1667 ) ;
#677 = CARTESIAN_POINT ( 'NONE',  ( 22.50000000000002132, 37.00000000000002842, 6.000000000000000000 ) ) ;
#678 = DIRECTION ( 'NONE',  ( -1.000000000000000000, 0.000000000000000000, 0.000000000000000000 ) ) ;
#679 = EDGE_LOOP ( 'NONE', ( #1229, #1883, #1697, #510 ) ) ;
#680 = DIRECTION ( 'NONE',  ( 0.000000000000000000, 0.000000000000000000, 1.000000000000000000 ) ) ;
#681 = ORIENTED_EDGE ( 'NONE', *, *, #970, .T. ) ;
#682 = ORIENTED_EDGE ( 'NONE', *, *, #474, .T. ) ;
#683 = ORIENTED_EDGE ( 'NONE', *, *, #1808, .T. ) ;
#684 = LINE ( 'NONE', #1387, #1597 ) ;
#685 = CARTESIAN_POINT ( 'NONE',  ( -28.99999999999998934, -27.00000000000003908, 0.000000000000000000 ) ) ;
#686 = EDGE_CURVE ( 'NONE', #237, #1700, #1742, .T. ) ;
#687 = DIRECTION ( 'NONE',  ( -0.000000000000000000, -0.000000000000000000, -1.000000000000000000 ) ) ;
#688 = DIRECTION ( 'NONE',  ( -1.000000000000000000, 0.000000000000000000, 0.000000000000000000 ) ) ;
#689 = ORIENTED_EDGE ( 'NONE', *, *, #597, .F. ) ;
#690 = CARTESIAN_POINT ( 'NONE',  ( -21.99999999999998934, -34.00000000000003553, 0.000000000000000000 ) ) ;
#691 = ORIENTED_EDGE ( 'NONE', *, *, #1349, .F. ) ;
#692 =( BOUNDED_CURVE ( )  B_SPLINE_CURVE ( 3, ( #873, #864, #1757, #1579 ),
 .UNSPECIFIED., .F., .T. ) 
 B_SPLINE_CURVE_WITH_KNOTS ( ( 4, 4 ),
 ( 4.712388980384689674, 6.283185307179586232 ),
 .UNSPECIFIED. ) 
 CURVE ( )  GEOMETRIC_REPRESENTATION_ITEM ( )  RATIONAL_B_SPLINE_CURVE ( ( 1.000000000000000000, 0.8047378541243649375, 0.8047378541243649375, 1.000000000000000000 ) ) 
 REPRESENTATION_ITEM ( '' )  );
#693 = EDGE_LOOP ( 'NONE', ( #465, #493, #998, #1972 ) ) ;
#694 = ORIENTED_EDGE ( 'NONE', *, *, #1861, .F. ) ;
#695 = DIRECTION ( 'NONE',  ( 0.000000000000000000, 0.000000000000000000, -1.000000000000000000 ) ) ;
#696 = DIRECTION ( 'NONE',  ( -1.000000000000000000, 6.308085367188392213E-16, 0.000000000000000000 ) ) ;
#697 = EDGE_CURVE ( 'NONE', #2227, #1750, #2168, .T. ) ;
#698 = CARTESIAN_POINT ( 'NONE',  ( -31.00000000000000711, 59.00000000000002842, 4.500000000000000888 ) ) ;
#699 = ORIENTED_EDGE ( 'NONE', *, *, #252, .F. ) ;
#700 = CARTESIAN_POINT ( 'NONE',  ( -0.4999999999999930611, 46.00000000000001421, 0.000000000000000000 ) ) ;
#701 = ADVANCED_FACE ( 'NONE', ( #1838 ), #280, .F. ) ;
#702 = ORIENTED_EDGE ( 'NONE', *, *, #1291, .T. ) ;
#703 = AXIS2_PLACEMENT_3D ( 'NONE', #1449, #190, #2159 ) ;
#704 = ORIENTED_EDGE ( 'NONE', *, *, #460, .T. ) ;
#705 = VECTOR ( 'NONE', #1117, 1000.000000000000000 ) ;
#706 = AXIS2_PLACEMENT_3D ( 'NONE', #685, #507, #1222 ) ;
#707 = EDGE_LOOP ( 'NONE', ( #2239, #837, #689, #1664 ) ) ;
#708 = LINE ( 'NONE', #520, #299 ) ;
#709 = VECTOR ( 'NONE', #538, 1000.000000000000000 ) ;
#710 = CARTESIAN_POINT ( 'NONE',  ( 27.50000000000001421, 52.70000000000003837, 0.000000000000000000 ) ) ;
#711 = CARTESIAN_POINT ( 'NONE',  ( 22.50000000000002132, 37.00000000000002842, 0.000000000000000000 ) ) ;
#712 = VERTEX_POINT ( 'NONE', #2054 ) ;
#713 = CARTESIAN_POINT ( 'NONE',  ( -27.99999999999998579, -27.00000000000003908, 0.000000000000000000 ) ) ;
#714 = ADVANCED_FACE ( 'NONE', ( #1307 ), #2200, .F. ) ;
#715 = EDGE_LOOP ( 'NONE', ( #82, #530, #691, #2083 ) ) ;
#716 = LINE ( 'NONE', #919, #709 ) ;
#717 = ADVANCED_FACE ( 'NONE', ( #461 ), #1496, .F. ) ;
#718 = ORIENTED_EDGE ( 'NONE', *, *, #2167, .T. ) ;
#719 = ORIENTED_EDGE ( 'NONE', *, *, #2067, .T. ) ;
#720 = CARTESIAN_POINT ( 'NONE',  ( 21.50000000000001776, -34.00000000000003553, 0.000000000000000000 ) ) ;
#721 = DIRECTION ( 'NONE',  ( -0.000000000000000000, 1.000000000000000000, 0.000000000000000000 ) ) ;
#722 = CARTESIAN_POINT ( 'NONE',  ( -30.99999999999999289, -46.00000000000002132, 1.500000000000011324 ) ) ;
#723 = CYLINDRICAL_SURFACE ( 'NONE', #2076, 1.750000000000001554 ) ;
#724 = ORIENTED_EDGE ( 'NONE', *, *, #2098, .F. ) ;
#725 = CARTESIAN_POINT ( 'NONE',  ( -27.99999999999998579, -27.00000000000003908, 6.000000000000000000 ) ) ;
#726 = CARTESIAN_POINT ( 'NONE',  ( -22.99999999999998934, -28.00000000000003908, 6.000000000000000000 ) ) ;
#727 = ORIENTED_EDGE ( 'NONE', *, *, #2135, .T. ) ;
#728 = EDGE_CURVE ( 'NONE', #537, #1123, #333, .T. ) ;
#729 = ORIENTED_EDGE ( 'NONE', *, *, #12, .T. ) ;
#730 = FACE_OUTER_BOUND ( 'NONE', #1145, .T. ) ;
#731 = DIRECTION ( 'NONE',  ( 0.000000000000000000, -0.000000000000000000, 1.000000000000000000 ) ) ;
#732 = CARTESIAN_POINT ( 'NONE',  ( 20.30597281152820344, -59.00000000000002132, 6.000000000000000000 ) ) ;
#733 = CARTESIAN_POINT ( 'NONE',  ( -29.68999999999999062, -32.57999999999996987, -4.000000000000000000 ) ) ;
#734 = ORIENTED_EDGE ( 'NONE', *, *, #1320, .F. ) ;
#735 = DIRECTION ( 'NONE',  ( 1.000000000000000000, 0.000000000000000000, 0.000000000000000000 ) ) ;
#736 = ORIENTED_EDGE ( 'NONE', *, *, #1763, .T. ) ;
#737 = AXIS2_PLACEMENT_3D ( 'NONE', #1424, #13, #366 ) ;
#738 = EDGE_CURVE ( 'NONE', #2020, #2059, #2010, .T. ) ;
#739 = ORIENTED_EDGE ( 'NONE', *, *, #625, .F. ) ;
#740 = AXIS2_PLACEMENT_3D ( 'NONE', #822, #795, #2213 ) ;
#741 = LINE ( 'NONE', #904, #1372 ) ;
#742 = AXIS2_PLACEMENT_3D ( 'NONE', #1397, #349, #193 ) ;
#743 = EDGE_CURVE ( 'NONE', #1438, #367, #441, .T. ) ;
#744 = DIRECTION ( 'NONE',  ( -1.508455196501570936E-16, 1.000000000000000000, 0.000000000000000000 ) ) ;
#745 = DIRECTION ( 'NONE',  ( -1.000000000000000000, -3.016910393003143845E-16, 0.000000000000000000 ) ) ;
#746 = VECTOR ( 'NONE', #580, 1000.000000000000000 ) ;
#747 = CARTESIAN_POINT ( 'NONE',  ( 22.50000000000002132, 38.00000000000002842, 6.000000000000000000 ) ) ;
#748 = VECTOR ( 'NONE', #1421, 1000.000000000000000 ) ;
#749 = DIRECTION ( 'NONE',  ( 0.000000000000000000, 0.000000000000000000, -1.000000000000000000 ) ) ;
#750 = DIRECTION ( 'NONE',  ( -0.000000000000000000, -0.000000000000000000, -1.000000000000000000 ) ) ;
#751 = VERTEX_POINT ( 'NONE', #1882 ) ;
#752 = CARTESIAN_POINT ( 'NONE',  ( -27.99999999999999289, 29.00000000000002132, 0.000000000000000000 ) ) ;
#753 = PLANE ( 'NONE',  #1628 ) ;
#754 = EDGE_CURVE ( 'NONE', #1750, #1353, #1399, .T. ) ;
#755 = CARTESIAN_POINT ( 'NONE',  ( 37.00000000000001421, 52.50000000000004974, 6.000000000000000000 ) ) ;
#756 = DIRECTION ( 'NONE',  ( 1.000000000000000000, 0.000000000000000000, 0.000000000000000000 ) ) ;
#757 = LINE ( 'NONE', #2198, #1480 ) ;
#758 = DIRECTION ( 'NONE',  ( -1.000000000000000000, 0.000000000000000000, 0.000000000000000000 ) ) ;
#759 = DIRECTION ( 'NONE',  ( 0.000000000000000000, 1.000000000000000000, 0.000000000000000000 ) ) ;
#760 = ORIENTED_EDGE ( 'NONE', *, *, #1046, .T. ) ;
#761 = CARTESIAN_POINT ( 'NONE',  ( -27.99999999999999289, 30.00000000000002487, 6.000000000000000000 ) ) ;
#762 = CARTESIAN_POINT ( 'NONE',  ( -31.00000000000000711, 43.00000000000002132, 6.000000000000000000 ) ) ;
#763 = DIRECTION ( 'NONE',  ( -0.9109952089899574501, 0.4124169361184673033, 0.000000000000000000 ) ) ;
#764 = EDGE_CURVE ( 'NONE', #140, #1653, #890, .T. ) ;
#765 = EDGE_LOOP ( 'NONE', ( #163, #2206, #810, #2080 ) ) ;
#766 = CARTESIAN_POINT ( 'NONE',  ( -32.50000000000000711, 44.50000000000000000, 1.500000000000000000 ) ) ;
#767 = CYLINDRICAL_SURFACE ( 'NONE', #966, 6.024999999999967493 ) ;
#768 = EDGE_CURVE ( 'NONE', #2011, #260, #1168, .T. ) ;
#769 = CYLINDRICAL_SURFACE ( 'NONE', #1112, 0.5000000000000004441 ) ;
#770 = ORIENTED_EDGE ( 'NONE', *, *, #42, .T. ) ;
#771 = VECTOR ( 'NONE', #491, 1000.000000000000000 ) ;
#772 = ORIENTED_EDGE ( 'NONE', *, *, #317, .T. ) ;
#773 = FACE_OUTER_BOUND ( 'NONE', #2229, .T. ) ;
#774 = VECTOR ( 'NONE', #2228, 1000.000000000000000 ) ;
#775 = PRODUCT_DEFINITION_FORMATION_WITH_SPECIFIED_SOURCE ( 'ANY', '', #1928, .NOT_KNOWN. ) ;
#776 = VECTOR ( 'NONE', #1098, 1000.000000000000000 ) ;
#777 = CARTESIAN_POINT ( 'NONE',  ( 37.50000000000002842, -49.00000000000002842, 6.000000000000000000 ) ) ;
#778 = DIRECTION ( 'NONE',  ( 0.000000000000000000, -1.000000000000000000, 0.000000000000000000 ) ) ;
#779 = VECTOR ( 'NONE', #1836, 1000.000000000000000 ) ;
#780 = CARTESIAN_POINT ( 'NONE',  ( -26.18999999999999417, 36.00000000000002842, -4.000000000000000000 ) ) ;
#781 = EDGE_CURVE ( 'NONE', #1107, #1451, #1515, .T. ) ;
#782 = LINE ( 'NONE', #1996, #2075 ) ;
#783 = VECTOR ( 'NONE', #547, 1000.000000000000000 ) ;
#784 = CARTESIAN_POINT ( 'NONE',  ( -29.68999999999999773, 36.00000000000002842, -4.000000000000000000 ) ) ;
#785 = DIRECTION ( 'NONE',  ( 1.217349807703021130E-16, -1.000000000000000000, 0.000000000000000000 ) ) ;
#786 = ORIENTED_EDGE ( 'NONE', *, *, #787, .F. ) ;
#787 = EDGE_CURVE ( 'NONE', #1840, #1652, #889, .T. ) ;
#788 = CARTESIAN_POINT ( 'NONE',  ( 3.742640687119283438, -43.00000000000003553, 3.000000000000010658 ) ) ;
#789 = FACE_OUTER_BOUND ( 'NONE', #200, .T. ) ;
#790 = CARTESIAN_POINT ( 'NONE',  ( 9.500000000000028422, -45.99999999999999289, 6.000000000000000000 ) ) ;
#791 = DIRECTION ( 'NONE',  ( 1.000000000000000000, 0.000000000000000000, 0.000000000000000000 ) ) ;
#792 = DIRECTION ( 'NONE',  ( -0.000000000000000000, -0.000000000000000000, -1.000000000000000000 ) ) ;
#793 = CARTESIAN_POINT ( 'NONE',  ( 37.50000000000001421, 52.50000000000004974, 0.000000000000000000 ) ) ;
#794 = CARTESIAN_POINT ( 'NONE',  ( 27.50000000000001421, 52.70000000000003837, 6.000000000000000000 ) ) ;
#795 = DIRECTION ( 'NONE',  ( 0.000000000000000000, 0.000000000000000000, 1.000000000000000000 ) ) ;
#796 = ORIENTED_EDGE ( 'NONE', *, *, #1564, .T. ) ;
#797 = EDGE_CURVE ( 'NONE', #2011, #812, #1715, .T. ) ;
#798 = ORIENTED_EDGE ( 'NONE', *, *, #2012, .T. ) ;
#799 = PLANE ( 'NONE',  #33 ) ;
#800 = DIRECTION ( 'NONE',  ( 0.000000000000000000, 0.000000000000000000, -1.000000000000000000 ) ) ;
#801 = ORIENTED_EDGE ( 'NONE', *, *, #859, .T. ) ;
#802 = CARTESIAN_POINT ( 'NONE',  ( -23.49999999999999645, 37.00000000000002132, 0.000000000000000000 ) ) ;
#803 = SHAPE_DEFINITION_REPRESENTATION ( #1574, #1265 ) ;
#804 = CARTESIAN_POINT ( 'NONE',  ( 22.50000000000002132, -35.00000000000003553, 0.000000000000000000 ) ) ;
#805 = APPLICATION_CONTEXT ( 'automotive_design' ) ;
#806 = DIRECTION ( 'NONE',  ( 0.000000000000000000, 1.000000000000000000, 0.000000000000000000 ) ) ;
#807 = DIRECTION ( 'NONE',  ( 1.508455196501571183E-16, -1.000000000000000000, 0.000000000000000000 ) ) ;
#808 = FACE_BOUND ( 'NONE', #1789, .T. ) ;
#809 = ORIENTED_EDGE ( 'NONE', *, *, #429, .F. ) ;
#810 = ORIENTED_EDGE ( 'NONE', *, *, #329, .F. ) ;
#811 = EDGE_CURVE ( 'NONE', #596, #1242, #1871, .T. ) ;
#812 = VERTEX_POINT ( 'NONE', #92 ) ;
#813 = AXIS2_PLACEMENT_3D ( 'NONE', #1272, #1430, #1682 ) ;
#814 = CARTESIAN_POINT ( 'NONE',  ( -23.49999999999999645, 30.00000000000002132, 6.000000000000000000 ) ) ;
#815 = ADVANCED_FACE ( 'NONE', ( #980 ), #119, .T. ) ;
#816 = AXIS2_PLACEMENT_3D ( 'NONE', #432, #1651, #208 ) ;
#817 = DIRECTION ( 'NONE',  ( 1.508455196501571183E-16, -1.000000000000000000, 0.000000000000000000 ) ) ;
#818 = CIRCLE ( 'NONE', #1228, 1.750000000000001554 ) ;
#819 = ORIENTED_EDGE ( 'NONE', *, *, #142, .F. ) ;
#820 = CARTESIAN_POINT ( 'NONE',  ( -21.99999999999998934, -35.00000000000003553, 6.000000000000000000 ) ) ;
#821 = AXIS2_PLACEMENT_3D ( 'NONE', #720, #695, #1959 ) ;
#822 = CARTESIAN_POINT ( 'NONE',  ( 20.30597281152818923, 59.00000000000003553, 0.000000000000000000 ) ) ;
#823 = ORIENTED_EDGE ( 'NONE', *, *, #568, .F. ) ;
#824 = VECTOR ( 'NONE', #292, 1000.000000000000000 ) ;
#825 = ORIENTED_EDGE ( 'NONE', *, *, #697, .T. ) ;
#826 = LINE ( 'NONE', #1529, #774 ) ;
#827 = ORIENTED_EDGE ( 'NONE', *, *, #1705, .T. ) ;
#828 = DIRECTION ( 'NONE',  ( 0.000000000000000000, 0.000000000000000000, 1.000000000000000000 ) ) ;
#829 = DIRECTION ( 'NONE',  ( 1.508455196501571183E-16, -1.000000000000000000, 0.000000000000000000 ) ) ;
#830 = ADVANCED_FACE ( 'NONE', ( #1340, #81, #808, #605, #1510, #259 ), #1315, .F. ) ;
#831 = LINE ( 'NONE', #78, #1812 ) ;
#832 = VERTEX_POINT ( 'NONE', #1526 ) ;
#833 = CARTESIAN_POINT ( 'NONE',  ( -27.93999999999999062, -32.57999999999996987, -4.000000000000000000 ) ) ;
#834 = ORIENTED_EDGE ( 'NONE', *, *, #1805, .F. ) ;
#835 = EDGE_LOOP ( 'NONE', ( #2136, #1220, #1642, #2151 ) ) ;
#836 = CARTESIAN_POINT ( 'NONE',  ( 32.50000000000002842, -51.20000000000002416, 6.000000000000000000 ) ) ;
#837 = ORIENTED_EDGE ( 'NONE', *, *, #1115, .F. ) ;
#838 = CYLINDRICAL_SURFACE ( 'NONE', #1930, 6.024999999999967493 ) ;
#839 = PLANE ( 'NONE',  #855 ) ;
#840 = LINE ( 'NONE', #341, #1588 ) ;
#841 = ORIENTED_EDGE ( 'NONE', *, *, #40, .F. ) ;
#842 = DIRECTION ( 'NONE',  ( 0.000000000000000000, 0.000000000000000000, 1.000000000000000000 ) ) ;
#843 = EDGE_CURVE ( 'NONE', #1433, #1382, #1081, .T. ) ;
#844 = ORIENTED_EDGE ( 'NONE', *, *, #1273, .F. ) ;
#845 = ORIENTED_EDGE ( 'NONE', *, *, #970, .F. ) ;
#846 = CARTESIAN_POINT ( 'NONE',  ( -31.87867965644036872, 43.00000000000002132, 2.999999999999998668 ) ) ;
#847 = ORIENTED_EDGE ( 'NONE', *, *, #2125, .T. ) ;
#848 = CARTESIAN_POINT ( 'NONE',  ( -32.49999999999999289, -41.50000000000003553, 4.500000000000000888 ) ) ;
#849 = VECTOR ( 'NONE', #326, 1000.000000000000000 ) ;
#850 = LINE ( 'NONE', #2086, #1595 ) ;
#851 = PLANE ( 'NONE',  #584 ) ;
#852 = AXIS2_PLACEMENT_3D ( 'NONE', #1806, #750, #1999 ) ;
#853 = ORIENTED_EDGE ( 'NONE', *, *, #985, .F. ) ;
#854 = DIRECTION ( 'NONE',  ( 0.000000000000000000, -0.000000000000000000, -1.000000000000000000 ) ) ;
#855 = AXIS2_PLACEMENT_3D ( 'NONE', #2231, #1895, #1039 ) ;
#856 = VERTEX_POINT ( 'NONE', #457 ) ;
#857 = VERTEX_POINT ( 'NONE', #1505 ) ;
#858 = VECTOR ( 'NONE', #1458, 1000.000000000000000 ) ;
#859 = EDGE_CURVE ( 'NONE', #1208, #2115, #31, .T. ) ;
#860 = CARTESIAN_POINT ( 'NONE',  ( -30.99999999999999289, -43.00000000000003553, 6.000000000000010658 ) ) ;
#861 = VECTOR ( 'NONE', #2279, 1000.000000000000000 ) ;
#862 = ORIENTED_EDGE ( 'NONE', *, *, #2041, .F. ) ;
#863 = CARTESIAN_POINT ( 'NONE',  ( -0.4999999999999891753, -43.00000000000003553, 6.000000000000010658 ) ) ;
#864 = CARTESIAN_POINT ( 'NONE',  ( -32.50000000000000711, 45.37867965644036161, 0.6213203435596424962 ) ) ;
#865 = DIRECTION ( 'NONE',  ( 1.000000000000000000, 3.469446951953614583E-15, 0.000000000000000000 ) ) ;
#866 = ORIENTED_EDGE ( 'NONE', *, *, #49, .T. ) ;
#867 = DIRECTION ( 'NONE',  ( 0.000000000000000000, 0.000000000000000000, 1.000000000000000000 ) ) ;
#868 = EDGE_LOOP ( 'NONE', ( #1392, #1599, #121, #245 ) ) ;
#869 = ORIENTED_EDGE ( 'NONE', *, *, #1644, .T. ) ;
#870 = EDGE_CURVE ( 'NONE', #336, #237, #51, .T. ) ;
#871 = VERTEX_POINT ( 'NONE', #1303 ) ;
#872 = DIRECTION ( 'NONE',  ( 1.000000000000000000, 0.000000000000000000, 0.000000000000000000 ) ) ;
#873 = CARTESIAN_POINT ( 'NONE',  ( -32.50000000000000711, 44.50000000000000000, 1.500000000000000000 ) ) ;
#874 = CARTESIAN_POINT ( 'NONE',  ( 27.00000000000001421, 52.70000000000003837, 0.000000000000000000 ) ) ;
#875 = ORIENTED_EDGE ( 'NONE', *, *, #240, .F. ) ;
#876 = CARTESIAN_POINT ( 'NONE',  ( 37.50000000000001421, 52.50000000000004974, 6.000000000000000000 ) ) ;
#877 = ORIENTED_EDGE ( 'NONE', *, *, #1334, .F. ) ;
#878 = ORIENTED_EDGE ( 'NONE', *, *, #1241, .T. ) ;
#879 = ORIENTED_EDGE ( 'NONE', *, *, #1519, .F. ) ;
#880 = DIRECTION ( 'NONE',  ( -1.000000000000000000, 0.000000000000000000, 0.000000000000000000 ) ) ;
#881 = EDGE_CURVE ( 'NONE', #1250, #351, #1879, .T. ) ;
#882 = FACE_OUTER_BOUND ( 'NONE', #1171, .T. ) ;
#883 = CARTESIAN_POINT ( 'NONE',  ( 37.50000000000001421, 49.00000000000004263, 6.000000000000000000 ) ) ;
#884 = EDGE_CURVE ( 'NONE', #1707, #2122, #850, .T. ) ;
#885 = ORIENTED_EDGE ( 'NONE', *, *, #768, .F. ) ;
#886 = CIRCLE ( 'NONE', #248, 1.000000000000000888 ) ;
#887 = LINE ( 'NONE', #1795, #378 ) ;
#888 = ORIENTED_EDGE ( 'NONE', *, *, #416, .T. ) ;
#889 = CIRCLE ( 'NONE', #2173, 8.000000000000000000 ) ;
#890 = CIRCLE ( 'NONE', #923, 1.000000000000000888 ) ;
#891 = ORIENTED_EDGE ( 'NONE', *, *, #641, .T. ) ;
#892 = VECTOR ( 'NONE', #687, 1000.000000000000000 ) ;
#893 = VECTOR ( 'NONE', #314, 1000.000000000000000 ) ;
#894 = ORIENTED_EDGE ( 'NONE', *, *, #1015, .T. ) ;
#895 = DIRECTION ( 'NONE',  ( -0.000000000000000000, 1.000000000000000000, -0.000000000000000000 ) ) ;
#896 = AXIS2_PLACEMENT_3D ( 'NONE', #459, #1132, #80 ) ;
#897 = CARTESIAN_POINT ( 'NONE',  ( -0.4999999999999816813, 51.00000000000000711, 6.000000000000000000 ) ) ;
#898 = CYLINDRICAL_SURFACE ( 'NONE', #331, 7.999999999999998224 ) ;
#899 = LINE ( 'NONE', #1274, #673 ) ;
#900 = EDGE_CURVE ( 'NONE', #1759, #1408, #692, .T. ) ;
#901 = LINE ( 'NONE', #1804, #101 ) ;
#902 = ORIENTED_EDGE ( 'NONE', *, *, #2234, .F. ) ;
#903 = ORIENTED_EDGE ( 'NONE', *, *, #950, .T. ) ;
#904 = CARTESIAN_POINT ( 'NONE',  ( -0.4999999999999692468, -51.00000000000000000, 0.000000000000000000 ) ) ;
#905 = DIRECTION ( 'NONE',  ( -0.000000000000000000, -0.000000000000000000, -1.000000000000000000 ) ) ;
#906 = DIRECTION ( 'NONE',  ( -1.000000000000000000, -4.336808689942015764E-16, -0.000000000000000000 ) ) ;
#907 = DIRECTION ( 'NONE',  ( -0.000000000000000000, -0.000000000000000000, -1.000000000000000000 ) ) ;
#908 = EDGE_LOOP ( 'NONE', ( #1422, #528, #935, #1169 ) ) ;
#909 = EDGE_CURVE ( 'NONE', #1202, #336, #2032, .T. ) ;
#910 = PLANE ( 'NONE',  #1187 ) ;
#911 = VERTEX_POINT ( 'NONE', #2276 ) ;
#912 = EDGE_CURVE ( 'NONE', #367, #832, #2061, .T. ) ;
#913 = DIRECTION ( 'NONE',  ( 0.4124169361184673033, -0.9109952089899574501, 0.000000000000000000 ) ) ;
#914 =( BOUNDED_CURVE ( )  B_SPLINE_CURVE ( 3, ( #848, #2060, #1743, #287 ),
 .UNSPECIFIED., .F., .T. ) 
 B_SPLINE_CURVE_WITH_KNOTS ( ( 4, 4 ),
 ( 1.570796326794896558, 3.141592653589793116 ),
 .UNSPECIFIED. ) 
 CURVE ( )  GEOMETRIC_REPRESENTATION_ITEM ( )  RATIONAL_B_SPLINE_CURVE ( ( 1.000000000000000000, 0.8047378541243649375, 0.8047378541243649375, 1.000000000000000000 ) ) 
 REPRESENTATION_ITEM ( '' )  );
#915 = DIRECTION ( 'NONE',  ( 0.000000000000000000, 0.000000000000000000, 1.000000000000000000 ) ) ;
#916 = CARTESIAN_POINT ( 'NONE',  ( 27.50000000000002842, -51.20000000000002416, 6.000000000000000000 ) ) ;
#917 = CARTESIAN_POINT ( 'NONE',  ( -23.49999999999999645, 31.00000000000002132, 0.000000000000000000 ) ) ;
#918 = EDGE_LOOP ( 'NONE', ( #922, #619, #724, #424, #655, #129 ) ) ;
#919 = CARTESIAN_POINT ( 'NONE',  ( 27.50000000000001421, 52.70000000000003837, 0.000000000000000000 ) ) ;
#920 = AXIS2_PLACEMENT_3D ( 'NONE', #1312, #1696, #1522 ) ;
#921 = DIRECTION ( 'NONE',  ( 0.000000000000000000, 0.000000000000000000, 1.000000000000000000 ) ) ;
#922 = ORIENTED_EDGE ( 'NONE', *, *, #1546, .T. ) ;
#923 = AXIS2_PLACEMENT_3D ( 'NONE', #1677, #1850, #271 ) ;
#924 = EDGE_CURVE ( 'NONE', #1216, #596, #439, .T. ) ;
#925 = AXIS2_PLACEMENT_3D ( 'NONE', #171, #1429, #533 ) ;
#926 = DIRECTION ( 'NONE',  ( 0.000000000000000000, 1.000000000000000000, 0.000000000000000000 ) ) ;
#927 = VECTOR ( 'NONE', #1071, 1000.000000000000000 ) ;
#928 = LINE ( 'NONE', #2207, #2143 ) ;
#929 = DIRECTION ( 'NONE',  ( -3.016910393003143845E-16, 1.000000000000000000, 0.000000000000000000 ) ) ;
#930 = AXIS2_PLACEMENT_3D ( 'NONE', #833, #154, #643 ) ;
#931 = DIRECTION ( 'NONE',  ( 1.000000000000000000, 0.000000000000000000, 0.000000000000000000 ) ) ;
#932 = DIRECTION ( 'NONE',  ( 8.673617379883906296E-16, -1.000000000000000000, 0.000000000000000000 ) ) ;
#933 = CARTESIAN_POINT ( 'NONE',  ( 27.50000000000002842, -52.70000000000002416, 6.000000000000000000 ) ) ;
#934 = LINE ( 'NONE', #390, #294 ) ;
#935 = ORIENTED_EDGE ( 'NONE', *, *, #1961, .T. ) ;
#936 = CARTESIAN_POINT ( 'NONE',  ( -32.50000000000000000, -45.37867965644036161, 0.6213203435596458268 ) ) ;
#937 = EDGE_CURVE ( 'NONE', #1762, #2091, #1782, .T. ) ;
#938 = LINE ( 'NONE', #2023, #1149 ) ;
#939 = EDGE_CURVE ( 'NONE', #1382, #2059, #2266, .T. ) ;
#940 = DIRECTION ( 'NONE',  ( 1.000000000000000000, 0.000000000000000000, 0.000000000000000000 ) ) ;
#941 = DIRECTION ( 'NONE',  ( -0.000000000000000000, -0.000000000000000000, -1.000000000000000000 ) ) ;
#942 = ORIENTED_EDGE ( 'NONE', *, *, #1796, .F. ) ;
#943 = LINE ( 'NONE', #2179, #779 ) ;
#944 = LINE ( 'NONE', #2211, #1559 ) ;
#945 = LINE ( 'NONE', #550, #1148 ) ;
#946 = ORIENTED_EDGE ( 'NONE', *, *, #1635, .F. ) ;
#947 = ORIENTED_EDGE ( 'NONE', *, *, #607, .T. ) ;
#948 = CARTESIAN_POINT ( 'NONE',  ( 22.50000000000002132, -35.00000000000003553, 6.000000000000000000 ) ) ;
#949 = LINE ( 'NONE', #777, #705 ) ;
#950 = EDGE_CURVE ( 'NONE', #871, #2113, #1331, .T. ) ;
#951 = CARTESIAN_POINT ( 'NONE',  ( -27.93999999999999062, -32.57999999999996987, -4.000000000000000000 ) ) ;
#952 = EDGE_CURVE ( 'NONE', #712, #2149, #1175, .T. ) ;
#953 = FACE_OUTER_BOUND ( 'NONE', #1783, .T. ) ;
#954 = LINE ( 'NONE', #1305, #151 ) ;
#955 = DIRECTION ( 'NONE',  ( -0.000000000000000000, -0.000000000000000000, -1.000000000000000000 ) ) ;
#956 = DIRECTION ( 'NONE',  ( -1.000000000000000000, 0.000000000000000000, 0.000000000000000000 ) ) ;
#957 = ORIENTED_EDGE ( 'NONE', *, *, #1948, .F. ) ;
#958 = AXIS2_PLACEMENT_3D ( 'NONE', #420, #749, #1968 ) ;
#959 = VECTOR ( 'NONE', #1017, 1000.000000000000000 ) ;
#960 = ORIENTED_EDGE ( 'NONE', *, *, #1988, .T. ) ;
#961 = VECTOR ( 'NONE', #1699, 1000.000000000000000 ) ;
#962 = AXIS2_PLACEMENT_3D ( 'NONE', #1963, #1779, #2154 ) ;
#963 = DIRECTION ( 'NONE',  ( 1.000000000000000000, 0.000000000000000000, 0.000000000000000000 ) ) ;
#964 = AXIS2_PLACEMENT_3D ( 'NONE', #135, #2240, #650 ) ;
#965 = DIRECTION ( 'NONE',  ( 0.4124169361184673033, 0.9109952089899574501, -0.000000000000000000 ) ) ;
#966 = AXIS2_PLACEMENT_3D ( 'NONE', #1469, #955, #2189 ) ;
#967 = FACE_OUTER_BOUND ( 'NONE', #622, .T. ) ;
#968 = VECTOR ( 'NONE', #2144, 1000.000000000000000 ) ;
#969 = CARTESIAN_POINT ( 'NONE',  ( 32.50000000000002842, -57.22499999999999432, 6.000000000000000000 ) ) ;
#970 = EDGE_CURVE ( 'NONE', #526, #1025, #2077, .T. ) ;
#971 = DIRECTION ( 'NONE',  ( 1.000000000000000000, 0.000000000000000000, 0.000000000000000000 ) ) ;
#972 = EDGE_LOOP ( 'NONE', ( #2124, #153, #1583, #2092 ) ) ;
#973 = LINE ( 'NONE', #788, #2145 ) ;
#974 = DIRECTION ( 'NONE',  ( -1.000000000000000000, 0.000000000000000000, 0.000000000000000000 ) ) ;
#975 = DIRECTION ( 'NONE',  ( -0.000000000000000000, 0.000000000000000000, -1.000000000000000000 ) ) ;
#976 = CARTESIAN_POINT ( 'NONE',  ( 37.50000000000001421, 49.00000000000004263, 0.000000000000000000 ) ) ;
#977 = ORIENTED_EDGE ( 'NONE', *, *, #126, .F. ) ;
#978 = LINE ( 'NONE', #579, #261 ) ;
#979 = DIRECTION ( 'NONE',  ( 1.000000000000000000, 0.000000000000000000, 0.000000000000000000 ) ) ;
#980 = FACE_OUTER_BOUND ( 'NONE', #2259, .T. ) ;
#981 = ORIENTED_EDGE ( 'NONE', *, *, #429, .T. ) ;
#982 = ADVANCED_FACE ( 'NONE', ( #1533 ), #839, .F. ) ;
#983 = UNCERTAINTY_MEASURE_WITH_UNIT (LENGTH_MEASURE( 1.000000000000000082E-05 ), #409, 'distance_accuracy_value', 'NONE');
#984 = VERTEX_POINT ( 'NONE', #677 ) ;
#985 = EDGE_CURVE ( 'NONE', #1853, #2115, #651, .T. ) ;
#986 = CARTESIAN_POINT ( 'NONE',  ( -22.49999999999999645, 37.00000000000002132, 6.000000000000000000 ) ) ;
#987 = ORIENTED_EDGE ( 'NONE', *, *, #625, .T. ) ;
#988 = DIRECTION ( 'NONE',  ( -0.000000000000000000, -0.000000000000000000, -1.000000000000000000 ) ) ;
#989 = CARTESIAN_POINT ( 'NONE',  ( 3.742640687119283438, -46.00000000000001421, 3.000000000000011546 ) ) ;
#990 = ORIENTED_EDGE ( 'NONE', *, *, #49, .F. ) ;
#991 = CARTESIAN_POINT ( 'NONE',  ( 20.30597281152820344, -51.00000000000002132, 6.000000000000000000 ) ) ;
#992 = DIRECTION ( 'NONE',  ( -1.000000000000000000, 6.308085367188392213E-16, 0.000000000000000000 ) ) ;
#993 = VERTEX_POINT ( 'NONE', #1016 ) ;
#994 = ADVANCED_FACE ( 'NONE', ( #1542 ), #1381, .F. ) ;
#995 = VERTEX_POINT ( 'NONE', #1205 ) ;
#996 = CARTESIAN_POINT ( 'NONE',  ( -31.00000000000000711, 46.00000000000000000, 3.000000000000000000 ) ) ;
#997 = EDGE_CURVE ( 'NONE', #1179, #1208, #1906, .T. ) ;
#998 = ORIENTED_EDGE ( 'NONE', *, *, #764, .F. ) ;
#999 = AXIS2_PLACEMENT_3D ( 'NONE', #2267, #1206, #688 ) ;
#1000 = FACE_OUTER_BOUND ( 'NONE', #1034, .T. ) ;
#1001 = AXIS2_PLACEMENT_3D ( 'NONE', #1172, #475, #1539 ) ;
#1002 = DIRECTION ( 'NONE',  ( 0.000000000000000000, 0.000000000000000000, 1.000000000000000000 ) ) ;
#1003 = DIRECTION ( 'NONE',  ( 1.000000000000000000, 0.000000000000000000, 0.000000000000000000 ) ) ;
#1004 = AXIS2_PLACEMENT_3D ( 'NONE', #1479, #2187, #601 ) ;
#1005 = VERTEX_POINT ( 'NONE', #136 ) ;
#1006 = DIRECTION ( 'NONE',  ( -1.000000000000000000, 0.000000000000000000, 0.000000000000000000 ) ) ;
#1007 = VECTOR ( 'NONE', #895, 1000.000000000000000 ) ;
#1008 = CARTESIAN_POINT ( 'NONE',  ( -28.99999999999999289, 30.00000000000002487, 0.000000000000000000 ) ) ;
#1009 = VERTEX_POINT ( 'NONE', #325 ) ;
#1010 = CIRCLE ( 'NONE', #2253, 1.750000000000001554 ) ;
#1011 = ORIENTED_EDGE ( 'NONE', *, *, #1861, .T. ) ;
#1012 = DIRECTION ( 'NONE',  ( -1.000000000000000000, 0.000000000000000000, 0.000000000000000000 ) ) ;
#1013 = ORIENTED_EDGE ( 'NONE', *, *, #1364, .T. ) ;
#1014 = DIRECTION ( 'NONE',  ( 0.000000000000000000, 1.000000000000000000, -2.891205793294702978E-16 ) ) ;
#1015 = EDGE_CURVE ( 'NONE', #1408, #526, #1745, .T. ) ;
#1016 = CARTESIAN_POINT ( 'NONE',  ( -0.4999999999999865663, -43.00000000000003553, 6.000000000000000000 ) ) ;
#1017 = DIRECTION ( 'NONE',  ( 1.000000000000000000, 0.000000000000000000, 0.000000000000000000 ) ) ;
#1018 = EDGE_CURVE ( 'NONE', #494, #167, #1929, .T. ) ;
#1019 = ORIENTED_EDGE ( 'NONE', *, *, #1115, .T. ) ;
#1020 = LINE ( 'NONE', #502, #1821 ) ;
#1021 = ORIENTED_EDGE ( 'NONE', *, *, #2052, .F. ) ;
#1022 = ORIENTED_EDGE ( 'NONE', *, *, #1050, .T. ) ;
#1023 = FACE_OUTER_BOUND ( 'NONE', #1851, .T. ) ;
#1024 = CARTESIAN_POINT ( 'NONE',  ( 20.30597281152818923, 59.00000000000003553, 6.000000000000000000 ) ) ;
#1025 = VERTEX_POINT ( 'NONE', #29 ) ;
#1026 = CARTESIAN_POINT ( 'NONE',  ( -24.49999999999999645, 31.00000000000002132, 6.000000000000000000 ) ) ;
#1027 = CARTESIAN_POINT ( 'NONE',  ( -32.49999999999999289, -46.00000000000000000, 6.000000000000000000 ) ) ;
#1028 = DIRECTION ( 'NONE',  ( -0.000000000000000000, -0.000000000000000000, -1.000000000000000000 ) ) ;
#1029 = DIRECTION ( 'NONE',  ( -1.508455196501571183E-16, 1.000000000000000000, 0.000000000000000000 ) ) ;
#1030 = EDGE_LOOP ( 'NONE', ( #321, #1955, #313, #1199 ) ) ;
#1031 = LINE ( 'NONE', #820, #559 ) ;
#1032 = ADVANCED_FACE ( 'NONE', ( #359 ), #1636, .F. ) ;
#1033 = ORIENTED_EDGE ( 'NONE', *, *, #1378, .T. ) ;
#1034 = EDGE_LOOP ( 'NONE', ( #1404, #946, #1417, #462 ) ) ;
#1035 = LINE ( 'NONE', #836, #515 ) ;
#1036 = ORIENTED_EDGE ( 'NONE', *, *, #2153, .F. ) ;
#1037 = DIRECTION ( 'NONE',  ( -0.000000000000000000, 1.000000000000000000, -0.000000000000000000 ) ) ;
#1038 = VECTOR ( 'NONE', #817, 1000.000000000000000 ) ;
#1039 = DIRECTION ( 'NONE',  ( -0.000000000000000000, 0.000000000000000000, 1.000000000000000000 ) ) ;
#1040 = FACE_OUTER_BOUND ( 'NONE', #1030, .T. ) ;
#1041 = VECTOR ( 'NONE', #2133, 1000.000000000000000 ) ;
#1042 = ORIENTED_EDGE ( 'NONE', *, *, #1705, .F. ) ;
#1043 = CARTESIAN_POINT ( 'NONE',  ( -0.4999999999999692468, -51.00000000000000000, 6.000000000000000000 ) ) ;
#1044 = AXIS2_PLACEMENT_3D ( 'NONE', #1105, #915, #1444 ) ;
#1045 = ORIENTED_EDGE ( 'NONE', *, *, #2111, .F. ) ;
#1046 = EDGE_CURVE ( 'NONE', #361, #2175, #1236, .T. ) ;
#1047 = CIRCLE ( 'NONE', #556, 1.000000000000000888 ) ;
#1048 = VERTEX_POINT ( 'NONE', #710 ) ;
#1049 = VECTOR ( 'NONE', #807, 1000.000000000000000 ) ;
#1050 = EDGE_CURVE ( 'NONE', #1707, #1949, #1258, .T. ) ;
#1051 = AXIS2_PLACEMENT_3D ( 'NONE', #1858, #231, #251 ) ;
#1052 = ORIENTED_EDGE ( 'NONE', *, *, #1378, .F. ) ;
#1053 = DIRECTION ( 'NONE',  ( -1.000000000000000000, 0.000000000000000000, 0.000000000000000000 ) ) ;
#1054 = DIRECTION ( 'NONE',  ( 1.000000000000000000, 1.508455196501571183E-16, -0.000000000000000000 ) ) ;
#1055 = CARTESIAN_POINT ( 'NONE',  ( 36.65517241379311031, 52.86206896551728818, 6.000000000000000000 ) ) ;
#1056 = DIRECTION ( 'NONE',  ( 0.000000000000000000, 1.000000000000000000, 0.000000000000000000 ) ) ;
#1057 = ORIENTED_EDGE ( 'NONE', *, *, #1796, .T. ) ;
#1058 = CARTESIAN_POINT ( 'NONE',  ( -29.68999999999999062, -32.57999999999996987, 6.000000000000000000 ) ) ;
#1059 = EDGE_LOOP ( 'NONE', ( #1702, #1497, #902, #719 ) ) ;
#1060 = ADVANCED_FACE ( 'NONE', ( #385 ), #753, .F. ) ;
#1061 = ORIENTED_EDGE ( 'NONE', *, *, #1608, .F. ) ;
#1062 = EDGE_CURVE ( 'NONE', #1839, #2122, #1801, .T. ) ;
#1063 = ORIENTED_EDGE ( 'NONE', *, *, #2052, .T. ) ;
#1064 = FACE_OUTER_BOUND ( 'NONE', #1406, .T. ) ;
#1065 = FACE_OUTER_BOUND ( 'NONE', #1317, .T. ) ;
#1066 = ORIENTED_EDGE ( 'NONE', *, *, #347, .T. ) ;
#1067 = DIRECTION ( 'NONE',  ( -1.000000000000000000, 0.000000000000000000, -0.000000000000000000 ) ) ;
#1068 = ORIENTED_EDGE ( 'NONE', *, *, #764, .T. ) ;
#1069 = ORIENTED_EDGE ( 'NONE', *, *, #1416, .F. ) ;
#1070 = ORIENTED_EDGE ( 'NONE', *, *, #188, .T. ) ;
#1071 = DIRECTION ( 'NONE',  ( 1.000000000000000000, -0.000000000000000000, -0.000000000000000000 ) ) ;
#1072 = EDGE_CURVE ( 'NONE', #1652, #1233, #545, .T. ) ;
#1073 = CARTESIAN_POINT ( 'NONE',  ( 27.50000000000002842, -51.20000000000002416, 6.000000000000000000 ) ) ;
#1074 = DIRECTION ( 'NONE',  ( 0.000000000000000000, 0.000000000000000000, 1.000000000000000000 ) ) ;
#1075 = ORIENTED_EDGE ( 'NONE', *, *, #1204, .T. ) ;
#1076 = VECTOR ( 'NONE', #1290, 1000.000000000000000 ) ;
#1077 = CARTESIAN_POINT ( 'NONE',  ( -30.99999999999999289, -46.00000000000000000, 0.000000000000000000 ) ) ;
#1078 = ORIENTED_EDGE ( 'NONE', *, *, #1201, .T. ) ;
#1079 = AXIS2_PLACEMENT_3D ( 'NONE', #274, #1183, #1912 ) ;
#1080 = CARTESIAN_POINT ( 'NONE',  ( -28.99999999999998934, -26.00000000000003553, 0.000000000000000000 ) ) ;
#1081 = CIRCLE ( 'NONE', #1516, 1.000000000000000888 ) ;
#1082 = CARTESIAN_POINT ( 'NONE',  ( -32.49999999999999289, -41.50000000000003553, 1.499999999999999556 ) ) ;
#1083 = ORIENTED_EDGE ( 'NONE', *, *, #2222, .T. ) ;
#1084 = CIRCLE ( 'NONE', #1300, 1.000000000000000888 ) ;
#1085 = EDGE_LOOP ( 'NONE', ( #1981, #562, #2257, #192 ) ) ;
#1086 = DIRECTION ( 'NONE',  ( 0.000000000000000000, -0.000000000000000000, -1.000000000000000000 ) ) ;
#1087 = VECTOR ( 'NONE', #10, 1000.000000000000000 ) ;
#1088 = CARTESIAN_POINT ( 'NONE',  ( 21.50000000000002132, -35.00000000000003553, 6.000000000000000000 ) ) ;
#1089 = ADVANCED_FACE ( 'NONE', ( #882 ), #2118, .F. ) ;
#1090 = DIRECTION ( 'NONE',  ( 0.000000000000000000, 0.000000000000000000, -1.000000000000000000 ) ) ;
#1091 = CARTESIAN_POINT ( 'NONE',  ( -0.4999999999999816813, 51.00000000000000711, 0.000000000000000000 ) ) ;
#1092 = ADVANCED_FACE ( 'NONE', ( #1065 ), #2286, .T. ) ;
#1093 = VERTEX_POINT ( 'NONE', #2128 ) ;
#1094 = CARTESIAN_POINT ( 'NONE',  ( 26.19000000000000128, 36.00000000000003553, 0.000000000000000000 ) ) ;
#1095 = ORIENTED_EDGE ( 'NONE', *, *, #1919, .F. ) ;
#1096 = VERTEX_POINT ( 'NONE', #1940 ) ;
#1097 = CARTESIAN_POINT ( 'NONE',  ( -32.49999999999999289, -44.50000000000000000, 1.500000000000010880 ) ) ;
#1098 = DIRECTION ( 'NONE',  ( -0.000000000000000000, -0.000000000000000000, -1.000000000000000000 ) ) ;
#1099 = CARTESIAN_POINT ( 'NONE',  ( 23.60530830047592943, 51.71203832808038214, 0.000000000000000000 ) ) ;
#1100 = DIRECTION ( 'NONE',  ( -0.000000000000000000, 0.000000000000000000, 1.000000000000000000 ) ) ;
#1101 = DIRECTION ( 'NONE',  ( 1.508455196501571183E-16, -1.000000000000000000, 0.000000000000000000 ) ) ;
#1102 = ADVANCED_FACE ( 'NONE', ( #522 ), #373, .T. ) ;
#1103 = ORIENTED_EDGE ( 'NONE', *, *, #1489, .T. ) ;
#1104 = CARTESIAN_POINT ( 'NONE',  ( 21.50000000000001776, -35.00000000000003553, 0.000000000000000000 ) ) ;
#1105 = CARTESIAN_POINT ( 'NONE',  ( -27.93999999999999773, 36.00000000000002842, 6.000000000000000000 ) ) ;
#1106 = LINE ( 'NONE', #1692, #1814 ) ;
#1107 = VERTEX_POINT ( 'NONE', #8 ) ;
#1108 = AXIS2_PLACEMENT_3D ( 'NONE', #1607, #2131, #932 ) ;
#1109 = DIRECTION ( 'NONE',  ( -3.016910393003146310E-16, -1.000000000000000000, 0.000000000000000000 ) ) ;
#1110 = ORIENTED_EDGE ( 'NONE', *, *, #1257, .T. ) ;
#1111 = ADVANCED_FACE ( 'NONE', ( #2141 ), #217, .F. ) ;
#1112 = AXIS2_PLACEMENT_3D ( 'NONE', #400, #1818, #414 ) ;
#1113 = AXIS2_PLACEMENT_3D ( 'NONE', #350, #1453, #1613 ) ;
#1114 = LINE ( 'NONE', #1329, #410 ) ;
#1115 = EDGE_CURVE ( 'NONE', #1569, #1433, #1951, .T. ) ;
#1116 = AXIS2_PLACEMENT_3D ( 'NONE', #47, #2035, #452 ) ;
#1117 = DIRECTION ( 'NONE',  ( -0.000000000000000000, -0.000000000000000000, -1.000000000000000000 ) ) ;
#1118 = AXIS2_PLACEMENT_3D ( 'NONE', #2180, #2199, #1870 ) ;
#1119 = ORIENTED_EDGE ( 'NONE', *, *, #581, .F. ) ;
#1120 = DIRECTION ( 'NONE',  ( 1.000000000000000000, 0.000000000000000000, 0.000000000000000000 ) ) ;
#1121 = DIRECTION ( 'NONE',  ( 0.000000000000000000, 0.000000000000000000, -1.000000000000000000 ) ) ;
#1122 = DIRECTION ( 'NONE',  ( -0.000000000000000000, -0.000000000000000000, -1.000000000000000000 ) ) ;
#1123 = VERTEX_POINT ( 'NONE', #1088 ) ;
#1124 = ADVANCED_FACE ( 'NONE', ( #567 ), #182, .F. ) ;
#1125 = ORIENTED_EDGE ( 'NONE', *, *, #2205, .F. ) ;
#1126 = DIRECTION ( 'NONE',  ( 1.000000000000000000, 0.000000000000000000, 0.000000000000000000 ) ) ;
#1127 = EDGE_CURVE ( 'NONE', #38, #1160, #517, .T. ) ;
#1128 = LINE ( 'NONE', #60, #1403 ) ;
#1129 = DIRECTION ( 'NONE',  ( 0.000000000000000000, 0.000000000000000000, 1.000000000000000000 ) ) ;
#1130 = DIRECTION ( 'NONE',  ( 1.000000000000000000, 0.000000000000000000, 0.000000000000000000 ) ) ;
#1131 = CARTESIAN_POINT ( 'NONE',  ( -28.99999999999998934, -27.00000000000003908, 6.000000000000000000 ) ) ;
#1132 = DIRECTION ( 'NONE',  ( -0.000000000000000000, -0.000000000000000000, -1.000000000000000000 ) ) ;
#1133 = CARTESIAN_POINT ( 'NONE',  ( 37.00000000000002842, -52.50000000000003553, 6.000000000000000000 ) ) ;
#1134 = ORIENTED_EDGE ( 'NONE', *, *, #1185, .F. ) ;
#1135 = EDGE_LOOP ( 'NONE', ( #618, #396, #878, #334 ) ) ;
#1136 = LINE ( 'NONE', #39, #1267 ) ;
#1137 = LINE ( 'NONE', #762, #1436 ) ;
#1138 = EDGE_CURVE ( 'NONE', #1840, #2282, #1280, .T. ) ;
#1139 = APPLICATION_PROTOCOL_DEFINITION ( 'draft international standard', 'automotive_design', 1998, #805 ) ;
#1140 = DIRECTION ( 'NONE',  ( -1.000000000000000000, 3.016910393003146310E-16, 0.000000000000000000 ) ) ;
#1141 = CARTESIAN_POINT ( 'NONE',  ( -30.99999999999999289, -43.00000000000002842, 6.000000000000000000 ) ) ;
#1142 = CARTESIAN_POINT ( 'NONE',  ( -32.50000000000000711, 41.50000000000002132, 6.000000000000000000 ) ) ;
#1143 = ORIENTED_EDGE ( 'NONE', *, *, #1808, .F. ) ;
#1144 = AXIS2_PLACEMENT_3D ( 'NONE', #698, #1029, #678 ) ;
#1145 = EDGE_LOOP ( 'NONE', ( #888, #236, #1036, #1830 ) ) ;
#1146 = CARTESIAN_POINT ( 'NONE',  ( -32.49999999999999289, -44.50000000000000000, 1.500000000000010880 ) ) ;
#1147 = LINE ( 'NONE', #19, #438 ) ;
#1148 = VECTOR ( 'NONE', #2123, 1000.000000000000000 ) ;
#1149 = VECTOR ( 'NONE', #2039, 1000.000000000000000 ) ;
#1150 = CARTESIAN_POINT ( 'NONE',  ( 32.50000000000002132, -45.99999999999998579, 0.000000000000000000 ) ) ;
#1151 = AXIS2_PLACEMENT_3D ( 'NONE', #1321, #2230, #1014 ) ;
#1152 = EDGE_CURVE ( 'NONE', #336, #537, #928, .T. ) ;
#1153 = CIRCLE ( 'NONE', #1933, 6.024999999999967493 ) ;
#1154 = CARTESIAN_POINT ( 'NONE',  ( -0.4999999999999692468, -51.00000000000000000, 0.000000000000000000 ) ) ;
#1155 = DIRECTION ( 'NONE',  ( -1.000000000000000000, -1.508455196501570936E-16, 0.000000000000000000 ) ) ;
#1156 = VECTOR ( 'NONE', #1943, 1000.000000000000114 ) ;
#1157 = DIRECTION ( 'NONE',  ( -0.000000000000000000, -0.000000000000000000, -1.000000000000000000 ) ) ;
#1158 = DIRECTION ( 'NONE',  ( -0.000000000000000000, 0.000000000000000000, 1.000000000000000000 ) ) ;
#1159 = VERTEX_POINT ( 'NONE', #418 ) ;
#1160 = VERTEX_POINT ( 'NONE', #1825 ) ;
#1161 = CARTESIAN_POINT ( 'NONE',  ( 21.50000000000001776, 38.00000000000002842, 0.000000000000000000 ) ) ;
#1162 = CARTESIAN_POINT ( 'NONE',  ( -31.00000000000000711, 43.00000000000002132, 3.000000000000000000 ) ) ;
#1163 = ORIENTED_EDGE ( 'NONE', *, *, #2274, .T. ) ;
#1164 = DIRECTION ( 'NONE',  ( -0.000000000000000000, -0.000000000000000000, -1.000000000000000000 ) ) ;
#1165 = CARTESIAN_POINT ( 'NONE',  ( 22.50000000000002132, -35.00000000000003553, 0.000000000000000000 ) ) ;
#1166 = CARTESIAN_POINT ( 'NONE',  ( 10.50000000000001776, 48.00000000000003553, 6.000000000000000000 ) ) ;
#1167 = DIRECTION ( 'NONE',  ( -0.000000000000000000, -0.000000000000000000, -1.000000000000000000 ) ) ;
#1168 = LINE ( 'NONE', #105, #2212 ) ;
#1169 = ORIENTED_EDGE ( 'NONE', *, *, #656, .F. ) ;
#1170 = EDGE_CURVE ( 'NONE', #1242, #286, #938, .T. ) ;
#1171 = EDGE_LOOP ( 'NONE', ( #1475, #1095, #2055, #866 ) ) ;
#1172 = CARTESIAN_POINT ( 'NONE',  ( 27.94000000000000128, 36.00000000000003553, 6.000000000000000000 ) ) ;
#1173 = EDGE_LOOP ( 'NONE', ( #483, #885, #819, #1231 ) ) ;
#1174 = CARTESIAN_POINT ( 'NONE',  ( -21.99999999999998934, -28.00000000000003908, 0.000000000000000000 ) ) ;
#1175 = LINE ( 'NONE', #1712, #64 ) ;
#1176 = DIRECTION ( 'NONE',  ( 0.000000000000000000, -1.000000000000000000, 0.000000000000000000 ) ) ;
#1177 = FACE_OUTER_BOUND ( 'NONE', #1085, .T. ) ;
#1178 = DIRECTION ( 'NONE',  ( 0.000000000000000000, 0.000000000000000000, -1.000000000000000000 ) ) ;
#1179 = VERTEX_POINT ( 'NONE', #1868 ) ;
#1180 = CLOSED_SHELL ( 'NONE', ( #52, #2236, #2265, #498, #1362, #1723, #332, #1657, #1414, #345, #2249, #1646, #1889, #1032, #1978, #815, #2024, #1721, #1111, #15, #388, #2044, #611, #1946, #131, #1089, #226, #630, #1402, #2277, #1227, #1875, #1562, #555, #285, #994, #355, #830, #1060, #1297, #3, #170, #1864, #2001, #1532, #571, #1844, #1470, #1632, #1092, #358, #156, #1102, #198, #1124, #83, #472, #982, #1710, #717, #701, #2221, #1735, #1309, #306, #487, #1536, #1619, #442, #714 ) ) ;
#1181 = EDGE_CURVE ( 'NONE', #1096, #98, #87, .T. ) ;
#1182 = EDGE_LOOP ( 'NONE', ( #11, #356, #847, #1110 ) ) ;
#1183 = DIRECTION ( 'NONE',  ( 0.000000000000000000, 0.000000000000000000, -1.000000000000000000 ) ) ;
#1184 = VECTOR ( 'NONE', #509, 1000.000000000000000 ) ;
#1185 = EDGE_CURVE ( 'NONE', #2149, #120, #1655, .T. ) ;
#1186 = ORIENTED_EDGE ( 'NONE', *, *, #1501, .T. ) ;
#1187 = AXIS2_PLACEMENT_3D ( 'NONE', #1252, #1109, #1829 ) ;
#1188 = CARTESIAN_POINT ( 'NONE',  ( -29.68999999999999062, -32.57999999999996987, 0.000000000000000000 ) ) ;
#1189 = VECTOR ( 'NONE', #243, 1000.000000000000000 ) ;
#1190 = CARTESIAN_POINT ( 'NONE',  ( -21.99999999999998934, -27.00000000000003908, 0.000000000000000000 ) ) ;
#1191 =( NAMED_UNIT ( * ) PLANE_ANGLE_UNIT ( ) SI_UNIT ( $, .RADIAN. ) );
#1192 = AXIS2_PLACEMENT_3D ( 'NONE', #557, #1246, #1271 ) ;
#1193 = DIRECTION ( 'NONE',  ( 1.000000000000000000, 0.000000000000000000, 0.000000000000000000 ) ) ;
#1194 = AXIS2_PLACEMENT_3D ( 'NONE', #1708, #1541, #2263 ) ;
#1195 = EDGE_LOOP ( 'NONE', ( #1986, #694, #1473, #346 ) ) ;
#1196 = AXIS2_PLACEMENT_3D ( 'NONE', #1468, #1847, #398 ) ;
#1197 = APPLICATION_CONTEXT ( 'automotive_design' ) ;
#1198 = UNCERTAINTY_MEASURE_WITH_UNIT (LENGTH_MEASURE( 1.000000000000000082E-05 ), #172, 'distance_accuracy_value', 'NONE');
#1199 = ORIENTED_EDGE ( 'NONE', *, *, #1072, .T. ) ;
#1200 = CARTESIAN_POINT ( 'NONE',  ( 29.69000000000000483, 36.00000000000003553, 0.000000000000000000 ) ) ;
#1201 = EDGE_CURVE ( 'NONE', #1025, #1216, #1137, .T. ) ;
#1202 = VERTEX_POINT ( 'NONE', #576 ) ;
#1203 = CYLINDRICAL_SURFACE ( 'NONE', #1893, 1.000000000000000888 ) ;
#1204 = EDGE_CURVE ( 'NONE', #856, #1528, #2172, .T. ) ;
#1205 = CARTESIAN_POINT ( 'NONE',  ( -22.49999999999999289, 38.00000000000002132, 0.000000000000000000 ) ) ;
#1206 = DIRECTION ( 'NONE',  ( -0.000000000000000000, 0.000000000000000000, 1.000000000000000000 ) ) ;
#1207 = DIRECTION ( 'NONE',  ( 0.000000000000000000, 0.000000000000000000, 1.000000000000000000 ) ) ;
#1208 = VERTEX_POINT ( 'NONE', #455 ) ;
#1209 = ORIENTED_EDGE ( 'NONE', *, *, #653, .T. ) ;
#1210 = CARTESIAN_POINT ( 'NONE',  ( -21.99999999999998934, -35.00000000000003553, 0.000000000000000000 ) ) ;
#1211 = ORIENTED_EDGE ( 'NONE', *, *, #1046, .F. ) ;
#1212 = DIRECTION ( 'NONE',  ( -6.421350511362182739E-16, 1.000000000000000000, 0.000000000000000000 ) ) ;
#1213 = CARTESIAN_POINT ( 'NONE',  ( -31.87867965644036872, 43.00000000000002132, 6.000000000000000000 ) ) ;
#1214 = EDGE_CURVE ( 'NONE', #361, #1093, #1128, .T. ) ;
#1215 = LINE ( 'NONE', #2078, #1184 ) ;
#1216 = VERTEX_POINT ( 'NONE', #1695 ) ;
#1217 = CARTESIAN_POINT ( 'NONE',  ( 20.30597281152818923, 59.00000000000003553, 0.000000000000000000 ) ) ;
#1218 = ORIENTED_EDGE ( 'NONE', *, *, #402, .F. ) ;
#1219 = ORIENTED_EDGE ( 'NONE', *, *, #1391, .F. ) ;
#1220 = ORIENTED_EDGE ( 'NONE', *, *, #697, .F. ) ;
#1221 = LINE ( 'NONE', #1730, #372 ) ;
#1222 = DIRECTION ( 'NONE',  ( 0.000000000000000000, -0.000000000000000000, -1.000000000000000000 ) ) ;
#1223 = DIRECTION ( 'NONE',  ( -0.000000000000000000, -0.000000000000000000, 1.000000000000000000 ) ) ;
#1224 = VECTOR ( 'NONE', #1445, 1000.000000000000114 ) ;
#1225 = EDGE_LOOP ( 'NONE', ( #1384, #1287, #303, #1513 ) ) ;
#1226 = DIRECTION ( 'NONE',  ( 1.000000000000000000, 0.000000000000000000, 0.000000000000000000 ) ) ;
#1227 = ADVANCED_FACE ( 'NONE', ( #1645 ), #1856, .F. ) ;
#1228 = AXIS2_PLACEMENT_3D ( 'NONE', #99, #1464, #1683 ) ;
#1229 = ORIENTED_EDGE ( 'NONE', *, *, #870, .F. ) ;
#1230 = EDGE_CURVE ( 'NONE', #911, #1005, #818, .T. ) ;
#1231 = ORIENTED_EDGE ( 'NONE', *, *, #273, .T. ) ;
#1232 = AXIS2_PLACEMENT_3D ( 'NONE', #2243, #665, #680 ) ;
#1233 = VERTEX_POINT ( 'NONE', #1301 ) ;
#1234 = LINE ( 'NONE', #1939, #1967 ) ;
#1235 = PLANE ( 'NONE',  #1336 ) ;
#1236 = LINE ( 'NONE', #41, #1816 ) ;
#1237 = LINE ( 'NONE', #2256, #214 ) ;
#1238 = ORIENTED_EDGE ( 'NONE', *, *, #1777, .T. ) ;
#1239 = LINE ( 'NONE', #733, #748 ) ;
#1240 = ORIENTED_EDGE ( 'NONE', *, *, #2004, .T. ) ;
#1241 = EDGE_CURVE ( 'NONE', #425, #1653, #2163, .T. ) ;
#1242 = VERTEX_POINT ( 'NONE', #48 ) ;
#1243 = EDGE_CURVE ( 'NONE', #712, #1791, #1289, .T. ) ;
#1244 = ORIENTED_EDGE ( 'NONE', *, *, #1254, .F. ) ;
#1245 = CYLINDRICAL_SURFACE ( 'NONE', #1820, 1.750000000000001554 ) ;
#1246 = DIRECTION ( 'NONE',  ( -0.000000000000000000, -0.000000000000000000, -1.000000000000000000 ) ) ;
#1247 = DIRECTION ( 'NONE',  ( 1.000000000000000000, 0.000000000000000000, 0.000000000000000000 ) ) ;
#1248 = ORIENTED_EDGE ( 'NONE', *, *, #686, .F. ) ;
#1249 = CARTESIAN_POINT ( 'NONE',  ( 32.50000000000002132, -45.99999999999998579, 0.000000000000000000 ) ) ;
#1250 = VERTEX_POINT ( 'NONE', #802 ) ;
#1251 = CARTESIAN_POINT ( 'NONE',  ( -0.5000000000002094991, 43.00000000000002132, 3.000000000000000000 ) ) ;
#1252 = CARTESIAN_POINT ( 'NONE',  ( 32.49999999999999289, 46.00000000000000000, 6.000000000000000000 ) ) ;
#1253 = VERTEX_POINT ( 'NONE', #76 ) ;
#1254 = EDGE_CURVE ( 'NONE', #608, #1691, #1993, .T. ) ;
#1255 = VERTEX_POINT ( 'NONE', #1842 ) ;
#1256 = LINE ( 'NONE', #566, #147 ) ;
#1257 = EDGE_CURVE ( 'NONE', #1557, #995, #230, .T. ) ;
#1258 = LINE ( 'NONE', #897, #587 ) ;
#1259 = FACE_OUTER_BOUND ( 'NONE', #1540, .T. ) ;
#1260 = AXIS2_PLACEMENT_3D ( 'NONE', #804, #2042, #289 ) ;
#1261 = CARTESIAN_POINT ( 'NONE',  ( -21.99999999999998934, -28.00000000000003908, 0.000000000000000000 ) ) ;
#1262 = ORIENTED_EDGE ( 'NONE', *, *, #884, .F. ) ;
#1263 = CIRCLE ( 'NONE', #2103, 1.000000000000000888 ) ;
#1264 = AXIS2_PLACEMENT_3D ( 'NONE', #1793, #744, #194 ) ;
#1265 = ADVANCED_BREP_SHAPE_REPRESENTATION ( 'Motor Driver Clip Shelf - Right', ( #216, #1296 ), #293 ) ;
#1266 = ORIENTED_EDGE ( 'NONE', *, *, #797, .F. ) ;
#1267 = VECTOR ( 'NONE', #2162, 1000.000000000000000 ) ;
#1268 = ORIENTED_EDGE ( 'NONE', *, *, #1138, .T. ) ;
#1269 = DIRECTION ( 'NONE',  ( -0.000000000000000000, -0.000000000000000000, -1.000000000000000000 ) ) ;
#1270 = VECTOR ( 'NONE', #2157, 1000.000000000000000 ) ;
#1271 = DIRECTION ( 'NONE',  ( -1.000000000000000000, 0.000000000000000000, 0.000000000000000000 ) ) ;
#1272 = CARTESIAN_POINT ( 'NONE',  ( 20.30597281152818923, 59.00000000000003553, 6.000000000000000000 ) ) ;
#1273 = EDGE_CURVE ( 'NONE', #553, #667, #949, .T. ) ;
#1274 = CARTESIAN_POINT ( 'NONE',  ( 32.50000000000002132, -45.99999999999998579, 0.000000000000000000 ) ) ;
#1275 = ORIENTED_EDGE ( 'NONE', *, *, #1935, .T. ) ;
#1276 = DIRECTION ( 'NONE',  ( -0.000000000000000000, -0.000000000000000000, -1.000000000000000000 ) ) ;
#1277 = ORIENTED_EDGE ( 'NONE', *, *, #768, .T. ) ;
#1278 = ORIENTED_EDGE ( 'NONE', *, *, #301, .T. ) ;
#1279 = CARTESIAN_POINT ( 'NONE',  ( 9.500000000000028422, -45.99999999999999289, 0.000000000000000000 ) ) ;
#1280 = LINE ( 'NONE', #1983, #1852 ) ;
#1281 = CARTESIAN_POINT ( 'NONE',  ( 32.50000000000002132, -45.99999999999998579, 6.000000000000000000 ) ) ;
#1282 = CARTESIAN_POINT ( 'NONE',  ( 23.60530830047594364, -51.71203832808036793, 0.000000000000000000 ) ) ;
#1283 = EDGE_CURVE ( 'NONE', #263, #2226, #1998, .T. ) ;
#1284 = ORIENTED_EDGE ( 'NONE', *, *, #781, .T. ) ;
#1285 = LINE ( 'NONE', #381, #250 ) ;
#1286 = VERTEX_POINT ( 'NONE', #2016 ) ;
#1287 = ORIENTED_EDGE ( 'NONE', *, *, #1204, .F. ) ;
#1288 = CARTESIAN_POINT ( 'NONE',  ( 21.50000000000001776, 37.00000000000002842, 0.000000000000000000 ) ) ;
#1289 = LINE ( 'NONE', #239, #408 ) ;
#1290 = DIRECTION ( 'NONE',  ( -0.000000000000000000, -0.000000000000000000, -1.000000000000000000 ) ) ;
#1291 = EDGE_CURVE ( 'NONE', #1764, #167, #2284, .T. ) ;
#1292 = CARTESIAN_POINT ( 'NONE',  ( -0.4999999999999816813, 51.00000000000000711, 0.000000000000000000 ) ) ;
#1293 = VECTOR ( 'NONE', #162, 1000.000000000000000 ) ;
#1294 = CARTESIAN_POINT ( 'NONE',  ( -32.50000000000000711, 41.50000000000002132, 4.500000000000000888 ) ) ;
#1295 = ORIENTED_EDGE ( 'NONE', *, *, #282, .F. ) ;
#1296 = AXIS2_PLACEMENT_3D ( 'NONE', #613, #1481, #62 ) ;
#1297 = ADVANCED_FACE ( 'NONE', ( #1491 ), #612, .F. ) ;
#1298 = AXIS2_PLACEMENT_3D ( 'NONE', #127, #1731, #1915 ) ;
#1299 = DIRECTION ( 'NONE',  ( -2.515349040166371865E-15, 1.000000000000000000, 0.000000000000000000 ) ) ;
#1300 = AXIS2_PLACEMENT_3D ( 'NONE', #752, #1841, #1488 ) ;
#1301 = CARTESIAN_POINT ( 'NONE',  ( 20.30597281152818923, 51.00000000000003553, 0.000000000000000000 ) ) ;
#1302 = CIRCLE ( 'NONE', #302, 1.000000000000002665 ) ;
#1303 = CARTESIAN_POINT ( 'NONE',  ( -26.18999999999998707, -32.57999999999996987, 6.000000000000000000 ) ) ;
#1304 = EDGE_LOOP ( 'NONE', ( #330, #1694 ) ) ;
#1305 = CARTESIAN_POINT ( 'NONE',  ( 9.500000000000028422, -45.99999999999999289, 0.000000000000000000 ) ) ;
#1306 = DIRECTION ( 'NONE',  ( -0.000000000000000000, 1.000000000000000000, -0.000000000000000000 ) ) ;
#1307 = FACE_OUTER_BOUND ( 'NONE', #157, .T. ) ;
#1308 = ORIENTED_EDGE ( 'NONE', *, *, #1523, .T. ) ;
#1309 = ADVANCED_FACE ( 'NONE', ( #1878 ), #1203, .T. ) ;
#1310 = LINE ( 'NONE', #2170, #518 ) ;
#1311 = DIRECTION ( 'NONE',  ( -1.000000000000000000, 6.308085367188392213E-16, 0.000000000000000000 ) ) ;
#1312 = CARTESIAN_POINT ( 'NONE',  ( -31.00000000000000711, 41.50000000000002132, 6.000000000000000000 ) ) ;
#1313 = DIRECTION ( 'NONE',  ( 1.508455196501571183E-16, -1.000000000000000000, 2.891205793294702978E-16 ) ) ;
#1314 = CARTESIAN_POINT ( 'NONE',  ( 9.500000000000019540, 46.00000000000000711, 6.000000000000000000 ) ) ;
#1315 = PLANE ( 'NONE',  #740 ) ;
#1316 = VERTEX_POINT ( 'NONE', #1356 ) ;
#1317 = EDGE_LOOP ( 'NONE', ( #189, #5, #403, #845 ) ) ;
#1318 = LINE ( 'NONE', #1643, #1631 ) ;
#1319 = FACE_OUTER_BOUND ( 'NONE', #1530, .T. ) ;
#1320 = EDGE_CURVE ( 'NONE', #1451, #553, #2093, .T. ) ;
#1321 = CARTESIAN_POINT ( 'NONE',  ( 3.742640687119283438, -46.00000000000001421, 3.000000000000011546 ) ) ;
#1322 = LINE ( 'NONE', #1504, #2193 ) ;
#1323 = CARTESIAN_POINT ( 'NONE',  ( 32.49999999999999289, 46.00000000000000000, 6.000000000000000000 ) ) ;
#1324 = CARTESIAN_POINT ( 'NONE',  ( -22.49999999999999645, 37.00000000000002132, 0.000000000000000000 ) ) ;
#1325 = CARTESIAN_POINT ( 'NONE',  ( -21.99999999999998934, -34.00000000000003553, 0.000000000000000000 ) ) ;
#1326 = VERTEX_POINT ( 'NONE', #1892 ) ;
#1327 = AXIS2_PLACEMENT_3D ( 'NONE', #883, #1591, #308 ) ;
#1328 = ORIENTED_EDGE ( 'NONE', *, *, #258, .T. ) ;
#1329 = CARTESIAN_POINT ( 'NONE',  ( 37.50000000000001421, 52.50000000000004974, 6.000000000000000000 ) ) ;
#1330 = CYLINDRICAL_SURFACE ( 'NONE', #1079, 1.000000000000000888 ) ;
#1331 = CIRCLE ( 'NONE', #1474, 1.750000000000001554 ) ;
#1332 = EDGE_LOOP ( 'NONE', ( #342, #1910, #454, #1119 ) ) ;
#1333 = DIRECTION ( 'NONE',  ( -0.000000000000000000, 0.000000000000000000, 1.000000000000000000 ) ) ;
#1334 = EDGE_CURVE ( 'NONE', #993, #519, #1368, .T. ) ;
#1335 = AXIS2_PLACEMENT_3D ( 'NONE', #2186, #2194, #583 ) ;
#1336 = AXIS2_PLACEMENT_3D ( 'NONE', #1926, #338, #1766 ) ;
#1337 = EDGE_CURVE ( 'NONE', #95, #488, #914, .T. ) ;
#1338 = CYLINDRICAL_SURFACE ( 'NONE', #661, 1.750000000000001554 ) ;
#1339 = FACE_OUTER_BOUND ( 'NONE', #1936, .T. ) ;
#1340 = FACE_BOUND ( 'NONE', #1957, .T. ) ;
#1341 = VERTEX_POINT ( 'NONE', #1188 ) ;
#1342 = ORIENTED_EDGE ( 'NONE', *, *, #1201, .F. ) ;
#1343 = LINE ( 'NONE', #300, #2066 ) ;
#1344 = VERTEX_POINT ( 'NONE', #1914 ) ;
#1345 = DIRECTION ( 'NONE',  ( -0.000000000000000000, -0.000000000000000000, -1.000000000000000000 ) ) ;
#1346 = CARTESIAN_POINT ( 'NONE',  ( 21.50000000000001776, 38.00000000000002842, 6.000000000000000000 ) ) ;
#1347 = VERTEX_POINT ( 'NONE', #640 ) ;
#1348 = CARTESIAN_POINT ( 'NONE',  ( 27.94000000000000838, -32.57999999999996277, 6.000000000000000000 ) ) ;
#1349 = EDGE_CURVE ( 'NONE', #1326, #84, #1047, .T. ) ;
#1350 = CARTESIAN_POINT ( 'NONE',  ( -24.49999999999999645, 31.00000000000002132, 0.000000000000000000 ) ) ;
#1351 = ORIENTED_EDGE ( 'NONE', *, *, #2164, .F. ) ;
#1352 = EDGE_CURVE ( 'NONE', #667, #1208, #676, .T. ) ;
#1353 = VERTEX_POINT ( 'NONE', #1720 ) ;
#1354 = DIRECTION ( 'NONE',  ( -0.000000000000000000, -0.000000000000000000, -1.000000000000000000 ) ) ;
#1355 = ORIENTED_EDGE ( 'NONE', *, *, #2041, .T. ) ;
#1356 = CARTESIAN_POINT ( 'NONE',  ( -26.18999999999998707, -32.57999999999996987, 0.000000000000000000 ) ) ;
#1357 = DIRECTION ( 'NONE',  ( -2.276824562219560495E-15, -1.000000000000000000, 0.000000000000000000 ) ) ;
#1358 = LINE ( 'NONE', #780, #1776 ) ;
#1359 = ORIENTED_EDGE ( 'NONE', *, *, #188, .F. ) ;
#1360 = LINE ( 'NONE', #1714, #593 ) ;
#1361 = ORIENTED_EDGE ( 'NONE', *, *, #674, .T. ) ;
#1362 = ADVANCED_FACE ( 'NONE', ( #1552 ), #304, .F. ) ;
#1363 = ORIENTED_EDGE ( 'NONE', *, *, #529, .T. ) ;
#1364 = EDGE_CURVE ( 'NONE', #425, #2049, #335, .T. ) ;
#1365 = CARTESIAN_POINT ( 'NONE',  ( 37.50000000000002842, -49.00000000000002842, 6.000000000000000000 ) ) ;
#1366 = EDGE_LOOP ( 'NONE', ( #166, #391, #435, #1011 ) ) ;
#1367 = CIRCLE ( 'NONE', #1592, 1.000000000000000888 ) ;
#1368 = LINE ( 'NONE', #863, #893 ) ;
#1369 = AXIS2_PLACEMENT_3D ( 'NONE', #1073, #18, #731 ) ;
#1370 = CARTESIAN_POINT ( 'NONE',  ( -31.00000000000000711, 43.00000000000002132, 6.000000000000000000 ) ) ;
#1371 =( NAMED_UNIT ( * ) SI_UNIT ( $, .STERADIAN. ) SOLID_ANGLE_UNIT ( ) );
#1372 = VECTOR ( 'NONE', #2104, 1000.000000000000000 ) ;
#1373 = LINE ( 'NONE', #469, #224 ) ;
#1374 = AXIS2_PLACEMENT_3D ( 'NONE', #270, #758, #616 ) ;
#1375 = ORIENTED_EDGE ( 'NONE', *, *, #909, .T. ) ;
#1376 = EDGE_LOOP ( 'NONE', ( #1823, #173 ) ) ;
#1377 = FACE_OUTER_BOUND ( 'NONE', #2158, .T. ) ;
#1378 = EDGE_CURVE ( 'NONE', #856, #712, #660, .T. ) ;
#1379 = ORIENTED_EDGE ( 'NONE', *, *, #1873, .F. ) ;
#1380 = PLANE ( 'NONE',  #221 ) ;
#1381 = PLANE ( 'NONE',  #481 ) ;
#1382 = VERTEX_POINT ( 'NONE', #1174 ) ;
#1383 = DIRECTION ( 'NONE',  ( -1.000000000000000000, 0.000000000000000000, 0.000000000000000000 ) ) ;
#1384 = ORIENTED_EDGE ( 'NONE', *, *, #1751, .T. ) ;
#1385 = ORIENTED_EDGE ( 'NONE', *, *, #2111, .T. ) ;
#1386 = ORIENTED_EDGE ( 'NONE', *, *, #1546, .F. ) ;
#1387 = CARTESIAN_POINT ( 'NONE',  ( -0.4999999999999813483, -46.00000000000002842, 3.000000000000011546 ) ) ;
#1388 = EDGE_CURVE ( 'NONE', #1451, #1255, #1221, .T. ) ;
#1389 = DIRECTION ( 'NONE',  ( 1.000000000000000000, -2.276824562219560495E-15, 0.000000000000000000 ) ) ;
#1390 = LINE ( 'NONE', #663, #1293 ) ;
#1391 = EDGE_CURVE ( 'NONE', #1865, #1611, #181, .T. ) ;
#1392 = ORIENTED_EDGE ( 'NONE', *, *, #376, .T. ) ;
#1393 = DIRECTION ( 'NONE',  ( -0.000000000000000000, -0.000000000000000000, -1.000000000000000000 ) ) ;
#1394 = EDGE_LOOP ( 'NONE', ( #1278, #1244, #275, #1717 ) ) ;
#1395 = ORIENTED_EDGE ( 'NONE', *, *, #1767, .F. ) ;
#1396 = ORIENTED_EDGE ( 'NONE', *, *, #1935, .F. ) ;
#1397 = CARTESIAN_POINT ( 'NONE',  ( 32.50000000000001421, 57.22500000000000853, 6.000000000000000000 ) ) ;
#1398 = VECTOR ( 'NONE', #1669, 1000.000000000000000 ) ;
#1399 = CIRCLE ( 'NONE', #1888, 0.5000000000000004441 ) ;
#1400 = ORIENTED_EDGE ( 'NONE', *, *, #653, .F. ) ;
#1401 = CARTESIAN_POINT ( 'NONE',  ( 26.79379153194079421, -53.15549760449500383, 6.000000000000000000 ) ) ;
#1402 = ADVANCED_FACE ( 'NONE', ( #1000 ), #838, .F. ) ;
#1403 = VECTOR ( 'NONE', #988, 1000.000000000000000 ) ;
#1404 = ORIENTED_EDGE ( 'NONE', *, *, #1904, .T. ) ;
#1405 = CIRCLE ( 'NONE', #68, 1.750000000000001554 ) ;
#1406 = EDGE_LOOP ( 'NONE', ( #2126, #841, #1934 ) ) ;
#1407 = VECTOR ( 'NONE', #1306, 1000.000000000000000 ) ;
#1408 = VERTEX_POINT ( 'NONE', #324 ) ;
#1409 = LINE ( 'NONE', #357, #185 ) ;
#1410 = DIRECTION ( 'NONE',  ( 0.000000000000000000, 0.000000000000000000, 1.000000000000000000 ) ) ;
#1411 = ORIENTED_EDGE ( 'NONE', *, *, #2246, .T. ) ;
#1412 = CARTESIAN_POINT ( 'NONE',  ( 9.500000000000017764, 51.00000000000004263, 6.000000000000000000 ) ) ;
#1413 = ORIENTED_EDGE ( 'NONE', *, *, #754, .T. ) ;
#1414 = ADVANCED_FACE ( 'NONE', ( #1566 ), #1380, .F. ) ;
#1415 = ORIENTED_EDGE ( 'NONE', *, *, #950, .F. ) ;
#1416 = EDGE_CURVE ( 'NONE', #519, #2031, #684, .T. ) ;
#1417 = ORIENTED_EDGE ( 'NONE', *, *, #1489, .F. ) ;
#1418 = CARTESIAN_POINT ( 'NONE',  ( 37.50000000000002842, -52.50000000000003553, 6.000000000000000000 ) ) ;
#1419 = CARTESIAN_POINT ( 'NONE',  ( -0.5000000000002060574, 43.00000000000002132, 6.000000000000000000 ) ) ;
#1420 = DIRECTION ( 'NONE',  ( 1.508455196501571183E-16, -1.000000000000000000, 2.891205793294702978E-16 ) ) ;
#1421 = DIRECTION ( 'NONE',  ( -0.000000000000000000, -0.000000000000000000, 1.000000000000000000 ) ) ;
#1422 = ORIENTED_EDGE ( 'NONE', *, *, #1988, .F. ) ;
#1423 = EDGE_CURVE ( 'NONE', #2216, #1772, #337, .T. ) ;
#1424 = CARTESIAN_POINT ( 'NONE',  ( 20.30597281152820344, -59.00000000000002132, 0.000000000000000000 ) ) ;
#1425 = ORIENTED_EDGE ( 'NONE', *, *, #743, .T. ) ;
#1426 = EDGE_CURVE ( 'NONE', #1255, #667, #544, .T. ) ;
#1427 = ORIENTED_EDGE ( 'NONE', *, *, #183, .F. ) ;
#1428 = FACE_OUTER_BOUND ( 'NONE', #505, .T. ) ;
#1429 = DIRECTION ( 'NONE',  ( 0.000000000000000000, 0.000000000000000000, -1.000000000000000000 ) ) ;
#1430 = DIRECTION ( 'NONE',  ( 0.000000000000000000, 0.000000000000000000, 1.000000000000000000 ) ) ;
#1431 = AXIS2_PLACEMENT_3D ( 'NONE', #374, #1090, #195 ) ;
#1432 = CARTESIAN_POINT ( 'NONE',  ( 23.60530830047592943, 51.71203832808038214, 6.000000000000000000 ) ) ;
#1433 = VERTEX_POINT ( 'NONE', #2152 ) ;
#1434 = AXIS2_PLACEMENT_3D ( 'NONE', #1728, #2048, #1703 ) ;
#1435 = LINE ( 'NONE', #1080, #636 ) ;
#1436 = VECTOR ( 'NONE', #624, 1000.000000000000000 ) ;
#1437 = FACE_OUTER_BOUND ( 'NONE', #1867, .T. ) ;
#1438 = VERTEX_POINT ( 'NONE', #1602 ) ;
#1439 = VECTOR ( 'NONE', #926, 1000.000000000000000 ) ;
#1440 = AXIS2_PLACEMENT_3D ( 'NONE', #91, #1167, #1837 ) ;
#1441 = DIRECTION ( 'NONE',  ( 0.9109952089899574501, 0.4124169361184673033, 0.000000000000000000 ) ) ;
#1442 = VECTOR ( 'NONE', #343, 1000.000000000000000 ) ;
#1443 = EDGE_CURVE ( 'NONE', #2214, #1773, #1405, .T. ) ;
#1444 = DIRECTION ( 'NONE',  ( 1.000000000000000000, 0.000000000000000000, 0.000000000000000000 ) ) ;
#1445 = DIRECTION ( 'NONE',  ( -0.9109952089899573391, -0.4124169361184673588, -0.000000000000000000 ) ) ;
#1446 = EDGE_CURVE ( 'NONE', #1839, #1025, #1256, .T. ) ;
#1447 = LINE ( 'NONE', #1091, #2150 ) ;
#1448 = CARTESIAN_POINT ( 'NONE',  ( -26.18999999999999417, 36.00000000000002842, 6.000000000000000000 ) ) ;
#1449 = CARTESIAN_POINT ( 'NONE',  ( 10.50000000000003020, -48.00000000000002132, 6.000000000000000000 ) ) ;
#1450 = ORIENTED_EDGE ( 'NONE', *, *, #1391, .T. ) ;
#1451 = VERTEX_POINT ( 'NONE', #1418 ) ;
#1452 = CARTESIAN_POINT ( 'NONE',  ( 20.30597281152818923, 51.00000000000003553, 6.000000000000000000 ) ) ;
#1453 = DIRECTION ( 'NONE',  ( 0.000000000000000000, 1.000000000000000000, 0.000000000000000000 ) ) ;
#1454 = EDGE_CURVE ( 'NONE', #2090, #526, #1409, .T. ) ;
#1455 = CARTESIAN_POINT ( 'NONE',  ( -32.49999999999999289, -44.50000000000000000, 1.500000000000010880 ) ) ;
#1456 = EDGE_CURVE ( 'NONE', #2271, #1719, #125, .T. ) ;
#1457 = CARTESIAN_POINT ( 'NONE',  ( -27.99999999999998579, -26.00000000000003553, 0.000000000000000000 ) ) ;
#1458 = DIRECTION ( 'NONE',  ( 1.000000000000000000, 0.000000000000000000, 0.000000000000000000 ) ) ;
#1459 = LINE ( 'NONE', #1141, #1049 ) ;
#1460 = CARTESIAN_POINT ( 'NONE',  ( -31.87867965644035451, -43.00000000000002842, 3.000000000000009326 ) ) ;
#1461 = ORIENTED_EDGE ( 'NONE', *, *, #40, .T. ) ;
#1462 = ORIENTED_EDGE ( 'NONE', *, *, #2246, .F. ) ;
#1463 = CARTESIAN_POINT ( 'NONE',  ( 26.79379153194078000, 53.15549760449501804, 0.000000000000000000 ) ) ;
#1464 = DIRECTION ( 'NONE',  ( 0.000000000000000000, 0.000000000000000000, 1.000000000000000000 ) ) ;
#1465 = DIRECTION ( 'NONE',  ( -0.000000000000000000, -0.000000000000000000, 1.000000000000000000 ) ) ;
#1466 = ORIENTED_EDGE ( 'NONE', *, *, #607, .F. ) ;
#1467 = AXIS2_PLACEMENT_3D ( 'NONE', #1616, #21, #1130 ) ;
#1468 = CARTESIAN_POINT ( 'NONE',  ( -22.99999999999998934, -28.00000000000003908, 0.000000000000000000 ) ) ;
#1469 = CARTESIAN_POINT ( 'NONE',  ( 32.50000000000002842, -57.22499999999999432, 6.000000000000000000 ) ) ;
#1470 = ADVANCED_FACE ( 'NONE', ( #1064 ), #7, .T. ) ;
#1471 = CIRCLE ( 'NONE', #1001, 1.750000000000001554 ) ;
#1472 = CARTESIAN_POINT ( 'NONE',  ( 21.50000000000001776, -34.00000000000003553, 6.000000000000000000 ) ) ;
#1473 = ORIENTED_EDGE ( 'NONE', *, *, #1564, .F. ) ;
#1474 = AXIS2_PLACEMENT_3D ( 'NONE', #1722, #161, #2255 ) ;
#1475 = ORIENTED_EDGE ( 'NONE', *, *, #229, .T. ) ;
#1476 = VECTOR ( 'NONE', #531, 1000.000000000000000 ) ;
#1477 = CYLINDRICAL_SURFACE ( 'NONE', #1335, 0.5000000000000004441 ) ;
#1478 = VECTOR ( 'NONE', #1269, 1000.000000000000000 ) ;
#1479 = CARTESIAN_POINT ( 'NONE',  ( 27.94000000000000838, -32.57999999999996277, 0.000000000000000000 ) ) ;
#1480 = VECTOR ( 'NONE', #1155, 1000.000000000000000 ) ;
#1481 = DIRECTION ( 'NONE',  ( 0.000000000000000000, 0.000000000000000000, 1.000000000000000000 ) ) ;
#1482 = CARTESIAN_POINT ( 'NONE',  ( -0.4999999999999817923, -46.00000000000000000, 6.000000000000000000 ) ) ;
#1483 = CARTESIAN_POINT ( 'NONE',  ( -30.99999999999999289, -46.00000000000002132, 3.000000000000011546 ) ) ;
#1484 = LINE ( 'NONE', #413, #35 ) ;
#1485 = DIRECTION ( 'NONE',  ( -0.000000000000000000, -0.000000000000000000, -1.000000000000000000 ) ) ;
#1486 = ORIENTED_EDGE ( 'NONE', *, *, #2125, .F. ) ;
#1487 = EDGE_CURVE ( 'NONE', #1653, #832, #708, .T. ) ;
#1488 = DIRECTION ( 'NONE',  ( 1.000000000000000000, 0.000000000000000000, 0.000000000000000000 ) ) ;
#1489 = EDGE_CURVE ( 'NONE', #494, #1797, #2288, .T. ) ;
#1490 = DIRECTION ( 'NONE',  ( -1.000000000000000000, 0.000000000000000000, 0.000000000000000000 ) ) ;
#1491 = FACE_OUTER_BOUND ( 'NONE', #1902, .T. ) ;
#1492 = CARTESIAN_POINT ( 'NONE',  ( 10.50000000000003020, -48.00000000000002132, 0.000000000000000000 ) ) ;
#1493 = LINE ( 'NONE', #1845, #1038 ) ;
#1494 = CARTESIAN_POINT ( 'NONE',  ( -32.50000000000000711, 44.50000000000000000, 1.500000000000000000 ) ) ;
#1495 = FACE_OUTER_BOUND ( 'NONE', #93, .T. ) ;
#1496 = PLANE ( 'NONE',  #585 ) ;
#1497 = ORIENTED_EDGE ( 'NONE', *, *, #1817, .T. ) ;
#1498 = ORIENTED_EDGE ( 'NONE', *, *, #1661, .T. ) ;
#1499 = DIRECTION ( 'NONE',  ( 1.000000000000000000, -3.469446951953614583E-15, -0.000000000000000000 ) ) ;
#1500 = CARTESIAN_POINT ( 'NONE',  ( -24.49999999999999645, 30.00000000000002132, 0.000000000000000000 ) ) ;
#1501 = EDGE_CURVE ( 'NONE', #1123, #1202, #392, .T. ) ;
#1502 = ORIENTED_EDGE ( 'NONE', *, *, #924, .F. ) ;
#1503 = CARTESIAN_POINT ( 'NONE',  ( -22.49999999999999645, 38.00000000000002132, 0.000000000000000000 ) ) ;
#1504 = CARTESIAN_POINT ( 'NONE',  ( -28.99999999999999289, 30.00000000000002487, 6.000000000000000000 ) ) ;
#1505 = CARTESIAN_POINT ( 'NONE',  ( 10.50000000000001776, 49.00000000000003553, 0.000000000000000000 ) ) ;
#1506 = DIRECTION ( 'NONE',  ( 1.000000000000000000, 0.000000000000000000, 0.000000000000000000 ) ) ;
#1507 = ORIENTED_EDGE ( 'NONE', *, *, #2274, .F. ) ;
#1508 = CARTESIAN_POINT ( 'NONE',  ( -32.50000000000000711, 45.37867965644036161, 2.378679656440356727 ) ) ;
#1509 = CYLINDRICAL_SURFACE ( 'NONE', #1118, 1.750000000000001554 ) ;
#1510 = FACE_BOUND ( 'NONE', #1517, .T. ) ;
#1511 = ORIENTED_EDGE ( 'NONE', *, *, #644, .F. ) ;
#1512 = VECTOR ( 'NONE', #100, 1000.000000000000000 ) ;
#1513 = ORIENTED_EDGE ( 'NONE', *, *, #985, .T. ) ;
#1514 = CARTESIAN_POINT ( 'NONE',  ( 20.30597281152820344, -59.00000000000002132, 6.000000000000000000 ) ) ;
#1515 = CIRCLE ( 'NONE', #1885, 0.5000000000000004441 ) ;
#1516 = AXIS2_PLACEMENT_3D ( 'NONE', #1674, #941, #1648 ) ;
#1517 = EDGE_LOOP ( 'NONE', ( #606, #1240 ) ) ;
#1518 = DIRECTION ( 'NONE',  ( 1.000000000000000000, 0.000000000000000000, 0.000000000000000000 ) ) ;
#1519 = EDGE_CURVE ( 'NONE', #1233, #1949, #180, .T. ) ;
#1520 = VECTOR ( 'NONE', #1037, 1000.000000000000000 ) ;
#1521 = AXIS2_PLACEMENT_3D ( 'NONE', #1570, #1749, #2097 ) ;
#1522 = DIRECTION ( 'NONE',  ( 1.000000000000000000, 0.000000000000000000, 0.000000000000000000 ) ) ;
#1523 = EDGE_CURVE ( 'NONE', #812, #751, #1556, .T. ) ;
#1524 = ORIENTED_EDGE ( 'NONE', *, *, #939, .F. ) ;
#1525 = FACE_OUTER_BOUND ( 'NONE', #1547, .T. ) ;
#1526 = CARTESIAN_POINT ( 'NONE',  ( -27.99999999999999289, 30.00000000000002487, 0.000000000000000000 ) ) ;
#1527 = ORIENTED_EDGE ( 'NONE', *, *, #600, .F. ) ;
#1528 = VERTEX_POINT ( 'NONE', #1279 ) ;
#1529 = CARTESIAN_POINT ( 'NONE',  ( 22.50000000000002132, 37.00000000000002842, 0.000000000000000000 ) ) ;
#1530 = EDGE_LOOP ( 'NONE', ( #1886, #1689, #468, #1900, #796, #1363, #482, #1411, #2268, #760, #2165, #1284, #2278, #401, #2102, #2202, #1033, #504, #132, #178, #1308, #1328, #211, #1163, #1103, #2109, #1275, #1560, #659, #2185, #191, #53 ) ) ;
#1531 = DIRECTION ( 'NONE',  ( -1.000000000000000000, -6.421350511362182739E-16, 0.000000000000000000 ) ) ;
#1532 = ADVANCED_FACE ( 'NONE', ( #1982 ), #1245, .F. ) ;
#1533 = FACE_OUTER_BOUND ( 'NONE', #434, .T. ) ;
#1534 = CARTESIAN_POINT ( 'NONE',  ( 27.50000000000001421, 52.70000000000003837, 6.000000000000000000 ) ) ;
#1535 = CYLINDRICAL_SURFACE ( 'NONE', #930, 1.750000000000001554 ) ;
#1536 = ADVANCED_FACE ( 'NONE', ( #1428 ), #554, .F. ) ;
#1537 = ORIENTED_EDGE ( 'NONE', *, *, #881, .T. ) ;
#1538 = ORIENTED_EDGE ( 'NONE', *, *, #1904, .F. ) ;
#1539 = DIRECTION ( 'NONE',  ( -1.000000000000000000, 0.000000000000000000, 0.000000000000000000 ) ) ;
#1540 = EDGE_LOOP ( 'NONE', ( #58, #635, #1052, #1075 ) ) ;
#1541 = DIRECTION ( 'NONE',  ( 0.000000000000000000, 0.000000000000000000, 1.000000000000000000 ) ) ;
#1542 = FACE_OUTER_BOUND ( 'NONE', #513, .T. ) ;
#1543 = DIRECTION ( 'NONE',  ( -0.000000000000000000, -0.000000000000000000, -1.000000000000000000 ) ) ;
#1544 = CARTESIAN_POINT ( 'NONE',  ( -27.93999999999999062, -32.57999999999996987, 0.000000000000000000 ) ) ;
#1545 = EDGE_LOOP ( 'NONE', ( #1066, #894, #1991, #1355 ) ) ;
#1546 = EDGE_CURVE ( 'NONE', #1772, #98, #741, .T. ) ;
#1547 = EDGE_LOOP ( 'NONE', ( #2251, #844, #734, #1584 ) ) ;
#1548 = LINE ( 'NONE', #672, #104 ) ;
#1549 = VECTOR ( 'NONE', #458, 1000.000000000000000 ) ;
#1550 = VERTEX_POINT ( 'NONE', #1612 ) ;
#1551 = CIRCLE ( 'NONE', #737, 7.999999999999998224 ) ;
#1552 = FACE_OUTER_BOUND ( 'NONE', #1545, .T. ) ;
#1553 = VECTOR ( 'NONE', #829, 1000.000000000000000 ) ;
#1554 = CARTESIAN_POINT ( 'NONE',  ( -32.50000000000000711, 41.50000000000002132, 4.500000000000000888 ) ) ;
#1555 = LINE ( 'NONE', #2119, #2210 ) ;
#1556 = CIRCLE ( 'NONE', #2034, 1.000000000000002665 ) ;
#1557 = VERTEX_POINT ( 'NONE', #17 ) ;
#1558 = CARTESIAN_POINT ( 'NONE',  ( -28.99999999999999289, 29.00000000000002132, 6.000000000000000000 ) ) ;
#1559 = VECTOR ( 'NONE', #2009, 1000.000000000000000 ) ;
#1560 = ORIENTED_EDGE ( 'NONE', *, *, #210, .T. ) ;
#1561 = AXIS2_PLACEMENT_3D ( 'NONE', #1594, #1129, #940 ) ;
#1562 = ADVANCED_FACE ( 'NONE', ( #730 ), #1973, .F. ) ;
#1563 = ORIENTED_EDGE ( 'NONE', *, *, #1454, .T. ) ;
#1564 = EDGE_CURVE ( 'NONE', #1096, #278, #1234, .T. ) ;
#1565 = ORIENTED_EDGE ( 'NONE', *, *, #1214, .F. ) ;
#1566 = FACE_OUTER_BOUND ( 'NONE', #1195, .T. ) ;
#1567 = CARTESIAN_POINT ( 'NONE',  ( -32.50000000000000711, 42.37867965644038293, 5.378679656440358059 ) ) ;
#1568 = CARTESIAN_POINT ( 'NONE',  ( 9.500000000000017764, 51.00000000000004263, 6.000000000000000000 ) ) ;
#1569 = VERTEX_POINT ( 'NONE', #228 ) ;
#1570 = CARTESIAN_POINT ( 'NONE',  ( 32.50000000000002132, -45.99999999999998579, 6.000000000000000000 ) ) ;
#1571 = ORIENTED_EDGE ( 'NONE', *, *, #2072, .T. ) ;
#1572 = EDGE_LOOP ( 'NONE', ( #363, #834, #123, #225 ) ) ;
#1573 = EDGE_CURVE ( 'NONE', #639, #911, #1310, .T. ) ;
#1574 = PRODUCT_DEFINITION_SHAPE ( 'NONE', 'NONE',  #1843 ) ;
#1575 = EDGE_LOOP ( 'NONE', ( #2051, #990, #16, #1057 ) ) ;
#1576 = DIRECTION ( 'NONE',  ( 0.000000000000000000, -0.000000000000000000, -1.000000000000000000 ) ) ;
#1577 = CARTESIAN_POINT ( 'NONE',  ( 27.94000000000000838, -32.57999999999996277, 0.000000000000000000 ) ) ;
#1578 = EDGE_CURVE ( 'NONE', #1250, #1438, #599, .T. ) ;
#1579 = CARTESIAN_POINT ( 'NONE',  ( -31.00000000000000711, 46.00000000000000000, 0.000000000000000000 ) ) ;
#1580 = SURFACE_SIDE_STYLE ('',( #500 ) ) ;
#1581 = ORIENTED_EDGE ( 'NONE', *, *, #597, .T. ) ;
#1582 = CARTESIAN_POINT ( 'NONE',  ( -20.99999999999998579, -35.00000000000003553, 6.000000000000000000 ) ) ;
#1583 = ORIENTED_EDGE ( 'NONE', *, *, #1230, .T. ) ;
#1584 = ORIENTED_EDGE ( 'NONE', *, *, #1388, .T. ) ;
#1585 = ORIENTED_EDGE ( 'NONE', *, *, #781, .F. ) ;
#1586 = CARTESIAN_POINT ( 'NONE',  ( 37.50000000000002842, -49.00000000000002842, 0.000000000000000000 ) ) ;
#1587 = AXIS2_PLACEMENT_3D ( 'NONE', #241, #1176, #479 ) ;
#1588 = VECTOR ( 'NONE', #1543, 1000.000000000000000 ) ;
#1589 = CARTESIAN_POINT ( 'NONE',  ( 20.30597281152818923, 51.00000000000003553, 6.000000000000000000 ) ) ;
#1590 = EDGE_CURVE ( 'NONE', #519, #1009, #973, .T. ) ;
#1591 = DIRECTION ( 'NONE',  ( -1.000000000000000000, 0.000000000000000000, 0.000000000000000000 ) ) ;
#1592 = AXIS2_PLACEMENT_3D ( 'NONE', #726, #921, #1609 ) ;
#1593 = VERTEX_POINT ( 'NONE', #417 ) ;
#1594 = CARTESIAN_POINT ( 'NONE',  ( 27.00000000000002842, -52.70000000000002416, 6.000000000000000000 ) ) ;
#1595 = VECTOR ( 'NONE', #1357, 1000.000000000000000 ) ;
#1596 = ORIENTED_EDGE ( 'NONE', *, *, #1737, .T. ) ;
#1597 = VECTOR ( 'NONE', #1925, 1000.000000000000000 ) ;
#1598 = DIRECTION ( 'NONE',  ( -0.000000000000000000, 0.000000000000000000, 1.000000000000000000 ) ) ;
#1599 = ORIENTED_EDGE ( 'NONE', *, *, #2192, .F. ) ;
#1600 = AXIS2_PLACEMENT_3D ( 'NONE', #1348, #1207, #1383 ) ;
#1601 = ORIENTED_EDGE ( 'NONE', *, *, #1241, .F. ) ;
#1602 = CARTESIAN_POINT ( 'NONE',  ( -23.49999999999999645, 31.00000000000002132, 0.000000000000000000 ) ) ;
#1603 = DIRECTION ( 'NONE',  ( 0.000000000000000000, -0.000000000000000000, 1.000000000000000000 ) ) ;
#1604 = CARTESIAN_POINT ( 'NONE',  ( 27.50000000000001421, 51.20000000000003837, 0.000000000000000000 ) ) ;
#1605 = LINE ( 'NONE', #1261, #861 ) ;
#1606 = EDGE_CURVE ( 'NONE', #537, #984, #85, .T. ) ;
#1607 = CARTESIAN_POINT ( 'NONE',  ( 9.500000000000028422, -45.99999999999999289, 6.000000000000000000 ) ) ;
#1608 = EDGE_CURVE ( 'NONE', #263, #1865, #1681, .T. ) ;
#1609 = DIRECTION ( 'NONE',  ( 1.000000000000000000, 0.000000000000000000, 0.000000000000000000 ) ) ;
#1610 = ORIENTED_EDGE ( 'NONE', *, *, #1832, .T. ) ;
#1611 = VERTEX_POINT ( 'NONE', #620 ) ;
#1612 = CARTESIAN_POINT ( 'NONE',  ( 23.60530830047594364, -51.71203832808036793, 0.000000000000000000 ) ) ;
#1613 = DIRECTION ( 'NONE',  ( 0.000000000000000000, -0.000000000000000000, 1.000000000000000000 ) ) ;
#1614 = DIRECTION ( 'NONE',  ( 0.000000000000000000, 1.000000000000000000, -0.000000000000000000 ) ) ;
#1615 = PLANE ( 'NONE',  #1672 ) ;
#1616 = CARTESIAN_POINT ( 'NONE',  ( -27.93999999999999062, -32.57999999999996987, 0.000000000000000000 ) ) ;
#1617 = DIRECTION ( 'NONE',  ( 1.000000000000000000, 0.000000000000000000, 0.000000000000000000 ) ) ;
#1618 = ORIENTED_EDGE ( 'NONE', *, *, #2056, .F. ) ;
#1619 = ADVANCED_FACE ( 'NONE', ( #575 ), #264, .F. ) ;
#1620 = DIRECTION ( 'NONE',  ( 0.000000000000000000, 0.000000000000000000, 1.000000000000000000 ) ) ;
#1621 = DIRECTION ( 'NONE',  ( -0.000000000000000000, -0.000000000000000000, -1.000000000000000000 ) ) ;
#1622 = CARTESIAN_POINT ( 'NONE',  ( -0.4999999999999817923, -46.00000000000000000, 6.000000000000000000 ) ) ;
#1623 = PRESENTATION_LAYER_ASSIGNMENT (  '', '', ( #1960 ) ) ;
#1624 =( BOUNDED_CURVE ( )  B_SPLINE_CURVE ( 3, ( #1824, #74, #936, #1146 ),
 .UNSPECIFIED., .F., .T. ) 
 B_SPLINE_CURVE_WITH_KNOTS ( ( 4, 4 ),
 ( 1.508455196501571676E-16, 1.570796326794900777 ),
 .UNSPECIFIED. ) 
 CURVE ( )  GEOMETRIC_REPRESENTATION_ITEM ( )  RATIONAL_B_SPLINE_CURVE ( ( 1.000000000000000000, 0.8047378541243640493, 0.8047378541243640493, 1.000000000000000000 ) ) 
 REPRESENTATION_ITEM ( '' )  );
#1625 = DIRECTION ( 'NONE',  ( 0.000000000000000000, 0.000000000000000000, 1.000000000000000000 ) ) ;
#1626 = PLANE ( 'NONE',  #1108 ) ;
#1627 = AXIS2_PLACEMENT_3D ( 'NONE', #986, #2058, #96 ) ;
#1628 = AXIS2_PLACEMENT_3D ( 'NONE', #1810, #721, #1603 ) ;
#1629 = CARTESIAN_POINT ( 'NONE',  ( 26.79379153194078000, 53.15549760449501804, 6.000000000000000000 ) ) ;
#1630 = ORIENTED_EDGE ( 'NONE', *, *, #1754, .T. ) ;
#1631 = VECTOR ( 'NONE', #1854, 1000.000000000000000 ) ;
#1632 = ADVANCED_FACE ( 'NONE', ( #773 ), #212, .T. ) ;
#1633 = CIRCLE ( 'NONE', #1600, 1.750000000000001554 ) ;
#1634 = DIRECTION ( 'NONE',  ( 0.000000000000000000, -1.000000000000000000, 0.000000000000000000 ) ) ;
#1635 = EDGE_CURVE ( 'NONE', #1797, #1344, #1136, .T. ) ;
#1636 = PLANE ( 'NONE',  #1369 ) ;
#1637 = LINE ( 'NONE', #389, #1884 ) ;
#1638 =( BOUNDED_CURVE ( )  B_SPLINE_CURVE ( 3, ( #44, #2028, #1508, #766 ),
 .UNSPECIFIED., .F., .F. ) 
 B_SPLINE_CURVE_WITH_KNOTS ( ( 4, 4 ),
 ( 3.141592653589793116, 4.712388980384689674 ),
 .UNSPECIFIED. ) 
 CURVE ( )  GEOMETRIC_REPRESENTATION_ITEM ( )  RATIONAL_B_SPLINE_CURVE ( ( 1.000000000000000000, 0.8047378541243649375, 0.8047378541243649375, 1.000000000000000000 ) ) 
 REPRESENTATION_ITEM ( '' )  );
#1639 = DIRECTION ( 'NONE',  ( -8.673617379883907282E-16, 1.000000000000000000, -0.000000000000000000 ) ) ;
#1640 = LINE ( 'NONE', #725, #521 ) ;
#1641 = DIRECTION ( 'NONE',  ( -0.000000000000000000, -0.000000000000000000, 1.000000000000000000 ) ) ;
#1642 = ORIENTED_EDGE ( 'NONE', *, *, #1975, .F. ) ;
#1643 = CARTESIAN_POINT ( 'NONE',  ( 32.49999999999999289, 46.00000000000000000, 0.000000000000000000 ) ) ;
#1644 = EDGE_CURVE ( 'NONE', #832, #176, #1084, .T. ) ;
#1645 = FACE_OUTER_BOUND ( 'NONE', #222, .T. ) ;
#1646 = ADVANCED_FACE ( 'NONE', ( #2021 ), #1477, .T. ) ;
#1647 = CYLINDRICAL_SURFACE ( 'NONE', #37, 1.750000000000001554 ) ;
#1648 = DIRECTION ( 'NONE',  ( 1.000000000000000000, 0.000000000000000000, 0.000000000000000000 ) ) ;
#1649 = ORIENTED_EDGE ( 'NONE', *, *, #527, .T. ) ;
#1650 = DIRECTION ( 'NONE',  ( -1.000000000000000000, 0.000000000000000000, 0.000000000000000000 ) ) ;
#1651 = DIRECTION ( 'NONE',  ( -0.000000000000000000, -0.000000000000000000, 1.000000000000000000 ) ) ;
#1652 = VERTEX_POINT ( 'NONE', #1452 ) ;
#1653 = VERTEX_POINT ( 'NONE', #761 ) ;
#1654 = DIRECTION ( 'NONE',  ( 1.508455196501571183E-16, -1.000000000000000000, 0.000000000000000000 ) ) ;
#1655 = LINE ( 'NONE', #1150, #297 ) ;
#1656 = CARTESIAN_POINT ( 'NONE',  ( 23.60530830047592943, 51.71203832808038214, 0.000000000000000000 ) ) ;
#1657 = ADVANCED_FACE ( 'NONE', ( #436 ), #799, .F. ) ;
#1658 = CARTESIAN_POINT ( 'NONE',  ( -28.99999999999999289, 29.00000000000002132, 6.000000000000000000 ) ) ;
#1659 = CARTESIAN_POINT ( 'NONE',  ( 9.500000000000019540, 46.00000000000000711, 0.000000000000000000 ) ) ;
#1660 = DIRECTION ( 'NONE',  ( 1.000000000000000000, 0.000000000000000000, 0.000000000000000000 ) ) ;
#1661 = EDGE_CURVE ( 'NONE', #2216, #2271, #1624, .T. ) ;
#1662 = AXIS2_PLACEMENT_3D ( 'NONE', #595, #2225, #992 ) ;
#1663 = DIRECTION ( 'NONE',  ( -1.000000000000000000, -1.217349807703021130E-16, 0.000000000000000000 ) ) ;
#1664 = ORIENTED_EDGE ( 'NONE', *, *, #2167, .F. ) ;
#1665 = VECTOR ( 'NONE', #2106, 1000.000000000000000 ) ;
#1666 = ORIENTED_EDGE ( 'NONE', *, *, #2056, .T. ) ;
#1667 = VECTOR ( 'NONE', #477, 1000.000000000000000 ) ;
#1668 = DIRECTION ( 'NONE',  ( -1.000000000000000000, -0.000000000000000000, -0.000000000000000000 ) ) ;
#1669 = DIRECTION ( 'NONE',  ( -1.000000000000000000, -0.000000000000000000, -0.000000000000000000 ) ) ;
#1670 = AXIS2_PLACEMENT_3D ( 'NONE', #1997, #1860, #979 ) ;
#1671 = DIRECTION ( 'NONE',  ( -1.000000000000000000, 0.000000000000000000, 0.000000000000000000 ) ) ;
#1672 = AXIS2_PLACEMENT_3D ( 'NONE', #1985, #1067, #1100 ) ;
#1673 = PLANE ( 'NONE',  #450 ) ;
#1674 = CARTESIAN_POINT ( 'NONE',  ( -22.99999999999998934, -28.00000000000003908, 0.000000000000000000 ) ) ;
#1675 = CYLINDRICAL_SURFACE ( 'NONE', #1144, 1.500000000000001332 ) ;
#1676 = DIRECTION ( 'NONE',  ( 0.000000000000000000, -0.000000000000000000, -1.000000000000000000 ) ) ;
#1677 = CARTESIAN_POINT ( 'NONE',  ( -27.99999999999999289, 29.00000000000002132, 6.000000000000000000 ) ) ;
#1678 = ORIENTED_EDGE ( 'NONE', *, *, #1832, .F. ) ;
#1679 = EDGE_CURVE ( 'NONE', #2120, #1764, #1114, .T. ) ;
#1680 = ORIENTED_EDGE ( 'NONE', *, *, #1754, .F. ) ;
#1681 = LINE ( 'NONE', #426, #1785 ) ;
#1682 = DIRECTION ( 'NONE',  ( 1.000000000000000000, 0.000000000000000000, -0.000000000000000000 ) ) ;
#1683 = DIRECTION ( 'NONE',  ( -1.000000000000000000, 0.000000000000000000, 0.000000000000000000 ) ) ;
#1684 = FACE_OUTER_BOUND ( 'NONE', #868, .T. ) ;
#1685 = DIRECTION ( 'NONE',  ( -0.000000000000000000, -0.000000000000000000, -1.000000000000000000 ) ) ;
#1686 = CARTESIAN_POINT ( 'NONE',  ( 27.50000000000001421, 52.70000000000003837, 6.000000000000000000 ) ) ;
#1687 = CYLINDRICAL_SURFACE ( 'NONE', #896, 0.5000000000000004441 ) ;
#1688 = DIRECTION ( 'NONE',  ( -0.000000000000000000, -0.000000000000000000, -1.000000000000000000 ) ) ;
#1689 = ORIENTED_EDGE ( 'NONE', *, *, #1908, .T. ) ;
#1690 = EDGE_CURVE ( 'NONE', #120, #260, #1318, .T. ) ;
#1691 = VERTEX_POINT ( 'NONE', #1463 ) ;
#1692 = CARTESIAN_POINT ( 'NONE',  ( 36.65517241379312452, -52.86206896551727397, 6.000000000000000000 ) ) ;
#1693 = EDGE_CURVE ( 'NONE', #639, #501, #633, .T. ) ;
#1694 = ORIENTED_EDGE ( 'NONE', *, *, #1693, .T. ) ;
#1695 = CARTESIAN_POINT ( 'NONE',  ( -31.00000000000000711, 43.00000000000002132, 6.000000000000000000 ) ) ;
#1696 = DIRECTION ( 'NONE',  ( 0.000000000000000000, 0.000000000000000000, 1.000000000000000000 ) ) ;
#1697 = ORIENTED_EDGE ( 'NONE', *, *, #1606, .T. ) ;
#1698 = PLANE ( 'NONE',  #1374 ) ;
#1699 = DIRECTION ( 'NONE',  ( -0.000000000000000000, -0.000000000000000000, -1.000000000000000000 ) ) ;
#1700 = VERTEX_POINT ( 'NONE', #1161 ) ;
#1701 = CIRCLE ( 'NONE', #406, 1.000000000000000888 ) ;
#1702 = ORIENTED_EDGE ( 'NONE', *, *, #2285, .T. ) ;
#1703 = DIRECTION ( 'NONE',  ( -1.000000000000000000, 0.000000000000000000, 0.000000000000000000 ) ) ;
#1704 = CIRCLE ( 'NONE', #1627, 1.000000000000000888 ) ;
#1705 = EDGE_CURVE ( 'NONE', #2226, #263, #109, .T. ) ;
#1706 = VECTOR ( 'NONE', #975, 1000.000000000000000 ) ;
#1707 = VERTEX_POINT ( 'NONE', #2275 ) ;
#1708 = CARTESIAN_POINT ( 'NONE',  ( 27.94000000000000838, -32.57999999999996277, 6.000000000000000000 ) ) ;
#1709 = AXIS2_PLACEMENT_3D ( 'NONE', #1577, #150, #305 ) ;
#1710 = ADVANCED_FACE ( 'NONE', ( #2264 ), #1905, .F. ) ;
#1711 = CIRCLE ( 'NONE', #2003, 1.750000000000001554 ) ;
#1712 = CARTESIAN_POINT ( 'NONE',  ( 32.50000000000002132, -45.99999999999998579, 6.000000000000000000 ) ) ;
#1713 = CARTESIAN_POINT ( 'NONE',  ( -28.99999999999999289, 29.00000000000002132, 0.000000000000000000 ) ) ;
#1714 = CARTESIAN_POINT ( 'NONE',  ( -31.00000000000000711, 59.00000000000002842, 0.000000000000000000 ) ) ;
#1715 = LINE ( 'NONE', #2045, #254 ) ;
#1716 = ORIENTED_EDGE ( 'NONE', *, *, #811, .F. ) ;
#1717 = ORIENTED_EDGE ( 'NONE', *, *, #183, .T. ) ;
#1718 = DIRECTION ( 'NONE',  ( -0.000000000000000000, -0.000000000000000000, 1.000000000000000000 ) ) ;
#1719 = VERTEX_POINT ( 'NONE', #2117 ) ;
#1720 = CARTESIAN_POINT ( 'NONE',  ( 27.50000000000002842, -52.70000000000002416, 0.000000000000000000 ) ) ;
#1721 = ADVANCED_FACE ( 'NONE', ( #532 ), #1235, .F. ) ;
#1722 = CARTESIAN_POINT ( 'NONE',  ( -27.93999999999999062, -32.57999999999996987, 6.000000000000000000 ) ) ;
#1723 = ADVANCED_FACE ( 'NONE', ( #169 ), #315, .F. ) ;
#1724 = CARTESIAN_POINT ( 'NONE',  ( 29.69000000000001194, -32.57999999999996277, 0.000000000000000000 ) ) ;
#1725 = CARTESIAN_POINT ( 'NONE',  ( -21.99999999999998934, -28.00000000000003908, 6.000000000000000000 ) ) ;
#1726 = ORIENTED_EDGE ( 'NONE', *, *, #881, .F. ) ;
#1727 = ORIENTED_EDGE ( 'NONE', *, *, #1337, .T. ) ;
#1728 = CARTESIAN_POINT ( 'NONE',  ( -27.99999999999998579, -26.00000000000003553, 0.000000000000000000 ) ) ;
#1729 = ORIENTED_EDGE ( 'NONE', *, *, #1751, .F. ) ;
#1730 = CARTESIAN_POINT ( 'NONE',  ( 37.50000000000002842, -52.50000000000003553, 6.000000000000000000 ) ) ;
#1731 = DIRECTION ( 'NONE',  ( 0.000000000000000000, -0.000000000000000000, -1.000000000000000000 ) ) ;
#1732 = CARTESIAN_POINT ( 'NONE',  ( 20.30597281152820344, -51.00000000000002132, 6.000000000000000000 ) ) ;
#1733 = EDGE_LOOP ( 'NONE', ( #1395, #2096, #148 ) ) ;
#1734 = PLANE ( 'NONE',  #1521 ) ;
#1735 = ADVANCED_FACE ( 'NONE', ( #2008 ), #421, .T. ) ;
#1736 = VERTEX_POINT ( 'NONE', #1686 ) ;
#1737 = EDGE_CURVE ( 'NONE', #501, #1005, #782, .T. ) ;
#1738 = ORIENTED_EDGE ( 'NONE', *, *, #229, .F. ) ;
#1739 = FACE_OUTER_BOUND ( 'NONE', #715, .T. ) ;
#1740 = AXIS2_PLACEMENT_3D ( 'NONE', #1622, #1614, #1952 ) ;
#1741 = ORIENTED_EDGE ( 'NONE', *, *, #474, .F. ) ;
#1742 = CIRCLE ( 'NONE', #143, 1.000000000000000888 ) ;
#1743 = CARTESIAN_POINT ( 'NONE',  ( -31.87867965644035451, -43.00000000000004263, 6.000000000000000000 ) ) ;
#1744 = VECTOR ( 'NONE', #440, 1000.000000000000000 ) ;
#1745 = LINE ( 'NONE', #508, #2070 ) ;
#1746 = CARTESIAN_POINT ( 'NONE',  ( 3.742640687119283438, 43.00000000000002132, 6.000000000000000000 ) ) ;
#1747 = AXIS2_PLACEMENT_3D ( 'NONE', #202, #26, #2127 ) ;
#1748 = ORIENTED_EDGE ( 'NONE', *, *, #1062, .F. ) ;
#1749 = DIRECTION ( 'NONE',  ( -1.000000000000000000, -3.016910393003143352E-16, 0.000000000000000000 ) ) ;
#1750 = VERTEX_POINT ( 'NONE', #223 ) ;
#1751 = EDGE_CURVE ( 'NONE', #2115, #1528, #954, .T. ) ;
#1752 = CIRCLE ( 'NONE', #2040, 0.5000000000000004441 ) ;
#1753 = EDGE_LOOP ( 'NONE', ( #646, #1581, #1680, #2262, #2244, #1068, #1601, #1013, #1021, #704, #1486, #947, #2289, #283, #2013, #987 ) ) ;
#1754 = EDGE_CURVE ( 'NONE', #1326, #1569, #54, .T. ) ;
#1755 = EDGE_LOOP ( 'NONE', ( #736, #942, #1266, #1277 ) ) ;
#1756 = DIRECTION ( 'NONE',  ( 1.000000000000000000, 0.000000000000000000, 0.000000000000000000 ) ) ;
#1757 = CARTESIAN_POINT ( 'NONE',  ( -31.87867965644036872, 46.00000000000000000, -2.168404344971008868E-16 ) ) ;
#1758 = LINE ( 'NONE', #1746, #771 ) ;
#1759 = VERTEX_POINT ( 'NONE', #1494 ) ;
#1760 = DIRECTION ( 'NONE',  ( -0.000000000000000000, -0.000000000000000000, 1.000000000000000000 ) ) ;
#1761 = ORIENTED_EDGE ( 'NONE', *, *, #427, .F. ) ;
#1762 = VERTEX_POINT ( 'NONE', #603 ) ;
#1763 = EDGE_CURVE ( 'NONE', #260, #2088, #90, .T. ) ;
#1764 = VERTEX_POINT ( 'NONE', #793 ) ;
#1765 = DIRECTION ( 'NONE',  ( -1.000000000000000000, -0.000000000000000000, -0.000000000000000000 ) ) ;
#1766 = DIRECTION ( 'NONE',  ( 0.000000000000000000, -0.000000000000000000, -1.000000000000000000 ) ) ;
#1767 = EDGE_CURVE ( 'NONE', #526, #1759, #1638, .T. ) ;
#1768 = DIRECTION ( 'NONE',  ( 1.000000000000000000, 0.000000000000000000, 0.000000000000000000 ) ) ;
#1769 = PRESENTATION_STYLE_ASSIGNMENT (( #128 ) ) ;
#1770 = ORIENTED_EDGE ( 'NONE', *, *, #2205, .T. ) ;
#1771 = DIRECTION ( 'NONE',  ( 1.000000000000000000, 0.000000000000000000, 0.000000000000000000 ) ) ;
#1772 = VERTEX_POINT ( 'NONE', #445 ) ;
#1773 = VERTEX_POINT ( 'NONE', #79 ) ;
#1774 = ORIENTED_EDGE ( 'NONE', *, *, #924, .T. ) ;
#1775 = CARTESIAN_POINT ( 'NONE',  ( -31.87867965644035451, -46.00000000000000000, 3.000000000000011546 ) ) ;
#1776 = VECTOR ( 'NONE', #2017, 1000.000000000000000 ) ;
#1777 = EDGE_CURVE ( 'NONE', #1700, #995, #757, .T. ) ;
#1778 = AXIS2_PLACEMENT_3D ( 'NONE', #1514, #133, #2217 ) ;
#1779 = DIRECTION ( 'NONE',  ( 1.508455196501571183E-16, -1.000000000000000000, 0.000000000000000000 ) ) ;
#1780 = CARTESIAN_POINT ( 'NONE',  ( -20.99999999999998579, -34.00000000000003553, 0.000000000000000000 ) ) ;
#1781 = EDGE_CURVE ( 'NONE', #1253, #1202, #978, .T. ) ;
#1782 = CIRCLE ( 'NONE', #1298, 6.024999999999967493 ) ;
#1783 = EDGE_LOOP ( 'NONE', ( #1649, #1716, #1502, #1342 ) ) ;
#1784 = LINE ( 'NONE', #186, #1087 ) ;
#1785 = VECTOR ( 'NONE', #2203, 1000.000000000000000 ) ;
#1786 = ORIENTED_EDGE ( 'NONE', *, *, #811, .T. ) ;
#1787 = AXIS2_PLACEMENT_3D ( 'NONE', #2166, #1121, #2018 ) ;
#1788 = CARTESIAN_POINT ( 'NONE',  ( -30.99999999999999289, -43.00000000000003553, 3.000000000000010658 ) ) ;
#1789 = EDGE_LOOP ( 'NONE', ( #353, #827 ) ) ;
#1790 = CIRCLE ( 'NONE', #1670, 1.750000000000001554 ) ;
#1791 = VERTEX_POINT ( 'NONE', #233 ) ;
#1792 = CARTESIAN_POINT ( 'NONE',  ( -32.49999999999999289, -45.37867965644036161, 2.378679656440368717 ) ) ;
#1793 = CARTESIAN_POINT ( 'NONE',  ( 22.50000000000002132, 38.00000000000002842, 0.000000000000000000 ) ) ;
#1794 = FACE_BOUND ( 'NONE', #1753, .T. ) ;
#1795 = CARTESIAN_POINT ( 'NONE',  ( -28.99999999999998934, -27.00000000000003908, 0.000000000000000000 ) ) ;
#1796 = EDGE_CURVE ( 'NONE', #812, #2088, #943, .T. ) ;
#1797 = VERTEX_POINT ( 'NONE', #592 ) ;
#1798 = EDGE_LOOP ( 'NONE', ( #1218, #144, #739, #564 ) ) ;
#1799 = ORIENTED_EDGE ( 'NONE', *, *, #12, .F. ) ;
#1800 = CARTESIAN_POINT ( 'NONE',  ( 23.60530830047592943, 51.71203832808038214, 6.000000000000000000 ) ) ;
#1801 = LINE ( 'NONE', #1419, #629 ) ;
#1802 = CARTESIAN_POINT ( 'NONE',  ( -32.50000000000000711, 46.00000000000000000, 0.000000000000000000 ) ) ;
#1803 = LINE ( 'NONE', #917, #1270 ) ;
#1804 = CARTESIAN_POINT ( 'NONE',  ( -30.99999999999999289, -46.00000000000000000, 6.000000000000000000 ) ) ;
#1805 = EDGE_CURVE ( 'NONE', #1009, #1719, #65, .T. ) ;
#1806 = CARTESIAN_POINT ( 'NONE',  ( -20.99999999999998579, -34.00000000000003553, 6.000000000000000000 ) ) ;
#1807 = EDGE_LOOP ( 'NONE', ( #2033, #1761, #1379, #682 ) ) ;
#1808 = EDGE_CURVE ( 'NONE', #102, #1764, #255, .T. ) ;
#1809 = DIRECTION ( 'NONE',  ( -0.000000000000000000, -0.000000000000000000, 1.000000000000000000 ) ) ;
#1810 = CARTESIAN_POINT ( 'NONE',  ( 3.742640687119283438, -43.00000000000003553, 6.000000000000010658 ) ) ;
#1811 = FACE_BOUND ( 'NONE', #2057, .T. ) ;
#1812 = VECTOR ( 'NONE', #602, 1000.000000000000000 ) ;
#1813 = FACE_OUTER_BOUND ( 'NONE', #1225, .T. ) ;
#1814 = VECTOR ( 'NONE', #495, 1000.000000000000000 ) ;
#1815 = DIRECTION ( 'NONE',  ( -0.000000000000000000, -0.000000000000000000, 1.000000000000000000 ) ) ;
#1816 = VECTOR ( 'NONE', #1768, 1000.000000000000000 ) ;
#1817 = EDGE_CURVE ( 'NONE', #84, #1159, #1435, .T. ) ;
#1818 = DIRECTION ( 'NONE',  ( -0.000000000000000000, -0.000000000000000000, -1.000000000000000000 ) ) ;
#1819 = VERTEX_POINT ( 'NONE', #933 ) ;
#1820 = AXIS2_PLACEMENT_3D ( 'NONE', #1950, #1809, #872 ) ;
#1821 = VECTOR ( 'NONE', #2233, 1000.000000000000000 ) ;
#1822 = EDGE_CURVE ( 'NONE', #2116, #1326, #1640, .T. ) ;
#1823 = ORIENTED_EDGE ( 'NONE', *, *, #1127, .F. ) ;
#1824 = CARTESIAN_POINT ( 'NONE',  ( -30.99999999999999289, -46.00000000000000000, 0.000000000000000000 ) ) ;
#1825 = CARTESIAN_POINT ( 'NONE',  ( -29.68999999999999773, 36.00000000000002842, 6.000000000000000000 ) ) ;
#1826 =( NAMED_UNIT ( * ) PLANE_ANGLE_UNIT ( ) SI_UNIT ( $, .RADIAN. ) );
#1827 = ORIENTED_EDGE ( 'NONE', *, *, #909, .F. ) ;
#1828 = CARTESIAN_POINT ( 'NONE',  ( 29.69000000000001194, -32.57999999999996277, 6.000000000000000000 ) ) ;
#1829 = DIRECTION ( 'NONE',  ( 1.000000000000000000, -3.016910393003146310E-16, 0.000000000000000000 ) ) ;
#1830 = ORIENTED_EDGE ( 'NONE', *, *, #1254, .T. ) ;
#1831 = DIRECTION ( 'NONE',  ( 1.000000000000000000, 2.515349040166371865E-15, -0.000000000000000000 ) ) ;
#1832 = EDGE_CURVE ( 'NONE', #2091, #1255, #2037, .T. ) ;
#1833 = CARTESIAN_POINT ( 'NONE',  ( 27.50000000000001421, 52.70000000000003837, 6.000000000000000000 ) ) ;
#1834 = EDGE_CURVE ( 'NONE', #1347, #1048, #716, .T. ) ;
#1835 = FACE_OUTER_BOUND ( 'NONE', #1575, .T. ) ;
#1836 = DIRECTION ( 'NONE',  ( -0.000000000000000000, -0.000000000000000000, -1.000000000000000000 ) ) ;
#1837 = DIRECTION ( 'NONE',  ( 1.000000000000000000, 0.000000000000000000, 0.000000000000000000 ) ) ;
#1838 = FACE_OUTER_BOUND ( 'NONE', #1135, .T. ) ;
#1839 = VERTEX_POINT ( 'NONE', #1251 ) ;
#1840 = VERTEX_POINT ( 'NONE', #364 ) ;
#1841 = DIRECTION ( 'NONE',  ( 0.000000000000000000, 0.000000000000000000, 1.000000000000000000 ) ) ;
#1842 = CARTESIAN_POINT ( 'NONE',  ( 37.50000000000002842, -52.50000000000003553, 0.000000000000000000 ) ) ;
#1843 = PRODUCT_DEFINITION ( 'UNKNOWN', '', #775, #2247 ) ;
#1844 = ADVANCED_FACE ( 'NONE', ( #604 ), #422, .T. ) ;
#1845 = CARTESIAN_POINT ( 'NONE',  ( -32.49999999999999289, -46.00000000000000000, 1.499999999999999556 ) ) ;
#1846 =( GEOMETRIC_REPRESENTATION_CONTEXT ( 3 ) GLOBAL_UNCERTAINTY_ASSIGNED_CONTEXT ( ( #1198 ) ) GLOBAL_UNIT_ASSIGNED_CONTEXT ( ( #172, #1191, #1371 ) ) REPRESENTATION_CONTEXT ( 'NONE', 'WORKASPACE' ) );
#1847 = DIRECTION ( 'NONE',  ( 0.000000000000000000, 0.000000000000000000, 1.000000000000000000 ) ) ;
#1848 = LINE ( 'NONE', #784, #746 ) ;
#1849 = VECTOR ( 'NONE', #2036, 1000.000000000000000 ) ;
#1850 = DIRECTION ( 'NONE',  ( -0.000000000000000000, -0.000000000000000000, -1.000000000000000000 ) ) ;
#1851 = EDGE_LOOP ( 'NONE', ( #1995, #175, #1596, #981 ) ) ;
#1852 = VECTOR ( 'NONE', #393, 1000.000000000000000 ) ;
#1853 = VERTEX_POINT ( 'NONE', #256 ) ;
#1854 = DIRECTION ( 'NONE',  ( -1.000000000000000000, 3.016910393003146310E-16, 0.000000000000000000 ) ) ;
#1855 = PLANE ( 'NONE',  #1740 ) ;
#1856 = PLANE ( 'NONE',  #1927 ) ;
#1857 = VECTOR ( 'NONE', #1625, 1000.000000000000000 ) ;
#1858 = CARTESIAN_POINT ( 'NONE',  ( 27.50000000000001421, 51.20000000000003837, 6.000000000000000000 ) ) ;
#1859 = LINE ( 'NONE', #268, #2171 ) ;
#1860 = DIRECTION ( 'NONE',  ( 0.000000000000000000, 0.000000000000000000, 1.000000000000000000 ) ) ;
#1861 = EDGE_CURVE ( 'NONE', #278, #451, #279, .T. ) ;
#1862 = DIRECTION ( 'NONE',  ( 1.000000000000000000, 0.000000000000000000, 0.000000000000000000 ) ) ;
#1863 = VERTEX_POINT ( 'NONE', #431 ) ;
#1864 = ADVANCED_FACE ( 'NONE', ( #1495 ), #1509, .F. ) ;
#1865 = VERTEX_POINT ( 'NONE', #1828 ) ;
#1866 = FACE_OUTER_BOUND ( 'NONE', #1920, .T. ) ;
#1867 = EDGE_LOOP ( 'NONE', ( #702, #1913, #1507, #473 ) ) ;
#1868 = CARTESIAN_POINT ( 'NONE',  ( 10.50000000000003020, -49.00000000000002842, 6.000000000000000000 ) ) ;
#1869 = FACE_OUTER_BOUND ( 'NONE', #972, .T. ) ;
#1870 = DIRECTION ( 'NONE',  ( 1.000000000000000000, 0.000000000000000000, 0.000000000000000000 ) ) ;
#1871 = LINE ( 'NONE', #1142, #1189 ) ;
#1872 = ORIENTED_EDGE ( 'NONE', *, *, #1230, .F. ) ;
#1873 = EDGE_CURVE ( 'NONE', #2175, #1107, #1153, .T. ) ;
#1874 = ORIENTED_EDGE ( 'NONE', *, *, #2015, .T. ) ;
#1875 = ADVANCED_FACE ( 'NONE', ( #242 ), #1687, .T. ) ;
#1876 = CARTESIAN_POINT ( 'NONE',  ( -27.93999999999999773, 36.00000000000002842, -4.000000000000000000 ) ) ;
#1877 = ORIENTED_EDGE ( 'NONE', *, *, #1446, .T. ) ;
#1878 = FACE_OUTER_BOUND ( 'NONE', #1332, .T. ) ;
#1879 = LINE ( 'NONE', #340, #2176 ) ;
#1880 = CARTESIAN_POINT ( 'NONE',  ( -28.99999999999998934, -26.00000000000003908, 6.000000000000000000 ) ) ;
#1881 = CARTESIAN_POINT ( 'NONE',  ( 10.50000000000001776, 48.00000000000003553, 0.000000000000000000 ) ) ;
#1882 = CARTESIAN_POINT ( 'NONE',  ( 10.50000000000001776, 49.00000000000003553, 6.000000000000000000 ) ) ;
#1883 = ORIENTED_EDGE ( 'NONE', *, *, #1152, .T. ) ;
#1884 = VECTOR ( 'NONE', #1101, 1000.000000000000000 ) ;
#1885 = AXIS2_PLACEMENT_3D ( 'NONE', #447, #1158, #433 ) ;
#1886 = ORIENTED_EDGE ( 'NONE', *, *, #252, .T. ) ;
#1887 = LINE ( 'NONE', #284, #1849 ) ;
#1888 = AXIS2_PLACEMENT_3D ( 'NONE', #423, #470, #1862 ) ;
#1889 = ADVANCED_FACE ( 'NONE', ( #1339 ), #1698, .F. ) ;
#1890 = AXIS2_PLACEMENT_3D ( 'NONE', #1133, #1688, #956 ) ;
#1891 = ORIENTED_EDGE ( 'NONE', *, *, #158, .F. ) ;
#1892 = CARTESIAN_POINT ( 'NONE',  ( -27.99999999999998579, -27.00000000000003908, 6.000000000000000000 ) ) ;
#1893 = AXIS2_PLACEMENT_3D ( 'NONE', #489, #113, #1518 ) ;
#1894 = VECTOR ( 'NONE', #2224, 1000.000000000000000 ) ;
#1895 = DIRECTION ( 'NONE',  ( -1.000000000000000000, 0.000000000000000000, -0.000000000000000000 ) ) ;
#1896 = FILL_AREA_STYLE_COLOUR ( '', #290 ) ;
#1897 = ORIENTED_EDGE ( 'NONE', *, *, #1908, .F. ) ;
#1898 = CARTESIAN_POINT ( 'NONE',  ( -0.4999999999999813483, -46.00000000000001421, 3.000000000000011546 ) ) ;
#1899 = ORIENTED_EDGE ( 'NONE', *, *, #1072, .F. ) ;
#1900 = ORIENTED_EDGE ( 'NONE', *, *, #2098, .T. ) ;
#1901 = PLANE ( 'NONE',  #61 ) ;
#1902 = EDGE_LOOP ( 'NONE', ( #2219, #327, #1921, #1069 ) ) ;
#1903 = CARTESIAN_POINT ( 'NONE',  ( 37.50000000000002842, -49.00000000000002842, 6.000000000000000000 ) ) ;
#1904 = EDGE_CURVE ( 'NONE', #167, #1344, #71, .T. ) ;
#1905 = PLANE ( 'NONE',  #706 ) ;
#1906 = LINE ( 'NONE', #316, #107 ) ;
#1907 = LINE ( 'NONE', #523, #959 ) ;
#1908 = EDGE_CURVE ( 'NONE', #1216, #488, #1459, .T. ) ;
#1909 = DIRECTION ( 'NONE',  ( 1.000000000000000000, 0.000000000000000000, 0.000000000000000000 ) ) ;
#1910 = ORIENTED_EDGE ( 'NONE', *, *, #2222, .F. ) ;
#1911 = ORIENTED_EDGE ( 'NONE', *, *, #402, .T. ) ;
#1912 = DIRECTION ( 'NONE',  ( -1.000000000000000000, 0.000000000000000000, 0.000000000000000000 ) ) ;
#1913 = ORIENTED_EDGE ( 'NONE', *, *, #1018, .F. ) ;
#1914 = CARTESIAN_POINT ( 'NONE',  ( 32.50000000000001421, 51.20000000000003837, 0.000000000000000000 ) ) ;
#1915 = DIRECTION ( 'NONE',  ( -1.000000000000000000, 0.000000000000000000, 0.000000000000000000 ) ) ;
#1916 = DIRECTION ( 'NONE',  ( -1.508455196501571183E-16, 1.000000000000000000, -0.000000000000000000 ) ) ;
#1917 = ORIENTED_EDGE ( 'NONE', *, *, #2004, .F. ) ;
#1918 = LINE ( 'NONE', #1043, #1894 ) ;
#1919 = EDGE_CURVE ( 'NONE', #1286, #102, #944, .T. ) ;
#1920 = EDGE_LOOP ( 'NONE', ( #543, #727, #798, #1186 ) ) ;
#1921 = ORIENTED_EDGE ( 'NONE', *, *, #114, .F. ) ;
#1922 = AXIS2_PLACEMENT_3D ( 'NONE', #722, #1420, #800 ) ;
#1923 = ORIENTED_EDGE ( 'NONE', *, *, #1291, .F. ) ;
#1924 = AXIS2_PLACEMENT_3D ( 'NONE', #1350, #645, #2181 ) ;
#1925 = DIRECTION ( 'NONE',  ( 2.515349040166371865E-15, -1.000000000000000000, 2.891205793294702978E-16 ) ) ;
#1926 = CARTESIAN_POINT ( 'NONE',  ( 10.50000000000003020, -49.00000000000002842, 6.000000000000000000 ) ) ;
#1927 = AXIS2_PLACEMENT_3D ( 'NONE', #1833, #1671, #2196 ) ;
#1928 = PRODUCT ( 'Motor Driver Clip Shelf - Right', 'Motor Driver Clip Shelf - Right', '', ( #2006 ) ) ;
#1929 = LINE ( 'NONE', #1055, #666 ) ;
#1930 = AXIS2_PLACEMENT_3D ( 'NONE', #2074, #2252, #1053 ) ;
#1931 = ORIENTED_EDGE ( 'NONE', *, *, #1763, .F. ) ;
#1932 = CARTESIAN_POINT ( 'NONE',  ( 27.50000000000002842, -52.70000000000002416, 6.000000000000000000 ) ) ;
#1933 = AXIS2_PLACEMENT_3D ( 'NONE', #969, #1676, #1650 ) ;
#1934 = ORIENTED_EDGE ( 'NONE', *, *, #1456, .F. ) ;
#1935 = EDGE_CURVE ( 'NONE', #1863, #1736, #2043, .T. ) ;
#1936 = EDGE_LOOP ( 'NONE', ( #344, #1565, #1979, #1385 ) ) ;
#1937 = EDGE_CURVE ( 'NONE', #995, #1250, #671, .T. ) ;
#1938 = EDGE_LOOP ( 'NONE', ( #1917, #244, #155, #1359 ) ) ;
#1939 = CARTESIAN_POINT ( 'NONE',  ( 9.500000000000028422, -51.00000000000002842, 6.000000000000000000 ) ) ;
#1940 = CARTESIAN_POINT ( 'NONE',  ( -0.4999999999999692468, -51.00000000000000000, 6.000000000000000000 ) ) ;
#1941 = CARTESIAN_POINT ( 'NONE',  ( -32.49999999999999289, -41.50000000000003553, 1.499999999999999556 ) ) ;
#1942 = EDGE_LOOP ( 'NONE', ( #2100, #1666, #503, #411, #879, #281, #657, #323, #496, #670, #1538, #1923, #1143, #1738, #206, #1931, #227, #1134, #1351, #1729, #2161, #138, #2099, #1678, #551, #2272, #383, #1990, #2237, #1527, #977, #1386 ) ) ;
#1943 = DIRECTION ( 'NONE',  ( 0.9109952089899573391, -0.4124169361184673588, 0.000000000000000000 ) ) ;
#1944 = ORIENTED_EDGE ( 'NONE', *, *, #1423, .T. ) ;
#1945 = CARTESIAN_POINT ( 'NONE',  ( 37.00000000000002842, -52.50000000000003553, 0.000000000000000000 ) ) ;
#1946 = ADVANCED_FACE ( 'NONE', ( #2029 ), #632, .F. ) ;
#1947 = ORIENTED_EDGE ( 'NONE', *, *, #568, .T. ) ;
#1948 = EDGE_CURVE ( 'NONE', #1773, #1160, #1848, .T. ) ;
#1949 = VERTEX_POINT ( 'NONE', #1292 ) ;
#1950 = CARTESIAN_POINT ( 'NONE',  ( 27.94000000000000838, -32.57999999999996277, -4.000000000000000000 ) ) ;
#1951 = LINE ( 'NONE', #1974, #444 ) ;
#1952 = DIRECTION ( 'NONE',  ( 0.000000000000000000, 0.000000000000000000, 1.000000000000000000 ) ) ;
#1953 = ORIENTED_EDGE ( 'NONE', *, *, #427, .T. ) ;
#1954 = CARTESIAN_POINT ( 'NONE',  ( -0.5000000000002060574, 43.00000000000002132, 6.000000000000000000 ) ) ;
#1955 = ORIENTED_EDGE ( 'NONE', *, *, #1050, .F. ) ;
#1956 = CARTESIAN_POINT ( 'NONE',  ( 37.50000000000002842, -49.00000000000002842, 0.000000000000000000 ) ) ;
#1957 = EDGE_LOOP ( 'NONE', ( #1770, #2064, #6, #1911, #535, #1375, #379, #2038, #1238, #647, #2047, #1425, #310, #869, #637, #770 ) ) ;
#1958 = ORIENTED_EDGE ( 'NONE', *, *, #240, .T. ) ;
#1959 = DIRECTION ( 'NONE',  ( -1.000000000000000000, 0.000000000000000000, 0.000000000000000000 ) ) ;
#1960 = STYLED_ITEM ( 'NONE', ( #1769 ), #216 ) ;
#1961 = EDGE_CURVE ( 'NONE', #2113, #871, #1790, .T. ) ;
#1962 = AXIS2_PLACEMENT_3D ( 'NONE', #2019, #1178, #69 ) ;
#1963 = CARTESIAN_POINT ( 'NONE',  ( -31.00000000000000711, 45.99999999999999289, 1.500000000000000000 ) ) ;
#1964 = CYLINDRICAL_SURFACE ( 'NONE', #1431, 1.000000000000000888 ) ;
#1965 = AXIS2_PLACEMENT_3D ( 'NONE', #1492, #2208, #627 ) ;
#1966 = CARTESIAN_POINT ( 'NONE',  ( 32.50000000000002842, -51.20000000000002416, 6.000000000000000000 ) ) ;
#1967 = VECTOR ( 'NONE', #1499, 1000.000000000000000 ) ;
#1968 = DIRECTION ( 'NONE',  ( -1.000000000000000000, 0.000000000000000000, -0.000000000000000000 ) ) ;
#1969 = DIRECTION ( 'NONE',  ( 0.000000000000000000, 0.000000000000000000, 1.000000000000000000 ) ) ;
#1970 = EDGE_LOOP ( 'NONE', ( #683, #2280, #1295, #296 ) ) ;
#1971 = VECTOR ( 'NONE', #907, 1000.000000000000000 ) ;
#1972 = ORIENTED_EDGE ( 'NONE', *, *, #2067, .F. ) ;
#1973 = PLANE ( 'NONE',  #668 ) ;
#1974 = CARTESIAN_POINT ( 'NONE',  ( -22.99999999999998934, -27.00000000000003908, 0.000000000000000000 ) ) ;
#1975 = EDGE_CURVE ( 'NONE', #165, #2227, #1484, .T. ) ;
#1976 = PLANE ( 'NONE',  #813 ) ;
#1977 = DIRECTION ( 'NONE',  ( -2.276824562219560495E-15, -1.000000000000000000, 0.000000000000000000 ) ) ;
#1978 = ADVANCED_FACE ( 'NONE', ( #55 ), #767, .F. ) ;
#1979 = ORIENTED_EDGE ( 'NONE', *, *, #669, .F. ) ;
#1980 = DIRECTION ( 'NONE',  ( -0.000000000000000000, -0.000000000000000000, -1.000000000000000000 ) ) ;
#1981 = ORIENTED_EDGE ( 'NONE', *, *, #1185, .T. ) ;
#1982 = FACE_OUTER_BOUND ( 'NONE', #2281, .T. ) ;
#1983 = CARTESIAN_POINT ( 'NONE',  ( 23.60530830047592943, 51.71203832808038214, 6.000000000000000000 ) ) ;
#1984 = CARTESIAN_POINT ( 'NONE',  ( -24.49999999999999645, 30.00000000000002132, 6.000000000000000000 ) ) ;
#1985 = CARTESIAN_POINT ( 'NONE',  ( -23.49999999999999645, 38.00000000000002132, 0.000000000000000000 ) ) ;
#1986 = ORIENTED_EDGE ( 'NONE', *, *, #126, .T. ) ;
#1987 = DIRECTION ( 'NONE',  ( -1.508455196501571183E-16, 1.000000000000000000, 0.000000000000000000 ) ) ;
#1988 = EDGE_CURVE ( 'NONE', #1341, #1316, #1010, .T. ) ;
#1989 = CARTESIAN_POINT ( 'NONE',  ( 21.50000000000001776, 37.00000000000002842, 0.000000000000000000 ) ) ;
#1990 = ORIENTED_EDGE ( 'NONE', *, *, #754, .F. ) ;
#1991 = ORIENTED_EDGE ( 'NONE', *, *, #1454, .F. ) ;
#1992 = DIRECTION ( 'NONE',  ( -1.000000000000000000, 0.000000000000000000, 0.000000000000000000 ) ) ;
#1993 = LINE ( 'NONE', #407, #2105 ) ;
#1994 = CIRCLE ( 'NONE', #999, 0.5000000000000004441 ) ;
#1995 = ORIENTED_EDGE ( 'NONE', *, *, #1573, .F. ) ;
#1996 = CARTESIAN_POINT ( 'NONE',  ( 29.69000000000000483, 36.00000000000003553, -4.000000000000000000 ) ) ;
#1997 = CARTESIAN_POINT ( 'NONE',  ( -27.93999999999999062, -32.57999999999996987, 6.000000000000000000 ) ) ;
#1998 = CIRCLE ( 'NONE', #1004, 1.750000000000001554 ) ;
#1999 = DIRECTION ( 'NONE',  ( 1.000000000000000000, 0.000000000000000000, 0.000000000000000000 ) ) ;
#2000 = ORIENTED_EDGE ( 'NONE', *, *, #1590, .F. ) ;
#2001 = ADVANCED_FACE ( 'NONE', ( #103 ), #1535, .F. ) ;
#2002 = VECTOR ( 'NONE', #1634, 1000.000000000000000 ) ;
#2003 = AXIS2_PLACEMENT_3D ( 'NONE', #2269, #867, #1226 ) ;
#2004 = EDGE_CURVE ( 'NONE', #1773, #2214, #2218, .T. ) ;
#2005 = DIRECTION ( 'NONE',  ( -3.016910393003143352E-16, 1.000000000000000000, 0.000000000000000000 ) ) ;
#2006 = PRODUCT_CONTEXT ( 'NONE', #1197, 'mechanical' ) ;
#2007 = PLANE ( 'NONE',  #958 ) ;
#2008 = FACE_OUTER_BOUND ( 'NONE', #707, .T. ) ;
#2009 = DIRECTION ( 'NONE',  ( -0.000000000000000000, -0.000000000000000000, -1.000000000000000000 ) ) ;
#2010 = LINE ( 'NONE', #1325, #961 ) ;
#2011 = VERTEX_POINT ( 'NONE', #2089 ) ;
#2012 = EDGE_CURVE ( 'NONE', #1593, #1123, #1031, .T. ) ;
#2013 = ORIENTED_EDGE ( 'NONE', *, *, #2012, .F. ) ;
#2014 = DIRECTION ( 'NONE',  ( -0.000000000000000000, -0.000000000000000000, 1.000000000000000000 ) ) ;
#2015 = EDGE_CURVE ( 'NONE', #1611, #1865, #1633, .T. ) ;
#2016 = CARTESIAN_POINT ( 'NONE',  ( 37.50000000000001421, 49.00000000000004263, 6.000000000000000000 ) ) ;
#2017 = DIRECTION ( 'NONE',  ( -0.000000000000000000, -0.000000000000000000, 1.000000000000000000 ) ) ;
#2018 = DIRECTION ( 'NONE',  ( -1.000000000000000000, 0.000000000000000000, 0.000000000000000000 ) ) ;
#2019 = CARTESIAN_POINT ( 'NONE',  ( -22.49999999999999645, 37.00000000000002132, 0.000000000000000000 ) ) ;
#2020 = VERTEX_POINT ( 'NONE', #130 ) ;
#2021 = FACE_OUTER_BOUND ( 'NONE', #209, .T. ) ;
#2022 = CARTESIAN_POINT ( 'NONE',  ( -23.49999999999999645, 37.00000000000002132, 6.000000000000000000 ) ) ;
#2023 = CARTESIAN_POINT ( 'NONE',  ( -32.49999999999999289, -46.00000000000000000, 1.499999999999999556 ) ) ;
#2024 = ADVANCED_FACE ( 'NONE', ( #1525 ), #328, .F. ) ;
#2025 = FACE_OUTER_BOUND ( 'NONE', #835, .T. ) ;
#2026 = FACE_OUTER_BOUND ( 'NONE', #679, .T. ) ;
#2027 = VECTOR ( 'NONE', #1140, 1000.000000000000000 ) ;
#2028 = CARTESIAN_POINT ( 'NONE',  ( -31.87867965644036872, 46.00000000000000000, 2.999999999999998668 ) ) ;
#2029 = FACE_OUTER_BOUND ( 'NONE', #1755, .T. ) ;
#2030 = DIRECTION ( 'NONE',  ( -0.000000000000000000, -0.000000000000000000, -1.000000000000000000 ) ) ;
#2031 = VERTEX_POINT ( 'NONE', #1898 ) ;
#2032 = CIRCLE ( 'NONE', #146, 1.000000000000000888 ) ;
#2033 = ORIENTED_EDGE ( 'NONE', *, *, #937, .T. ) ;
#2034 = AXIS2_PLACEMENT_3D ( 'NONE', #371, #1086, #880 ) ;
#2035 = DIRECTION ( 'NONE',  ( 0.000000000000000000, 0.000000000000000000, 1.000000000000000000 ) ) ;
#2036 = DIRECTION ( 'NONE',  ( -1.000000000000000000, -0.000000000000000000, -0.000000000000000000 ) ) ;
#2037 = CIRCLE ( 'NONE', #2, 0.5000000000000004441 ) ;
#2038 = ORIENTED_EDGE ( 'NONE', *, *, #686, .T. ) ;
#2039 = DIRECTION ( 'NONE',  ( 1.508455196501571183E-16, -1.000000000000000000, 0.000000000000000000 ) ) ;
#2040 = AXIS2_PLACEMENT_3D ( 'NONE', #755, #2174, #931 ) ;
#2041 = EDGE_CURVE ( 'NONE', #2090, #2134, #1373, .T. ) ;
#2042 = DIRECTION ( 'NONE',  ( 1.000000000000000000, -0.000000000000000000, 0.000000000000000000 ) ) ;
#2043 = LINE ( 'NONE', #794, #1407 ) ;
#2044 = ADVANCED_FACE ( 'NONE', ( #1177 ), #1734, .F. ) ;
#2045 = CARTESIAN_POINT ( 'NONE',  ( 9.500000000000019540, 46.00000000000000711, 6.000000000000000000 ) ) ;
#2046 = ORIENTED_EDGE ( 'NONE', *, *, #728, .F. ) ;
#2047 = ORIENTED_EDGE ( 'NONE', *, *, #1578, .T. ) ;
#2048 = DIRECTION ( 'NONE',  ( 0.000000000000000000, 0.000000000000000000, -1.000000000000000000 ) ) ;
#2049 = VERTEX_POINT ( 'NONE', #309 ) ;
#2050 = FACE_OUTER_BOUND ( 'NONE', #73, .T. ) ;
#2051 = ORIENTED_EDGE ( 'NONE', *, *, #2095, .T. ) ;
#2052 = EDGE_CURVE ( 'NONE', #351, #2049, #1020, .T. ) ;
#2053 = DIRECTION ( 'NONE',  ( 1.000000000000000000, 0.000000000000000000, 0.000000000000000000 ) ) ;
#2054 = CARTESIAN_POINT ( 'NONE',  ( 32.50000000000002132, -45.99999999999998579, 6.000000000000000000 ) ) ;
#2055 = ORIENTED_EDGE ( 'NONE', *, *, #258, .F. ) ;
#2056 = EDGE_CURVE ( 'NONE', #2216, #1408, #1360, .T. ) ;
#2057 = EDGE_LOOP ( 'NONE', ( #1415, #320 ) ) ;
#2058 = DIRECTION ( 'NONE',  ( -0.000000000000000000, -0.000000000000000000, -1.000000000000000000 ) ) ;
#2059 = VERTEX_POINT ( 'NONE', #690 ) ;
#2060 = CARTESIAN_POINT ( 'NONE',  ( -32.49999999999999289, -42.37867965644039714, 5.378679656440358059 ) ) ;
#2061 = LINE ( 'NONE', #478, #370 ) ;
#2062 = LINE ( 'NONE', #2209, #1512 ) ;
#2063 = DIRECTION ( 'NONE',  ( 0.000000000000000000, 0.000000000000000000, 1.000000000000000000 ) ) ;
#2064 = ORIENTED_EDGE ( 'NONE', *, *, #843, .T. ) ;
#2065 = VECTOR ( 'NONE', #2232, 1000.000000000000000 ) ;
#2066 = VECTOR ( 'NONE', #312, 1000.000000000000000 ) ;
#2067 = EDGE_CURVE ( 'NONE', #176, #140, #480, .T. ) ;
#2068 = VERTEX_POINT ( 'NONE', #1725 ) ;
#2069 = CARTESIAN_POINT ( 'NONE',  ( 20.30597281152820344, -51.00000000000002132, 0.000000000000000000 ) ) ;
#2070 = VECTOR ( 'NONE', #1223, 1000.000000000000000 ) ;
#2071 = AXIS2_PLACEMENT_3D ( 'NONE', #404, #1654, #1126 ) ;
#2072 = EDGE_CURVE ( 'NONE', #2282, #1233, #2112, .T. ) ;
#2073 = ORIENTED_EDGE ( 'NONE', *, *, #1446, .F. ) ;
#2074 = CARTESIAN_POINT ( 'NONE',  ( 32.50000000000001421, 57.22500000000000853, 6.000000000000000000 ) ) ;
#2075 = VECTOR ( 'NONE', #1815, 1000.000000000000000 ) ;
#2076 = AXIS2_PLACEMENT_3D ( 'NONE', #525, #1760, #1771 ) ;
#2077 = LINE ( 'NONE', #115, #1553 ) ;
#2078 = CARTESIAN_POINT ( 'NONE',  ( 27.50000000000001776, 49.00000000000004263, 0.000000000000000000 ) ) ;
#2079 = CARTESIAN_POINT ( 'NONE',  ( 9.500000000000019540, 48.00000000000003553, 0.000000000000000000 ) ) ;
#2080 = ORIENTED_EDGE ( 'NONE', *, *, #1273, .T. ) ;
#2081 = ORIENTED_EDGE ( 'NONE', *, *, #738, .T. ) ;
#2082 = DIRECTION ( 'NONE',  ( 2.515349040166371865E-15, -1.000000000000000000, 0.000000000000000000 ) ) ;
#2083 = ORIENTED_EDGE ( 'NONE', *, *, #1822, .F. ) ;
#2084 = DIRECTION ( 'NONE',  ( -0.000000000000000000, -0.000000000000000000, -1.000000000000000000 ) ) ;
#2085 = EDGE_CURVE ( 'NONE', #1160, #38, #1711, .T. ) ;
#2086 = CARTESIAN_POINT ( 'NONE',  ( -0.4999999999999816813, 51.00000000000000711, 6.000000000000000000 ) ) ;
#2087 = PLANE ( 'NONE',  #1327 ) ;
#2088 = VERTEX_POINT ( 'NONE', #2079 ) ;
#2089 = CARTESIAN_POINT ( 'NONE',  ( 9.500000000000019540, 46.00000000000000711, 6.000000000000000000 ) ) ;
#2090 = VERTEX_POINT ( 'NONE', #492 ) ;
#2091 = VERTEX_POINT ( 'NONE', #139 ) ;
#2092 = ORIENTED_EDGE ( 'NONE', *, *, #1737, .F. ) ;
#2093 = LINE ( 'NONE', #1903, #1520 ) ;
#2094 = DIRECTION ( 'NONE',  ( -0.000000000000000000, -0.000000000000000000, -1.000000000000000000 ) ) ;
#2095 = EDGE_CURVE ( 'NONE', #2088, #857, #1302, .T. ) ;
#2096 = ORIENTED_EDGE ( 'NONE', *, *, #1015, .F. ) ;
#2097 = DIRECTION ( 'NONE',  ( 3.016910393003143352E-16, -1.000000000000000000, 0.000000000000000000 ) ) ;
#2098 = EDGE_CURVE ( 'NONE', #993, #1096, #1918, .T. ) ;
#2099 = ORIENTED_EDGE ( 'NONE', *, *, #1426, .F. ) ;
#2100 = ORIENTED_EDGE ( 'NONE', *, *, #1423, .F. ) ;
#2101 = CIRCLE ( 'NONE', #405, 1.750000000000001554 ) ;
#2102 = ORIENTED_EDGE ( 'NONE', *, *, #644, .T. ) ;
#2103 = AXIS2_PLACEMENT_3D ( 'NONE', #56, #1122, #735 ) ;
#2104 = DIRECTION ( 'NONE',  ( 2.515349040166371865E-15, -1.000000000000000000, -0.000000000000000000 ) ) ;
#2105 = VECTOR ( 'NONE', #266, 1000.000000000000000 ) ;
#2106 = DIRECTION ( 'NONE',  ( 0.000000000000000000, -1.000000000000000000, 0.000000000000000000 ) ) ;
#2107 = FACE_OUTER_BOUND ( 'NONE', #1970, .T. ) ;
#2108 = AXIS2_PLACEMENT_3D ( 'NONE', #1288, #59, #1992 ) ;
#2109 = ORIENTED_EDGE ( 'NONE', *, *, #117, .T. ) ;
#2110 = LINE ( 'NONE', #1582, #1857 ) ;
#2111 = EDGE_CURVE ( 'NONE', #1819, #1353, #118, .T. ) ;
#2112 = CIRCLE ( 'NONE', #412, 8.000000000000000000 ) ;
#2113 = VERTEX_POINT ( 'NONE', #1058 ) ;
#2114 = EDGE_CURVE ( 'NONE', #1341, #2113, #1239, .T. ) ;
#2115 = VERTEX_POINT ( 'NONE', #32 ) ;
#2116 = VERTEX_POINT ( 'NONE', #713 ) ;
#2117 = CARTESIAN_POINT ( 'NONE',  ( -30.99999999999999289, -46.00000000000001421, 3.000000000000011546 ) ) ;
#2118 = PLANE ( 'NONE',  #1113 ) ;
#2119 = CARTESIAN_POINT ( 'NONE',  ( -32.50000000000000711, 43.00000000000002132, 4.500000000000000888 ) ) ;
#2120 = VERTEX_POINT ( 'NONE', #876 ) ;
#2121 = LINE ( 'NONE', #1432, #2254 ) ;
#2122 = VERTEX_POINT ( 'NONE', #1954 ) ;
#2123 = DIRECTION ( 'NONE',  ( 0.000000000000000000, 0.000000000000000000, -1.000000000000000000 ) ) ;
#2124 = ORIENTED_EDGE ( 'NONE', *, *, #1693, .F. ) ;
#2125 = EDGE_CURVE ( 'NONE', #106, #1557, #570, .T. ) ;
#2126 = ORIENTED_EDGE ( 'NONE', *, *, #1661, .F. ) ;
#2127 = DIRECTION ( 'NONE',  ( -1.000000000000000000, 0.000000000000000000, 0.000000000000000000 ) ) ;
#2128 = CARTESIAN_POINT ( 'NONE',  ( 27.50000000000002842, -51.20000000000002416, 0.000000000000000000 ) ) ;
#2129 = LINE ( 'NONE', #1604, #623 ) ;
#2130 = LINE ( 'NONE', #1282, #1156 ) ;
#2131 = DIRECTION ( 'NONE',  ( -1.000000000000000000, -8.673617379883906296E-16, 0.000000000000000000 ) ) ;
#2132 = DIRECTION ( 'NONE',  ( 0.000000000000000000, 0.000000000000000000, 1.000000000000000000 ) ) ;
#2133 = DIRECTION ( 'NONE',  ( -0.000000000000000000, -0.000000000000000000, 1.000000000000000000 ) ) ;
#2134 = VERTEX_POINT ( 'NONE', #700 ) ;
#2135 = EDGE_CURVE ( 'NONE', #1253, #1593, #2110, .T. ) ;
#2136 = ORIENTED_EDGE ( 'NONE', *, *, #2139, .T. ) ;
#2137 = CARTESIAN_POINT ( 'NONE',  ( 9.500000000000017764, 51.00000000000004263, 0.000000000000000000 ) ) ;
#2138 = AXIS2_PLACEMENT_3D ( 'NONE', #874, #360, #1490 ) ;
#2139 = EDGE_CURVE ( 'NONE', #1550, #1750, #2130, .T. ) ;
#2140 = VECTOR ( 'NONE', #1641, 1000.000000000000000 ) ;
#2141 = FACE_OUTER_BOUND ( 'NONE', #25, .T. ) ;
#2142 = LINE ( 'NONE', #2195, #1398 ) ;
#2143 = VECTOR ( 'NONE', #1333, 1000.000000000000000 ) ;
#2144 = DIRECTION ( 'NONE',  ( -1.000000000000000000, 6.421350511362183725E-16, -0.000000000000000000 ) ) ;
#2145 = VECTOR ( 'NONE', #1668, 1000.000000000000000 ) ;
#2146 = FACE_OUTER_BOUND ( 'NONE', #448, .T. ) ;
#2147 = VECTOR ( 'NONE', #399, 1000.000000000000000 ) ;
#2148 = FACE_OUTER_BOUND ( 'NONE', #1173, .T. ) ;
#2149 = VERTEX_POINT ( 'NONE', #1249 ) ;
#2150 = VECTOR ( 'NONE', #1977, 1000.000000000000000 ) ;
#2151 = ORIENTED_EDGE ( 'NONE', *, *, #2156, .T. ) ;
#2152 = CARTESIAN_POINT ( 'NONE',  ( -22.99999999999999289, -27.00000000000003908, 0.000000000000000000 ) ) ;
#2153 = EDGE_CURVE ( 'NONE', #608, #1840, #2121, .T. ) ;
#2154 = DIRECTION ( 'NONE',  ( 1.000000000000000000, 0.000000000000000000, 0.000000000000000000 ) ) ;
#2155 = FACE_BOUND ( 'NONE', #1376, .T. ) ;
#2156 = EDGE_CURVE ( 'NONE', #165, #1550, #362, .T. ) ;
#2157 = DIRECTION ( 'NONE',  ( -0.000000000000000000, -0.000000000000000000, -1.000000000000000000 ) ) ;
#2158 = EDGE_LOOP ( 'NONE', ( #1571, #1899, #786, #1268 ) ) ;
#2159 = DIRECTION ( 'NONE',  ( 1.000000000000000000, 0.000000000000000000, 0.000000000000000000 ) ) ;
#2160 = EDGE_LOOP ( 'NONE', ( #1063, #1083, #2260, #1537 ) ) ;
#2161 = ORIENTED_EDGE ( 'NONE', *, *, #859, .F. ) ;
#2162 = DIRECTION ( 'NONE',  ( -0.000000000000000000, -0.000000000000000000, -1.000000000000000000 ) ) ;
#2163 = LINE ( 'NONE', #814, #219 ) ;
#2164 = EDGE_CURVE ( 'NONE', #1528, #2149, #899, .T. ) ;
#2165 = ORIENTED_EDGE ( 'NONE', *, *, #1873, .T. ) ;
#2166 = CARTESIAN_POINT ( 'NONE',  ( -31.00000000000000711, 44.50000000000000000, 6.000000000000000000 ) ) ;
#2167 = EDGE_CURVE ( 'NONE', #1382, #2068, #1605, .T. ) ;
#2168 = LINE ( 'NONE', #199, #177 ) ;
#2169 = ORIENTED_EDGE ( 'NONE', *, *, #1127, .T. ) ;
#2170 = CARTESIAN_POINT ( 'NONE',  ( 26.19000000000000128, 36.00000000000003553, -4.000000000000000000 ) ) ;
#2171 = VECTOR ( 'NONE', #1003, 1000.000000000000000 ) ;
#2172 = LINE ( 'NONE', #790, #1744 ) ;
#2173 = AXIS2_PLACEMENT_3D ( 'NONE', #295, #2190, #971 ) ;
#2174 = DIRECTION ( 'NONE',  ( 0.000000000000000000, 0.000000000000000000, 1.000000000000000000 ) ) ;
#2175 = VERTEX_POINT ( 'NONE', #1966 ) ;
#2176 = VECTOR ( 'NONE', #288, 1000.000000000000000 ) ;
#2177 = CYLINDRICAL_SURFACE ( 'NONE', #816, 1.750000000000001554 ) ;
#2178 = EDGE_CURVE ( 'NONE', #1652, #1707, #377, .T. ) ;
#2179 = CARTESIAN_POINT ( 'NONE',  ( 9.500000000000019540, 48.00000000000003553, 6.000000000000000000 ) ) ;
#2180 = CARTESIAN_POINT ( 'NONE',  ( -27.93999999999999773, 36.00000000000002842, -4.000000000000000000 ) ) ;
#2181 = DIRECTION ( 'NONE',  ( 1.000000000000000000, 0.000000000000000000, 0.000000000000000000 ) ) ;
#2182 = EDGE_LOOP ( 'NONE', ( #354, #1799, #574, #903 ) ) ;
#2183 = AXIS2_PLACEMENT_3D ( 'NONE', #1026, #828, #466 ) ;
#2184 = EDGE_CURVE ( 'NONE', #1949, #2134, #1447, .T. ) ;
#2185 = ORIENTED_EDGE ( 'NONE', *, *, #787, .T. ) ;
#2186 = CARTESIAN_POINT ( 'NONE',  ( 27.00000000000002842, -52.70000000000002416, 6.000000000000000000 ) ) ;
#2187 = DIRECTION ( 'NONE',  ( 0.000000000000000000, 0.000000000000000000, 1.000000000000000000 ) ) ;
#2188 = CYLINDRICAL_SURFACE ( 'NONE', #365, 1.000000000000002665 ) ;
#2189 = DIRECTION ( 'NONE',  ( -1.000000000000000000, 0.000000000000000000, 0.000000000000000000 ) ) ;
#2190 = DIRECTION ( 'NONE',  ( -0.000000000000000000, -0.000000000000000000, -1.000000000000000000 ) ) ;
#2191 = ORIENTED_EDGE ( 'NONE', *, *, #1937, .F. ) ;
#2192 = EDGE_CURVE ( 'NONE', #1863, #1347, #205, .T. ) ;
#2193 = VECTOR ( 'NONE', #88, 1000.000000000000000 ) ;
#2194 = DIRECTION ( 'NONE',  ( -0.000000000000000000, -0.000000000000000000, -1.000000000000000000 ) ) ;
#2195 = CARTESIAN_POINT ( 'NONE',  ( 27.50000000000002842, -49.00000000000002842, 6.000000000000000000 ) ) ;
#2196 = DIRECTION ( 'NONE',  ( 0.000000000000000000, 0.000000000000000000, 1.000000000000000000 ) ) ;
#2197 = CARTESIAN_POINT ( 'NONE',  ( -32.49999999999999289, -41.50000000000003553, 4.500000000000000888 ) ) ;
#2198 = CARTESIAN_POINT ( 'NONE',  ( 22.50000000000002132, 38.00000000000002842, 0.000000000000000000 ) ) ;
#2199 = DIRECTION ( 'NONE',  ( -0.000000000000000000, -0.000000000000000000, 1.000000000000000000 ) ) ;
#2200 = CYLINDRICAL_SURFACE ( 'NONE', #1962, 1.000000000000000888 ) ;
#2201 = ORIENTED_EDGE ( 'NONE', *, *, #460, .F. ) ;
#2202 = ORIENTED_EDGE ( 'NONE', *, *, #213, .T. ) ;
#2203 = DIRECTION ( 'NONE',  ( -0.000000000000000000, -0.000000000000000000, 1.000000000000000000 ) ) ;
#2204 = CARTESIAN_POINT ( 'NONE',  ( -32.50000000000000711, 42.37867965644038293, 2.378679656440356727 ) ) ;
#2205 = EDGE_CURVE ( 'NONE', #2116, #1433, #887, .T. ) ;
#2206 = ORIENTED_EDGE ( 'NONE', *, *, #997, .F. ) ;
#2207 = CARTESIAN_POINT ( 'NONE',  ( 22.50000000000002132, -34.00000000000003553, 6.000000000000000000 ) ) ;
#2208 = DIRECTION ( 'NONE',  ( -0.000000000000000000, -0.000000000000000000, -1.000000000000000000 ) ) ;
#2209 = CARTESIAN_POINT ( 'NONE',  ( 9.500000000000028422, -51.00000000000002842, 0.000000000000000000 ) ) ;
#2210 = VECTOR ( 'NONE', #1916, 1000.000000000000000 ) ;
#2211 = CARTESIAN_POINT ( 'NONE',  ( 37.50000000000001421, 49.00000000000004263, 6.000000000000000000 ) ) ;
#2212 = VECTOR ( 'NONE', #2030, 1000.000000000000000 ) ;
#2213 = DIRECTION ( 'NONE',  ( 1.000000000000000000, 0.000000000000000000, -0.000000000000000000 ) ) ;
#2214 = VERTEX_POINT ( 'NONE', #196 ) ;
#2215 = VECTOR ( 'NONE', #1164, 1000.000000000000000 ) ;
#2216 = VERTEX_POINT ( 'NONE', #1077 ) ;
#2217 = DIRECTION ( 'NONE',  ( -1.000000000000000000, 0.000000000000000000, 0.000000000000000000 ) ) ;
#2218 = CIRCLE ( 'NONE', #339, 1.750000000000001554 ) ;
#2219 = ORIENTED_EDGE ( 'NONE', *, *, #1590, .T. ) ;
#2220 = CARTESIAN_POINT ( 'NONE',  ( 10.50000000000003020, -49.00000000000002842, 0.000000000000000000 ) ) ;
#2221 = ADVANCED_FACE ( 'NONE', ( #560 ), #1615, .F. ) ;
#2222 = EDGE_CURVE ( 'NONE', #2049, #1438, #1803, .T. ) ;
#2223 = DIRECTION ( 'NONE',  ( -0.000000000000000000, -0.000000000000000000, 1.000000000000000000 ) ) ;
#2224 = DIRECTION ( 'NONE',  ( 2.515349040166371865E-15, -1.000000000000000000, -0.000000000000000000 ) ) ;
#2225 = DIRECTION ( 'NONE',  ( 6.308085367188392213E-16, 1.000000000000000000, 0.000000000000000000 ) ) ;
#2226 = VERTEX_POINT ( 'NONE', #395 ) ;
#2227 = VERTEX_POINT ( 'NONE', #1401 ) ;
#2228 = DIRECTION ( 'NONE',  ( 0.000000000000000000, -0.000000000000000000, -1.000000000000000000 ) ) ;
#2229 = EDGE_LOOP ( 'NONE', ( #1891, #2248, #1618, #1498, #348, #541 ) ) ;
#2230 = DIRECTION ( 'NONE',  ( 0.000000000000000000, -2.891205793294702978E-16, -1.000000000000000000 ) ) ;
#2231 = CARTESIAN_POINT ( 'NONE',  ( -21.99999999999998934, -27.00000000000003908, 0.000000000000000000 ) ) ;
#2232 = DIRECTION ( 'NONE',  ( -0.000000000000000000, -0.000000000000000000, -1.000000000000000000 ) ) ;
#2233 = DIRECTION ( 'NONE',  ( 0.000000000000000000, -1.000000000000000000, 0.000000000000000000 ) ) ;
#2234 = EDGE_CURVE ( 'NONE', #176, #1159, #1784, .T. ) ;
#2235 = ORIENTED_EDGE ( 'NONE', *, *, #1388, .F. ) ;
#2236 = ADVANCED_FACE ( 'NONE', ( #174 ), #723, .F. ) ;
#2237 = ORIENTED_EDGE ( 'NONE', *, *, #2139, .F. ) ;
#2238 = DIRECTION ( 'NONE',  ( 1.000000000000000000, 0.000000000000000000, 0.000000000000000000 ) ) ;
#2239 = ORIENTED_EDGE ( 'NONE', *, *, #843, .F. ) ;
#2240 = DIRECTION ( 'NONE',  ( 4.336808689942015764E-16, -1.000000000000000000, 0.000000000000000000 ) ) ;
#2241 = CARTESIAN_POINT ( 'NONE',  ( -0.4999999999999816813, 51.00000000000000711, 6.000000000000000000 ) ) ;
#2242 = LINE ( 'NONE', #137, #849 ) ;
#2243 = CARTESIAN_POINT ( 'NONE',  ( 37.50000000000002842, -49.00000000000002842, 6.000000000000000000 ) ) ;
#2244 = ORIENTED_EDGE ( 'NONE', *, *, #2285, .F. ) ;
#2245 = CIRCLE ( 'NONE', #2138, 0.5000000000000004441 ) ;
#2246 = EDGE_CURVE ( 'NONE', #2227, #1819, #262, .T. ) ;
#2247 = PRODUCT_DEFINITION_CONTEXT ( 'detailed design', #805, 'design' ) ;
#2248 = ORIENTED_EDGE ( 'NONE', *, *, #900, .T. ) ;
#2249 = ADVANCED_FACE ( 'NONE', ( #2025 ), #1673, .F. ) ;
#2250 = FACE_OUTER_BOUND ( 'NONE', #693, .T. ) ;
#2251 = ORIENTED_EDGE ( 'NONE', *, *, #1426, .T. ) ;
#2252 = DIRECTION ( 'NONE',  ( -0.000000000000000000, -0.000000000000000000, -1.000000000000000000 ) ) ;
#2253 = AXIS2_PLACEMENT_3D ( 'NONE', #1544, #842, #654 ) ;
#2254 = VECTOR ( 'NONE', #164, 1000.000000000000114 ) ;
#2255 = DIRECTION ( 'NONE',  ( 1.000000000000000000, 0.000000000000000000, 0.000000000000000000 ) ) ;
#2256 = CARTESIAN_POINT ( 'NONE',  ( 27.50000000000002842, -52.70000000000002416, 0.000000000000000000 ) ) ;
#2257 = ORIENTED_EDGE ( 'NONE', *, *, #1243, .F. ) ;
#2258 = CARTESIAN_POINT ( 'NONE',  ( -27.93999999999999773, 36.00000000000002842, 0.000000000000000000 ) ) ;
#2259 = EDGE_LOOP ( 'NONE', ( #1610, #2235, #1585, #1953 ) ) ;
#2260 = ORIENTED_EDGE ( 'NONE', *, *, #1578, .F. ) ;
#2261 = EDGE_CURVE ( 'NONE', #2068, #2020, #577, .T. ) ;
#2262 = ORIENTED_EDGE ( 'NONE', *, *, #1349, .T. ) ;
#2263 = DIRECTION ( 'NONE',  ( -1.000000000000000000, 0.000000000000000000, 0.000000000000000000 ) ) ;
#2264 = FACE_OUTER_BOUND ( 'NONE', #159, .T. ) ;
#2265 = ADVANCED_FACE ( 'NONE', ( #419 ), #1647, .F. ) ;
#2266 = LINE ( 'NONE', #1190, #1665 ) ;
#2267 = CARTESIAN_POINT ( 'NONE',  ( 27.00000000000001421, 52.70000000000003837, 6.000000000000000000 ) ) ;
#2268 = ORIENTED_EDGE ( 'NONE', *, *, #669, .T. ) ;
#2269 = CARTESIAN_POINT ( 'NONE',  ( -27.93999999999999773, 36.00000000000002842, 6.000000000000000000 ) ) ;
#2270 = ORIENTED_EDGE ( 'NONE', *, *, #2261, .T. ) ;
#2271 = VERTEX_POINT ( 'NONE', #1455 ) ;
#2272 = ORIENTED_EDGE ( 'NONE', *, *, #97, .F. ) ;
#2273 = CARTESIAN_POINT ( 'NONE',  ( -27.93999999999999773, 36.00000000000002842, 0.000000000000000000 ) ) ;
#2274 = EDGE_CURVE ( 'NONE', #2120, #494, #1752, .T. ) ;
#2275 = CARTESIAN_POINT ( 'NONE',  ( -0.4999999999999816813, 51.00000000000000711, 6.000000000000000000 ) ) ;
#2276 = CARTESIAN_POINT ( 'NONE',  ( 26.19000000000000128, 36.00000000000003553, 6.000000000000000000 ) ) ;
#2277 = ADVANCED_FACE ( 'NONE', ( #1684 ), #267, .F. ) ;
#2278 = ORIENTED_EDGE ( 'NONE', *, *, #1320, .T. ) ;
#2279 = DIRECTION ( 'NONE',  ( 0.000000000000000000, 0.000000000000000000, 1.000000000000000000 ) ) ;
#2280 = ORIENTED_EDGE ( 'NONE', *, *, #1679, .F. ) ;
#2281 = EDGE_LOOP ( 'NONE', ( #471, #23, #369, #1450 ) ) ;
#2282 = VERTEX_POINT ( 'NONE', #1656 ) ;
#2283 = CARTESIAN_POINT ( 'NONE',  ( -30.99999999999999289, -46.00000000000001421, 3.000000000000011546 ) ) ;
#2284 = CIRCLE ( 'NONE', #589, 0.5000000000000004441 ) ;
#2285 = EDGE_CURVE ( 'NONE', #140, #84, #1322, .T. ) ;
#2286 = CYLINDRICAL_SURFACE ( 'NONE', #962, 1.500000000000001332 ) ;
#2287 = FILL_AREA_STYLE ('',( #1896 ) ) ;
#2288 = CIRCLE ( 'NONE', #742, 6.024999999999967493 ) ;
#2289 = ORIENTED_EDGE ( 'NONE', *, *, #1606, .F. ) ;
ENDSEC;
END-ISO-10303-21;
