ISO-10303-21;
HEADER;
FILE_DESCRIPTION (( 'STEP AP214' ),
    '1' );
FILE_NAME ('07-15powershelf.STEP',
    '2026-07-29T03:56:42',
    ( '' ),
    ( '' ),
    'SwSTEP 2.0',
    'SolidWorks 2025',
    '' );
FILE_SCHEMA (( 'AUTOMOTIVE_DESIGN' ));
ENDSEC;

DATA;
#1 = FACE_OUTER_BOUND ( 'NONE', #74, .T. ) ;
#2 = DIRECTION ( 'NONE',  ( 1.000000000000000000, 1.662010515905923986E-16, 0.000000000000000000 ) ) ;
#3 = ORIENTED_EDGE ( 'NONE', *, *, #2166, .T. ) ;
#4 = ORIENTED_EDGE ( 'NONE', *, *, #978, .F. ) ;
#5 = DIRECTION ( 'NONE',  ( 0.000000000000000000, 0.000000000000000000, 1.000000000000000000 ) ) ;
#6 = EDGE_CURVE ( 'NONE', #5527, #4837, #2562, .T. ) ;
#7 = ADVANCED_FACE ( 'NONE', ( #4959 ), #5769, .T. ) ;
#8 = DIRECTION ( 'NONE',  ( 0.2588190451025145222, -0.9659258262890699775, 0.000000000000000000 ) ) ;
#9 = ORIENTED_EDGE ( 'NONE', *, *, #7105, .T. ) ;
#10 = DIRECTION ( 'NONE',  ( 0.000000000000000000, 1.000000000000000000, 0.000000000000000000 ) ) ;
#11 = ORIENTED_EDGE ( 'NONE', *, *, #7405, .F. ) ;
#12 = ORIENTED_EDGE ( 'NONE', *, *, #6197, .T. ) ;
#13 = DIRECTION ( 'NONE',  ( -1.982541115402065110E-16, 1.000000000000000000, 0.000000000000000000 ) ) ;
#14 = FACE_OUTER_BOUND ( 'NONE', #3162, .T. ) ;
#15 = CARTESIAN_POINT ( 'NONE',  ( 96.50000000000000000, 0.000000000000000000, 77.25000000000005684 ) ) ;
#16 = ORIENTED_EDGE ( 'NONE', *, *, #6102, .T. ) ;
#17 = ADVANCED_FACE ( 'NONE', ( #3113 ), #2120, .T. ) ;
#18 = DIRECTION ( 'NONE',  ( 1.826024711554534160E-16, -1.000000000000000000, 0.000000000000000000 ) ) ;
#19 = DIRECTION ( 'NONE',  ( 0.000000000000000000, 1.000000000000000000, -0.000000000000000000 ) ) ;
#20 = VERTEX_POINT ( 'NONE', #4370 ) ;
#21 = EDGE_LOOP ( 'NONE', ( #4486, #4083, #7556, #4323 ) ) ;
#22 = LINE ( 'NONE', #1903, #1841 ) ;
#23 = CARTESIAN_POINT ( 'NONE',  ( -4.576065843240516351, 9.999999999999998224, 54.24999999999594280 ) ) ;
#24 = ORIENTED_EDGE ( 'NONE', *, *, #4629, .F. ) ;
#25 = ADVANCED_FACE ( 'NONE', ( #1976 ), #2529, .T. ) ;
#26 = DIRECTION ( 'NONE',  ( 1.246507886929438799E-16, -1.000000000000000000, 0.000000000000000000 ) ) ;
#27 = DIRECTION ( 'NONE',  ( 0.000000000000000000, 1.000000000000000000, 0.000000000000000000 ) ) ;
#28 = ORIENTED_EDGE ( 'NONE', *, *, #57, .F. ) ;
#29 = DIRECTION ( 'NONE',  ( 0.000000000000000000, 0.000000000000000000, -1.000000000000000000 ) ) ;
#30 = CARTESIAN_POINT ( 'NONE',  ( -59.72507713378266914, -16.00328618588321206, 2.749999999999727329 ) ) ;
#31 = ORIENTED_EDGE ( 'NONE', *, *, #3971, .T. ) ;
#32 = LINE ( 'NONE', #6583, #6690 ) ;
#33 = VERTEX_POINT ( 'NONE', #5146 ) ;
#34 = LINE ( 'NONE', #2429, #2570 ) ;
#35 = FACE_OUTER_BOUND ( 'NONE', #3447, .T. ) ;
#36 = CARTESIAN_POINT ( 'NONE',  ( 7.889730706452248832, 2.114046971292819599, 2.749999999999727329 ) ) ;
#37 = LINE ( 'NONE', #5888, #3566 ) ;
#38 = EDGE_CURVE ( 'NONE', #6134, #6218, #4515, .T. ) ;
#39 = ORIENTED_EDGE ( 'NONE', *, *, #2149, .T. ) ;
#40 = EDGE_LOOP ( 'NONE', ( #973, #3084, #1519, #114 ) ) ;
#41 = CARTESIAN_POINT ( 'NONE',  ( 97.69999999999994600, 160.0000000000000000, 45.94999999999987494 ) ) ;
#42 = DIRECTION ( 'NONE',  ( 0.000000000000000000, 1.000000000000000000, -0.000000000000000000 ) ) ;
#43 = AXIS2_PLACEMENT_3D ( 'NONE', #7409, #784, #4420 ) ;
#44 = EDGE_CURVE ( 'NONE', #1341, #7268, #6945, .T. ) ;
#45 = DIRECTION ( 'NONE',  ( 1.662010515905923986E-16, -1.000000000000000000, 0.000000000000000000 ) ) ;
#46 = VERTEX_POINT ( 'NONE', #6172 ) ;
#47 = ADVANCED_FACE ( 'NONE', ( #802 ), #6095, .T. ) ;
#48 = ORIENTED_EDGE ( 'NONE', *, *, #4518, .F. ) ;
#49 = FACE_OUTER_BOUND ( 'NONE', #689, .T. ) ;
#50 = EDGE_CURVE ( 'NONE', #242, #5890, #2706, .T. ) ;
#51 = LINE ( 'NONE', #5549, #4232 ) ;
#52 = ORIENTED_EDGE ( 'NONE', *, *, #1888, .T. ) ;
#53 = VECTOR ( 'NONE', #2724, 1000.000000000000000 ) ;
#54 = CARTESIAN_POINT ( 'NONE',  ( -2.493015773858876967E-14, 149.9999999999999716, 54.24999999999594280 ) ) ;
#55 = LINE ( 'NONE', #4331, #122 ) ;
#56 = VERTEX_POINT ( 'NONE', #1353 ) ;
#57 = EDGE_CURVE ( 'NONE', #3505, #4110, #6352, .T. ) ;
#58 = VERTEX_POINT ( 'NONE', #1529 ) ;
#59 = EDGE_CURVE ( 'NONE', #347, #58, #6683, .T. ) ;
#60 = VECTOR ( 'NONE', #7548, 999.9999999999998863 ) ;
#61 = DIRECTION ( 'NONE',  ( 0.000000000000000000, 0.000000000000000000, 1.000000000000000000 ) ) ;
#62 = FACE_OUTER_BOUND ( 'NONE', #5665, .T. ) ;
#63 = VERTEX_POINT ( 'NONE', #2784 ) ;
#64 = DIRECTION ( 'NONE',  ( 0.000000000000000000, 0.000000000000000000, 1.000000000000000000 ) ) ;
#65 = DIRECTION ( 'NONE',  ( -1.982541115402065110E-16, 1.000000000000000000, 0.000000000000000000 ) ) ;
#66 = AXIS2_PLACEMENT_3D ( 'NONE', #4465, #1490, #388 ) ;
#67 = ORIENTED_EDGE ( 'NONE', *, *, #1380, .T. ) ;
#68 = ADVANCED_FACE ( 'NONE', ( #7278 ), #3329, .F. ) ;
#69 = DIRECTION ( 'NONE',  ( 0.000000000000000000, 1.000000000000000000, -0.000000000000000000 ) ) ;
#70 = CARTESIAN_POINT ( 'NONE',  ( -35.63435125554294558, 9.999999999999991118, 54.24999999999594280 ) ) ;
#71 = VERTEX_POINT ( 'NONE', #1312 ) ;
#72 = VECTOR ( 'NONE', #5600, 1000.000000000000000 ) ;
#73 = CARTESIAN_POINT ( 'NONE',  ( -2.493015773858876967E-14, 149.9999999999999716, 54.24999999999594280 ) ) ;
#74 = EDGE_LOOP ( 'NONE', ( #2318, #6255, #615, #3653 ) ) ;
#75 = DIRECTION ( 'NONE',  ( 0.000000000000000000, 0.000000000000000000, 1.000000000000000000 ) ) ;
#76 = FACE_OUTER_BOUND ( 'NONE', #5578, .T. ) ;
#77 = LINE ( 'NONE', #2431, #1236 ) ;
#78 = AXIS2_PLACEMENT_3D ( 'NONE', #1223, #6009, #1844 ) ;
#79 = EDGE_CURVE ( 'NONE', #7308, #4744, #724, .T. ) ;
#80 = CARTESIAN_POINT ( 'NONE',  ( -30.74730234511069682, -8.238714832807765731, 57.24999999999594280 ) ) ;
#81 = LINE ( 'NONE', #2358, #6213 ) ;
#82 = ORIENTED_EDGE ( 'NONE', *, *, #7414, .F. ) ;
#83 = ORIENTED_EDGE ( 'NONE', *, *, #5637, .F. ) ;
#84 = AXIS2_PLACEMENT_3D ( 'NONE', #6347, #3916, #6307 ) ;
#85 = CARTESIAN_POINT ( 'NONE',  ( 86.69999999999997442, 156.0000000000000284, 5.749999999999980460 ) ) ;
#86 = CARTESIAN_POINT ( 'NONE',  ( -99.49999999999990052, 155.0000000000000000, -2.000000000000014655 ) ) ;
#87 = VECTOR ( 'NONE', #6895, 1000.000000000000000 ) ;
#88 = CARTESIAN_POINT ( 'NONE',  ( 71.79142706151225184, 149.9999999999999716, 54.24999999999594280 ) ) ;
#89 = ORIENTED_EDGE ( 'NONE', *, *, #5776, .F. ) ;
#90 = ORIENTED_EDGE ( 'NONE', *, *, #3077, .T. ) ;
#91 = CARTESIAN_POINT ( 'NONE',  ( -103.4999999999999005, -3.200000000000000178, -5.750000000000018652 ) ) ;
#92 = DIRECTION ( 'NONE',  ( -0.000000000000000000, -1.000000000000000000, 0.000000000000000000 ) ) ;
#93 = VERTEX_POINT ( 'NONE', #6723 ) ;
#94 = VECTOR ( 'NONE', #13, 1000.000000000000000 ) ;
#95 = PLANE ( 'NONE',  #6006 ) ;
#96 = EDGE_CURVE ( 'NONE', #6929, #1017, #7648, .T. ) ;
#97 = FACE_BOUND ( 'NONE', #1289, .T. ) ;
#98 = ORIENTED_EDGE ( 'NONE', *, *, #2732, .F. ) ;
#99 = AXIS2_PLACEMENT_3D ( 'NONE', #2825, #2899, #4707 ) ;
#100 = ORIENTED_EDGE ( 'NONE', *, *, #1178, .T. ) ;
#101 = AXIS2_PLACEMENT_3D ( 'NONE', #5924, #4015, #5386 ) ;
#102 = CARTESIAN_POINT ( 'NONE',  ( 83.49999999999995737, 106.3030109094370061, 105.7499999999998295 ) ) ;
#103 = DIRECTION ( 'NONE',  ( -0.9659258262890698665, -0.2588190451025149663, 0.000000000000000000 ) ) ;
#104 = ORIENTED_EDGE ( 'NONE', *, *, #2698, .T. ) ;
#105 = DIRECTION ( 'NONE',  ( 1.000000000000000000, 1.246507886929438799E-16, 0.000000000000000000 ) ) ;
#106 = EDGE_CURVE ( 'NONE', #3579, #1341, #5804, .T. ) ;
#107 = VECTOR ( 'NONE', #2139, 1000.000000000000000 ) ;
#108 = AXIS2_PLACEMENT_3D ( 'NONE', #5147, #4551, #6946 ) ;
#109 = LINE ( 'NONE', #5406, #4485 ) ;
#110 = ORIENTED_EDGE ( 'NONE', *, *, #3552, .T. ) ;
#111 = DIRECTION ( 'NONE',  ( 0.000000000000000000, 0.000000000000000000, 1.000000000000000000 ) ) ;
#112 = VECTOR ( 'NONE', #3008, 1000.000000000000000 ) ;
#113 = DIRECTION ( 'NONE',  ( -1.000000000000000000, 0.000000000000000000, 3.515706244646358664E-13 ) ) ;
#114 = ORIENTED_EDGE ( 'NONE', *, *, #278, .T. ) ;
#115 = VECTOR ( 'NONE', #5876, 1000.000000000000000 ) ;
#116 = CARTESIAN_POINT ( 'NONE',  ( -103.4999999999998863, 160.0000000000000000, 5.749999999999980460 ) ) ;
#117 = VERTEX_POINT ( 'NONE', #6428 ) ;
#118 = DIRECTION ( 'NONE',  ( 0.000000000000000000, 0.000000000000000000, 1.000000000000000000 ) ) ;
#119 = DIRECTION ( 'NONE',  ( 0.000000000000000000, 1.000000000000000000, -0.000000000000000000 ) ) ;
#120 = EDGE_CURVE ( 'NONE', #7162, #2668, #7679, .T. ) ;
#121 = CARTESIAN_POINT ( 'NONE',  ( 83.50000000000049738, 0.000000000000000000, 54.24999999999594280 ) ) ;
#122 = VECTOR ( 'NONE', #1242, 1000.000000000000000 ) ;
#123 = AXIS2_PLACEMENT_3D ( 'NONE', #3430, #5278, #4024 ) ;
#124 = CARTESIAN_POINT ( 'NONE',  ( 93.49999999999994316, 2.000000000000000000, 7.749999999999980460 ) ) ;
#125 = DIRECTION ( 'NONE',  ( -0.000000000000000000, -1.000000000000000000, -0.000000000000000000 ) ) ;
#126 = ORIENTED_EDGE ( 'NONE', *, *, #7078, .T. ) ;
#127 = ORIENTED_EDGE ( 'NONE', *, *, #3477, .F. ) ;
#128 = AXIS2_PLACEMENT_3D ( 'NONE', #4474, #3774, #4914 ) ;
#129 = EDGE_CURVE ( 'NONE', #2761, #5841, #3562, .T. ) ;
#130 = LINE ( 'NONE', #1344, #6510 ) ;
#131 = LINE ( 'NONE', #3106, #6582 ) ;
#132 = ORIENTED_EDGE ( 'NONE', *, *, #4307, .F. ) ;
#133 = ORIENTED_EDGE ( 'NONE', *, *, #875, .T. ) ;
#134 = DIRECTION ( 'NONE',  ( 0.000000000000000000, 0.000000000000000000, 1.000000000000000000 ) ) ;
#135 = LINE ( 'NONE', #4254, #6737 ) ;
#136 = CARTESIAN_POINT ( 'NONE',  ( -59.72507713378280414, -16.00328618588321206, 57.24999999999594280 ) ) ;
#137 = DIRECTION ( 'NONE',  ( 1.000000000000000000, 0.000000000000000000, 2.775557561562892929E-15 ) ) ;
#138 = CARTESIAN_POINT ( 'NONE',  ( -11.03066737129427466, 149.9999999999999716, 57.24999999999594280 ) ) ;
#139 = EDGE_LOOP ( 'NONE', ( #814, #2483, #5404, #4580 ) ) ;
#140 = ORIENTED_EDGE ( 'NONE', *, *, #4174, .T. ) ;
#141 = ADVANCED_FACE ( 'NONE', ( #3488 ), #4115, .F. ) ;
#142 = DIRECTION ( 'NONE',  ( 3.538835890992683443E-13, 0.000000000000000000, 1.000000000000000000 ) ) ;
#143 = FACE_OUTER_BOUND ( 'NONE', #3014, .T. ) ;
#144 = ORIENTED_EDGE ( 'NONE', *, *, #3690, .T. ) ;
#145 = CARTESIAN_POINT ( 'NONE',  ( 56.18602202090575304, 15.05499922641854660, 5.749999999999727329 ) ) ;
#146 = CARTESIAN_POINT ( 'NONE',  ( -2.493015773858885802E-14, 150.0000000000000284, 108.7499999999996874 ) ) ;
#147 = EDGE_LOOP ( 'NONE', ( #2783, #5750, #376, #3934 ) ) ;
#148 = FACE_OUTER_BOUND ( 'NONE', #294, .T. ) ;
#149 = EDGE_CURVE ( 'NONE', #1517, #2948, #5221, .T. ) ;
#150 = LINE ( 'NONE', #2507, #5845 ) ;
#151 = ORIENTED_EDGE ( 'NONE', *, *, #5573, .T. ) ;
#152 = EDGE_CURVE ( 'NONE', #7647, #2495, #4745, .T. ) ;
#153 = DIRECTION ( 'NONE',  ( 0.2588190451025145222, -0.9659258262890699775, 0.000000000000000000 ) ) ;
#154 = VERTEX_POINT ( 'NONE', #7063 ) ;
#155 = CARTESIAN_POINT ( 'NONE',  ( 0.000000000000000000, 160.0000000000000000, 97.24999999999978684 ) ) ;
#157 = ADVANCED_FACE ( 'NONE', ( #2864 ), #2309, .F. ) ;
#156 = LINE ( 'NONE', #3646, #1988 ) ;
#158 = CARTESIAN_POINT ( 'NONE',  ( 83.50000000000063949, 0.000000000000000000, 5.749999999999727329 ) ) ;
#159 = DIRECTION ( 'NONE',  ( 1.000000000000000000, 0.000000000000000000, -4.024558464266189304E-14 ) ) ;
#160 = FACE_BOUND ( 'NONE', #4860, .T. ) ;
#161 = EDGE_LOOP ( 'NONE', ( #5765, #3419, #1118, #823, #2551, #4005, #1475, #7222, #7229, #2333, #3919, #7541, #6976, #2758, #7165, #3107, #997 ) ) ;
#162 = EDGE_CURVE ( 'NONE', #2761, #6350, #584, .T. ) ;
#163 = VERTEX_POINT ( 'NONE', #7570 ) ;
#164 = LINE ( 'NONE', #2554, #1982 ) ;
#165 = LINE ( 'NONE', #4318, #2002 ) ;
#166 = FACE_OUTER_BOUND ( 'NONE', #300, .T. ) ;
#167 = ORIENTED_EDGE ( 'NONE', *, *, #7276, .T. ) ;
#168 = EDGE_CURVE ( 'NONE', #5412, #4851, #7612, .T. ) ;
#169 = VERTEX_POINT ( 'NONE', #4041 ) ;
#170 = CARTESIAN_POINT ( 'NONE',  ( -73.14723819589916332, 149.9999999999999716, 54.24999999999594280 ) ) ;
#171 = LINE ( 'NONE', #4999, #854 ) ;
#172 = EDGE_LOOP ( 'NONE', ( #7350, #495, #2658, #5633 ) ) ;
#173 = CARTESIAN_POINT ( 'NONE',  ( 95.50000000000106581, -3.200000000000000178, 0.000000000000000000 ) ) ;
#174 = CARTESIAN_POINT ( 'NONE',  ( 30.38037984510899747, 149.9999999999999716, 54.24999999999594280 ) ) ;
#175 = VECTOR ( 'NONE', #2349, 1000.000000000000000 ) ;
#176 = EDGE_LOOP ( 'NONE', ( #2415, #7725, #2088, #4 ) ) ;
#177 = ORIENTED_EDGE ( 'NONE', *, *, #106, .F. ) ;
#178 = ADVANCED_FACE ( 'NONE', ( #5263 ), #5182, .F. ) ;
#179 = DIRECTION ( 'NONE',  ( 1.000000000000000000, 1.662010515905918563E-16, 0.000000000000000000 ) ) ;
#180 = VECTOR ( 'NONE', #1526, 1000.000000000000000 ) ;
#181 = DIRECTION ( 'NONE',  ( 1.246507886929438799E-16, -1.000000000000000000, 0.000000000000000000 ) ) ;
#182 = VERTEX_POINT ( 'NONE', #6465 ) ;
#183 = LINE ( 'NONE', #3824, #1252 ) ;
#184 = CARTESIAN_POINT ( 'NONE',  ( -101.2999999999998977, 160.0000000000000000, 57.05000000000013216 ) ) ;
#185 = ADVANCED_FACE ( 'NONE', ( #7100 ), #5885, .F. ) ;
#186 = VERTEX_POINT ( 'NONE', #3526 ) ;
#187 = VECTOR ( 'NONE', #4766, 999.9999999999998863 ) ;
#188 = DIRECTION ( 'NONE',  ( 0.5999999999999862110, -0.000000000000000000, -0.8000000000000103695 ) ) ;
#189 = FACE_OUTER_BOUND ( 'NONE', #1462, .T. ) ;
#190 = ORIENTED_EDGE ( 'NONE', *, *, #1446, .F. ) ;
#191 = DIRECTION ( 'NONE',  ( 1.206764157201257143E-15, 0.000000000000000000, 1.000000000000000000 ) ) ;
#192 = ORIENTED_EDGE ( 'NONE', *, *, #2639, .T. ) ;
#193 = VECTOR ( 'NONE', #4599, 1000.000000000000000 ) ;
#194 = ORIENTED_EDGE ( 'NONE', *, *, #3649, .T. ) ;
#195 = VECTOR ( 'NONE', #7492, 1000.000000000000000 ) ;
#196 = DIRECTION ( 'NONE',  ( -1.000000000000000000, -0.000000000000000000, -1.387778780781444689E-15 ) ) ;
#197 = LINE ( 'NONE', #158, #6617 ) ;
#198 = EDGE_CURVE ( 'NONE', #4904, #4169, #5916, .T. ) ;
#199 = VECTOR ( 'NONE', #2423, 1000.000000000000000 ) ;
#200 = CARTESIAN_POINT ( 'NONE',  ( -52.44171458769738337, 149.9999999999999716, 2.749999999999727329 ) ) ;
#201 = CARTESIAN_POINT ( 'NONE',  ( -93.49999999999994316, 0.000000000000000000, 7.749999999999980460 ) ) ;
#202 = EDGE_LOOP ( 'NONE', ( #4717, #3304, #6222, #3496 ) ) ;
#203 = ORIENTED_EDGE ( 'NONE', *, *, #5138, .T. ) ;
#204 = LINE ( 'NONE', #6046, #3111 ) ;
#205 = VECTOR ( 'NONE', #6244, 1000.000000000000000 ) ;
#206 = EDGE_CURVE ( 'NONE', #2871, #7732, #5333, .T. ) ;
#207 = DIRECTION ( 'NONE',  ( 0.2588190451025145222, -0.9659258262890699775, 0.000000000000000000 ) ) ;
#208 = CARTESIAN_POINT ( 'NONE',  ( -96.50000000000000000, 0.000000000000000000, -8.050000000000194333 ) ) ;
#209 = ORIENTED_EDGE ( 'NONE', *, *, #1672, .F. ) ;
#210 = VECTOR ( 'NONE', #2152, 1000.000000000000000 ) ;
#211 = ORIENTED_EDGE ( 'NONE', *, *, #44, .T. ) ;
#212 = CARTESIAN_POINT ( 'NONE',  ( 93.50000000000001421, 0.000000000000000000, 97.24999999999975842 ) ) ;
#213 = DIRECTION ( 'NONE',  ( 0.000000000000000000, 0.000000000000000000, 1.000000000000000000 ) ) ;
#215 = EDGE_CURVE ( 'NONE', #3737, #5464, #4592, .T. ) ;
#214 = CARTESIAN_POINT ( 'NONE',  ( 0.000000000000000000, 160.0000000000000000, 2.749999999999981348 ) ) ;
#216 = VECTOR ( 'NONE', #1086, 1000.000000000000000 ) ;
#217 = ORIENTED_EDGE ( 'NONE', *, *, #1564, .T. ) ;
#218 = EDGE_LOOP ( 'NONE', ( #5154, #6400, #2955, #3975 ) ) ;
#219 = CARTESIAN_POINT ( 'NONE',  ( -99.49999999999990052, 160.0000000000000000, -2.000000000000014655 ) ) ;
#220 = AXIS2_PLACEMENT_3D ( 'NONE', #6444, #5974, #2910 ) ;
#221 = DIRECTION ( 'NONE',  ( 0.000000000000000000, 0.000000000000000000, -1.000000000000000000 ) ) ;
#222 = EDGE_LOOP ( 'NONE', ( #4441, #2863, #1624, #6396 ) ) ;
#223 = CYLINDRICAL_SURFACE ( 'NONE', #1744, 2.000000000000001776 ) ;
#225 = ADVANCED_FACE ( 'NONE', ( #6393 ), #1027, .F. ) ;
#224 = DIRECTION ( 'NONE',  ( 1.000000000000000000, 1.246507886929443483E-16, 0.000000000000000000 ) ) ;
#226 = EDGE_LOOP ( 'NONE', ( #4402, #5576, #6114, #4832 ) ) ;
#227 = VECTOR ( 'NONE', #4958, 1000.000000000000000 ) ;
#228 = DIRECTION ( 'NONE',  ( 0.000000000000000000, 1.000000000000000000, -0.000000000000000000 ) ) ;
#229 = DIRECTION ( 'NONE',  ( 0.000000000000000000, 0.000000000000000000, 1.000000000000000000 ) ) ;
#230 = EDGE_LOOP ( 'NONE', ( #1758, #5502, #6995, #5864, #2577, #3438, #2972, #1274, #2602, #2774, #2081 ) ) ;
#231 = LINE ( 'NONE', #6854, #3931 ) ;
#232 = ORIENTED_EDGE ( 'NONE', *, *, #2165, .F. ) ;
#233 = AXIS2_PLACEMENT_3D ( 'NONE', #2229, #4695, #3553 ) ;
#234 = VECTOR ( 'NONE', #7216, 1000.000000000000000 ) ;
#235 = VERTEX_POINT ( 'NONE', #1262 ) ;
#236 = LINE ( 'NONE', #2740, #4750 ) ;
#237 = DIRECTION ( 'NONE',  ( -1.000000000000000000, 0.000000000000000000, -2.413528314402514287E-15 ) ) ;
#238 = VECTOR ( 'NONE', #4655, 1000.000000000000000 ) ;
#239 = VECTOR ( 'NONE', #573, 1000.000000000000000 ) ;
#240 = DIRECTION ( 'NONE',  ( 1.000000000000000000, 0.000000000000000000, 0.000000000000000000 ) ) ;
#241 = DIRECTION ( 'NONE',  ( 1.000000000000000000, 0.000000000000000000, 0.000000000000000000 ) ) ;
#242 = VERTEX_POINT ( 'NONE', #7215 ) ;
#243 = EDGE_LOOP ( 'NONE', ( #7072, #6522, #1309, #3089 ) ) ;
#244 = EDGE_CURVE ( 'NONE', #56, #6302, #2513, .T. ) ;
#245 = CARTESIAN_POINT ( 'NONE',  ( 1.377241172440915905E-13, 9.999999999999998224, 2.749999999999727329 ) ) ;
#246 = AXIS2_PLACEMENT_3D ( 'NONE', #1316, #6650, #6057 ) ;
#247 = DIRECTION ( 'NONE',  ( -1.982541115402065110E-16, 1.000000000000000000, 0.000000000000000000 ) ) ;
#248 = DIRECTION ( 'NONE',  ( 0.000000000000000000, 0.000000000000000000, 1.000000000000000000 ) ) ;
#249 = ORIENTED_EDGE ( 'NONE', *, *, #6007, .T. ) ;
#250 = VERTEX_POINT ( 'NONE', #3015 ) ;
#251 = EDGE_CURVE ( 'NONE', #2220, #2419, #1838, .T. ) ;
#252 = EDGE_CURVE ( 'NONE', #7316, #6157, #6746, .T. ) ;
#253 = LINE ( 'NONE', #2644, #1850 ) ;
#254 = CARTESIAN_POINT ( 'NONE',  ( -90.30000000000001137, 4.000000000000003553, 105.7499999999998295 ) ) ;
#255 = VERTEX_POINT ( 'NONE', #4864 ) ;
#256 = ORIENTED_EDGE ( 'NONE', *, *, #5620, .T. ) ;
#257 = DIRECTION ( 'NONE',  ( 1.000000000000000000, 1.246507886929438799E-16, 0.000000000000000000 ) ) ;
#258 = DIRECTION ( 'NONE',  ( 0.2588190451025145222, -0.9659258262890699775, 0.000000000000000000 ) ) ;
#259 = VERTEX_POINT ( 'NONE', #1915 ) ;
#260 = DIRECTION ( 'NONE',  ( 1.662010515905923986E-16, -1.000000000000000000, 0.000000000000000000 ) ) ;
#261 = DIRECTION ( 'NONE',  ( 1.000000000000000000, 1.662010515905923740E-16, 0.000000000000000000 ) ) ;
#262 = VERTEX_POINT ( 'NONE', #7333 ) ;
#263 = CARTESIAN_POINT ( 'NONE',  ( 57.54050498136437852, 10.00000000000000533, 57.24999999999594280 ) ) ;
#264 = DIRECTION ( 'NONE',  ( 1.000000000000000000, 0.000000000000000000, 0.000000000000000000 ) ) ;
#265 = ORIENTED_EDGE ( 'NONE', *, *, #816, .F. ) ;
#266 = EDGE_CURVE ( 'NONE', #4218, #6228, #6665, .T. ) ;
#267 = CARTESIAN_POINT ( 'NONE',  ( 57.54050498136442826, 10.00000000000000533, 108.7499999999996874 ) ) ;
#268 = ORIENTED_EDGE ( 'NONE', *, *, #2900, .F. ) ;
#269 = ORIENTED_EDGE ( 'NONE', *, *, #6644, .F. ) ;
#270 = DIRECTION ( 'NONE',  ( 1.000000000000000000, 1.662010515905918563E-16, 0.000000000000000000 ) ) ;
#271 = CARTESIAN_POINT ( 'NONE',  ( 0.000000000000000000, 155.0000000000000000, 0.000000000000000000 ) ) ;
#272 = CARTESIAN_POINT ( 'NONE',  ( -90.30000000000001137, -3.200000000000000178, 2.749999999999981348 ) ) ;
#273 = DIRECTION ( 'NONE',  ( 1.000000000000000000, 1.246507886929443483E-16, 0.000000000000000000 ) ) ;
#274 = VERTEX_POINT ( 'NONE', #6119 ) ;
#275 = ORIENTED_EDGE ( 'NONE', *, *, #1876, .F. ) ;
#276 = DIRECTION ( 'NONE',  ( 0.000000000000000000, 0.000000000000000000, 1.000000000000000000 ) ) ;
#277 = DIRECTION ( 'NONE',  ( 1.000000000000000000, 1.246507886929438799E-16, 0.000000000000000000 ) ) ;
#278 = EDGE_CURVE ( 'NONE', #2948, #3326, #3605, .T. ) ;
#279 = DIRECTION ( 'NONE',  ( 0.2588190451025147998, -0.9659258262890699775, 0.000000000000000000 ) ) ;
#280 = ORIENTED_EDGE ( 'NONE', *, *, #6677, .F. ) ;
#281 = EDGE_LOOP ( 'NONE', ( #1940, #2524, #4408, #1514 ) ) ;
#282 = DIRECTION ( 'NONE',  ( 0.000000000000000000, 1.000000000000000000, -0.000000000000000000 ) ) ;
#283 = FACE_OUTER_BOUND ( 'NONE', #4588, .T. ) ;
#284 = ADVANCED_FACE ( 'NONE', ( #2468 ), #2976, .T. ) ;
#285 = ORIENTED_EDGE ( 'NONE', *, *, #3839, .T. ) ;
#286 = ORIENTED_EDGE ( 'NONE', *, *, #7414, .T. ) ;
#287 = ADVANCED_FACE ( 'NONE', ( #5451 ), #4272, .F. ) ;
#288 = CARTESIAN_POINT ( 'NONE',  ( 1.377241172440915905E-13, 9.999999999999998224, 2.749999999999727329 ) ) ;
#289 = DIRECTION ( 'NONE',  ( -1.000000000000000000, 0.000000000000000000, 4.024558464266189304E-14 ) ) ;
#290 = ORIENTED_EDGE ( 'NONE', *, *, #578, .F. ) ;
#291 = CARTESIAN_POINT ( 'NONE',  ( 83.50000000000063949, 150.0000000000000000, 2.749999999999727329 ) ) ;
#292 = CARTESIAN_POINT ( 'NONE',  ( 46.52676375801506481, 12.46680877539340493, 5.749999999999727329 ) ) ;
#293 = EDGE_CURVE ( 'NONE', #7669, #3291, #5414, .T. ) ;
#294 = EDGE_LOOP ( 'NONE', ( #836, #2769, #4129, #3711, #7111, #3823, #2073, #1161 ) ) ;
#295 = CARTESIAN_POINT ( 'NONE',  ( 67.89326678546525784, 10.00000000000000888, 105.7499999999998295 ) ) ;
#296 = AXIS2_PLACEMENT_3D ( 'NONE', #5250, #381, #3358 ) ;
#297 = CARTESIAN_POINT ( 'NONE',  ( -1.246507886929442940E-15, 9.999999999999998224, 105.7499999999998295 ) ) ;
#298 = VERTEX_POINT ( 'NONE', #1295 ) ;
#299 = CARTESIAN_POINT ( 'NONE',  ( 95.49999999999995737, -3.000000000000000000, 2.749999999999974243 ) ) ;
#300 = EDGE_LOOP ( 'NONE', ( #3251, #5567, #2660, #4889 ) ) ;
#301 = EDGE_LOOP ( 'NONE', ( #7431, #6441, #4429, #7448 ) ) ;
#302 = DIRECTION ( 'NONE',  ( -0.000000000000000000, -1.000000000000000000, 0.000000000000000000 ) ) ;
#303 = DIRECTION ( 'NONE',  ( -0.000000000000000000, 1.000000000000000000, -0.000000000000000000 ) ) ;
#304 = VECTOR ( 'NONE', #4774, 1000.000000000000000 ) ;
#305 = EDGE_CURVE ( 'NONE', #6214, #5466, #34, .T. ) ;
#306 = LINE ( 'NONE', #7563, #1443 ) ;
#307 = DIRECTION ( 'NONE',  ( -0.9659258262890699775, -0.2588190451025145777, 0.000000000000000000 ) ) ;
#308 = EDGE_LOOP ( 'NONE', ( #2859, #5908, #5519, #7549 ) ) ;
#309 = VECTOR ( 'NONE', #1222, 1000.000000000000000 ) ;
#310 = CARTESIAN_POINT ( 'NONE',  ( -83.49999999999994316, 9.999999999999987566, 54.24999999999594280 ) ) ;
#311 = ORIENTED_EDGE ( 'NONE', *, *, #1581, .F. ) ;
#312 = DIRECTION ( 'NONE',  ( -1.000000000000000000, 0.000000000000000000, -2.775557561562888827E-14 ) ) ;
#313 = DIRECTION ( 'NONE',  ( 0.000000000000000000, 0.000000000000000000, -1.000000000000000000 ) ) ;
#314 = PRODUCT_CONTEXT ( 'NONE', #7726, 'mechanical' ) ;
#315 = AXIS2_PLACEMENT_3D ( 'NONE', #6153, #228, #744 ) ;
#316 = LINE ( 'NONE', #2201, #193 ) ;
#317 = FACE_OUTER_BOUND ( 'NONE', #3813, .T. ) ;
#318 = ORIENTED_EDGE ( 'NONE', *, *, #1536, .F. ) ;
#319 = ORIENTED_EDGE ( 'NONE', *, *, #5111, .F. ) ;
#320 = VECTOR ( 'NONE', #2368, 1000.000000000000000 ) ;
#321 = CARTESIAN_POINT ( 'NONE',  ( 96.50000000000000000, -8.000000000000000000, 77.25000000000005684 ) ) ;
#322 = CARTESIAN_POINT ( 'NONE',  ( 1.377241172440915905E-13, 9.999999999999998224, 2.749999999999727329 ) ) ;
#323 = ORIENTED_EDGE ( 'NONE', *, *, #450, .F. ) ;
#324 = AXIS2_PLACEMENT_3D ( 'NONE', #3288, #2233, #4633 ) ;
#325 = VERTEX_POINT ( 'NONE', #3681 ) ;
#326 = DIRECTION ( 'NONE',  ( 0.000000000000000000, -0.000000000000000000, -1.000000000000000000 ) ) ;
#327 = FACE_BOUND ( 'NONE', #3197, .T. ) ;
#328 = ORIENTED_EDGE ( 'NONE', *, *, #4405, .F. ) ;
#329 = EDGE_CURVE ( 'NONE', #793, #235, #3049, .T. ) ;
#330 = VECTOR ( 'NONE', #7006, 1000.000000000000000 ) ;
#331 = LINE ( 'NONE', #5042, #7510 ) ;
#332 = DIRECTION ( 'NONE',  ( 0.2588190451025145222, -0.9659258262890699775, 0.000000000000000000 ) ) ;
#333 = VERTEX_POINT ( 'NONE', #5374 ) ;
#334 = VECTOR ( 'NONE', #6137, 1000.000000000000000 ) ;
#335 = CARTESIAN_POINT ( 'NONE',  ( 93.49999999999991473, 160.0000000000000000, -5.750000000000018652 ) ) ;
#336 = CARTESIAN_POINT ( 'NONE',  ( 5.776695960860307899, 9.999999999999998224, 54.24999999999594280 ) ) ;
#337 = ORIENTED_EDGE ( 'NONE', *, *, #550, .F. ) ;
#338 = LINE ( 'NONE', #2735, #436 ) ;
#339 = EDGE_LOOP ( 'NONE', ( #6645, #4029, #1420, #7157 ) ) ;
#340 = EDGE_CURVE ( 'NONE', #4925, #33, #706, .T. ) ;
#341 = DIRECTION ( 'NONE',  ( 0.000000000000000000, 0.000000000000000000, 1.000000000000000000 ) ) ;
#342 = AXIS2_PLACEMENT_3D ( 'NONE', #2986, #5892, #3571 ) ;
#343 = CARTESIAN_POINT ( 'NONE',  ( 20.02761804100817145, 149.9999999999999716, 54.24999999999594280 ) ) ;
#344 = LINE ( 'NONE', #7446, #2445 ) ;
#345 = AXIS2_PLACEMENT_3D ( 'NONE', #6344, #935, #5094 ) ;
#346 = CYLINDRICAL_SURFACE ( 'NONE', #84, 1.699999999999937561 ) ;
#347 = VERTEX_POINT ( 'NONE', #7296 ) ;
#348 = VECTOR ( 'NONE', #3330, 1000.000000000000000 ) ;
#349 = DIRECTION ( 'NONE',  ( 1.000000000000000000, -0.000000000000000000, 3.469446951953606300E-16 ) ) ;
#350 = VERTEX_POINT ( 'NONE', #4305 ) ;
#351 = EDGE_CURVE ( 'NONE', #1071, #2545, #4939, .T. ) ;
#352 = DIRECTION ( 'NONE',  ( -0.000000000000000000, 1.000000000000000000, -0.000000000000000000 ) ) ;
#353 = CARTESIAN_POINT ( 'NONE',  ( -73.14723819589902121, 149.9999999999999716, 2.749999999999727329 ) ) ;
#354 = FACE_OUTER_BOUND ( 'NONE', #5682, .T. ) ;
#355 = AXIS2_PLACEMENT_3D ( 'NONE', #2058, #2619, #4415 ) ;
#356 = VECTOR ( 'NONE', #4913, 1000.000000000000000 ) ;
#357 = EDGE_LOOP ( 'NONE', ( #1467, #3316, #6534, #6067 ) ) ;
#358 = LINE ( 'NONE', #2279, #815 ) ;
#359 = ORIENTED_EDGE ( 'NONE', *, *, #329, .F. ) ;
#360 = ORIENTED_EDGE ( 'NONE', *, *, #4114, .F. ) ;
#361 = VECTOR ( 'NONE', #3501, 1000.000000000000000 ) ;
#362 = VECTOR ( 'NONE', #5214, 999.9999999999998863 ) ;
#363 = EDGE_CURVE ( 'NONE', #298, #932, #1334, .T. ) ;
#364 = CARTESIAN_POINT ( 'NONE',  ( 1.377241172440915905E-13, 9.999999999999998224, 5.749999999999727329 ) ) ;
#365 = APPLICATION_CONTEXT ( 'automotive_design' ) ;
#366 = CARTESIAN_POINT ( 'NONE',  ( -97.69999999999994600, 166.2000000000000171, 0.000000000000000000 ) ) ;
#367 = AXIS2_PLACEMENT_3D ( 'NONE', #7153, #1768, #4160 ) ;
#368 = VERTEX_POINT ( 'NONE', #3135 ) ;
#369 = VECTOR ( 'NONE', #6649, 1000.000000000000000 ) ;
#370 = ORIENTED_EDGE ( 'NONE', *, *, #7025, .T. ) ;
#371 = DIRECTION ( 'NONE',  ( 0.000000000000000000, 0.000000000000000000, -1.000000000000000000 ) ) ;
#372 = FACE_BOUND ( 'NONE', #4803, .T. ) ;
#373 = EDGE_LOOP ( 'NONE', ( #4324, #819, #4737, #3844 ) ) ;
#374 = FACE_OUTER_BOUND ( 'NONE', #4278, .T. ) ;
#375 = DIRECTION ( 'NONE',  ( 1.000000000000000000, 0.000000000000000000, 2.312964634635747946E-14 ) ) ;
#376 = ORIENTED_EDGE ( 'NONE', *, *, #6860, .T. ) ;
#377 = EDGE_CURVE ( 'NONE', #3600, #6925, #5534, .T. ) ;
#378 = LINE ( 'NONE', #3945, #1949 ) ;
#379 = DIRECTION ( 'NONE',  ( 0.000000000000000000, 0.000000000000000000, 1.000000000000000000 ) ) ;
#380 = VERTEX_POINT ( 'NONE', #7178 ) ;
#381 = DIRECTION ( 'NONE',  ( 1.000000000000000000, -0.000000000000000000, -1.804112415015906894E-13 ) ) ;
#382 = ORIENTED_EDGE ( 'NONE', *, *, #5427, .T. ) ;
#383 = CARTESIAN_POINT ( 'NONE',  ( -11.03066737129427466, 149.9999999999999716, 54.24999999999594280 ) ) ;
#384 = LINE ( 'NONE', #7708, #115 ) ;
#385 = DIRECTION ( 'NONE',  ( 0.000000000000000000, 0.000000000000000000, 1.000000000000000000 ) ) ;
#386 = EDGE_CURVE ( 'NONE', #3967, #325, #1797, .T. ) ;
#387 = EDGE_CURVE ( 'NONE', #5873, #5408, #559, .T. ) ;
#388 = DIRECTION ( 'NONE',  ( 1.000000000000000000, 1.662010515905918563E-16, 0.000000000000000000 ) ) ;
#389 = CARTESIAN_POINT ( 'NONE',  ( 1.140404673924322588E-13, 149.9999999999999716, 5.749999999999727329 ) ) ;
#390 = ORIENTED_EDGE ( 'NONE', *, *, #6574, .F. ) ;
#391 = EDGE_CURVE ( 'NONE', #3123, #4428, #5840, .T. ) ;
#392 = CARTESIAN_POINT ( 'NONE',  ( 93.49999999996582289, 0.000000000000000000, -3.287185338743143879E-11 ) ) ;
#393 = ORIENTED_EDGE ( 'NONE', *, *, #6860, .F. ) ;
#394 = CARTESIAN_POINT ( 'NONE',  ( 97.69999999999994600, 166.2000000000000171, 0.000000000000000000 ) ) ;
#395 = DIRECTION ( 'NONE',  ( 0.000000000000000000, 0.000000000000000000, 1.000000000000000000 ) ) ;
#396 = FACE_BOUND ( 'NONE', #5915, .T. ) ;
#397 = VERTEX_POINT ( 'NONE', #2862 ) ;
#398 = EDGE_CURVE ( 'NONE', #3397, #2592, #5261, .T. ) ;
#399 = EDGE_CURVE ( 'NONE', #20, #3258, #5767, .T. ) ;
#400 = CARTESIAN_POINT ( 'NONE',  ( 89.49999999999968736, -8.000000000000000000, -5.750000000000018652 ) ) ;
#401 = LINE ( 'NONE', #4674, #2326 ) ;
#402 = VERTEX_POINT ( 'NONE', #506 ) ;
#403 = VERTEX_POINT ( 'NONE', #2782 ) ;
#404 = CARTESIAN_POINT ( 'NONE',  ( 93.50000000000001421, 2.000000000000001776, 97.24999999999975842 ) ) ;
#405 = DIRECTION ( 'NONE',  ( 1.000000000000000000, 1.246507886929438799E-16, 0.000000000000000000 ) ) ;
#406 = VERTEX_POINT ( 'NONE', #1096 ) ;
#407 = ADVANCED_FACE ( 'NONE', ( #2895 ), #7609, .F. ) ;
#408 = ORIENTED_EDGE ( 'NONE', *, *, #4661, .F. ) ;
#409 = LINE ( 'NONE', #6289, #4351 ) ;
#410 = DIRECTION ( 'NONE',  ( 0.000000000000000000, -0.000000000000000000, 1.000000000000000000 ) ) ;
#411 = ORIENTED_EDGE ( 'NONE', *, *, #634, .F. ) ;
#412 = LINE ( 'NONE', #7631, #7633 ) ;
#413 = LINE ( 'NONE', #2804, #7127 ) ;
#414 = VERTEX_POINT ( 'NONE', #7061 ) ;
#415 = CARTESIAN_POINT ( 'NONE',  ( 96.50000000000000000, -10.00000000000000000, 75.55000000000003979 ) ) ;
#416 = VERTEX_POINT ( 'NONE', #7030 ) ;
#417 = DIRECTION ( 'NONE',  ( 1.246507886929443483E-16, -1.000000000000000000, 0.000000000000000000 ) ) ;
#418 = ORIENTED_EDGE ( 'NONE', *, *, #1013, .T. ) ;
#419 = LINE ( 'NONE', #7161, #733 ) ;
#420 = CARTESIAN_POINT ( 'NONE',  ( 90.29999999999998295, 156.0000000000000284, 108.7499999999996874 ) ) ;
#421 = EDGE_CURVE ( 'NONE', #6229, #6218, #2273, .T. ) ;
#422 = DIRECTION ( 'NONE',  ( 0.000000000000000000, 0.000000000000000000, 1.000000000000000000 ) ) ;
#423 = VECTOR ( 'NONE', #1218, 1000.000000000000000 ) ;
#424 = CARTESIAN_POINT ( 'NONE',  ( 95.49999999999995737, -3.200000000000000178, 0.000000000000000000 ) ) ;
#425 = CARTESIAN_POINT ( 'NONE',  ( -66.69263666784542011, 9.999999999999991118, 54.24999999999594280 ) ) ;
#426 = ORIENTED_EDGE ( 'NONE', *, *, #7383, .F. ) ;
#427 = CARTESIAN_POINT ( 'NONE',  ( 0.000000000000000000, 160.0000000000000000, 57.05000000000013216 ) ) ;
#428 = ORIENTED_EDGE ( 'NONE', *, *, #7544, .T. ) ;
#429 = VECTOR ( 'NONE', #7141, 1000.000000000000000 ) ;
#430 = DIRECTION ( 'NONE',  ( -1.826024711554534160E-16, 1.000000000000000000, 0.000000000000000000 ) ) ;
#431 = LINE ( 'NONE', #1720, #985 ) ;
#432 = EDGE_CURVE ( 'NONE', #6495, #6530, #7531, .T. ) ;
#433 = DIRECTION ( 'NONE',  ( 0.000000000000000000, 0.000000000000000000, 1.000000000000000000 ) ) ;
#434 = ORIENTED_EDGE ( 'NONE', *, *, #6759, .T. ) ;
#435 = EDGE_CURVE ( 'NONE', #6953, #397, #2118, .T. ) ;
#436 = VECTOR ( 'NONE', #7522, 1000.000000000000000 ) ;
#437 = DIRECTION ( 'NONE',  ( 1.000000000000000000, 1.246507886929438799E-16, 0.000000000000000000 ) ) ;
#438 = ORIENTED_EDGE ( 'NONE', *, *, #6240, .T. ) ;
#439 = EDGE_LOOP ( 'NONE', ( #203, #4763 ) ) ;
#440 = CARTESIAN_POINT ( 'NONE',  ( 99.49999999999991473, 160.0000000000000000, -2.000000000000014655 ) ) ;
#441 = ADVANCED_FACE ( 'NONE', ( #4590 ), #5721, .F. ) ;
#442 = AXIS2_PLACEMENT_3D ( 'NONE', #1919, #3097, #829 ) ;
#443 = CARTESIAN_POINT ( 'NONE',  ( 26.48221956906208163, 10.00000000000000178, 2.749999999999727329 ) ) ;
#444 = ORIENTED_EDGE ( 'NONE', *, *, #2499, .F. ) ;
#445 = VERTEX_POINT ( 'NONE', #3446 ) ;
#446 = VECTOR ( 'NONE', #3278, 1000.000000000000000 ) ;
#447 = CARTESIAN_POINT ( 'NONE',  ( 46.52676375801492981, 12.46680877539340493, 57.24999999999594280 ) ) ;
#448 = FACE_OUTER_BOUND ( 'NONE', #7393, .T. ) ;
#449 = ORIENTED_EDGE ( 'NONE', *, *, #57, .T. ) ;
#450 = EDGE_CURVE ( 'NONE', #5181, #4649, #2749, .T. ) ;
#451 = DIRECTION ( 'NONE',  ( -0.9659258262890700886, -0.2588190451025144667, 0.000000000000000000 ) ) ;
#452 = CARTESIAN_POINT ( 'NONE',  ( 103.5000000000000142, 160.0000000000000000, 0.000000000000000000 ) ) ;
#453 = VECTOR ( 'NONE', #4600, 1000.000000000000000 ) ;
#454 = ORIENTED_EDGE ( 'NONE', *, *, #3415, .F. ) ;
#455 = PLANE ( 'NONE',  #7472 ) ;
#456 = AXIS2_PLACEMENT_3D ( 'NONE', #5487, #113, #2623 ) ;
#457 = CARTESIAN_POINT ( 'NONE',  ( -1.246507886929442940E-15, 9.999999999999998224, 105.7499999999998295 ) ) ;
#458 = VERTEX_POINT ( 'NONE', #466 ) ;
#459 = ADVANCED_FACE ( 'NONE', ( #7646 ), #4513, .F. ) ;
#460 = FACE_OUTER_BOUND ( 'NONE', #5419, .T. ) ;
#461 = LINE ( 'NONE', #6419, #4104 ) ;
#462 = VECTOR ( 'NONE', #5829, 1000.000000000000000 ) ;
#463 = FACE_BOUND ( 'NONE', #5037, .T. ) ;
#464 = DIRECTION ( 'NONE',  ( 0.000000000000000000, 0.000000000000000000, 1.000000000000000000 ) ) ;
#465 = ORIENTED_EDGE ( 'NONE', *, *, #4758, .T. ) ;
#466 = CARTESIAN_POINT ( 'NONE',  ( 51.08590345331061400, 149.9999999999999716, 54.24999999999594280 ) ) ;
#467 = EDGE_LOOP ( 'NONE', ( #1454, #4422, #6727 ) ) ;
#468 = VECTOR ( 'NONE', #4053, 1000.000000000000000 ) ;
#469 = DIRECTION ( 'NONE',  ( 0.2588190451025145777, -0.9659258262890699775, 0.000000000000000000 ) ) ;
#470 = LINE ( 'NONE', #4671, #6492 ) ;
#471 = LINE ( 'NONE', #3413, #6870 ) ;
#472 = VECTOR ( 'NONE', #7506, 999.9999999999998863 ) ;
#473 = DIRECTION ( 'NONE',  ( 0.000000000000000000, 0.000000000000000000, 1.000000000000000000 ) ) ;
#474 = EDGE_CURVE ( 'NONE', #7530, #670, #1677, .T. ) ;
#475 = FILL_AREA_STYLE ('',( #5848 ) ) ;
#476 = ORIENTED_EDGE ( 'NONE', *, *, #2822, .T. ) ;
#477 = VERTEX_POINT ( 'NONE', #4667 ) ;
#478 = CARTESIAN_POINT ( 'NONE',  ( 95.50000000000106581, 160.0000000000000000, 0.000000000000000000 ) ) ;
#479 = CIRCLE ( 'NONE', #3857, 2.000000000000001776 ) ;
#480 = VECTOR ( 'NONE', #6909, 1000.000000000000000 ) ;
#481 = CARTESIAN_POINT ( 'NONE',  ( -1.246507886929438602E-15, 9.999999999999998224, 57.24999999999594280 ) ) ;
#482 = ORIENTED_EDGE ( 'NONE', *, *, #3220, .F. ) ;
#483 = EDGE_CURVE ( 'NONE', #2477, #3818, #4072, .T. ) ;
#484 = AXIS2_PLACEMENT_3D ( 'NONE', #2421, #4814, #3083 ) ;
#485 = ORIENTED_EDGE ( 'NONE', *, *, #6721, .F. ) ;
#486 = EDGE_CURVE ( 'NONE', #2360, #7626, #3810, .T. ) ;
#487 = CIRCLE ( 'NONE', #1738, 2.000000000000001776 ) ;
#488 = LINE ( 'NONE', #3580, #468 ) ;
#489 = DIRECTION ( 'NONE',  ( -0.000000000000000000, 1.000000000000000000, -0.000000000000000000 ) ) ;
#490 = ORIENTED_EDGE ( 'NONE', *, *, #7245, .F. ) ;
#491 = DIRECTION ( 'NONE',  ( 0.000000000000000000, 0.000000000000000000, 1.000000000000000000 ) ) ;
#492 = AXIS2_PLACEMENT_3D ( 'NONE', #609, #727, #4771 ) ;
#493 = VECTOR ( 'NONE', #6293, 1000.000000000000000 ) ;
#494 = DIRECTION ( 'NONE',  ( 0.000000000000000000, 0.000000000000000000, 1.000000000000000000 ) ) ;
#495 = ORIENTED_EDGE ( 'NONE', *, *, #2512, .T. ) ;
#496 = EDGE_CURVE ( 'NONE', #1198, #4924, #5144, .T. ) ;
#497 = DIRECTION ( 'NONE',  ( -1.387778780781448831E-15, 0.000000000000000000, 1.000000000000000000 ) ) ;
#498 = DIRECTION ( 'NONE',  ( -0.000000000000000000, -1.000000000000000000, 0.000000000000000000 ) ) ;
#499 = ORIENTED_EDGE ( 'NONE', *, *, #527, .F. ) ;
#500 = DIRECTION ( 'NONE',  ( 0.2588190451025145222, -0.9659258262890699775, 0.000000000000000000 ) ) ;
#501 = CARTESIAN_POINT ( 'NONE',  ( 103.4999999999998863, 0.000000000000000000, 2.498001805406599187E-13 ) ) ;
#502 = EDGE_CURVE ( 'NONE', #1963, #7546, #6943, .T. ) ;
#503 = LINE ( 'NONE', #1169, #7586 ) ;
#504 = DIRECTION ( 'NONE',  ( 1.000000000000000000, 1.662010515905918563E-16, 0.000000000000000000 ) ) ;
#505 = ORIENTED_EDGE ( 'NONE', *, *, #2230, .T. ) ;
#506 = CARTESIAN_POINT ( 'NONE',  ( -35.63435125554287453, 9.999999999999994671, 105.7499999999998295 ) ) ;
#507 = ORIENTED_EDGE ( 'NONE', *, *, #162, .T. ) ;
#508 = CARTESIAN_POINT ( 'NONE',  ( 0.000000000000000000, 166.2000000000000171, 45.94999999999987494 ) ) ;
#509 = LINE ( 'NONE', #540, #861 ) ;
#510 = DIRECTION ( 'NONE',  ( -1.804112415015894777E-13, 0.000000000000000000, 1.000000000000000000 ) ) ;
#511 = DIRECTION ( 'NONE',  ( 3.469446951953610245E-16, 0.000000000000000000, 1.000000000000000000 ) ) ;
#512 = VERTEX_POINT ( 'NONE', #3958 ) ;
#513 = ORIENTED_EDGE ( 'NONE', *, *, #4266, .F. ) ;
#514 = DIRECTION ( 'NONE',  ( 0.000000000000000000, 0.000000000000000000, 1.000000000000000000 ) ) ;
#515 = ADVANCED_FACE ( 'NONE', ( #6349 ), #3047, .F. ) ;
#516 = CARTESIAN_POINT ( 'NONE',  ( 78.24602858956613716, 10.00000000000000888, 5.749999999999727329 ) ) ;
#517 = VERTEX_POINT ( 'NONE', #6000 ) ;
#518 = CARTESIAN_POINT ( 'NONE',  ( -59.72507713378272598, -16.00328618588319429, 105.7499999999998295 ) ) ;
#519 = ORIENTED_EDGE ( 'NONE', *, *, #6818, .F. ) ;
#520 = DIRECTION ( 'NONE',  ( 1.000000000000000000, 1.246507886929443236E-16, 0.000000000000000000 ) ) ;
#521 = CARTESIAN_POINT ( 'NONE',  ( 83.50000000000049738, 0.000000000000000000, 54.24999999999594280 ) ) ;
#522 = EDGE_LOOP ( 'NONE', ( #3108, #4883, #890 ) ) ;
#523 = CARTESIAN_POINT ( 'NONE',  ( -2.493015773858885802E-14, 150.0000000000000284, 108.7499999999996874 ) ) ;
#524 = ADVANCED_FACE ( 'NONE', ( #704 ), #1836, .F. ) ;
#525 = CARTESIAN_POINT ( 'NONE',  ( 88.49999999999997158, 156.0000000000000284, 57.24999999999236167 ) ) ;
#526 = ORIENTED_EDGE ( 'NONE', *, *, #2066, .T. ) ;
#527 = EDGE_CURVE ( 'NONE', #3818, #1080, #7438, .T. ) ;
#528 = PLANE ( 'NONE',  #5717 ) ;
#529 = DIRECTION ( 'NONE',  ( 1.000000000000000000, 1.246507886929443236E-16, 0.000000000000000000 ) ) ;
#530 = EDGE_LOOP ( 'NONE', ( #1534, #5430, #1620, #6655 ) ) ;
#531 = DIRECTION ( 'NONE',  ( 0.000000000000000000, 1.000000000000000000, 0.000000000000000000 ) ) ;
#532 = EDGE_CURVE ( 'NONE', #2974, #5339, #3559, .T. ) ;
#533 = DIRECTION ( 'NONE',  ( -0.000000000000000000, 0.000000000000000000, 1.000000000000000000 ) ) ;
#534 = LINE ( 'NONE', #7209, #5075 ) ;
#535 = LINE ( 'NONE', #6580, #2210 ) ;
#536 = VERTEX_POINT ( 'NONE', #1880 ) ;
#537 = DIRECTION ( 'NONE',  ( 0.000000000000000000, 0.000000000000000000, -1.000000000000000000 ) ) ;
#538 = ORIENTED_EDGE ( 'NONE', *, *, #5056, .F. ) ;
#539 = CARTESIAN_POINT ( 'NONE',  ( -2.493015773858876967E-14, 149.9999999999999716, 57.24999999999594280 ) ) ;
#540 = CARTESIAN_POINT ( 'NONE',  ( 90.29999999999999716, 4.000000000000024869, -5.750000000000018652 ) ) ;
#541 = ADVANCED_FACE ( 'NONE', ( #3679 ), #1214, .T. ) ;
#542 = FACE_OUTER_BOUND ( 'NONE', #5269, .T. ) ;
#543 = VECTOR ( 'NONE', #3486, 1000.000000000000000 ) ;
#544 = LINE ( 'NONE', #7181, #1073 ) ;
#545 = DIRECTION ( 'NONE',  ( -0.9659258262890699775, -0.2588190451025145222, 0.000000000000000000 ) ) ;
#546 = ORIENTED_EDGE ( 'NONE', *, *, #5766, .T. ) ;
#547 = VECTOR ( 'NONE', #7294, 999.9999999999998863 ) ;
#548 = ORIENTED_EDGE ( 'NONE', *, *, #4338, .T. ) ;
#549 = LINE ( 'NONE', #6402, #4482 ) ;
#550 = EDGE_CURVE ( 'NONE', #7132, #5011, #2391, .T. ) ;
#551 = DIRECTION ( 'NONE',  ( 0.2588190451025145222, -0.9659258262890699775, 0.000000000000000000 ) ) ;
#552 = VECTOR ( 'NONE', #2092, 1000.000000000000000 ) ;
#553 = EDGE_LOOP ( 'NONE', ( #1116, #5720, #3722, #4933 ) ) ;
#554 = FACE_OUTER_BOUND ( 'NONE', #5052, .T. ) ;
#555 = ORIENTED_EDGE ( 'NONE', *, *, #2325, .F. ) ;
#556 = ORIENTED_EDGE ( 'NONE', *, *, #7502, .T. ) ;
#557 = DIRECTION ( 'NONE',  ( 0.2588190451025145222, -0.9659258262890699775, 0.000000000000000000 ) ) ;
#558 = VECTOR ( 'NONE', #3493, 1000.000000000000114 ) ;
#559 = CIRCLE ( 'NONE', #4954, 5.000000000000004441 ) ;
#560 = FACE_BOUND ( 'NONE', #2601, .T. ) ;
#561 = CARTESIAN_POINT ( 'NONE',  ( 1.443438357550751073E-14, 0.000000000000000000, 97.24999999999977263 ) ) ;
#562 = ORIENTED_EDGE ( 'NONE', *, *, #2009, .F. ) ;
#563 = LINE ( 'NONE', #1859, #998 ) ;
#564 = DIRECTION ( 'NONE',  ( 0.000000000000000000, 0.000000000000000000, 1.000000000000000000 ) ) ;
#565 = VERTEX_POINT ( 'NONE', #3524 ) ;
#566 = AXIS2_PLACEMENT_3D ( 'NONE', #424, #7027, #29 ) ;
#567 = EDGE_CURVE ( 'NONE', #6134, #5458, #3602, .T. ) ;
#568 = CARTESIAN_POINT ( 'NONE',  ( -69.00000000000163425, 0.000000000000000000, -51.74999999999934630 ) ) ;
#569 = FACE_OUTER_BOUND ( 'NONE', #5246, .T. ) ;
#570 = ORIENTED_EDGE ( 'NONE', *, *, #162, .F. ) ;
#571 = AXIS2_PLACEMENT_3D ( 'NONE', #6557, #45, #4836 ) ;
#573 = DIRECTION ( 'NONE',  ( 0.2588190451025145222, -0.9659258262890699775, 0.000000000000000000 ) ) ;
#572 = PRODUCT_DEFINITION ( 'UNKNOWN', '', #6377, #7484 ) ;
#574 = DIRECTION ( 'NONE',  ( 0.2588190451025145222, -0.9659258262890699775, 0.000000000000000000 ) ) ;
#575 = ORIENTED_EDGE ( 'NONE', *, *, #7552, .T. ) ;
#576 = VECTOR ( 'NONE', #7564, 1000.000000000000000 ) ;
#577 = CARTESIAN_POINT ( 'NONE',  ( -88.50000000000000000, 4.000000000000003553, 108.7499999999996874 ) ) ;
#578 = EDGE_CURVE ( 'NONE', #3570, #5858, #4783, .T. ) ;
#579 = CARTESIAN_POINT ( 'NONE',  ( 46.52676375801506481, 12.46680877539340493, 2.749999999999727329 ) ) ;
#580 = EDGE_LOOP ( 'NONE', ( #7404, #2011, #2793, #6268 ) ) ;
#581 = EDGE_CURVE ( 'NONE', #1275, #7647, #2466, .T. ) ;
#582 = DIRECTION ( 'NONE',  ( 0.000000000000000000, 0.000000000000000000, -1.000000000000000000 ) ) ;
#583 = ORIENTED_EDGE ( 'NONE', *, *, #6467, .F. ) ;
#584 = LINE ( 'NONE', #4074, #7189 ) ;
#585 = CARTESIAN_POINT ( 'NONE',  ( 83.50000000000063949, 0.000000000000000000, 2.749999999999727329 ) ) ;
#586 = VECTOR ( 'NONE', #6264, 1000.000000000000000 ) ;
#587 = CARTESIAN_POINT ( 'NONE',  ( -97.69999999999994600, 160.0000000000000000, 57.05000000000013216 ) ) ;
#588 = LINE ( 'NONE', #6590, #309 ) ;
#589 = CARTESIAN_POINT ( 'NONE',  ( 27.20824723223365638, 7.290427873343113596, 2.749999999999727329 ) ) ;
#590 = ORIENTED_EDGE ( 'NONE', *, *, #7336, .T. ) ;
#591 = EDGE_CURVE ( 'NONE', #477, #857, #7717, .T. ) ;
#592 = CIRCLE ( 'NONE', #6231, 2.000000000000001776 ) ;
#593 = EDGE_LOOP ( 'NONE', ( #5768, #4477, #2519, #3697 ) ) ;
#594 = DIRECTION ( 'NONE',  ( 0.2588190451025145222, -0.9659258262890699775, 0.000000000000000000 ) ) ;
#595 = CARTESIAN_POINT ( 'NONE',  ( -96.50000000000000000, -24.12451549659737893, -11.44999999999984475 ) ) ;
#596 = VECTOR ( 'NONE', #4646, 1000.000000000000000 ) ;
#597 = ORIENTED_EDGE ( 'NONE', *, *, #826, .F. ) ;
#598 = DIRECTION ( 'NONE',  ( 0.000000000000000000, 0.000000000000000000, 1.000000000000000000 ) ) ;
#599 = ORIENTED_EDGE ( 'NONE', *, *, #4801, .F. ) ;
#600 = EDGE_CURVE ( 'NONE', #565, #5583, #4186, .T. ) ;
#601 = ORIENTED_EDGE ( 'NONE', *, *, #4077, .T. ) ;
#602 = DIRECTION ( 'NONE',  ( 1.000000000000000000, 0.000000000000000000, -1.387778780781444689E-15 ) ) ;
#603 = CIRCLE ( 'NONE', #6483, 4.999999999999997335 ) ;
#604 = AXIS2_PLACEMENT_3D ( 'NONE', #3691, #2437, #673 ) ;
#605 = CARTESIAN_POINT ( 'NONE',  ( -4.576065843240458619, 9.999999999999998224, 108.7499999999996874 ) ) ;
#606 = CARTESIAN_POINT ( 'NONE',  ( -88.50000000000000000, 156.0000000000000000, 5.749999999999980460 ) ) ;
#607 = VERTEX_POINT ( 'NONE', #7098 ) ;
#608 = CARTESIAN_POINT ( 'NONE',  ( 90.30000000000001137, 1.648900314533744604E-14, 108.7499999999996874 ) ) ;
#609 = CARTESIAN_POINT ( 'NONE',  ( -2.493015773858876967E-14, 149.9999999999999716, 54.24999999999594280 ) ) ;
#610 = AXIS2_PLACEMENT_3D ( 'NONE', #1325, #6031, #3042 ) ;
#611 = VERTEX_POINT ( 'NONE', #5372 ) ;
#612 = VECTOR ( 'NONE', #3636, 1000.000000000000000 ) ;
#613 = DIRECTION ( 'NONE',  ( -0.000000000000000000, 1.000000000000000000, -0.000000000000000000 ) ) ;
#614 = LINE ( 'NONE', #7131, #1560 ) ;
#615 = ORIENTED_EDGE ( 'NONE', *, *, #4127, .T. ) ;
#616 = VECTOR ( 'NONE', #7042, 1000.000000000000000 ) ;
#617 = CIRCLE ( 'NONE', #2479, 2.000000000000000000 ) ;
#618 = DIRECTION ( 'NONE',  ( 0.000000000000000000, 1.000000000000000000, -0.000000000000000000 ) ) ;
#619 = DIRECTION ( 'NONE',  ( 1.000000000000000000, 1.662010515905918563E-16, 0.000000000000000000 ) ) ;
#620 = ADVANCED_FACE ( 'NONE', ( #6628 ), #1716, .T. ) ;
#621 = ORIENTED_EDGE ( 'NONE', *, *, #6767, .T. ) ;
#622 = VECTOR ( 'NONE', #3179, 999.9999999999998863 ) ;
#623 = CARTESIAN_POINT ( 'NONE',  ( -62.79447639179820584, 149.9999999999999716, 2.749999999999727329 ) ) ;
#624 = DIRECTION ( 'NONE',  ( -0.000000000000000000, -1.000000000000000000, -0.000000000000000000 ) ) ;
#625 = EDGE_LOOP ( 'NONE', ( #3731, #5131, #1224, #2089 ) ) ;
#626 = CARTESIAN_POINT ( 'NONE',  ( -30.74730234511055826, -8.238714832807765731, 2.749999999999727329 ) ) ;
#627 = VERTEX_POINT ( 'NONE', #2930 ) ;
#628 = DIRECTION ( 'NONE',  ( 1.000000000000000000, 1.246507886929443236E-16, 0.000000000000000000 ) ) ;
#629 = CARTESIAN_POINT ( 'NONE',  ( 16.12945776496111705, 10.00000000000000000, 54.24999999999594280 ) ) ;
#630 = CARTESIAN_POINT ( 'NONE',  ( -83.49999999999992895, 111.3629669484362381, 105.7499999999998295 ) ) ;
#631 = EDGE_CURVE ( 'NONE', #5890, #5823, #32, .T. ) ;
#632 = EDGE_CURVE ( 'NONE', #3675, #4148, #5411, .T. ) ;
#633 = PLANE ( 'NONE',  #7080 ) ;
#634 = EDGE_CURVE ( 'NONE', #2736, #169, #1757, .T. ) ;
#635 = CARTESIAN_POINT ( 'NONE',  ( -2.493015773858876967E-14, 149.9999999999999716, 54.24999999999594280 ) ) ;
#636 = ORIENTED_EDGE ( 'NONE', *, *, #532, .T. ) ;
#637 = VERTEX_POINT ( 'NONE', #4228 ) ;
#638 = FACE_OUTER_BOUND ( 'NONE', #5292, .T. ) ;
#639 = ADVANCED_FACE ( 'NONE', ( #4150 ), #6542, .T. ) ;
#641 = EDGE_CURVE ( 'NONE', #4798, #7423, #7330, .T. ) ;
#640 = DIRECTION ( 'NONE',  ( 0.000000000000000000, 0.000000000000000000, 1.000000000000000000 ) ) ;
#642 = CARTESIAN_POINT ( 'NONE',  ( -99.49999999999990052, 155.0000000000000000, 1.999999999999977573 ) ) ;
#643 = ORIENTED_EDGE ( 'NONE', *, *, #4853, .F. ) ;
#644 = VERTEX_POINT ( 'NONE', #3133 ) ;
#645 = CARTESIAN_POINT ( 'NONE',  ( 88.49999999999997158, 156.0000000000000284, 105.7499999999998295 ) ) ;
#646 = DIRECTION ( 'NONE',  ( 1.000000000000000000, 1.246507886929443236E-16, 0.000000000000000000 ) ) ;
#647 = ORIENTED_EDGE ( 'NONE', *, *, #5703, .F. ) ;
#648 = DIRECTION ( 'NONE',  ( -0.8000000000000103695, 0.000000000000000000, -0.5999999999999862110 ) ) ;
#650 = EDGE_CURVE ( 'NONE', #720, #6929, #1913, .T. ) ;
#649 = DIRECTION ( 'NONE',  ( -1.000000000000000000, 0.000000000000000000, 3.854941057726246262E-14 ) ) ;
#651 = ORIENTED_EDGE ( 'NONE', *, *, #2511, .T. ) ;
#652 = ORIENTED_EDGE ( 'NONE', *, *, #1140, .F. ) ;
#653 = CARTESIAN_POINT ( 'NONE',  ( -103.4999999999998863, -3.200000000000000178, 1.249000902703299593E-13 ) ) ;
#654 = LINE ( 'NONE', #7750, #6316 ) ;
#655 = ORIENTED_EDGE ( 'NONE', *, *, #129, .T. ) ;
#656 = DIRECTION ( 'NONE',  ( 0.2588190451025145222, -0.9659258262890699775, 0.000000000000000000 ) ) ;
#658 = ADVANCED_FACE ( 'NONE', ( #1373 ), #5016, .F. ) ;
#657 = DIRECTION ( 'NONE',  ( 0.000000000000000000, 0.000000000000000000, 1.000000000000000000 ) ) ;
#659 = ORIENTED_EDGE ( 'NONE', *, *, #5943, .T. ) ;
#660 = CARTESIAN_POINT ( 'NONE',  ( 71.79142706151229447, 150.0000000000000284, 108.7499999999996874 ) ) ;
#661 = DIRECTION ( 'NONE',  ( 1.982541115402064617E-16, 1.000000000000000000, 0.000000000000000000 ) ) ;
#662 = ORIENTED_EDGE ( 'NONE', *, *, #435, .F. ) ;
#663 = DIRECTION ( 'NONE',  ( 1.000000000000000000, 1.662010515905918563E-16, 0.000000000000000000 ) ) ;
#664 = EDGE_LOOP ( 'NONE', ( #390, #4700, #4601, #7756 ) ) ;
#665 = CARTESIAN_POINT ( 'NONE',  ( 83.49999999999992895, -1.655421831360722636E-14, 105.7499999999998295 ) ) ;
#666 = DIRECTION ( 'NONE',  ( -0.000000000000000000, -0.000000000000000000, 1.000000000000000000 ) ) ;
#667 = CARTESIAN_POINT ( 'NONE',  ( 83.50000000000049738, 106.3030109094346329, 54.24999999999594280 ) ) ;
#668 = LINE ( 'NONE', #80, #6074 ) ;
#669 = DIRECTION ( 'NONE',  ( 1.662010515905923986E-16, -1.000000000000000000, 0.000000000000000000 ) ) ;
#670 = VERTEX_POINT ( 'NONE', #267 ) ;
#671 = VERTEX_POINT ( 'NONE', #3763 ) ;
#672 = EDGE_CURVE ( 'NONE', #7546, #1898, #1181, .T. ) ;
#673 = DIRECTION ( 'NONE',  ( -1.000000000000000000, 0.000000000000000000, -8.326672684688667742E-14 ) ) ;
#674 = EDGE_CURVE ( 'NONE', #3884, #1835, #4458, .T. ) ;
#675 = FACE_OUTER_BOUND ( 'NONE', #1653, .T. ) ;
#676 = VECTOR ( 'NONE', #7600, 1000.000000000000000 ) ;
#677 = CARTESIAN_POINT ( 'NONE',  ( -11.42878581932915338, -3.062333930757471734, 2.749999999999727329 ) ) ;
#678 = EDGE_LOOP ( 'NONE', ( #7342, #7250, #7177, #3382 ) ) ;
#679 = ORIENTED_EDGE ( 'NONE', *, *, #965, .T. ) ;
#680 = ADVANCED_FACE ( 'NONE', ( #1407 ), #6700, .T. ) ;
#681 = CARTESIAN_POINT ( 'NONE',  ( -25.28158945144200942, 9.999999999999994671, 2.749999999999727329 ) ) ;
#682 = EDGE_CURVE ( 'NONE', #7684, #5997, #5602, .T. ) ;
#683 = CARTESIAN_POINT ( 'NONE',  ( 103.5000000000000142, 2.000000000000001776, 45.74999999999988631 ) ) ;
#684 = ORIENTED_EDGE ( 'NONE', *, *, #7536, .F. ) ;
#685 = AXIS2_PLACEMENT_3D ( 'NONE', #1249, #1786, #2963 ) ;
#686 = LINE ( 'NONE', #3071, #5379 ) ;
#687 = DIRECTION ( 'NONE',  ( -0.000000000000000000, 1.000000000000000000, -0.000000000000000000 ) ) ;
#688 = ORIENTED_EDGE ( 'NONE', *, *, #965, .F. ) ;
#689 = EDGE_LOOP ( 'NONE', ( #7303, #2316, #2909, #6369, #6844, #6578, #4890, #7476 ) ) ;
#690 = VECTOR ( 'NONE', #4829, 1000.000000000000000 ) ;
#691 = CARTESIAN_POINT ( 'NONE',  ( -45.98711305964371832, 9.999999999999984013, 105.7499999999998295 ) ) ;
#692 = EDGE_CURVE ( 'NONE', #402, #1071, #2659, .T. ) ;
#693 = PLANE ( 'NONE',  #6569 ) ;
#694 = ORIENTED_EDGE ( 'NONE', *, *, #5904, .F. ) ;
#695 = PLANE ( 'NONE',  #1614 ) ;
#696 = PLANE ( 'NONE',  #484 ) ;
#697 = AXIS2_PLACEMENT_3D ( 'NONE', #5911, #5994, #6539 ) ;
#698 = ORIENTED_EDGE ( 'NONE', *, *, #2833, .T. ) ;
#699 = PLANE ( 'NONE',  #1326 ) ;
#700 = CARTESIAN_POINT ( 'NONE',  ( -93.49999999999994316, 2.000000000000000000, 10.33257569495582295 ) ) ;
#701 = ORIENTED_EDGE ( 'NONE', *, *, #2185, .T. ) ;
#702 = EDGE_CURVE ( 'NONE', #6052, #720, #231, .T. ) ;
#703 = VECTOR ( 'NONE', #2398, 1000.000000000000000 ) ;
#704 = FACE_OUTER_BOUND ( 'NONE', #7368, .T. ) ;
#705 = ORIENTED_EDGE ( 'NONE', *, *, #5949, .T. ) ;
#706 = LINE ( 'NONE', #3092, #6956 ) ;
#707 = LINE ( 'NONE', #2469, #5869 ) ;
#708 = DIRECTION ( 'NONE',  ( 0.000000000000000000, 0.000000000000000000, 1.000000000000000000 ) ) ;
#709 = VECTOR ( 'NONE', #3522, 1000.000000000000000 ) ;
#710 = PLANE ( 'NONE',  #1815 ) ;
#711 = DIRECTION ( 'NONE',  ( 0.000000000000000000, 0.000000000000000000, -1.000000000000000000 ) ) ;
#712 = VERTEX_POINT ( 'NONE', #3090 ) ;
#713 = ORIENTED_EDGE ( 'NONE', *, *, #3572, .T. ) ;
#714 = AXIS2_PLACEMENT_3D ( 'NONE', #1320, #3157, #7399 ) ;
#715 = CARTESIAN_POINT ( 'NONE',  ( 1.375421231232200447E-14, 2.000000000000000000, 92.66742430504393724 ) ) ;
#716 = CARTESIAN_POINT ( 'NONE',  ( -59.72507713378272598, -16.00328618588319429, 108.7499999999996874 ) ) ;
#717 = ADVANCED_FACE ( 'NONE', ( #1331 ), #5531, .F. ) ;
#718 = VECTOR ( 'NONE', #5790, 1000.000000000000000 ) ;
#719 = DIRECTION ( 'NONE',  ( 1.000000000000000000, -0.000000000000000000, -1.484255380514914930E-16 ) ) ;
#720 = VERTEX_POINT ( 'NONE', #116 ) ;
#721 = ORIENTED_EDGE ( 'NONE', *, *, #6730, .T. ) ;
#722 = DIRECTION ( 'NONE',  ( 0.2588190451025147998, -0.9659258262890699775, 0.000000000000000000 ) ) ;
#723 = LINE ( 'NONE', #1933, #7731 ) ;
#724 = LINE ( 'NONE', #136, #7315 ) ;
#725 = VECTOR ( 'NONE', #4091, 1000.000000000000000 ) ;
#726 = CARTESIAN_POINT ( 'NONE',  ( 0.000000000000000000, 166.2000000000000171, 0.000000000000000000 ) ) ;
#727 = DIRECTION ( 'NONE',  ( 1.662010515905918563E-16, -1.000000000000000000, 0.000000000000000000 ) ) ;
#728 = EDGE_CURVE ( 'NONE', #6559, #6778, #6266, .T. ) ;
#729 = VERTEX_POINT ( 'NONE', #6156 ) ;
#730 = ADVANCED_FACE ( 'NONE', ( #2509 ), #6115, .F. ) ;
#731 = VECTOR ( 'NONE', #5946, 1000.000000000000000 ) ;
#732 = ORIENTED_EDGE ( 'NONE', *, *, #4097, .T. ) ;
#733 = VECTOR ( 'NONE', #1051, 1000.000000000000000 ) ;
#734 = EDGE_CURVE ( 'NONE', #2591, #3326, #1997, .T. ) ;
#735 = FACE_BOUND ( 'NONE', #5788, .T. ) ;
#736 = DIRECTION ( 'NONE',  ( 1.000000000000000000, 1.246507886929443483E-16, 0.000000000000000000 ) ) ;
#737 = EDGE_LOOP ( 'NONE', ( #2720, #6082, #4158, #701, #3046, #1374, #5027, #2848, #2583, #3425 ) ) ;
#738 = CARTESIAN_POINT ( 'NONE',  ( -103.4999999999999005, 0.000000000000000000, -5.750000000000018652 ) ) ;
#739 = VECTOR ( 'NONE', #779, 1000.000000000000000 ) ;
#740 = AXIS2_PLACEMENT_3D ( 'NONE', #1495, #3260, #276 ) ;
#741 = CARTESIAN_POINT ( 'NONE',  ( 103.5000000000000142, -8.000000000000000000, 108.7499999999996874 ) ) ;
#742 = VERTEX_POINT ( 'NONE', #4303 ) ;
#743 = EDGE_CURVE ( 'NONE', #1194, #768, #4388, .T. ) ;
#744 = DIRECTION ( 'NONE',  ( 0.000000000000000000, 0.000000000000000000, 1.000000000000000000 ) ) ;
#745 = VECTOR ( 'NONE', #6597, 1000.000000000000000 ) ;
#746 = CYLINDRICAL_SURFACE ( 'NONE', #1461, 1.799999999999996048 ) ;
#747 = ORIENTED_EDGE ( 'NONE', *, *, #3856, .T. ) ;
#748 = AXIS2_PLACEMENT_3D ( 'NONE', #2726, #6734, #851 ) ;
#749 = CARTESIAN_POINT ( 'NONE',  ( 7.889730706452109388, 2.114046971292819599, 57.24999999999594280 ) ) ;
#750 = ORIENTED_EDGE ( 'NONE', *, *, #883, .F. ) ;
#751 = CARTESIAN_POINT ( 'NONE',  ( -1.246507886929442940E-15, 9.999999999999998224, 105.7499999999998295 ) ) ;
#752 = DIRECTION ( 'NONE',  ( 1.000000000000000000, -0.000000000000000000, 1.387778780781448831E-15 ) ) ;
#753 = DIRECTION ( 'NONE',  ( 0.2588190451025145222, -0.9659258262890699775, 0.000000000000000000 ) ) ;
#754 = AXIS2_PLACEMENT_3D ( 'NONE', #6948, #1103, #1683 ) ;
#755 = VECTOR ( 'NONE', #1241, 1000.000000000000000 ) ;
#756 = EDGE_CURVE ( 'NONE', #742, #163, #2626, .T. ) ;
#757 = CARTESIAN_POINT ( 'NONE',  ( 99.49999999999991473, 160.0000000000000000, -1.864827736675067626E-14 ) ) ;
#758 = CARTESIAN_POINT ( 'NONE',  ( -93.50000000000825651, 160.0000000000000000, 1.686845108040029457E-11 ) ) ;
#759 = ORIENTED_EDGE ( 'NONE', *, *, #6553, .T. ) ;
#760 = ORIENTED_EDGE ( 'NONE', *, *, #5573, .F. ) ;
#761 = LINE ( 'NONE', #4315, #3608 ) ;
#762 = CARTESIAN_POINT ( 'NONE',  ( 82.14418886561308852, 150.0000000000000284, 105.7499999999998295 ) ) ;
#763 = LINE ( 'NONE', #3849, #5591 ) ;
#764 = ORIENTED_EDGE ( 'NONE', *, *, #5533, .F. ) ;
#765 = ORIENTED_EDGE ( 'NONE', *, *, #7365, .T. ) ;
#766 = CARTESIAN_POINT ( 'NONE',  ( 100.5000000000001990, -8.000000000000000000, -9.750000000000715872 ) ) ;
#767 = DIRECTION ( 'NONE',  ( -1.000000000000000000, -1.826024711554534653E-16, 0.000000000000000000 ) ) ;
#768 = VERTEX_POINT ( 'NONE', #6815 ) ;
#769 = EDGE_CURVE ( 'NONE', #6710, #6207, #1441, .T. ) ;
#770 = LINE ( 'NONE', #2564, #982 ) ;
#771 = LINE ( 'NONE', #5115, #3999 ) ;
#772 = ORIENTED_EDGE ( 'NONE', *, *, #252, .T. ) ;
#773 = ORIENTED_EDGE ( 'NONE', *, *, #5212, .T. ) ;
#774 = DIRECTION ( 'NONE',  ( 0.2588190451025145222, -0.9659258262890699775, 0.000000000000000000 ) ) ;
#775 = DIRECTION ( 'NONE',  ( 0.000000000000000000, 1.000000000000000000, -0.000000000000000000 ) ) ;
#776 = ORIENTED_EDGE ( 'NONE', *, *, #5736, .T. ) ;
#777 = ADVANCED_FACE ( 'NONE', ( #2145 ), #5171, .F. ) ;
#778 = DIRECTION ( 'NONE',  ( -4.024558464266176682E-14, 0.000000000000000000, -1.000000000000000000 ) ) ;
#779 = DIRECTION ( 'NONE',  ( 1.000000000000000000, -0.000000000000000000, -1.387778780781444689E-15 ) ) ;
#780 = ORIENTED_EDGE ( 'NONE', *, *, #3700, .F. ) ;
#781 = CARTESIAN_POINT ( 'NONE',  ( 83.49999999999992895, 29.02894480630958540, 105.7499999999998295 ) ) ;
#782 = DIRECTION ( 'NONE',  ( 0.000000000000000000, 1.000000000000000000, -0.000000000000000000 ) ) ;
#783 = ORIENTED_EDGE ( 'NONE', *, *, #4801, .T. ) ;
#784 = DIRECTION ( 'NONE',  ( -1.000000000000000000, 0.000000000000000000, -2.775557561562893323E-15 ) ) ;
#785 = ORIENTED_EDGE ( 'NONE', *, *, #5965, .T. ) ;
#786 = EDGE_CURVE ( 'NONE', #1033, #5412, #1928, .T. ) ;
#787 = EDGE_LOOP ( 'NONE', ( #3148, #4956 ) ) ;
#788 = CARTESIAN_POINT ( 'NONE',  ( 83.50000000000065370, 29.02894480630721574, 2.749999999999727329 ) ) ;
#789 = CARTESIAN_POINT ( 'NONE',  ( 90.29999999999996874, 156.0000000000000284, 2.749999999999978240 ) ) ;
#790 = CARTESIAN_POINT ( 'NONE',  ( 104.4823133353591089, 27.99595148154426028, 57.24999999999594280 ) ) ;
#791 = FACE_BOUND ( 'NONE', #7043, .T. ) ;
#792 = ORIENTED_EDGE ( 'NONE', *, *, #3888, .T. ) ;
#793 = VERTEX_POINT ( 'NONE', #1016 ) ;
#794 = EDGE_CURVE ( 'NONE', #1858, #259, #6975, .T. ) ;
#795 = CARTESIAN_POINT ( 'NONE',  ( -83.49999999999995737, 72.72593389687250465, 57.24999999999594280 ) ) ;
#796 = DIRECTION ( 'NONE',  ( 0.000000000000000000, 0.000000000000000000, 1.000000000000000000 ) ) ;
#797 = CARTESIAN_POINT ( 'NONE',  ( -89.50000000000008527, -24.12451549659737893, -5.750000000000022204 ) ) ;
#798 = VERTEX_POINT ( 'NONE', #5133 ) ;
#799 = ORIENTED_EDGE ( 'NONE', *, *, #6283, .T. ) ;
#800 = EDGE_CURVE ( 'NONE', #1384, #4031, #6340, .T. ) ;
#801 = DIRECTION ( 'NONE',  ( 0.000000000000000000, 0.000000000000000000, 1.000000000000000000 ) ) ;
#802 = FACE_OUTER_BOUND ( 'NONE', #832, .T. ) ;
#803 = DIRECTION ( 'NONE',  ( -0.9659258262890699775, -0.2588190451025145777, 0.000000000000000000 ) ) ;
#804 = LINE ( 'NONE', #7426, #3367 ) ;
#805 = AXIS2_PLACEMENT_3D ( 'NONE', #2823, #2238, #4637 ) ;
#806 = EDGE_LOOP ( 'NONE', ( #6620, #7585, #5069, #1810 ) ) ;
#807 = EDGE_LOOP ( 'NONE', ( #583, #6491, #7154, #3729 ) ) ;
#808 = LINE ( 'NONE', #5076, #3716 ) ;
#809 = VECTOR ( 'NONE', #7176, 1000.000000000000000 ) ;
#810 = DIRECTION ( 'NONE',  ( 1.000000000000000000, 1.662010515905918563E-16, 0.000000000000000000 ) ) ;
#811 = ORIENTED_EDGE ( 'NONE', *, *, #1763, .T. ) ;
#812 = DIRECTION ( 'NONE',  ( 0.000000000000000000, 8.673617379884027583E-16, -1.000000000000000000 ) ) ;
#813 = CARTESIAN_POINT ( 'NONE',  ( 1.140404673924322588E-13, 149.9999999999999716, 2.749999999999727329 ) ) ;
#814 = ORIENTED_EDGE ( 'NONE', *, *, #6901, .T. ) ;
#815 = VECTOR ( 'NONE', #5266, 1000.000000000000000 ) ;
#816 = EDGE_CURVE ( 'NONE', #4390, #5501, #7685, .T. ) ;
#817 = FACE_OUTER_BOUND ( 'NONE', #1502, .T. ) ;
#818 = FACE_OUTER_BOUND ( 'NONE', #5710, .T. ) ;
#819 = ORIENTED_EDGE ( 'NONE', *, *, #3322, .F. ) ;
#820 = DIRECTION ( 'NONE',  ( 1.246507886929438799E-16, -1.000000000000000000, 0.000000000000000000 ) ) ;
#821 = ORIENTED_EDGE ( 'NONE', *, *, #969, .F. ) ;
#822 = VECTOR ( 'NONE', #4080, 1000.000000000000000 ) ;
#823 = ORIENTED_EDGE ( 'NONE', *, *, #6420, .T. ) ;
#824 = DIRECTION ( 'NONE',  ( -0.000000000000000000, 1.000000000000000000, -0.000000000000000000 ) ) ;
#825 = CARTESIAN_POINT ( 'NONE',  ( -103.5000000000000142, 160.0000000000000000, 0.000000000000000000 ) ) ;
#826 = EDGE_CURVE ( 'NONE', #416, #7082, #5792, .T. ) ;
#827 = EDGE_CURVE ( 'NONE', #4993, #5092, #2852, .T. ) ;
#828 = VECTOR ( 'NONE', #4818, 1000.000000000000000 ) ;
#829 = DIRECTION ( 'NONE',  ( 0.000000000000000000, 0.000000000000000000, 1.000000000000000000 ) ) ;
#830 = CARTESIAN_POINT ( 'NONE',  ( 0.000000000000000000, 166.2000000000000171, 57.05000000000013216 ) ) ;
#831 = ORIENTED_EDGE ( 'NONE', *, *, #1996, .F. ) ;
#832 = EDGE_LOOP ( 'NONE', ( #6464, #4165, #3456, #4528 ) ) ;
#833 = LINE ( 'NONE', #353, #1732 ) ;
#834 = VECTOR ( 'NONE', #3418, 1000.000000000000000 ) ;
#835 = CYLINDRICAL_SURFACE ( 'NONE', #128, 1.799999999999996048 ) ;
#836 = ORIENTED_EDGE ( 'NONE', *, *, #827, .F. ) ;
#837 = CARTESIAN_POINT ( 'NONE',  ( -1.769527556438463378, -0.4741434797323291206, 2.749999999999727329 ) ) ;
#838 = ORIENTED_EDGE ( 'NONE', *, *, #351, .T. ) ;
#839 = AXIS2_PLACEMENT_3D ( 'NONE', #7714, #6540, #7173 ) ;
#840 = VERTEX_POINT ( 'NONE', #4539 ) ;
#841 = DIRECTION ( 'NONE',  ( 3.382710778154773834E-15, -1.000000000000000000, 0.000000000000000000 ) ) ;
#842 = DIRECTION ( 'NONE',  ( 0.5999999999999806599, -0.000000000000000000, -0.8000000000000144773 ) ) ;
#843 = AXIS2_PLACEMENT_3D ( 'NONE', #2263, #4100, #1248 ) ;
#844 = ORIENTED_EDGE ( 'NONE', *, *, #2230, .F. ) ;
#845 = ADVANCED_FACE ( 'NONE', ( #3909 ), #4658, .F. ) ;
#846 = EDGE_LOOP ( 'NONE', ( #4636, #2097, #3654, #5285 ) ) ;
#847 = CARTESIAN_POINT ( 'NONE',  ( -86.70000000000000284, 4.000000000000003553, 5.749999999999976907 ) ) ;
#848 = VECTOR ( 'NONE', #3976, 1000.000000000000000 ) ;
#849 = DIRECTION ( 'NONE',  ( 1.000000000000000000, 1.662010515905918563E-16, 0.000000000000000000 ) ) ;
#850 = ORIENTED_EDGE ( 'NONE', *, *, #363, .F. ) ;
#851 = DIRECTION ( 'NONE',  ( 1.000000000000000000, 0.000000000000000000, 0.000000000000000000 ) ) ;
#852 = CARTESIAN_POINT ( 'NONE',  ( 1.140404673924322588E-13, 149.9999999999999716, 2.749999999999727329 ) ) ;
#853 = ORIENTED_EDGE ( 'NONE', *, *, #3623, .F. ) ;
#854 = VECTOR ( 'NONE', #3702, 999.9999999999998863 ) ;
#855 = CARTESIAN_POINT ( 'NONE',  ( 17.54898896934294328, 4.702237422317963045, 2.749999999999727329 ) ) ;
#856 = DIRECTION ( 'NONE',  ( -0.8000000000000103695, 0.000000000000000000, 0.5999999999999862110 ) ) ;
#857 = VERTEX_POINT ( 'NONE', #299 ) ;
#858 = DIRECTION ( 'NONE',  ( 0.2588190451025145222, -0.9659258262890699775, 0.000000000000000000 ) ) ;
#859 = ORIENTED_EDGE ( 'NONE', *, *, #3971, .F. ) ;
#860 = VECTOR ( 'NONE', #2699, 1000.000000000000000 ) ;
#861 = VECTOR ( 'NONE', #7649, 1000.000000000000000 ) ;
#862 = ORIENTED_EDGE ( 'NONE', *, *, #4817, .F. ) ;
#863 = CARTESIAN_POINT ( 'NONE',  ( 1.140404673924322588E-13, 149.9999999999999716, 2.749999999999727329 ) ) ;
#864 = EDGE_CURVE ( 'NONE', #7318, #5181, #2773, .T. ) ;
#865 = FACE_OUTER_BOUND ( 'NONE', #4249, .T. ) ;
#866 = VECTOR ( 'NONE', #7084, 1000.000000000000000 ) ;
#867 = VECTOR ( 'NONE', #7671, 1000.000000000000000 ) ;
#868 = LINE ( 'NONE', #200, #3445 ) ;
#869 = FACE_BOUND ( 'NONE', #1011, .T. ) ;
#870 = EDGE_LOOP ( 'NONE', ( #5603, #2608, #6841, #1596 ) ) ;
#871 = ORIENTED_EDGE ( 'NONE', *, *, #1996, .T. ) ;
#872 = CARTESIAN_POINT ( 'NONE',  ( 83.49999999999992895, -1.655421831360722636E-14, 105.7499999999998295 ) ) ;
#873 = EDGE_CURVE ( 'NONE', #3858, #4668, #1555, .T. ) ;
#874 = VECTOR ( 'NONE', #7395, 1000.000000000000000 ) ;
#875 = EDGE_CURVE ( 'NONE', #6341, #20, #3948, .T. ) ;
#876 = AXIS2_PLACEMENT_3D ( 'NONE', #5587, #803, #6395 ) ;
#877 = FACE_OUTER_BOUND ( 'NONE', #7184, .T. ) ;
#878 = EDGE_CURVE ( 'NONE', #5439, #2661, #1597, .T. ) ;
#879 = DIRECTION ( 'NONE',  ( -0.5999999999999862110, 0.000000000000000000, -0.8000000000000103695 ) ) ;
#880 = ORIENTED_EDGE ( 'NONE', *, *, #3751, .T. ) ;
#881 = ORIENTED_EDGE ( 'NONE', *, *, #6384, .F. ) ;
#882 = CARTESIAN_POINT ( 'NONE',  ( 85.16379680957771825, 22.81957057949398759, 54.24999999999594280 ) ) ;
#883 = EDGE_CURVE ( 'NONE', #6462, #4684, #1635, .T. ) ;
#884 = EDGE_CURVE ( 'NONE', #1080, #3065, #2224, .T. ) ;
#885 = LINE ( 'NONE', #3268, #1496 ) ;
#886 = VERTEX_POINT ( 'NONE', #3437 ) ;
#887 = ORIENTED_EDGE ( 'NONE', *, *, #5015, .T. ) ;
#888 = CARTESIAN_POINT ( 'NONE',  ( -0.6779055671934434146, 149.9999999999999716, 54.24999999999594280 ) ) ;
#889 = CARTESIAN_POINT ( 'NONE',  ( 86.70000000000000284, 1.583163424917781255E-14, 108.7499999999996874 ) ) ;
#890 = ORIENTED_EDGE ( 'NONE', *, *, #4087, .T. ) ;
#891 = EDGE_CURVE ( 'NONE', #154, #6886, #6415, .T. ) ;
#892 = LINE ( 'NONE', #5666, #5132 ) ;
#893 = DIRECTION ( 'NONE',  ( 0.000000000000000000, -0.000000000000000000, -1.000000000000000000 ) ) ;
#894 = VERTEX_POINT ( 'NONE', #2693 ) ;
#895 = DIRECTION ( 'NONE',  ( 0.000000000000000000, 0.000000000000000000, 1.000000000000000000 ) ) ;
#896 = CARTESIAN_POINT ( 'NONE',  ( 103.5000000000000142, 2.000000000000000000, 57.25000000000010658 ) ) ;
#897 = ORIENTED_EDGE ( 'NONE', *, *, #4321, .T. ) ;
#898 = DIRECTION ( 'NONE',  ( -0.000000000000000000, -1.000000000000000000, -0.000000000000000000 ) ) ;
#899 = EDGE_LOOP ( 'NONE', ( #3073, #6044, #6699 ) ) ;
#900 = ORIENTED_EDGE ( 'NONE', *, *, #2921, .F. ) ;
#901 = CARTESIAN_POINT ( 'NONE',  ( 93.50000000000000000, 2.000000000000000000, 45.74999999999987210 ) ) ;
#902 = FACE_OUTER_BOUND ( 'NONE', #6942, .T. ) ;
#903 = LINE ( 'NONE', #4035, #2819 ) ;
#904 = DIRECTION ( 'NONE',  ( -1.387778780781449225E-15, 0.000000000000000000, -1.000000000000000000 ) ) ;
#905 = ORIENTED_EDGE ( 'NONE', *, *, #7434, .F. ) ;
#906 = CARTESIAN_POINT ( 'NONE',  ( 83.50000000000062528, 67.66597785787105579, 2.749999999999727329 ) ) ;
#907 = ORIENTED_EDGE ( 'NONE', *, *, #2426, .T. ) ;
#908 = CARTESIAN_POINT ( 'NONE',  ( 103.4999999999997726, 0.000000000000000000, 43.74999999999988631 ) ) ;
#909 = LINE ( 'NONE', #3847, #3502 ) ;
#910 = FACE_OUTER_BOUND ( 'NONE', #6810, .T. ) ;
#911 = EDGE_CURVE ( 'NONE', #4918, #6187, #5088, .T. ) ;
#912 = CARTESIAN_POINT ( 'NONE',  ( -21.08804408221995175, -5.650524381782608074, 105.7499999999998295 ) ) ;
#913 = ORIENTED_EDGE ( 'NONE', *, *, #7293, .T. ) ;
#914 = ORIENTED_EDGE ( 'NONE', *, *, #305, .T. ) ;
#915 = FACE_OUTER_BOUND ( 'NONE', #2416, .T. ) ;
#916 = LINE ( 'NONE', #3153, #5255 ) ;
#917 = ORIENTED_EDGE ( 'NONE', *, *, #3212, .T. ) ;
#918 = EDGE_CURVE ( 'NONE', #5922, #7511, #6897, .T. ) ;
#919 = EDGE_LOOP ( 'NONE', ( #337, #3928, #6288, #2040 ) ) ;
#920 = DIRECTION ( 'NONE',  ( 0.000000000000000000, 1.000000000000000000, -0.000000000000000000 ) ) ;
#921 = CARTESIAN_POINT ( 'NONE',  ( -88.50000000000000000, 156.0000000000000000, 108.7499999999996874 ) ) ;
#922 = ORIENTED_EDGE ( 'NONE', *, *, #7218, .T. ) ;
#923 = CARTESIAN_POINT ( 'NONE',  ( 83.49999999999995737, 144.9400439610005265, 105.7499999999998295 ) ) ;
#924 = CARTESIAN_POINT ( 'NONE',  ( -83.49999999999992895, 150.0000000000000284, 105.7499999999998295 ) ) ;
#925 = ORIENTED_EDGE ( 'NONE', *, *, #1450, .T. ) ;
#926 = EDGE_CURVE ( 'NONE', #7619, #6802, #338, .T. ) ;
#927 = LINE ( 'NONE', #2770, #1077 ) ;
#928 = AXIS2_PLACEMENT_3D ( 'NONE', #5180, #1059, #7566 ) ;
#929 = CARTESIAN_POINT ( 'NONE',  ( 96.50000000000000000, -8.000000000000000000, -11.45000000000001705 ) ) ;
#930 = ORIENTED_EDGE ( 'NONE', *, *, #5128, .F. ) ;
#931 = DIRECTION ( 'NONE',  ( 1.000000000000000000, -0.000000000000000000, 0.000000000000000000 ) ) ;
#932 = VERTEX_POINT ( 'NONE', #2336 ) ;
#933 = ORIENTED_EDGE ( 'NONE', *, *, #1539, .F. ) ;
#934 = CYLINDRICAL_SURFACE ( 'NONE', #4876, 2.000000000000001776 ) ;
#935 = DIRECTION ( 'NONE',  ( 1.662010515905918563E-16, -1.000000000000000000, 0.000000000000000000 ) ) ;
#936 = VECTOR ( 'NONE', #3079, 999.9999999999998863 ) ;
#937 = ADVANCED_FACE ( 'NONE', ( #6533, #62 ), #7705, .T. ) ;
#938 = FACE_OUTER_BOUND ( 'NONE', #5599, .T. ) ;
#939 = CARTESIAN_POINT ( 'NONE',  ( -93.50000000000000000, 2.000000000000001776, 57.24999999999968736 ) ) ;
#940 = ORIENTED_EDGE ( 'NONE', *, *, #1920, .F. ) ;
#941 = VECTOR ( 'NONE', #4544, 1000.000000000000000 ) ;
#942 = VECTOR ( 'NONE', #6075, 1000.000000000000000 ) ;
#943 = DIRECTION ( 'NONE',  ( 1.000000000000000000, -0.000000000000000000, -1.206764157201257143E-15 ) ) ;
#944 = ORIENTED_EDGE ( 'NONE', *, *, #5983, .F. ) ;
#945 = ORIENTED_EDGE ( 'NONE', *, *, #4008, .F. ) ;
#946 = DIRECTION ( 'NONE',  ( 1.000000000000000000, 1.246507886929443236E-16, 0.000000000000000000 ) ) ;
#947 = CARTESIAN_POINT ( 'NONE',  ( 65.84528028379648390, 17.64318967744369715, 2.749999999999727329 ) ) ;
#948 = VECTOR ( 'NONE', #598, 1000.000000000000000 ) ;
#949 = FACE_OUTER_BOUND ( 'NONE', #5218, .T. ) ;
#950 = CARTESIAN_POINT ( 'NONE',  ( 95.50000000000106581, -3.200000000000000178, 105.7499999999996589 ) ) ;
#951 = ORIENTED_EDGE ( 'NONE', *, *, #1256, .T. ) ;
#952 = VERTEX_POINT ( 'NONE', #23 ) ;
#953 = VECTOR ( 'NONE', #4880, 1000.000000000000000 ) ;
#954 = CARTESIAN_POINT ( 'NONE',  ( 54.52000000000190738, -24.12451549659737893, 40.88999999999936108 ) ) ;
#955 = EDGE_CURVE ( 'NONE', #1582, #5527, #654, .T. ) ;
#956 = CARTESIAN_POINT ( 'NONE',  ( -35.63435125554280347, 9.999999999999991118, 2.749999999999727329 ) ) ;
#957 = VERTEX_POINT ( 'NONE', #5941 ) ;
#958 = VECTOR ( 'NONE', #125, 1000.000000000000000 ) ;
#959 = ORIENTED_EDGE ( 'NONE', *, *, #2598, .T. ) ;
#960 = CARTESIAN_POINT ( 'NONE',  ( 6.349087922075074838E-14, 160.0000000000000000, 45.74999999999975842 ) ) ;
#961 = FACE_BOUND ( 'NONE', #522, .T. ) ;
#962 = VERTEX_POINT ( 'NONE', #5986 ) ;
#963 = AXIS2_PLACEMENT_3D ( 'NONE', #1552, #4499, #3907 ) ;
#964 = DIRECTION ( 'NONE',  ( 0.9659258262890699775, 0.2588190451025145777, -0.000000000000000000 ) ) ;
#965 = EDGE_CURVE ( 'NONE', #5073, #3967, #1133, .T. ) ;
#966 = ADVANCED_FACE ( 'NONE', ( #569 ), #5438, .F. ) ;
#967 = LINE ( 'NONE', #7470, #4625 ) ;
#968 = ORIENTED_EDGE ( 'NONE', *, *, #1984, .T. ) ;
#969 = EDGE_CURVE ( 'NONE', #2827, #2419, #5319, .T. ) ;
#970 = VECTOR ( 'NONE', #1659, 999.9999999999998863 ) ;
#971 = LINE ( 'NONE', #3355, #1199 ) ;
#972 = DIRECTION ( 'NONE',  ( 1.000000000000000000, 1.246507886929443483E-16, 0.000000000000000000 ) ) ;
#973 = ORIENTED_EDGE ( 'NONE', *, *, #5381, .T. ) ;
#974 = CARTESIAN_POINT ( 'NONE',  ( 90.30000000000001137, -3.199999999999983746, 54.24999999999963762 ) ) ;
#975 = VERTEX_POINT ( 'NONE', #4731 ) ;
#976 = CYLINDRICAL_SURFACE ( 'NONE', #6858, 1.699999999999824984 ) ;
#977 = CARTESIAN_POINT ( 'NONE',  ( 93.49999999999990052, 160.0000000000000000, -2.750000000000018652 ) ) ;
#978 = EDGE_CURVE ( 'NONE', #5929, #7540, #614, .T. ) ;
#979 = VECTOR ( 'NONE', #7542, 1000.000000000000000 ) ;
#980 = CARTESIAN_POINT ( 'NONE',  ( -21.38342917539508292, 149.9999999999999716, 54.24999999999594280 ) ) ;
#981 = DIRECTION ( 'NONE',  ( 0.2588190451025145222, -0.9659258262890699775, 0.000000000000000000 ) ) ;
#982 = VECTOR ( 'NONE', #4960, 1000.000000000000000 ) ;
#983 = CARTESIAN_POINT ( 'NONE',  ( -1.246507886929442940E-15, 9.999999999999998224, 108.7499999999996874 ) ) ;
#984 = ORIENTED_EDGE ( 'NONE', *, *, #6233, .F. ) ;
#985 = VECTOR ( 'NONE', #1101, 1000.000000000000000 ) ;
#986 = DIRECTION ( 'NONE',  ( 1.000000000000000000, 0.000000000000000000, 7.421276902574575884E-17 ) ) ;
#987 = ORIENTED_EDGE ( 'NONE', *, *, #3294, .T. ) ;
#988 = DIRECTION ( 'NONE',  ( -1.982541115402065110E-16, 1.000000000000000000, 0.000000000000000000 ) ) ;
#989 = LINE ( 'NONE', #872, #480 ) ;
#990 = EDGE_CURVE ( 'NONE', #6462, #3613, #5821, .T. ) ;
#991 = CARTESIAN_POINT ( 'NONE',  ( -1.246507886929442940E-15, 9.999999999999998224, 105.7499999999998295 ) ) ;
#992 = AXIS2_PLACEMENT_3D ( 'NONE', #3714, #4778, #4298 ) ;
#993 = AXIS2_PLACEMENT_3D ( 'NONE', #7246, #7286, #105 ) ;
#994 = LINE ( 'NONE', #3379, #3694 ) ;
#995 = DIRECTION ( 'NONE',  ( -0.9659258262890699775, -0.2588190451025145222, 0.000000000000000000 ) ) ;
#996 = ORIENTED_EDGE ( 'NONE', *, *, #2379, .F. ) ;
#997 = ORIENTED_EDGE ( 'NONE', *, *, #2932, .F. ) ;
#998 = VECTOR ( 'NONE', #6056, 1000.000000000000000 ) ;
#999 = DIRECTION ( 'NONE',  ( -1.982541115402064617E-16, 1.000000000000000000, 0.000000000000000000 ) ) ;
#1000 = EDGE_CURVE ( 'NONE', #6228, #1322, #6028, .T. ) ;
#1001 = DIRECTION ( 'NONE',  ( 1.000000000000000000, 1.246507886929438799E-16, 0.000000000000000000 ) ) ;
#1002 = VECTOR ( 'NONE', #247, 1000.000000000000000 ) ;
#1003 = EDGE_LOOP ( 'NONE', ( #5689, #2246 ) ) ;
#1004 = ORIENTED_EDGE ( 'NONE', *, *, #2990, .T. ) ;
#1005 = EDGE_CURVE ( 'NONE', #445, #3642, #2308, .T. ) ;
#1006 = CARTESIAN_POINT ( 'NONE',  ( 93.49999999999174349, 160.0000000000000000, -1.686845108039723788E-11 ) ) ;
#1007 = DIRECTION ( 'NONE',  ( 1.000000000000000000, 1.662010515905918563E-16, 0.000000000000000000 ) ) ;
#1008 = VERTEX_POINT ( 'NONE', #2456 ) ;
#1009 = CARTESIAN_POINT ( 'NONE',  ( 1.377241172440915905E-13, 9.999999999999998224, 2.749999999999727329 ) ) ;
#1010 = CARTESIAN_POINT ( 'NONE',  ( 69.00000000000983391, -24.12451549659737893, -51.74999999999648281 ) ) ;
#1011 = EDGE_LOOP ( 'NONE', ( #7710, #6018, #2168, #4145 ) ) ;
#1012 = DIRECTION ( 'NONE',  ( 0.000000000000000000, 0.000000000000000000, -1.000000000000000000 ) ) ;
#1013 = EDGE_CURVE ( 'NONE', #2030, #6063, #5359, .T. ) ;
#1014 = DIRECTION ( 'NONE',  ( 4.625929269271485322E-15, 0.000000000000000000, -1.000000000000000000 ) ) ;
#1015 = VERTEX_POINT ( 'NONE', #1748 ) ;
#1016 = CARTESIAN_POINT ( 'NONE',  ( 26.48221956906208163, 10.00000000000000178, 2.749999999999727329 ) ) ;
#1017 = VERTEX_POINT ( 'NONE', #4811 ) ;
#1018 = DIRECTION ( 'NONE',  ( 0.000000000000000000, 0.000000000000000000, 1.000000000000000000 ) ) ;
#1019 = CARTESIAN_POINT ( 'NONE',  ( -30.74730234511069682, -8.238714832807765731, 54.24999999999594280 ) ) ;
#1020 = CARTESIAN_POINT ( 'NONE',  ( 17.54898896934280472, 4.702237422317963045, 57.24999999999594280 ) ) ;
#1021 = FACE_OUTER_BOUND ( 'NONE', #5237, .T. ) ;
#1022 = EDGE_CURVE ( 'NONE', #6170, #4135, #6454, .T. ) ;
#1023 = CARTESIAN_POINT ( 'NONE',  ( -86.70000000000000284, 4.000000000000003553, 2.749999999999981792 ) ) ;
#1024 = ORIENTED_EDGE ( 'NONE', *, *, #3272, .F. ) ;
#1025 = DIRECTION ( 'NONE',  ( -0.000000000000000000, -0.000000000000000000, 1.000000000000000000 ) ) ;
#1026 = EDGE_LOOP ( 'NONE', ( #2984, #2282, #3926, #5109 ) ) ;
#1027 = PLANE ( 'NONE',  #805 ) ;
#1028 = CARTESIAN_POINT ( 'NONE',  ( 99.50000000000099476, 160.0000000000000000, 103.0000000000000426 ) ) ;
#1029 = PLANE ( 'NONE',  #3479 ) ;
#1030 = ORIENTED_EDGE ( 'NONE', *, *, #5766, .F. ) ;
#1031 = LINE ( 'NONE', #3417, #6321 ) ;
#1032 = LINE ( 'NONE', #1107, #6456 ) ;
#1033 = VERTEX_POINT ( 'NONE', #3516 ) ;
#1034 = EDGE_CURVE ( 'NONE', #2552, #5540, #3307, .T. ) ;
#1035 = ORIENTED_EDGE ( 'NONE', *, *, #120, .F. ) ;
#1036 = DIRECTION ( 'NONE',  ( -0.9659258262890699775, -0.2588190451025145222, 0.000000000000000000 ) ) ;
#1037 = LINE ( 'NONE', #5157, #7133 ) ;
#1038 = ORIENTED_EDGE ( 'NONE', *, *, #2707, .F. ) ;
#1039 = ORIENTED_EDGE ( 'NONE', *, *, #4971, .F. ) ;
#1040 = ADVANCED_FACE ( 'NONE', ( #2382 ), #5284, .F. ) ;
#1041 = CARTESIAN_POINT ( 'NONE',  ( 1.377241172440915905E-13, 9.999999999999998224, 5.749999999999727329 ) ) ;
#1042 = FACE_BOUND ( 'NONE', #2672, .T. ) ;
#1043 = VERTEX_POINT ( 'NONE', #5907 ) ;
#1044 = CARTESIAN_POINT ( 'NONE',  ( 86.70000000000000284, 1.583163424917781255E-14, -5.750000000000018652 ) ) ;
#1045 = PLANE ( 'NONE',  #3240 ) ;
#1046 = VERTEX_POINT ( 'NONE', #7668 ) ;
#1047 = LINE ( 'NONE', #1516, #87 ) ;
#1048 = ORIENTED_EDGE ( 'NONE', *, *, #149, .T. ) ;
#1049 = CARTESIAN_POINT ( 'NONE',  ( 1.140404673924322588E-13, 149.9999999999999716, 5.749999999999727329 ) ) ;
#1050 = ORIENTED_EDGE ( 'NONE', *, *, #2472, .T. ) ;
#1051 = DIRECTION ( 'NONE',  ( -0.000000000000000000, -1.000000000000000000, -0.000000000000000000 ) ) ;
#1052 = DIRECTION ( 'NONE',  ( 1.000000000000000000, 1.246507886929443236E-16, 0.000000000000000000 ) ) ;
#1053 = CARTESIAN_POINT ( 'NONE',  ( 99.50000000000099476, 155.0000000000000000, 101.0000000000000284 ) ) ;
#1054 = EDGE_CURVE ( 'NONE', #5830, #7624, #4177, .T. ) ;
#1055 = VECTOR ( 'NONE', #931, 1000.000000000000000 ) ;
#1056 = CARTESIAN_POINT ( 'NONE',  ( 75.50453854668708686, 20.23138012846886369, 105.7499999999998295 ) ) ;
#1057 = CARTESIAN_POINT ( 'NONE',  ( -101.2999999999998977, 166.2000000000000171, 0.000000000000000000 ) ) ;
#1058 = VERTEX_POINT ( 'NONE', #4217 ) ;
#1059 = DIRECTION ( 'NONE',  ( 1.000000000000000000, 0.000000000000000000, 0.000000000000000000 ) ) ;
#1060 = ORIENTED_EDGE ( 'NONE', *, *, #3657, .F. ) ;
#1061 = VECTOR ( 'NONE', #1123, 1000.000000000000000 ) ;
#1062 = DIRECTION ( 'NONE',  ( 0.000000000000000000, 0.000000000000000000, 1.000000000000000000 ) ) ;
#1063 = CARTESIAN_POINT ( 'NONE',  ( -90.29999999999999716, 156.0000000000000000, 57.24999999999953815 ) ) ;
#1064 = LINE ( 'NONE', #5224, #6863 ) ;
#1065 = ADVANCED_FACE ( 'NONE', ( #6614 ), #3634, .F. ) ;
#1066 = EDGE_CURVE ( 'NONE', #6688, #952, #6217, .T. ) ;
#1067 = VECTOR ( 'NONE', #3053, 999.9999999999998863 ) ;
#1068 = CARTESIAN_POINT ( 'NONE',  ( -73.14723819589910647, 150.0000000000000284, 105.7499999999998295 ) ) ;
#1069 = DIRECTION ( 'NONE',  ( -0.000000000000000000, -1.000000000000000000, -0.000000000000000000 ) ) ;
#1070 = ORIENTED_EDGE ( 'NONE', *, *, #6721, .T. ) ;
#1071 = VERTEX_POINT ( 'NONE', #1430 ) ;
#1072 = LINE ( 'NONE', #3500, #6866 ) ;
#1073 = VECTOR ( 'NONE', #2938, 999.9999999999998863 ) ;
#1074 = CARTESIAN_POINT ( 'NONE',  ( 93.49999999999990052, 160.0000000000000000, -2.750000000000018652 ) ) ;
#1075 = EDGE_LOOP ( 'NONE', ( #6907, #4416, #5953, #6147 ) ) ;
#1076 = VERTEX_POINT ( 'NONE', #5521 ) ;
#1077 = VECTOR ( 'NONE', #5708, 1000.000000000000000 ) ;
#1078 = PLANE ( 'NONE',  #4475 ) ;
#1079 = LINE ( 'NONE', #5863, #187 ) ;
#1080 = VERTEX_POINT ( 'NONE', #4379 ) ;
#1081 = LINE ( 'NONE', #4532, #6254 ) ;
#1083 = EDGE_CURVE ( 'NONE', #5814, #4400, #1944, .T. ) ;
#1082 = FACE_OUTER_BOUND ( 'NONE', #7386, .T. ) ;
#1084 = AXIS2_PLACEMENT_3D ( 'NONE', #677, #3063, #3695 ) ;
#1085 = ORIENTED_EDGE ( 'NONE', *, *, #3075, .F. ) ;
#1086 = DIRECTION ( 'NONE',  ( 1.387778780781449225E-15, 0.000000000000000000, 1.000000000000000000 ) ) ;
#1087 = AXIS2_PLACEMENT_3D ( 'NONE', #5679, #1643, #2702 ) ;
#1088 = CARTESIAN_POINT ( 'NONE',  ( -21.38342917539505450, 150.0000000000000284, 105.7499999999998295 ) ) ;
#1089 = VERTEX_POINT ( 'NONE', #5635 ) ;
#1090 = CARTESIAN_POINT ( 'NONE',  ( 96.50000000000000000, -8.000000000000000000, -9.750000000000019540 ) ) ;
#1091 = CARTESIAN_POINT ( 'NONE',  ( -62.79447639179834795, 149.9999999999999716, 54.24999999999594280 ) ) ;
#1092 = AXIS2_PLACEMENT_3D ( 'NONE', #5593, #7283, #6804 ) ;
#1093 = FACE_BOUND ( 'NONE', #3989, .T. ) ;
#1094 = DIRECTION ( 'NONE',  ( 0.2588190451025145222, -0.9659258262890699775, 0.000000000000000000 ) ) ;
#1095 = ORIENTED_EDGE ( 'NONE', *, *, #5898, .T. ) ;
#1096 = CARTESIAN_POINT ( 'NONE',  ( -21.38342917539494437, 149.9999999999999716, 5.749999999999727329 ) ) ;
#1097 = EDGE_LOOP ( 'NONE', ( #6717, #1494, #3032, #5623 ) ) ;
#1098 = ADVANCED_FACE ( 'NONE', ( #3158 ), #5040, .T. ) ;
#1099 = VECTOR ( 'NONE', #557, 999.9999999999998863 ) ;
#1100 = CARTESIAN_POINT ( 'NONE',  ( 103.4999999999998721, 160.0000000000000000, 5.749999999999980460 ) ) ;
#1101 = DIRECTION ( 'NONE',  ( -0.000000000000000000, -1.000000000000000000, -0.000000000000000000 ) ) ;
#1102 = CARTESIAN_POINT ( 'NONE',  ( 36.86750549512421316, 9.878618324368254378, 54.24999999999594280 ) ) ;
#1103 = DIRECTION ( 'NONE',  ( 0.000000000000000000, 0.000000000000000000, 1.000000000000000000 ) ) ;
#1104 = AXIS2_PLACEMENT_3D ( 'NONE', #1761, #7035, #4154 ) ;
#1105 = AXIS2_PLACEMENT_3D ( 'NONE', #4369, #7277, #4920 ) ;
#1106 = CARTESIAN_POINT ( 'NONE',  ( 36.86750549512426289, 9.878618324368270365, 105.7499999999998295 ) ) ;
#1107 = CARTESIAN_POINT ( 'NONE',  ( 6.349087922075074838E-14, 2.000000000000001776, 45.74999999999975842 ) ) ;
#1108 = VERTEX_POINT ( 'NONE', #6732 ) ;
#1109 = ORIENTED_EDGE ( 'NONE', *, *, #3040, .F. ) ;
#1110 = EDGE_CURVE ( 'NONE', #4994, #1873, #2497, .T. ) ;
#1111 = FACE_OUTER_BOUND ( 'NONE', #593, .T. ) ;
#1112 = CIRCLE ( 'NONE', #355, 4.000000000000005329 ) ;
#1113 = AXIS2_PLACEMENT_3D ( 'NONE', #1296, #1957, #6159 ) ;
#1114 = ADVANCED_FACE ( 'NONE', ( #3237 ), #4410, .F. ) ;
#1115 = DIRECTION ( 'NONE',  ( 0.000000000000000000, 0.000000000000000000, 1.000000000000000000 ) ) ;
#1116 = ORIENTED_EDGE ( 'NONE', *, *, #3856, .F. ) ;
#1117 = AXIS2_PLACEMENT_3D ( 'NONE', #366, #4049, #5737 ) ;
#1118 = ORIENTED_EDGE ( 'NONE', *, *, #2655, .F. ) ;
#1119 = AXIS2_PLACEMENT_3D ( 'NONE', #2501, #26, #7205 ) ;
#1120 = EDGE_CURVE ( 'NONE', #4038, #5045, #2535, .T. ) ;
#1121 = CARTESIAN_POINT ( 'NONE',  ( 5.776695960860307899, 9.999999999999998224, 54.24999999999594280 ) ) ;
#1122 = EDGE_CURVE ( 'NONE', #4666, #56, #6179, .T. ) ;
#1123 = DIRECTION ( 'NONE',  ( 0.000000000000000000, 0.000000000000000000, 1.000000000000000000 ) ) ;
#1124 = ORIENTED_EDGE ( 'NONE', *, *, #4127, .F. ) ;
#1125 = DIRECTION ( 'NONE',  ( -1.982541115402064617E-16, 1.000000000000000000, 0.000000000000000000 ) ) ;
#1126 = VECTOR ( 'NONE', #4406, 1000.000000000000000 ) ;
#1127 = CIRCLE ( 'NONE', #6502, 1.700000000000021050 ) ;
#1128 = DIRECTION ( 'NONE',  ( -1.000000000000000000, 0.000000000000000000, 3.854941057726246262E-14 ) ) ;
#1129 = ORIENTED_EDGE ( 'NONE', *, *, #3544, .T. ) ;
#1130 = AXIS2_PLACEMENT_3D ( 'NONE', #2364, #3535, #640 ) ;
#1131 = DIRECTION ( 'NONE',  ( 0.000000000000000000, 1.000000000000000000, -0.000000000000000000 ) ) ;
#1132 = ADVANCED_FACE ( 'NONE', ( #7400 ), #5594, .T. ) ;
#1133 = LINE ( 'NONE', #3591, #304 ) ;
#1134 = ORIENTED_EDGE ( 'NONE', *, *, #3720, .T. ) ;
#1135 = CARTESIAN_POINT ( 'NONE',  ( 57.54050498136437852, 10.00000000000000533, 54.24999999999594280 ) ) ;
#1136 = LINE ( 'NONE', #7092, #1855 ) ;
#1137 = DIRECTION ( 'NONE',  ( 1.000000000000000000, 1.246507886929438799E-16, 0.000000000000000000 ) ) ;
#1138 = PLANE ( 'NONE',  #4339 ) ;
#1139 = ORIENTED_EDGE ( 'NONE', *, *, #6487, .F. ) ;
#1140 = EDGE_CURVE ( 'NONE', #1076, #1275, #1362, .T. ) ;
#1141 = CARTESIAN_POINT ( 'NONE',  ( 0.000000000000000000, 2.000000000000001776, 5.749999999999980460 ) ) ;
#1142 = EDGE_LOOP ( 'NONE', ( #5480, #6643, #6164, #4224 ) ) ;
#1143 = DIRECTION ( 'NONE',  ( 1.000000000000000000, 0.000000000000000000, 0.000000000000000000 ) ) ;
#1144 = CARTESIAN_POINT ( 'NONE',  ( 26.48221956906193952, 10.00000000000000178, 54.24999999999594280 ) ) ;
#1145 = CARTESIAN_POINT ( 'NONE',  ( -11.03066737129423736, 150.0000000000000284, 105.7499999999998295 ) ) ;
#1146 = LINE ( 'NONE', #1106, #1067 ) ;
#1147 =( NAMED_UNIT ( * ) SI_UNIT ( $, .STERADIAN. ) SOLID_ANGLE_UNIT ( ) );
#1148 = ORIENTED_EDGE ( 'NONE', *, *, #5175, .F. ) ;
#1149 = VERTEX_POINT ( 'NONE', #4928 ) ;
#1150 = LINE ( 'NONE', #5270, #3480 ) ;
#1151 = PLANE ( 'NONE',  #1130 ) ;
#1152 = ADVANCED_FACE ( 'NONE', ( #143 ), #4893, .F. ) ;
#1153 = EDGE_LOOP ( 'NONE', ( #5024, #4366, #1525, #1990 ) ) ;
#1154 = CARTESIAN_POINT ( 'NONE',  ( -21.38342917539505450, 150.0000000000000284, 108.7499999999996874 ) ) ;
#1155 = ORIENTED_EDGE ( 'NONE', *, *, #5895, .T. ) ;
#1156 = CARTESIAN_POINT ( 'NONE',  ( 0.000000000000000000, 160.0000000000000000, -2.750000000000018652 ) ) ;
#1157 = CARTESIAN_POINT ( 'NONE',  ( 71.79142706151239395, 149.9999999999999716, 2.749999999999727329 ) ) ;
#1158 = ORIENTED_EDGE ( 'NONE', *, *, #2721, .F. ) ;
#1159 = CARTESIAN_POINT ( 'NONE',  ( -30.74730234511063287, -8.238714832807747968, 105.7499999999998295 ) ) ;
#1160 = LINE ( 'NONE', #2957, #5124 ) ;
#1161 = ORIENTED_EDGE ( 'NONE', *, *, #3698, .F. ) ;
#1162 = ADVANCED_FACE ( 'NONE', ( #5006 ), #2021, .F. ) ;
#1163 = CARTESIAN_POINT ( 'NONE',  ( -83.49999999999995737, 149.9999999999999716, 54.24999999999594280 ) ) ;
#1164 = DIRECTION ( 'NONE',  ( 0.000000000000000000, 1.000000000000000000, -0.000000000000000000 ) ) ;
#1165 = VERTEX_POINT ( 'NONE', #7363 ) ;
#1166 = FACE_OUTER_BOUND ( 'NONE', #1426, .T. ) ;
#1167 = CARTESIAN_POINT ( 'NONE',  ( -83.49999999999981526, 9.999999999999987566, 5.749999999999727329 ) ) ;
#1168 = ORIENTED_EDGE ( 'NONE', *, *, #7433, .T. ) ;
#1169 = CARTESIAN_POINT ( 'NONE',  ( -1.246507886929442940E-15, 9.999999999999998224, 105.7499999999998295 ) ) ;
#1170 = DIRECTION ( 'NONE',  ( 1.000000000000000000, 0.000000000000000000, 2.312964634635747946E-14 ) ) ;
#1171 = EDGE_LOOP ( 'NONE', ( #5155, #4873 ) ) ;
#1172 = DIRECTION ( 'NONE',  ( 1.000000000000000000, 1.826024711554534406E-16, -0.000000000000000000 ) ) ;
#1173 = ORIENTED_EDGE ( 'NONE', *, *, #3171, .T. ) ;
#1174 = DIRECTION ( 'NONE',  ( -0.000000000000000000, -1.000000000000000000, -0.000000000000000000 ) ) ;
#1175 = DIRECTION ( 'NONE',  ( 1.000000000000000000, 1.662010515905918563E-16, 0.000000000000000000 ) ) ;
#1176 = LINE ( 'NONE', #5846, #2980 ) ;
#1177 = VECTOR ( 'NONE', #5550, 1000.000000000000000 ) ;
#1178 = EDGE_CURVE ( 'NONE', #6785, #4901, #6440, .T. ) ;
#1179 = CARTESIAN_POINT ( 'NONE',  ( -11.03066737129413610, 149.9999999999999716, 5.749999999999727329 ) ) ;
#1180 = EDGE_LOOP ( 'NONE', ( #5189, #4527, #1689, #1756 ) ) ;
#1181 = CIRCLE ( 'NONE', #1671, 4.999999999999997335 ) ;
#1182 = EDGE_LOOP ( 'NONE', ( #5348, #5031, #1388, #4447 ) ) ;
#1183 = CARTESIAN_POINT ( 'NONE',  ( -86.70000000000000284, 156.0000000000000000, 105.7499999999998295 ) ) ;
#1184 = DIRECTION ( 'NONE',  ( -0.9659258262890699775, -0.2588190451025145222, 0.000000000000000000 ) ) ;
#1185 = AXIS2_PLACEMENT_3D ( 'NONE', #6397, #3295, #7538 ) ;
#1186 = ORIENTED_EDGE ( 'NONE', *, *, #3085, .T. ) ;
#1187 = CARTESIAN_POINT ( 'NONE',  ( 30.38037984510899747, 149.9999999999999716, 54.24999999999594280 ) ) ;
#1188 = ORIENTED_EDGE ( 'NONE', *, *, #7405, .T. ) ;
#1189 = ORIENTED_EDGE ( 'NONE', *, *, #7425, .T. ) ;
#1190 = LINE ( 'NONE', #5861, #2342 ) ;
#1191 = VECTOR ( 'NONE', #4520, 1000.000000000000000 ) ;
#1192 = CARTESIAN_POINT ( 'NONE',  ( 67.89326678546525784, 10.00000000000000888, 105.7499999999998295 ) ) ;
#1193 = LINE ( 'NONE', #383, #3229 ) ;
#1194 = VERTEX_POINT ( 'NONE', #6062 ) ;
#1195 = ADVANCED_FACE ( 'NONE', ( #7284 ), #693, .F. ) ;
#1196 = CARTESIAN_POINT ( 'NONE',  ( -95.49999999999992895, -3.000000000000000000, -2.750000000000018652 ) ) ;
#1197 = DIRECTION ( 'NONE',  ( 0.000000000000000000, 1.000000000000000000, -0.000000000000000000 ) ) ;
#1198 = VERTEX_POINT ( 'NONE', #4295 ) ;
#1199 = VECTOR ( 'NONE', #7554, 1000.000000000000000 ) ;
#1200 = CARTESIAN_POINT ( 'NONE',  ( 51.08590345331074900, 149.9999999999999716, 5.749999999999727329 ) ) ;
#1201 = DIRECTION ( 'NONE',  ( -0.000000000000000000, -0.000000000000000000, 1.000000000000000000 ) ) ;
#1202 = ORIENTED_EDGE ( 'NONE', *, *, #734, .F. ) ;
#1203 = EDGE_CURVE ( 'NONE', #1790, #6973, #6691, .T. ) ;
#1204 = ADVANCED_FACE ( 'NONE', ( #6329 ), #1545, .F. ) ;
#1205 = VECTOR ( 'NONE', #5029, 1000.000000000000000 ) ;
#1206 = LINE ( 'NONE', #3593, #239 ) ;
#1207 = LINE ( 'NONE', #146, #112 ) ;
#1208 = ADVANCED_FACE ( 'NONE', ( #327, #961, #5241, #6924, #3346, #7590, #1042, #372, #5822, #6291, #2054, #2215, #4612 ), #6843, .F. ) ;
#1209 = ORIENTED_EDGE ( 'NONE', *, *, #7025, .F. ) ;
#1210 = VECTOR ( 'NONE', #3370, 1000.000000000000000 ) ;
#1211 = CARTESIAN_POINT ( 'NONE',  ( 101.2999999999998977, 166.2000000000000171, 45.94999999999987494 ) ) ;
#1212 = CARTESIAN_POINT ( 'NONE',  ( -97.69999999999994600, 160.0000000000000000, 45.94999999999987494 ) ) ;
#1213 = VERTEX_POINT ( 'NONE', #4446 ) ;
#1214 = PLANE ( 'NONE',  #1429 ) ;
#1215 = EDGE_LOOP ( 'NONE', ( #6202, #3804, #4380, #3819 ) ) ;
#1216 = EDGE_CURVE ( 'NONE', #5841, #5277, #2765, .T. ) ;
#1217 = EDGE_CURVE ( 'NONE', #2885, #2129, #6257, .T. ) ;
#1218 = DIRECTION ( 'NONE',  ( 1.000000000000000000, 1.662010515905918563E-16, 0.000000000000000000 ) ) ;
#1219 = CARTESIAN_POINT ( 'NONE',  ( 94.82305507246857701, 25.40776103051916479, 2.749999999999727329 ) ) ;
#1220 = VECTOR ( 'NONE', #6931, 1000.000000000000000 ) ;
#1221 = DIRECTION ( 'NONE',  ( -1.000000000000000000, 0.000000000000000000, 1.387778780781449225E-15 ) ) ;
#1222 = DIRECTION ( 'NONE',  ( 1.000000000000000000, 1.246507886929438799E-16, 0.000000000000000000 ) ) ;
#1223 = CARTESIAN_POINT ( 'NONE',  ( -90.30000000000001137, 0.000000000000000000, -5.750000000000018652 ) ) ;
#1224 = ORIENTED_EDGE ( 'NONE', *, *, #3272, .T. ) ;
#1225 = CIRCLE ( 'NONE', #5607, 1.700000000000021050 ) ;
#1226 = ORIENTED_EDGE ( 'NONE', *, *, #4052, .F. ) ;
#1227 = EDGE_CURVE ( 'NONE', #333, #5823, #1471, .T. ) ;
#1228 = FACE_OUTER_BOUND ( 'NONE', #7150, .T. ) ;
#1229 = CARTESIAN_POINT ( 'NONE',  ( 65.84528028379638442, 17.64318967744371491, 105.7499999999998295 ) ) ;
#1230 = VECTOR ( 'NONE', #3112, 1000.000000000000000 ) ;
#1231 = ORIENTED_EDGE ( 'NONE', *, *, #4926, .F. ) ;
#1232 = LINE ( 'NONE', #6016, #2826 ) ;
#1233 = EDGE_LOOP ( 'NONE', ( #4262, #328, #2163, #5631 ) ) ;
#1234 = VERTEX_POINT ( 'NONE', #4022 ) ;
#1235 = DIRECTION ( 'NONE',  ( -1.982541115402065110E-16, 1.000000000000000000, 0.000000000000000000 ) ) ;
#1236 = VECTOR ( 'NONE', #5570, 999.9999999999998863 ) ;
#1237 = CIRCLE ( 'NONE', #108, 1.799999999999996048 ) ;
#1238 = EDGE_CURVE ( 'NONE', #117, #3342, #4823, .T. ) ;
#1239 = DIRECTION ( 'NONE',  ( -1.000000000000000000, 0.000000000000000000, 4.625929269271486111E-15 ) ) ;
#1240 = EDGE_LOOP ( 'NONE', ( #1953, #454, #1406, #5611 ) ) ;
#1241 = DIRECTION ( 'NONE',  ( -3.608224830031822370E-13, 0.000000000000000000, -1.000000000000000000 ) ) ;
#1242 = DIRECTION ( 'NONE',  ( 0.000000000000000000, 0.000000000000000000, 1.000000000000000000 ) ) ;
#1243 = CIRCLE ( 'NONE', #2362, 2.000000000000001776 ) ;
#1244 = EDGE_LOOP ( 'NONE', ( #2383, #2999, #6017, #871 ) ) ;
#1245 = AXIS2_PLACEMENT_3D ( 'NONE', #3836, #5136, #5053 ) ;
#1246 = ADVANCED_FACE ( 'NONE', ( #1509 ), #4530, .F. ) ;
#1247 = ORIENTED_EDGE ( 'NONE', *, *, #5620, .F. ) ;
#1248 = DIRECTION ( 'NONE',  ( -1.000000000000000000, 0.000000000000000000, -0.000000000000000000 ) ) ;
#1249 = CARTESIAN_POINT ( 'NONE',  ( -11.42878581932923510, -3.062333930757457079, 105.7499999999998295 ) ) ;
#1250 = ORIENTED_EDGE ( 'NONE', *, *, #2721, .T. ) ;
#1251 = VECTOR ( 'NONE', #6567, 1000.000000000000000 ) ;
#1252 = VECTOR ( 'NONE', #1511, 1000.000000000000000 ) ;
#1253 = LINE ( 'NONE', #1871, #6497 ) ;
#1254 = DIRECTION ( 'NONE',  ( 0.000000000000000000, 0.000000000000000000, 1.000000000000000000 ) ) ;
#1255 = ORIENTED_EDGE ( 'NONE', *, *, #5427, .F. ) ;
#1256 = EDGE_CURVE ( 'NONE', #7162, #5410, #3937, .T. ) ;
#1257 = DIRECTION ( 'NONE',  ( 0.000000000000000000, 1.000000000000000000, -0.000000000000000000 ) ) ;
#1258 = PLANE ( 'NONE',  #6974 ) ;
#1259 = ORIENTED_EDGE ( 'NONE', *, *, #7034, .T. ) ;
#1260 = CARTESIAN_POINT ( 'NONE',  ( -40.40656060800140637, -10.82690528383291095, 54.24999999999594280 ) ) ;
#1261 = ORIENTED_EDGE ( 'NONE', *, *, #1468, .F. ) ;
#1262 = CARTESIAN_POINT ( 'NONE',  ( 36.83498137316288989, 10.00000000000000355, 2.749999999999727329 ) ) ;
#1263 = CARTESIAN_POINT ( 'NONE',  ( -90.29999999999999716, 4.000000000000003553, -5.750000000000018652 ) ) ;
#1264 = DIRECTION ( 'NONE',  ( -0.000000000000000000, -1.000000000000000000, -0.000000000000000000 ) ) ;
#1265 = ADVANCED_FACE ( 'NONE', ( #448 ), #3978, .T. ) ;
#1266 = ADVANCED_FACE ( 'NONE', ( #3273 ), #3389, .F. ) ;
#1267 = PLANE ( 'NONE',  #2569 ) ;
#1268 = CARTESIAN_POINT ( 'NONE',  ( -21.38342917539505450, 150.0000000000000284, 105.7499999999998295 ) ) ;
#1269 = ORIENTED_EDGE ( 'NONE', *, *, #7234, .F. ) ;
#1270 = ORIENTED_EDGE ( 'NONE', *, *, #3657, .T. ) ;
#1271 = DIRECTION ( 'NONE',  ( -0.000000000000000000, -0.000000000000000000, 1.000000000000000000 ) ) ;
#1272 = DIRECTION ( 'NONE',  ( 0.2588190451025145777, -0.9659258262890699775, 0.000000000000000000 ) ) ;
#1273 = LINE ( 'NONE', #3658, #4457 ) ;
#1274 = ORIENTED_EDGE ( 'NONE', *, *, #2787, .T. ) ;
#1275 = VERTEX_POINT ( 'NONE', #3308 ) ;
#1276 = FACE_OUTER_BOUND ( 'NONE', #2728, .T. ) ;
#1277 = DIRECTION ( 'NONE',  ( 0.000000000000000000, 0.000000000000000000, 1.000000000000000000 ) ) ;
#1278 = ORIENTED_EDGE ( 'NONE', *, *, #1066, .F. ) ;
#1279 = CARTESIAN_POINT ( 'NONE',  ( 0.000000000000000000, -3.000000000000000000, 2.749999999999981348 ) ) ;
#1280 = FACE_OUTER_BOUND ( 'NONE', #6762, .T. ) ;
#1281 = ORIENTED_EDGE ( 'NONE', *, *, #4413, .T. ) ;
#1282 = EDGE_CURVE ( 'NONE', #2220, #5832, #5664, .T. ) ;
#1283 = ORIENTED_EDGE ( 'NONE', *, *, #3259, .F. ) ;
#1284 = DIRECTION ( 'NONE',  ( -1.000000000000000000, 0.000000000000000000, 1.206764157201257143E-15 ) ) ;
#1285 = CARTESIAN_POINT ( 'NONE',  ( -88.50000000000000000, 4.000000000000003553, 57.24999999999949551 ) ) ;
#1286 = ORIENTED_EDGE ( 'NONE', *, *, #5329, .T. ) ;
#1287 = FACE_OUTER_BOUND ( 'NONE', #5791, .T. ) ;
#1288 = CYLINDRICAL_SURFACE ( 'NONE', #3110, 1.699999999999998401 ) ;
#1289 = EDGE_LOOP ( 'NONE', ( #6455, #3248 ) ) ;
#1290 = DIRECTION ( 'NONE',  ( 0.000000000000000000, 0.000000000000000000, 1.000000000000000000 ) ) ;
#1291 = FACE_OUTER_BOUND ( 'NONE', #147, .T. ) ;
#1292 = ORIENTED_EDGE ( 'NONE', *, *, #6309, .T. ) ;
#1293 = DIRECTION ( 'NONE',  ( -0.000000000000000000, 1.000000000000000000, -0.000000000000000000 ) ) ;
#1294 = VERTEX_POINT ( 'NONE', #7466 ) ;
#1295 = CARTESIAN_POINT ( 'NONE',  ( -56.33987486374451947, 9.999999999999991118, 105.7499999999998295 ) ) ;
#1296 = CARTESIAN_POINT ( 'NONE',  ( 1.140404673924322588E-13, 149.9999999999999716, 2.749999999999727329 ) ) ;
#1297 = EDGE_CURVE ( 'NONE', #7684, #5294, #3900, .T. ) ;
#1298 = DIRECTION ( 'NONE',  ( 2.523234146875356096E-15, 0.000000000000000000, -1.000000000000000000 ) ) ;
#1299 = DIRECTION ( 'NONE',  ( 1.246507886929443483E-16, -1.000000000000000000, 0.000000000000000000 ) ) ;
#1300 = DIRECTION ( 'NONE',  ( -1.982541115402064617E-16, 1.000000000000000000, 0.000000000000000000 ) ) ;
#1301 = ORIENTED_EDGE ( 'NONE', *, *, #340, .F. ) ;
#1302 = ORIENTED_EDGE ( 'NONE', *, *, #4223, .T. ) ;
#1303 = EDGE_CURVE ( 'NONE', #46, #2673, #5121, .T. ) ;
#1304 = ADVANCED_FACE ( 'NONE', ( #14 ), #7629, .T. ) ;
#1305 = FACE_BOUND ( 'NONE', #1003, .T. ) ;
#1306 = VECTOR ( 'NONE', #898, 1000.000000000000000 ) ;
#1307 = LINE ( 'NONE', #1187, #2206 ) ;
#1308 = VERTEX_POINT ( 'NONE', #3509 ) ;
#1309 = ORIENTED_EDGE ( 'NONE', *, *, #5101, .F. ) ;
#1310 = DIRECTION ( 'NONE',  ( 0.000000000000000000, 1.000000000000000000, 0.000000000000000000 ) ) ;
#1311 = DIRECTION ( 'NONE',  ( 1.000000000000000000, 1.246507886929438799E-16, 0.000000000000000000 ) ) ;
#1312 = CARTESIAN_POINT ( 'NONE',  ( 86.69999999999997442, 156.0000000000000284, 2.749999999999978240 ) ) ;
#1313 = EDGE_CURVE ( 'NONE', #2146, #1327, #2410, .T. ) ;
#1314 = VECTOR ( 'NONE', #529, 1000.000000000000000 ) ;
#1315 = CARTESIAN_POINT ( 'NONE',  ( -86.70000000000000284, 4.000000000000003553, -5.750000000000018652 ) ) ;
#1316 = CARTESIAN_POINT ( 'NONE',  ( 1.377241172440915905E-13, 9.999999999999998224, 2.749999999999727329 ) ) ;
#1317 = EDGE_LOOP ( 'NONE', ( #217, #2425, #5030, #6791 ) ) ;
#1318 = ORIENTED_EDGE ( 'NONE', *, *, #1303, .F. ) ;
#1319 = CIRCLE ( 'NONE', #442, 1.699999999999937561 ) ;
#1320 = CARTESIAN_POINT ( 'NONE',  ( 46.52676375801506481, 12.46680877539340493, 2.749999999999727329 ) ) ;
#1321 = CARTESIAN_POINT ( 'NONE',  ( -1.769527556438602378, -0.4741434797323291206, 54.24999999999594280 ) ) ;
#1322 = VERTEX_POINT ( 'NONE', #605 ) ;
#1323 = ADVANCED_FACE ( 'NONE', ( #5352 ), #7122, .F. ) ;
#1324 = CARTESIAN_POINT ( 'NONE',  ( -96.50000000000000000, 0.000000000000000000, -11.44999999999984475 ) ) ;
#1325 = CARTESIAN_POINT ( 'NONE',  ( 95.50000000000054001, -3.200000000000000178, 0.000000000000000000 ) ) ;
#1326 = AXIS2_PLACEMENT_3D ( 'NONE', #1910, #69, #111 ) ;
#1327 = VERTEX_POINT ( 'NONE', #2328 ) ;
#1328 = DIRECTION ( 'NONE',  ( 1.000000000000000000, 1.662010515905923740E-16, 0.000000000000000000 ) ) ;
#1329 = CARTESIAN_POINT ( 'NONE',  ( 83.50000000000049738, 0.000000000000000000, 57.24999999999594280 ) ) ;
#1330 = ORIENTED_EDGE ( 'NONE', *, *, #4453, .F. ) ;
#1331 = FACE_OUTER_BOUND ( 'NONE', #7295, .T. ) ;
#1332 = ORIENTED_EDGE ( 'NONE', *, *, #1763, .F. ) ;
#1333 = EDGE_CURVE ( 'NONE', #6176, #5231, #7081, .T. ) ;
#1334 = LINE ( 'NONE', #751, #7334 ) ;
#1335 = DIRECTION ( 'NONE',  ( 1.000000000000000000, -0.000000000000000000, 0.000000000000000000 ) ) ;
#1336 = DIRECTION ( 'NONE',  ( 0.000000000000000000, 0.000000000000000000, 1.000000000000000000 ) ) ;
#1337 = DIRECTION ( 'NONE',  ( 0.000000000000000000, 0.000000000000000000, 1.000000000000000000 ) ) ;
#1338 = ADVANCED_FACE ( 'NONE', ( #4651, #2911, #2289, #5931, #2255, #5900, #560, #4054, #5395, #7740, #4683, #5310, #4092 ), #7697, .F. ) ;
#1339 = LINE ( 'NONE', #758, #7468 ) ;
#1340 = ORIENTED_EDGE ( 'NONE', *, *, #4561, .F. ) ;
#1341 = VERTEX_POINT ( 'NONE', #7046 ) ;
#1342 = AXIS2_PLACEMENT_3D ( 'NONE', #700, #4900, #6698 ) ;
#1343 = DIRECTION ( 'NONE',  ( 0.000000000000000000, 0.000000000000000000, -1.000000000000000000 ) ) ;
#1344 = CARTESIAN_POINT ( 'NONE',  ( -1.246507886929438602E-15, 9.999999999999998224, 54.24999999999594280 ) ) ;
#1345 = AXIS2_PLACEMENT_3D ( 'NONE', #2954, #2147, #6604 ) ;
#1346 = EDGE_CURVE ( 'NONE', #3169, #6753, #4134, .T. ) ;
#1347 = DIRECTION ( 'NONE',  ( 1.000000000000000000, 0.000000000000000000, 2.775557561562893323E-15 ) ) ;
#1348 = ORIENTED_EDGE ( 'NONE', *, *, #2586, .T. ) ;
#1349 = ORIENTED_EDGE ( 'NONE', *, *, #7552, .F. ) ;
#1350 = LINE ( 'NONE', #91, #3973 ) ;
#1351 = EDGE_CURVE ( 'NONE', #5922, #6228, #1079, .T. ) ;
#1352 = FACE_OUTER_BOUND ( 'NONE', #7281, .T. ) ;
#1353 = CARTESIAN_POINT ( 'NONE',  ( -35.63435125554280347, 9.999999999999991118, 5.749999999999727329 ) ) ;
#1354 = VECTOR ( 'NONE', #2874, 1000.000000000000000 ) ;
#1355 = CARTESIAN_POINT ( 'NONE',  ( 86.70000000000000284, 4.000000000000023981, 57.24999999999240430 ) ) ;
#1356 = LINE ( 'NONE', #254, #3117 ) ;
#1357 = ORIENTED_EDGE ( 'NONE', *, *, #532, .F. ) ;
#1358 = VECTOR ( 'NONE', #6304, 1000.000000000000000 ) ;
#1359 = ORIENTED_EDGE ( 'NONE', *, *, #1203, .T. ) ;
#1360 = VECTOR ( 'NONE', #2865, 999.9999999999998863 ) ;
#1361 = PLANE ( 'NONE',  #3094 ) ;
#1362 = LINE ( 'NONE', #4336, #936 ) ;
#1363 = ORIENTED_EDGE ( 'NONE', *, *, #7512, .T. ) ;
#1364 = CARTESIAN_POINT ( 'NONE',  ( 93.50000000000001421, 2.000000000000000000, 92.66742430504392303 ) ) ;
#1365 = VECTOR ( 'NONE', #6809, 1000.000000000000000 ) ;
#1366 = VECTOR ( 'NONE', #4505, 1000.000000000000000 ) ;
#1367 = DIRECTION ( 'NONE',  ( 0.000000000000000000, 0.000000000000000000, 1.000000000000000000 ) ) ;
#1368 = ORIENTED_EDGE ( 'NONE', *, *, #2305, .T. ) ;
#1369 = CARTESIAN_POINT ( 'NONE',  ( -4.576065843240377795, 9.999999999999998224, 2.749999999999727329 ) ) ;
#1370 = LINE ( 'NONE', #3165, #6090 ) ;
#1371 = ORIENTED_EDGE ( 'NONE', *, *, #672, .F. ) ;
#1372 = AXIS2_PLACEMENT_3D ( 'NONE', #5321, #2227, #5760 ) ;
#1373 = FACE_OUTER_BOUND ( 'NONE', #1845, .T. ) ;
#1374 = ORIENTED_EDGE ( 'NONE', *, *, #2567, .F. ) ;
#1375 = DIRECTION ( 'NONE',  ( 1.000000000000000000, 1.662010515905923740E-16, 0.000000000000000000 ) ) ;
#1376 = CARTESIAN_POINT ( 'NONE',  ( 90.29999999999999716, 4.000000000000024869, 54.24999999999962341 ) ) ;
#1377 = CARTESIAN_POINT ( 'NONE',  ( -103.5000000000000142, 160.0000000000000000, 97.24999999999978684 ) ) ;
#1378 = AXIS2_PLACEMENT_3D ( 'NONE', #2555, #1968, #5026 ) ;
#1379 = AXIS2_PLACEMENT_3D ( 'NONE', #1701, #7516, #2138 ) ;
#1380 = EDGE_CURVE ( 'NONE', #975, #5433, #7160, .T. ) ;
#1381 = DIRECTION ( 'NONE',  ( 0.000000000000000000, 0.000000000000000000, 1.000000000000000000 ) ) ;
#1382 = FACE_BOUND ( 'NONE', #2128, .T. ) ;
#1383 = VERTEX_POINT ( 'NONE', #1192 ) ;
#1384 = VERTEX_POINT ( 'NONE', #3581 ) ;
#1385 = CARTESIAN_POINT ( 'NONE',  ( -1.769527556438548865, -0.4741434797323148542, 108.7499999999996874 ) ) ;
#1386 = CARTESIAN_POINT ( 'NONE',  ( -93.49999999999990052, 0.000000000000000000, -5.750000000000018652 ) ) ;
#1387 = EDGE_LOOP ( 'NONE', ( #5018, #5851, #4846, #3542 ) ) ;
#1388 = ORIENTED_EDGE ( 'NONE', *, *, #1879, .T. ) ;
#1389 = CARTESIAN_POINT ( 'NONE',  ( 83.50000000000049738, 150.0000000000000000, 54.24999999999594280 ) ) ;
#1390 = CARTESIAN_POINT ( 'NONE',  ( 101.2999999999998977, 166.2000000000000171, 57.05000000000013216 ) ) ;
#1391 = FACE_BOUND ( 'NONE', #2696, .T. ) ;
#1392 = EDGE_CURVE ( 'NONE', #5830, #1008, #2880, .T. ) ;
#1393 = LINE ( 'NONE', #6286, #7388 ) ;
#1394 = VERTEX_POINT ( 'NONE', #5976 ) ;
#1395 = ORIENTED_EDGE ( 'NONE', *, *, #3933, .F. ) ;
#1396 = LINE ( 'NONE', #3786, #6850 ) ;
#1397 = CARTESIAN_POINT ( 'NONE',  ( 36.86750549512426289, 9.878618324368270365, 105.7499999999998295 ) ) ;
#1398 = ORIENTED_EDGE ( 'NONE', *, *, #1544, .T. ) ;
#1399 = LINE ( 'NONE', #923, #1995 ) ;
#1400 = EDGE_CURVE ( 'NONE', #4753, #6073, #7499, .T. ) ;
#1401 = ADVANCED_FACE ( 'NONE', ( #5187, #949, #5729 ), #5107, .T. ) ;
#1402 = CARTESIAN_POINT ( 'NONE',  ( -2.493015773858885802E-14, 150.0000000000000284, 105.7499999999998295 ) ) ;
#1403 = ORIENTED_EDGE ( 'NONE', *, *, #4124, .T. ) ;
#1404 = DIRECTION ( 'NONE',  ( 0.000000000000000000, 0.000000000000000000, 1.000000000000000000 ) ) ;
#1405 = LINE ( 'NONE', #3794, #2470 ) ;
#1406 = ORIENTED_EDGE ( 'NONE', *, *, #3828, .F. ) ;
#1407 = FACE_OUTER_BOUND ( 'NONE', #806, .T. ) ;
#1408 = ORIENTED_EDGE ( 'NONE', *, *, #5377, .F. ) ;
#1409 = ORIENTED_EDGE ( 'NONE', *, *, #1333, .F. ) ;
#1410 = CARTESIAN_POINT ( 'NONE',  ( -45.98711305964364016, 10.00000000000000000, 2.749999999999727329 ) ) ;
#1411 = CARTESIAN_POINT ( 'NONE',  ( -99.49999999999990052, 155.0000000000000000, -1.864827736675008304E-14 ) ) ;
#1412 = CARTESIAN_POINT ( 'NONE',  ( -103.5000000000000142, 160.0000000000000000, 57.25000000000009237 ) ) ;
#1413 = DIRECTION ( 'NONE',  ( 0.000000000000000000, 0.000000000000000000, 1.000000000000000000 ) ) ;
#1414 = VERTEX_POINT ( 'NONE', #1068 ) ;
#1415 = EDGE_LOOP ( 'NONE', ( #4358, #3142, #4815, #5510 ) ) ;
#1416 = LINE ( 'NONE', #6869, #4619 ) ;
#1417 = EDGE_CURVE ( 'NONE', #6688, #2245, #3923, .T. ) ;
#1418 = DIRECTION ( 'NONE',  ( 0.000000000000000000, 1.000000000000000000, 0.000000000000000000 ) ) ;
#1419 = LINE ( 'NONE', #797, #205 ) ;
#1420 = ORIENTED_EDGE ( 'NONE', *, *, #5201, .T. ) ;
#1421 = VERTEX_POINT ( 'NONE', #3965 ) ;
#1422 = CYLINDRICAL_SURFACE ( 'NONE', #1105, 1.999999999999996225 ) ;
#1423 = LINE ( 'NONE', #3817, #3498 ) ;
#1424 = VECTOR ( 'NONE', #4705, 1000.000000000000000 ) ;
#1425 = ORIENTED_EDGE ( 'NONE', *, *, #3231, .F. ) ;
#1426 = EDGE_LOOP ( 'NONE', ( #1134, #5268, #359, #1168 ) ) ;
#1427 = EDGE_CURVE ( 'NONE', #886, #5366, #6279, .T. ) ;
#1428 = FACE_OUTER_BOUND ( 'NONE', #4676, .T. ) ;
#1429 = AXIS2_PLACEMENT_3D ( 'NONE', #6072, #5955, #537 ) ;
#1430 = CARTESIAN_POINT ( 'NONE',  ( -35.63435125554287453, 9.999999999999994671, 108.7499999999996874 ) ) ;
#1431 = EDGE_LOOP ( 'NONE', ( #3147, #2177, #4847, #2055 ) ) ;
#1432 = LINE ( 'NONE', #3863, #2248 ) ;
#1433 = CARTESIAN_POINT ( 'NONE',  ( -54.52000000000156632, 0.000000000000000000, 40.88999999999969504 ) ) ;
#1434 = ORIENTED_EDGE ( 'NONE', *, *, #3212, .F. ) ;
#1435 = VECTOR ( 'NONE', #5077, 999.9999999999998863 ) ;
#1436 = PLANE ( 'NONE',  #6209 ) ;
#1437 = EDGE_CURVE ( 'NONE', #3328, #6381, #358, .T. ) ;
#1438 = PLANE ( 'NONE',  #3838 ) ;
#1439 = ORIENTED_EDGE ( 'NONE', *, *, #2124, .F. ) ;
#1440 = EDGE_CURVE ( 'NONE', #3141, #1864, #2125, .T. ) ;
#1441 = LINE ( 'NONE', #3833, #3429 ) ;
#1442 = EDGE_LOOP ( 'NONE', ( #2172, #89, #7610, #765 ) ) ;
#1443 = VECTOR ( 'NONE', #981, 1000.000000000000000 ) ;
#1444 = ORIENTED_EDGE ( 'NONE', *, *, #1178, .F. ) ;
#1446 = EDGE_CURVE ( 'NONE', #2169, #3579, #6874, .T. ) ;
#1445 = CARTESIAN_POINT ( 'NONE',  ( 71.79142706151229447, 150.0000000000000284, 105.7499999999998295 ) ) ;
#1447 = CARTESIAN_POINT ( 'NONE',  ( 103.4999999999997442, 2.000000000000000000, 59.25000000000010658 ) ) ;
#1448 = CIRCLE ( 'NONE', #7455, 1.699999999999937561 ) ;
#1449 = CARTESIAN_POINT ( 'NONE',  ( -83.49999999999982947, 72.72593389687250465, 2.749999999999727329 ) ) ;
#1450 = EDGE_CURVE ( 'NONE', #2950, #1963, #2243, .T. ) ;
#1451 = PLANE ( 'NONE',  #4089 ) ;
#1452 = EDGE_LOOP ( 'NONE', ( #2390, #2286, #7039, #1398 ) ) ;
#1453 = ADVANCED_FACE ( 'NONE', ( #910 ), #6433, .T. ) ;
#1454 = ORIENTED_EDGE ( 'NONE', *, *, #4709, .F. ) ;
#1455 = DIRECTION ( 'NONE',  ( 0.000000000000000000, 1.000000000000000000, -0.000000000000000000 ) ) ;
#1456 = VECTOR ( 'NONE', #7683, 999.9999999999998863 ) ;
#1457 = CARTESIAN_POINT ( 'NONE',  ( -8.347489366399717192E-12, 0.000000000000000000, 100.2499999999919424 ) ) ;
#1458 = CARTESIAN_POINT ( 'NONE',  ( 103.4999999999996447, 0.000000000000000000, 95.24999999999977263 ) ) ;
#1459 = EDGE_LOOP ( 'NONE', ( #3703, #1998, #2412 ) ) ;
#1460 = EDGE_CURVE ( 'NONE', #4798, #1592, #6950, .T. ) ;
#1461 = AXIS2_PLACEMENT_3D ( 'NONE', #6225, #2657, #264 ) ;
#1462 = EDGE_LOOP ( 'NONE', ( #6541, #4411, #2375, #5360, #1893, #5656, #7183, #16, #5208, #5645, #1129 ) ) ;
#1463 = CARTESIAN_POINT ( 'NONE',  ( -86.70000000000000284, 160.0000000000000000, 57.24999999999941735 ) ) ;
#1464 = LINE ( 'NONE', #3300, #3619 ) ;
#1465 = AXIS2_PLACEMENT_3D ( 'NONE', #6689, #4892, #3121 ) ;
#1466 = VERTEX_POINT ( 'NONE', #5686 ) ;
#1467 = ORIENTED_EDGE ( 'NONE', *, *, #351, .F. ) ;
#1468 = EDGE_CURVE ( 'NONE', #2237, #403, #994, .T. ) ;
#1469 = CARTESIAN_POINT ( 'NONE',  ( -50.06581887089210170, -13.41509573485805973, 57.24999999999594280 ) ) ;
#1470 = VECTOR ( 'NONE', #6562, 1000.000000000000000 ) ;
#1471 = LINE ( 'NONE', #6368, #60 ) ;
#1472 = EDGE_LOOP ( 'NONE', ( #418, #1209, #323, #1556 ) ) ;
#1473 = DIRECTION ( 'NONE',  ( -1.000000000000000000, 0.000000000000000000, -8.326672684688666480E-14 ) ) ;
#1474 = DIRECTION ( 'NONE',  ( 0.000000000000000000, 0.000000000000000000, 1.000000000000000000 ) ) ;
#1475 = ORIENTED_EDGE ( 'NONE', *, *, #96, .T. ) ;
#1476 = AXIS2_PLACEMENT_3D ( 'NONE', #3069, #92, #801 ) ;
#1477 = CARTESIAN_POINT ( 'NONE',  ( 65.84528028379648390, 17.64318967744369715, 5.749999999999727329 ) ) ;
#1478 = LINE ( 'NONE', #3279, #5346 ) ;
#1479 = ORIENTED_EDGE ( 'NONE', *, *, #2922, .T. ) ;
#1480 = DIRECTION ( 'NONE',  ( 0.000000000000000000, 0.000000000000000000, 1.000000000000000000 ) ) ;
#1481 = ORIENTED_EDGE ( 'NONE', *, *, #1770, .T. ) ;
#1482 = VECTOR ( 'NONE', #5676, 1000.000000000000000 ) ;
#1483 = VECTOR ( 'NONE', #1611, 1000.000000000000000 ) ;
#1484 = EDGE_LOOP ( 'NONE', ( #2635, #2642, #4334, #4419 ) ) ;
#1485 = DIRECTION ( 'NONE',  ( 1.000000000000000000, 1.662010515905918563E-16, 0.000000000000000000 ) ) ;
#1486 = LINE ( 'NONE', #6821, #6998 ) ;
#1487 = EDGE_CURVE ( 'NONE', #1898, #5987, #7575, .T. ) ;
#1488 = VECTOR ( 'NONE', #5639, 1000.000000000000000 ) ;
#1489 = CIRCLE ( 'NONE', #1245, 1.999999999999996225 ) ;
#1490 = DIRECTION ( 'NONE',  ( 1.662010515905918563E-16, -1.000000000000000000, 0.000000000000000000 ) ) ;
#1491 = CARTESIAN_POINT ( 'NONE',  ( -103.5000000000000142, 160.0000000000000000, 45.74999999999990052 ) ) ;
#1492 = VERTEX_POINT ( 'NONE', #400 ) ;
#1493 = DIRECTION ( 'NONE',  ( 0.2588190451025145777, -0.9659258262890699775, 0.000000000000000000 ) ) ;
#1494 = ORIENTED_EDGE ( 'NONE', *, *, #4338, .F. ) ;
#1495 = CARTESIAN_POINT ( 'NONE',  ( 0.000000000000000000, -3.000000000000000000, 0.000000000000000000 ) ) ;
#1496 = VECTOR ( 'NONE', #5659, 1000.000000000000000 ) ;
#1497 = AXIS2_PLACEMENT_3D ( 'NONE', #6331, #964, #2767 ) ;
#1498 = EDGE_CURVE ( 'NONE', #2558, #6865, #316, .T. ) ;
#1499 = PLANE ( 'NONE',  #5753 ) ;
#1500 = CARTESIAN_POINT ( 'NONE',  ( 51.08590345331074900, 149.9999999999999716, 2.749999999999727329 ) ) ;
#1501 = CARTESIAN_POINT ( 'NONE',  ( 99.50000000000099476, 160.0000000000000000, 101.0000000000000284 ) ) ;
#1502 = EDGE_LOOP ( 'NONE', ( #2896, #5434, #3387, #4929 ) ) ;
#1503 = ORIENTED_EDGE ( 'NONE', *, *, #1879, .F. ) ;
#1504 = CARTESIAN_POINT ( 'NONE',  ( 47.18774317726357026, 10.00000000000000533, 54.24999999999594280 ) ) ;
#1505 = DIRECTION ( 'NONE',  ( 1.000000000000000000, 1.246507886929438799E-16, 0.000000000000000000 ) ) ;
#1506 = EDGE_LOOP ( 'NONE', ( #2407, #5420, #505, #785 ) ) ;
#1507 = ORIENTED_EDGE ( 'NONE', *, *, #5044, .F. ) ;
#1508 = DIRECTION ( 'NONE',  ( -1.000000000000000000, 0.000000000000000000, 1.387778780781444492E-15 ) ) ;
#1509 = FACE_OUTER_BOUND ( 'NONE', #4894, .T. ) ;
#1510 = ORIENTED_EDGE ( 'NONE', *, *, #5548, .T. ) ;
#1511 = DIRECTION ( 'NONE',  ( 0.2588190451025150218, -0.9659258262890698665, 0.000000000000000000 ) ) ;
#1513 = ADVANCED_FACE ( 'NONE', ( #6913 ), #1532, .F. ) ;
#1512 = LINE ( 'NONE', #5598, #2738 ) ;
#1514 = ORIENTED_EDGE ( 'NONE', *, *, #1346, .T. ) ;
#1515 = LINE ( 'NONE', #518, #3067 ) ;
#1516 = CARTESIAN_POINT ( 'NONE',  ( 6.022959908590283544E-12, 160.0000000000000000, 54.24999999998933475 ) ) ;
#1517 = VERTEX_POINT ( 'NONE', #4011 ) ;
#1518 = CARTESIAN_POINT ( 'NONE',  ( -2.493015773858885802E-14, 150.0000000000000284, 108.7499999999996874 ) ) ;
#1519 = ORIENTED_EDGE ( 'NONE', *, *, #7512, .F. ) ;
#1520 = ORIENTED_EDGE ( 'NONE', *, *, #7187, .T. ) ;
#1521 = CARTESIAN_POINT ( 'NONE',  ( -21.38342917539508292, 149.9999999999999716, 54.24999999999594280 ) ) ;
#1522 = DIRECTION ( 'NONE',  ( -0.000000000000000000, 0.000000000000000000, 1.000000000000000000 ) ) ;
#1523 = CARTESIAN_POINT ( 'NONE',  ( 27.20824723223365638, 7.290427873343113596, 5.749999999999727329 ) ) ;
#1524 = DIRECTION ( 'NONE',  ( 0.000000000000000000, 0.000000000000000000, -1.000000000000000000 ) ) ;
#1525 = ORIENTED_EDGE ( 'NONE', *, *, #6261, .F. ) ;
#1526 = DIRECTION ( 'NONE',  ( 0.000000000000000000, 0.000000000000000000, 1.000000000000000000 ) ) ;
#1527 = ORIENTED_EDGE ( 'NONE', *, *, #4854, .T. ) ;
#1528 = EDGE_CURVE ( 'NONE', #5410, #2256, #1031, .T. ) ;
#1529 = CARTESIAN_POINT ( 'NONE',  ( 83.50000000000049738, 150.0000000000000000, 57.24999999999594280 ) ) ;
#1530 = DIRECTION ( 'NONE',  ( 1.000000000000000000, 1.246507886929438799E-16, 0.000000000000000000 ) ) ;
#1531 = CARTESIAN_POINT ( 'NONE',  ( 101.2999999999998977, 166.2000000000000171, 0.000000000000000000 ) ) ;
#1532 = PLANE ( 'NONE',  #5947 ) ;
#1533 = DIRECTION ( 'NONE',  ( 1.826024711554534160E-16, -1.000000000000000000, 0.000000000000000000 ) ) ;
#1534 = ORIENTED_EDGE ( 'NONE', *, *, #2317, .T. ) ;
#1535 = ORIENTED_EDGE ( 'NONE', *, *, #3266, .T. ) ;
#1536 = EDGE_CURVE ( 'NONE', #1782, #7318, #6831, .T. ) ;
#1537 = EDGE_CURVE ( 'NONE', #3099, #6785, #4642, .T. ) ;
#1538 = PLANE ( 'NONE',  #1601 ) ;
#1539 = EDGE_CURVE ( 'NONE', #6253, #6063, #3019, .T. ) ;
#1540 = LINE ( 'NONE', #6439, #2367 ) ;
#1541 = ORIENTED_EDGE ( 'NONE', *, *, #387, .T. ) ;
#1542 = ORIENTED_EDGE ( 'NONE', *, *, #7041, .F. ) ;
#1543 = DIRECTION ( 'NONE',  ( 1.662010515905923986E-16, -1.000000000000000000, 0.000000000000000000 ) ) ;
#1544 = EDGE_CURVE ( 'NONE', #6944, #4218, #5920, .T. ) ;
#1545 = PLANE ( 'NONE',  #1809 ) ;
#1546 = ORIENTED_EDGE ( 'NONE', *, *, #2675, .T. ) ;
#1547 = DIRECTION ( 'NONE',  ( -1.826024711554534653E-16, 1.000000000000000000, 0.000000000000000000 ) ) ;
#1548 = LINE ( 'NONE', #3242, #4493 ) ;
#1549 = EDGE_LOOP ( 'NONE', ( #6474, #6680, #6486, #6262 ) ) ;
#1550 = CARTESIAN_POINT ( 'NONE',  ( -45.98711305964378226, 10.00000000000000000, 57.24999999999594280 ) ) ;
#1551 = AXIS2_PLACEMENT_3D ( 'NONE', #3409, #5219, #2236 ) ;
#1552 = CARTESIAN_POINT ( 'NONE',  ( 0.000000000000000000, 155.0000000000000000, 0.000000000000000000 ) ) ;
#1553 = ORIENTED_EDGE ( 'NONE', *, *, #650, .T. ) ;
#1554 = EDGE_CURVE ( 'NONE', #1898, #4291, #2397, .T. ) ;
#1555 = LINE ( 'NONE', #5831, #7569 ) ;
#1556 = ORIENTED_EDGE ( 'NONE', *, *, #6926, .F. ) ;
#1557 = CARTESIAN_POINT ( 'NONE',  ( -93.49999999999992895, 2.000000000000001776, 7.749999999999980460 ) ) ;
#1558 = CARTESIAN_POINT ( 'NONE',  ( -83.49999999999998579, 111.3629669484363092, 57.24999999999594280 ) ) ;
#1559 = DIRECTION ( 'NONE',  ( 0.000000000000000000, 0.000000000000000000, 1.000000000000000000 ) ) ;
#1560 = VECTOR ( 'NONE', #6571, 1000.000000000000000 ) ;
#1561 = DIRECTION ( 'NONE',  ( 0.2588190451025145777, -0.9659258262890699775, 0.000000000000000000 ) ) ;
#1562 = LINE ( 'NONE', #1057, #2588 ) ;
#1563 = ORIENTED_EDGE ( 'NONE', *, *, #4161, .F. ) ;
#1564 = EDGE_CURVE ( 'NONE', #5657, #3675, #544, .T. ) ;
#1565 = VECTOR ( 'NONE', #2037, 999.9999999999998863 ) ;
#1566 = VECTOR ( 'NONE', #2194, 1000.000000000000000 ) ;
#1567 = CARTESIAN_POINT ( 'NONE',  ( -4.248681026723922248E-15, 0.000000000000000000, 57.24999999999969447 ) ) ;
#1568 = ORIENTED_EDGE ( 'NONE', *, *, #873, .F. ) ;
#1569 = DIRECTION ( 'NONE',  ( -1.000000000000000000, 0.000000000000000000, 0.000000000000000000 ) ) ;
#1570 = DIRECTION ( 'NONE',  ( 1.000000000000000000, 0.000000000000000000, 0.000000000000000000 ) ) ;
#1571 = CYLINDRICAL_SURFACE ( 'NONE', #3872, 2.000000000000001776 ) ;
#1572 = CIRCLE ( 'NONE', #2944, 1.799999999999996048 ) ;
#1573 = ADVANCED_FACE ( 'NONE', ( #1 ), #633, .T. ) ;
#1574 = CARTESIAN_POINT ( 'NONE',  ( -21.08804408221995175, -5.650524381782608074, 105.7499999999998295 ) ) ;
#1575 = CARTESIAN_POINT ( 'NONE',  ( -83.49999999999981526, 9.999999999999987566, 2.749999999999727329 ) ) ;
#1576 = ORIENTED_EDGE ( 'NONE', *, *, #6622, .T. ) ;
#1577 = VERTEX_POINT ( 'NONE', #4155 ) ;
#1578 = VECTOR ( 'NONE', #3495, 1000.000000000000000 ) ;
#1579 = CARTESIAN_POINT ( 'NONE',  ( -21.08804408221995175, -5.650524381782608074, 108.7499999999996874 ) ) ;
#1580 = DIRECTION ( 'NONE',  ( 0.000000000000000000, 0.000000000000000000, -1.000000000000000000 ) ) ;
#1581 = EDGE_CURVE ( 'NONE', #6350, #5277, #2982, .T. ) ;
#1582 = VERTEX_POINT ( 'NONE', #6548 ) ;
#1583 = AXIS2_PLACEMENT_3D ( 'NONE', #6864, #1921, #1413 ) ;
#1584 = VERTEX_POINT ( 'NONE', #1179 ) ;
#1585 = LINE ( 'NONE', #7429, #848 ) ;
#1586 = DIRECTION ( 'NONE',  ( 1.662010515905918563E-16, -1.000000000000000000, 0.000000000000000000 ) ) ;
#1587 = ORIENTED_EDGE ( 'NONE', *, *, #6334, .T. ) ;
#1588 = AXIS2_PLACEMENT_3D ( 'NONE', #5985, #613, #3004 ) ;
#1589 = CARTESIAN_POINT ( 'NONE',  ( 90.29999999999996874, 156.0000000000000284, 5.749999999999976907 ) ) ;
#1590 = CARTESIAN_POINT ( 'NONE',  ( 65.84528028379634179, 17.64318967744369715, 54.24999999999594280 ) ) ;
#1591 = EDGE_CURVE ( 'NONE', #4904, #6753, #668, .T. ) ;
#1592 = VERTEX_POINT ( 'NONE', #7220 ) ;
#1593 = CIRCLE ( 'NONE', #5979, 1.799999999999996048 ) ;
#1594 = CARTESIAN_POINT ( 'NONE',  ( 47.18774317726357026, 10.00000000000000533, 57.24999999999594280 ) ) ;
#1595 = LINE ( 'NONE', #3870, #586 ) ;
#1596 = ORIENTED_EDGE ( 'NONE', *, *, #2268, .T. ) ;
#1597 = LINE ( 'NONE', #3990, #676 ) ;
#1598 = ORIENTED_EDGE ( 'NONE', *, *, #591, .F. ) ;
#1599 = DIRECTION ( 'NONE',  ( 1.000000000000000000, 0.000000000000000000, -1.484255380514914930E-16 ) ) ;
#1600 = CARTESIAN_POINT ( 'NONE',  ( 93.49999999999998579, 0.000000000000000000, 43.74999999999987210 ) ) ;
#1601 = AXIS2_PLACEMENT_3D ( 'NONE', #954, #1622, #3970 ) ;
#1602 = DIRECTION ( 'NONE',  ( -0.000000000000000000, 1.000000000000000000, -0.000000000000000000 ) ) ;
#1603 = EDGE_CURVE ( 'NONE', #1234, #7308, #588, .T. ) ;
#1604 = DIRECTION ( 'NONE',  ( -1.982541115402065110E-16, 1.000000000000000000, 0.000000000000000000 ) ) ;
#1605 = LINE ( 'NONE', #389, #3086 ) ;
#1606 = EDGE_LOOP ( 'NONE', ( #750, #3632, #6782, #3531 ) ) ;
#1607 = AXIS2_PLACEMENT_3D ( 'NONE', #1219, #4906, #7335 ) ;
#1608 = CARTESIAN_POINT ( 'NONE',  ( 90.29999999999999716, 4.000000000000024869, -5.750000000000018652 ) ) ;
#1609 = ORIENTED_EDGE ( 'NONE', *, *, #3294, .F. ) ;
#1610 = DIRECTION ( 'NONE',  ( 0.000000000000000000, 0.000000000000000000, -1.000000000000000000 ) ) ;
#1611 = DIRECTION ( 'NONE',  ( 0.000000000000000000, 0.000000000000000000, 1.000000000000000000 ) ) ;
#1612 = FACE_BOUND ( 'NONE', #4046, .T. ) ;
#1613 = VECTOR ( 'NONE', #3402, 1000.000000000000000 ) ;
#1614 = AXIS2_PLACEMENT_3D ( 'NONE', #4263, #3126, #5945 ) ;
#1615 = EDGE_CURVE ( 'NONE', #3035, #4259, #4673, .T. ) ;
#1616 = ORIENTED_EDGE ( 'NONE', *, *, #5855, .T. ) ;
#1617 = DIRECTION ( 'NONE',  ( 0.2588190451025145777, -0.9659258262890699775, 0.000000000000000000 ) ) ;
#1618 = CARTESIAN_POINT ( 'NONE',  ( 93.50000000000106581, 160.0000000000000000, 100.2499999999997300 ) ) ;
#1619 = ORIENTED_EDGE ( 'NONE', *, *, #129, .F. ) ;
#1620 = ORIENTED_EDGE ( 'NONE', *, *, #6498, .F. ) ;
#1621 = VECTOR ( 'NONE', #4726, 1000.000000000000000 ) ;
#1622 = DIRECTION ( 'NONE',  ( -0.8000000000000144773, 0.000000000000000000, -0.5999999999999806599 ) ) ;
#1623 = CARTESIAN_POINT ( 'NONE',  ( -95.49999999999893419, -3.200000000000000178, 105.7499999999998295 ) ) ;
#1624 = ORIENTED_EDGE ( 'NONE', *, *, #4567, .T. ) ;
#1625 = ORIENTED_EDGE ( 'NONE', *, *, #6513, .T. ) ;
#1626 = PLANE ( 'NONE',  #5723 ) ;
#1627 = CARTESIAN_POINT ( 'NONE',  ( 2.304059720792229585E-12, 160.0000000000000000, 57.24999999999592859 ) ) ;
#1628 = ORIENTED_EDGE ( 'NONE', *, *, #3115, .F. ) ;
#1629 = EDGE_CURVE ( 'NONE', #2457, #347, #7106, .T. ) ;
#1630 = LINE ( 'NONE', #3349, #2994 ) ;
#1631 = CARTESIAN_POINT ( 'NONE',  ( -83.49999999999992895, 72.72593389687270360, 108.7499999999996874 ) ) ;
#1632 = EDGE_LOOP ( 'NONE', ( #1189, #7565, #6152, #548 ) ) ;
#1633 = DIRECTION ( 'NONE',  ( 1.246507886929443483E-16, -1.000000000000000000, 0.000000000000000000 ) ) ;
#1634 = EDGE_LOOP ( 'NONE', ( #5680, #5923, #3284, #5650 ) ) ;
#1635 = LINE ( 'NONE', #2810, #2677 ) ;
#1636 = EDGE_LOOP ( 'NONE', ( #3393, #7385, #6825, #3277 ) ) ;
#1638 = ADVANCED_FACE ( 'NONE', ( #6042 ), #1267, .T. ) ;
#1637 = DIRECTION ( 'NONE',  ( -1.000000000000000000, 0.000000000000000000, 0.000000000000000000 ) ) ;
#1639 = EDGE_CURVE ( 'NONE', #7518, #4131, #5961, .T. ) ;
#1640 = DIRECTION ( 'NONE',  ( 0.000000000000000000, 1.000000000000000000, -0.000000000000000000 ) ) ;
#1641 = CARTESIAN_POINT ( 'NONE',  ( -40.40656060800140637, -10.82690528383291095, 57.24999999999594280 ) ) ;
#1642 = DIRECTION ( 'NONE',  ( 0.000000000000000000, 0.000000000000000000, 1.000000000000000000 ) ) ;
#1643 = DIRECTION ( 'NONE',  ( -0.9659258262890699775, -0.2588190451025145222, 0.000000000000000000 ) ) ;
#1644 = ORIENTED_EDGE ( 'NONE', *, *, #5349, .T. ) ;
#1645 = CARTESIAN_POINT ( 'NONE',  ( 57.54050498136442826, 10.00000000000000533, 105.7499999999998295 ) ) ;
#1646 = ORIENTED_EDGE ( 'NONE', *, *, #6392, .F. ) ;
#1647 = CARTESIAN_POINT ( 'NONE',  ( -40.40656060800135663, -10.82690528383290030, 108.7499999999996874 ) ) ;
#1648 = LINE ( 'NONE', #2197, #3354 ) ;
#1649 = CARTESIAN_POINT ( 'NONE',  ( 83.49999999999992895, 29.02894480630958540, 105.7499999999998295 ) ) ;
#1650 = CARTESIAN_POINT ( 'NONE',  ( -90.29999999999999716, 4.000000000000003553, -5.750000000000018652 ) ) ;
#1651 = PLANE ( 'NONE',  #2700 ) ;
#1652 = ORIENTED_EDGE ( 'NONE', *, *, #4661, .T. ) ;
#1653 = EDGE_LOOP ( 'NONE', ( #3503, #7478, #1188, #1302 ) ) ;
#1654 = EDGE_CURVE ( 'NONE', #6207, #1322, #5380, .T. ) ;
#1655 = LINE ( 'NONE', #5854, #6484 ) ;
#1656 = CYLINDRICAL_SURFACE ( 'NONE', #7752, 2.000000000000001776 ) ;
#1657 = ORIENTED_EDGE ( 'NONE', *, *, #2925, .F. ) ;
#1658 = ORIENTED_EDGE ( 'NONE', *, *, #4866, .T. ) ;
#1659 = DIRECTION ( 'NONE',  ( 0.2588190451025145777, -0.9659258262890699775, 0.000000000000000000 ) ) ;
#1660 = DIRECTION ( 'NONE',  ( 0.000000000000000000, 0.000000000000000000, -1.000000000000000000 ) ) ;
#1661 = ORIENTED_EDGE ( 'NONE', *, *, #2141, .T. ) ;
#1662 = DIRECTION ( 'NONE',  ( 0.000000000000000000, 0.000000000000000000, 1.000000000000000000 ) ) ;
#1663 = CARTESIAN_POINT ( 'NONE',  ( 0.000000000000000000, -3.000000000000000000, 0.000000000000000000 ) ) ;
#1664 = ORIENTED_EDGE ( 'NONE', *, *, #7453, .F. ) ;
#1665 = EDGE_CURVE ( 'NONE', #4135, #20, #1146, .T. ) ;
#1666 = DIRECTION ( 'NONE',  ( 1.246507886929443483E-16, -1.000000000000000000, 0.000000000000000000 ) ) ;
#1667 = CARTESIAN_POINT ( 'NONE',  ( -1.246507886929442940E-15, 9.999999999999998224, 105.7499999999998295 ) ) ;
#1668 = EDGE_LOOP ( 'NONE', ( #3359, #1598, #268, #3209 ) ) ;
#1669 = CARTESIAN_POINT ( 'NONE',  ( 103.5000000000000142, 160.0000000000000000, 45.74999999999988631 ) ) ;
#1670 = PLANE ( 'NONE',  #4108 ) ;
#1671 = AXIS2_PLACEMENT_3D ( 'NONE', #3796, #2064, #5489 ) ;
#1672 = EDGE_CURVE ( 'NONE', #886, #4514, #37, .T. ) ;
#1673 = FACE_BOUND ( 'NONE', #301, .T. ) ;
#1674 = LINE ( 'NONE', #7759, #2839 ) ;
#1675 = ORIENTED_EDGE ( 'NONE', *, *, #2386, .F. ) ;
#1676 = EDGE_CURVE ( 'NONE', #1813, #4202, #2433, .T. ) ;
#1677 = LINE ( 'NONE', #1645, #180 ) ;
#1678 = ORIENTED_EDGE ( 'NONE', *, *, #4209, .F. ) ;
#1679 = VECTOR ( 'NONE', #258, 999.9999999999998863 ) ;
#1680 = DIRECTION ( 'NONE',  ( -0.9659258262890699775, -0.2588190451025145777, 0.000000000000000000 ) ) ;
#1681 = PLANE ( 'NONE',  #7376 ) ;
#1682 = CARTESIAN_POINT ( 'NONE',  ( 40.73314164920981284, 149.9999999999999716, 54.24999999999594280 ) ) ;
#1683 = DIRECTION ( 'NONE',  ( 1.000000000000000000, 0.000000000000000000, 0.000000000000000000 ) ) ;
#1684 = ADVANCED_FACE ( 'NONE', ( #6635 ), #1843, .F. ) ;
#1685 = ADVANCED_FACE ( 'NONE', ( #2313 ), #4710, .F. ) ;
#1686 = VECTOR ( 'NONE', #2003, 1000.000000000000000 ) ;
#1687 = CARTESIAN_POINT ( 'NONE',  ( -86.70000000000000284, -3.200000000000000178, 2.749999999999981348 ) ) ;
#1688 = LINE ( 'NONE', #950, #834 ) ;
#1689 = ORIENTED_EDGE ( 'NONE', *, *, #2969, .T. ) ;
#1690 = ORIENTED_EDGE ( 'NONE', *, *, #2698, .F. ) ;
#1691 = CARTESIAN_POINT ( 'NONE',  ( 17.54898896934280472, 4.702237422317963045, 54.24999999999594280 ) ) ;
#1692 = VECTOR ( 'NONE', #4780, 1000.000000000000000 ) ;
#1693 = DIRECTION ( 'NONE',  ( 0.000000000000000000, 0.000000000000000000, 1.000000000000000000 ) ) ;
#1694 = ORIENTED_EDGE ( 'NONE', *, *, #527, .T. ) ;
#1695 = EDGE_CURVE ( 'NONE', #5260, #6969, #7415, .T. ) ;
#1696 = ORIENTED_EDGE ( 'NONE', *, *, #421, .F. ) ;
#1697 = CIRCLE ( 'NONE', #3954, 4.000000000000005329 ) ;
#1698 = CARTESIAN_POINT ( 'NONE',  ( -1.769527556438463378, -0.4741434797323291206, 5.749999999999727329 ) ) ;
#1699 = DIRECTION ( 'NONE',  ( 1.982541115402064617E-16, 1.000000000000000000, 0.000000000000000000 ) ) ;
#1700 = ORIENTED_EDGE ( 'NONE', *, *, #692, .T. ) ;
#1701 = CARTESIAN_POINT ( 'NONE',  ( 93.49999999999994316, 2.000000000000000000, 10.33257569495582295 ) ) ;
#1702 = CARTESIAN_POINT ( 'NONE',  ( 88.50000000000000000, 4.000000000000024869, 57.24999999999236167 ) ) ;
#1703 = VECTOR ( 'NONE', #6154, 1000.000000000000000 ) ;
#1704 = ORIENTED_EDGE ( 'NONE', *, *, #3692, .T. ) ;
#1705 = EDGE_CURVE ( 'NONE', #7540, #6530, #1319, .T. ) ;
#1706 = DIRECTION ( 'NONE',  ( 0.5999999999999191536, 0.000000000000000000, 0.8000000000000606626 ) ) ;
#1707 = VECTOR ( 'NONE', #1706, 1000.000000000000114 ) ;
#1708 = DIRECTION ( 'NONE',  ( -0.000000000000000000, -0.000000000000000000, 1.000000000000000000 ) ) ;
#1709 = EDGE_LOOP ( 'NONE', ( #5442, #5116, #7002, #3631 ) ) ;
#1710 = LINE ( 'NONE', #2266, #2242 ) ;
#1711 = CARTESIAN_POINT ( 'NONE',  ( 0.000000000000000000, 160.0000000000000000, 45.94999999999987494 ) ) ;
#1712 = VECTOR ( 'NONE', #7045, 1000.000000000000000 ) ;
#1713 = LINE ( 'NONE', #7643, #828 ) ;
#1714 = CARTESIAN_POINT ( 'NONE',  ( 95.50000000000106581, 160.0000000000000000, 100.2499999999999005 ) ) ;
#1715 = ORIENTED_EDGE ( 'NONE', *, *, #5807, .F. ) ;
#1716 = PLANE ( 'NONE',  #3301 ) ;
#1717 = VERTEX_POINT ( 'NONE', #1449 ) ;
#1718 = AXIS2_PLACEMENT_3D ( 'NONE', #4566, #2649, #6963 ) ;
#1719 = CARTESIAN_POINT ( 'NONE',  ( 88.49999999999997158, 156.0000000000000284, -5.750000000000018652 ) ) ;
#1720 = CARTESIAN_POINT ( 'NONE',  ( 93.50000000000054001, 160.0000000000000000, 48.74999999999982947 ) ) ;
#1721 = EDGE_CURVE ( 'NONE', #3202, #1813, #3313, .T. ) ;
#1722 = CARTESIAN_POINT ( 'NONE',  ( 99.50000000000099476, 155.0000000000000000, 103.0000000000000426 ) ) ;
#1723 = VECTOR ( 'NONE', #6588, 1000.000000000000000 ) ;
#1724 = VECTOR ( 'NONE', #6054, 1000.000000000000000 ) ;
#1725 = CARTESIAN_POINT ( 'NONE',  ( 93.50000000000068212, 3.162834577574732215E-13, 5.749999999999727329 ) ) ;
#1726 = PLANE ( 'NONE',  #2082 ) ;
#1727 = ORIENTED_EDGE ( 'NONE', *, *, #3552, .F. ) ;
#1728 = ORIENTED_EDGE ( 'NONE', *, *, #4932, .F. ) ;
#1729 = DIRECTION ( 'NONE',  ( -4.625929269271485322E-15, 0.000000000000000000, 1.000000000000000000 ) ) ;
#1730 = EDGE_CURVE ( 'NONE', #4936, #2950, #4426, .T. ) ;
#1731 = VECTOR ( 'NONE', #332, 999.9999999999998863 ) ;
#1732 = VECTOR ( 'NONE', #3219, 1000.000000000000000 ) ;
#1733 = DIRECTION ( 'NONE',  ( 0.2588190451025145222, -0.9659258262890699775, 0.000000000000000000 ) ) ;
#1734 = ORIENTED_EDGE ( 'NONE', *, *, #1920, .T. ) ;
#1735 = AXIS2_PLACEMENT_3D ( 'NONE', #3545, #687, #3705 ) ;
#1736 = FACE_OUTER_BOUND ( 'NONE', #1317, .T. ) ;
#1737 = ORIENTED_EDGE ( 'NONE', *, *, #2317, .F. ) ;
#1738 = AXIS2_PLACEMENT_3D ( 'NONE', #2630, #5019, #4391 ) ;
#1739 = CARTESIAN_POINT ( 'NONE',  ( -66.69263666784532063, 9.999999999999991118, 105.7499999999998295 ) ) ;
#1740 = CARTESIAN_POINT ( 'NONE',  ( -2.935152121352671574E-12, -3.200000000000000178, 105.7499999999970157 ) ) ;
#1741 = ORIENTED_EDGE ( 'NONE', *, *, #386, .F. ) ;
#1742 = EDGE_CURVE ( 'NONE', #5818, #4753, #6445, .T. ) ;
#1743 = CARTESIAN_POINT ( 'NONE',  ( -56.33987486374443421, 9.999999999999992895, 5.749999999999727329 ) ) ;
#1744 = AXIS2_PLACEMENT_3D ( 'NONE', #6220, #5080, #778 ) ;
#1745 = DIRECTION ( 'NONE',  ( 1.000000000000000000, 1.246507886929443483E-16, 0.000000000000000000 ) ) ;
#1746 = ORIENTED_EDGE ( 'NONE', *, *, #6788, .T. ) ;
#1747 = PLANE ( 'NONE',  #5478 ) ;
#1748 = CARTESIAN_POINT ( 'NONE',  ( -93.49999999999994316, -3.000000000000000000, 10.33257569495582295 ) ) ;
#1749 = ORIENTED_EDGE ( 'NONE', *, *, #4149, .T. ) ;
#1750 = EDGE_CURVE ( 'NONE', #347, #6568, #6823, .T. ) ;
#1751 = DIRECTION ( 'NONE',  ( 0.2588190451025145777, -0.9659258262890699775, 0.000000000000000000 ) ) ;
#1752 = DIRECTION ( 'NONE',  ( 1.000000000000000000, 0.000000000000000000, 0.000000000000000000 ) ) ;
#1753 = VERTEX_POINT ( 'NONE', #7300 ) ;
#1754 = DIRECTION ( 'NONE',  ( 0.000000000000000000, 0.000000000000000000, 1.000000000000000000 ) ) ;
#1755 = LINE ( 'NONE', #2928, #3586 ) ;
#1756 = ORIENTED_EDGE ( 'NONE', *, *, #6531, .T. ) ;
#1757 = LINE ( 'NONE', #7213, #5683 ) ;
#1758 = ORIENTED_EDGE ( 'NONE', *, *, #1676, .T. ) ;
#1759 = CARTESIAN_POINT ( 'NONE',  ( -1.246507886929438602E-15, 9.999999999999998224, 54.24999999999594280 ) ) ;
#1760 = CARTESIAN_POINT ( 'NONE',  ( -0.6779055671934434146, 149.9999999999999716, 54.24999999999594280 ) ) ;
#1761 = CARTESIAN_POINT ( 'NONE',  ( 88.50000000000000000, 4.000000000000024869, -5.750000000000018652 ) ) ;
#1762 = DIRECTION ( 'NONE',  ( 1.826024711554534653E-16, -1.000000000000000000, -7.348943208846029037E-30 ) ) ;
#1763 = EDGE_CURVE ( 'NONE', #4538, #4936, #2549, .T. ) ;
#1764 = PLANE ( 'NONE',  #3457 ) ;
#1765 = VERTEX_POINT ( 'NONE', #3139 ) ;
#1766 = ORIENTED_EDGE ( 'NONE', *, *, #1783, .F. ) ;
#1767 = CARTESIAN_POINT ( 'NONE',  ( 83.50000000000049738, 67.66597785787105579, 57.24999999999594280 ) ) ;
#1768 = DIRECTION ( 'NONE',  ( 0.000000000000000000, 1.000000000000000000, 0.000000000000000000 ) ) ;
#1769 = ORIENTED_EDGE ( 'NONE', *, *, #4020, .T. ) ;
#1770 = EDGE_CURVE ( 'NONE', #6341, #1043, #4908, .T. ) ;
#1771 = DIRECTION ( 'NONE',  ( 0.000000000000000000, 0.000000000000000000, 1.000000000000000000 ) ) ;
#1772 = ORIENTED_EDGE ( 'NONE', *, *, #450, .T. ) ;
#1773 = EDGE_CURVE ( 'NONE', #1895, #4684, #4696, .T. ) ;
#1774 = ORIENTED_EDGE ( 'NONE', *, *, #3700, .T. ) ;
#1775 = DIRECTION ( 'NONE',  ( 1.662010515905923986E-16, -1.000000000000000000, 0.000000000000000000 ) ) ;
#1776 = EDGE_CURVE ( 'NONE', #1765, #3484, #3193, .T. ) ;
#1777 = DIRECTION ( 'NONE',  ( -0.9659258262890699775, -0.2588190451025145777, 0.000000000000000000 ) ) ;
#1778 = DIRECTION ( 'NONE',  ( 0.000000000000000000, 0.000000000000000000, 1.000000000000000000 ) ) ;
#1779 = ORIENTED_EDGE ( 'NONE', *, *, #6741, .T. ) ;
#1780 = DIRECTION ( 'NONE',  ( 0.000000000000000000, 0.000000000000000000, 1.000000000000000000 ) ) ;
#1781 = PLANE ( 'NONE',  #246 ) ;
#1782 = VERTEX_POINT ( 'NONE', #6079 ) ;
#1783 = EDGE_CURVE ( 'NONE', #4993, #1089, #3727, .T. ) ;
#1784 = EDGE_CURVE ( 'NONE', #3882, #6692, #5537, .T. ) ;
#1785 = CARTESIAN_POINT ( 'NONE',  ( 93.49999999999992895, 0.000000000000000000, -1.297573160030654231E-13 ) ) ;
#1786 = DIRECTION ( 'NONE',  ( -0.9659258262890699775, -0.2588190451025145777, 0.000000000000000000 ) ) ;
#1787 = ORIENTED_EDGE ( 'NONE', *, *, #1894, .F. ) ;
#1788 = DIRECTION ( 'NONE',  ( 1.246507886929438799E-16, -1.000000000000000000, 0.000000000000000000 ) ) ;
#1789 = CARTESIAN_POINT ( 'NONE',  ( -14.92882764734117806, 9.999999999999998224, 2.749999999999727329 ) ) ;
#1790 = VERTEX_POINT ( 'NONE', #4353 ) ;
#1791 = EDGE_CURVE ( 'NONE', #6559, #5657, #868, .T. ) ;
#1792 = DIRECTION ( 'NONE',  ( 0.000000000000000000, -0.000000000000000000, -1.000000000000000000 ) ) ;
#1793 = CARTESIAN_POINT ( 'NONE',  ( 46.52676375801497244, 12.46680877539342092, 105.7499999999998295 ) ) ;
#1794 = ORIENTED_EDGE ( 'NONE', *, *, #4653, .T. ) ;
#1795 = CARTESIAN_POINT ( 'NONE',  ( -99.49999999999884892, 155.0000000000000000, 103.0000000000000426 ) ) ;
#1796 = VERTEX_POINT ( 'NONE', #5648 ) ;
#1797 = LINE ( 'NONE', #4189, #3943 ) ;
#1798 = CARTESIAN_POINT ( 'NONE',  ( 0.000000000000000000, 160.0000000000000000, -5.750000000000018652 ) ) ;
#1799 = FACE_OUTER_BOUND ( 'NONE', #2400, .T. ) ;
#1800 = VECTOR ( 'NONE', #4233, 1000.000000000000000 ) ;
#1801 = DIRECTION ( 'NONE',  ( 1.662010515905923986E-16, -1.000000000000000000, 0.000000000000000000 ) ) ;
#1802 = DIRECTION ( 'NONE',  ( -0.9659258262890699775, -0.2588190451025145222, 0.000000000000000000 ) ) ;
#1803 = ORIENTED_EDGE ( 'NONE', *, *, #6981, .T. ) ;
#1804 = AXIS2_PLACEMENT_3D ( 'NONE', #7256, #4112, #7761 ) ;
#1805 = ORIENTED_EDGE ( 'NONE', *, *, #2149, .F. ) ;
#1806 = CARTESIAN_POINT ( 'NONE',  ( -11.42878581932929194, -3.062333930757471734, 54.24999999999594280 ) ) ;
#1807 = ADVANCED_FACE ( 'NONE', ( #2473 ), #710, .F. ) ;
#1808 = PLANE ( 'NONE',  #2126 ) ;
#1809 = AXIS2_PLACEMENT_3D ( 'NONE', #5744, #2136, #2171 ) ;
#1810 = ORIENTED_EDGE ( 'NONE', *, *, #3911, .F. ) ;
#1811 = CARTESIAN_POINT ( 'NONE',  ( -21.38342917539494437, 149.9999999999999716, 2.749999999999727329 ) ) ;
#1812 = ORIENTED_EDGE ( 'NONE', *, *, #884, .F. ) ;
#1813 = VERTEX_POINT ( 'NONE', #1885 ) ;
#1814 = CARTESIAN_POINT ( 'NONE',  ( -11.03066737129427466, 149.9999999999999716, 54.24999999999594280 ) ) ;
#1815 = AXIS2_PLACEMENT_3D ( 'NONE', #5499, #2632, #3769 ) ;
#1816 = CARTESIAN_POINT ( 'NONE',  ( -90.30000000000001137, 0.000000000000000000, 105.7499999999998295 ) ) ;
#1817 = ORIENTED_EDGE ( 'NONE', *, *, #6936, .T. ) ;
#1818 = LINE ( 'NONE', #6607, #1621 ) ;
#1819 = EDGE_CURVE ( 'NONE', #1765, #71, #6196, .T. ) ;
#1820 = CARTESIAN_POINT ( 'NONE',  ( -1.246507886929438602E-15, 9.999999999999998224, 54.24999999999594280 ) ) ;
#1821 = ORIENTED_EDGE ( 'NONE', *, *, #1695, .F. ) ;
#1822 = VECTOR ( 'NONE', #3760, 1000.000000000000000 ) ;
#1823 = ORIENTED_EDGE ( 'NONE', *, *, #3137, .T. ) ;
#1824 = PLANE ( 'NONE',  #7605 ) ;
#1825 = CARTESIAN_POINT ( 'NONE',  ( -83.49999999999985789, 111.3629669484363092, 2.749999999999727329 ) ) ;
#1826 = ORIENTED_EDGE ( 'NONE', *, *, #4393, .F. ) ;
#1827 =( GEOMETRIC_REPRESENTATION_CONTEXT ( 3 ) GLOBAL_UNCERTAINTY_ASSIGNED_CONTEXT ( ( #5055 ) ) GLOBAL_UNIT_ASSIGNED_CONTEXT ( ( #5730, #5153, #1147 ) ) REPRESENTATION_CONTEXT ( 'NONE', 'WORKASPACE' ) );
#1828 = LINE ( 'NONE', #3082, #5504 ) ;
#1829 = EDGE_CURVE ( 'NONE', #2641, #6659, #7382, .T. ) ;
#1830 = CARTESIAN_POINT ( 'NONE',  ( 103.4999999999997726, 2.000000000000000000, 43.74999999999988631 ) ) ;
#1831 = EDGE_LOOP ( 'NONE', ( #1060, #4807, #1847, #3414 ) ) ;
#1832 = VECTOR ( 'NONE', #1094, 999.9999999999998863 ) ;
#1833 = PLANE ( 'NONE',  #697 ) ;
#1834 = LINE ( 'NONE', #3761, #1703 ) ;
#1835 = VERTEX_POINT ( 'NONE', #4394 ) ;
#1836 = PLANE ( 'NONE',  #5062 ) ;
#1837 = ORIENTED_EDGE ( 'NONE', *, *, #1380, .F. ) ;
#1838 = LINE ( 'NONE', #3765, #5692 ) ;
#1839 = FACE_BOUND ( 'NONE', #202, .T. ) ;
#1840 = EDGE_CURVE ( 'NONE', #7109, #6265, #3214, .T. ) ;
#1841 = VECTOR ( 'NONE', #179, 1000.000000000000000 ) ;
#1842 = CARTESIAN_POINT ( 'NONE',  ( 93.49999999999998579, 2.000000000000000000, 41.16742430504402961 ) ) ;
#1843 = PLANE ( 'NONE',  #5579 ) ;
#1844 = DIRECTION ( 'NONE',  ( -0.000000000000000000, 0.000000000000000000, 1.000000000000000000 ) ) ;
#1845 = EDGE_LOOP ( 'NONE', ( #4728, #2272, #4839, #5098 ) ) ;
#1846 = AXIS2_PLACEMENT_3D ( 'NONE', #3899, #5698, #3860 ) ;
#1847 = ORIENTED_EDGE ( 'NONE', *, *, #5752, .F. ) ;
#1848 = ADVANCED_FACE ( 'NONE', ( #938 ), #2779, .T. ) ;
#1849 = FACE_OUTER_BOUND ( 'NONE', #3280, .T. ) ;
#1850 = VECTOR ( 'NONE', #4438, 999.9999999999998863 ) ;
#1851 = CYLINDRICAL_SURFACE ( 'NONE', #3707, 1.999999999999996225 ) ;
#1852 = ORIENTED_EDGE ( 'NONE', *, *, #5526, .T. ) ;
#1853 = EDGE_LOOP ( 'NONE', ( #318, #6071, #5755, #7686 ) ) ;
#1854 = FACE_OUTER_BOUND ( 'NONE', #2059, .T. ) ;
#1855 = VECTOR ( 'NONE', #5797, 1000.000000000000000 ) ;
#1856 = VECTOR ( 'NONE', #7534, 1000.000000000000000 ) ;
#1857 = LINE ( 'NONE', #6171, #1724 ) ;
#1858 = VERTEX_POINT ( 'NONE', #5762 ) ;
#1859 = CARTESIAN_POINT ( 'NONE',  ( -93.50000000000000000, 160.0000000000000000, 45.74999999999988631 ) ) ;
#1860 = CARTESIAN_POINT ( 'NONE',  ( -25.28158945144214798, 9.999999999999994671, 54.24999999999594280 ) ) ;
#1861 = VECTOR ( 'NONE', #261, 1000.000000000000000 ) ;
#1862 = ORIENTED_EDGE ( 'NONE', *, *, #5175, .T. ) ;
#1863 = AXIS2_PLACEMENT_3D ( 'NONE', #2965, #6616, #6573 ) ;
#1864 = VERTEX_POINT ( 'NONE', #3324 ) ;
#1865 = EDGE_CURVE ( 'NONE', #6592, #1165, #6940, .T. ) ;
#1866 = CARTESIAN_POINT ( 'NONE',  ( 56.18602202090566777, 15.05499922641856259, 108.7499999999996874 ) ) ;
#1867 = CARTESIAN_POINT ( 'NONE',  ( 88.49999999999997158, 156.0000000000000284, -5.750000000000018652 ) ) ;
#1868 = ORIENTED_EDGE ( 'NONE', *, *, #2258, .F. ) ;
#1869 = VECTOR ( 'NONE', #2167, 1000.000000000000000 ) ;
#1870 = VECTOR ( 'NONE', #6966, 1000.000000000000000 ) ;
#1871 = CARTESIAN_POINT ( 'NONE',  ( -2.493015773858876967E-14, 149.9999999999999716, 54.24999999999594280 ) ) ;
#1872 = CARTESIAN_POINT ( 'NONE',  ( -83.49999999999981526, -1.655421831360723267E-14, 2.749999999999727329 ) ) ;
#1873 = VERTEX_POINT ( 'NONE', #5718 ) ;
#1874 = VECTOR ( 'NONE', #5344, 1000.000000000000000 ) ;
#1875 = LINE ( 'NONE', #4974, #4582 ) ;
#1876 = EDGE_CURVE ( 'NONE', #3101, #3462, #3880, .T. ) ;
#1877 = CARTESIAN_POINT ( 'NONE',  ( 83.50000000000049738, 106.3030109094346329, 54.24999999999594280 ) ) ;
#1878 = EDGE_LOOP ( 'NONE', ( #7273, #2392, #4812, #5905 ) ) ;
#1879 = EDGE_CURVE ( 'NONE', #840, #235, #903, .T. ) ;
#1880 = CARTESIAN_POINT ( 'NONE',  ( 95.50000000000106581, 160.0000000000000000, 105.7499999999996589 ) ) ;
#1881 = ORIENTED_EDGE ( 'NONE', *, *, #591, .T. ) ;
#1882 = CARTESIAN_POINT ( 'NONE',  ( 93.49999999999174349, 160.0000000000000000, -1.686845108039723788E-11 ) ) ;
#1883 = CARTESIAN_POINT ( 'NONE',  ( -96.50000000000000000, -24.12451549659737893, -8.050000000000194333 ) ) ;
#1884 = DIRECTION ( 'NONE',  ( 1.000000000000000000, 1.662010515905923740E-16, 0.000000000000000000 ) ) ;
#1885 = CARTESIAN_POINT ( 'NONE',  ( 93.49999999999994316, 2.000000000000001776, 5.749999999999980460 ) ) ;
#1886 = DIRECTION ( 'NONE',  ( 1.000000000000000000, 1.662010515905918563E-16, 0.000000000000000000 ) ) ;
#1887 = ORIENTED_EDGE ( 'NONE', *, *, #6675, .F. ) ;
#1888 = EDGE_CURVE ( 'NONE', #3472, #5073, #7528, .T. ) ;
#1889 = EDGE_LOOP ( 'NONE', ( #5426, #7467 ) ) ;
#1890 = LINE ( 'NONE', #6129, #6243 ) ;
#1891 = DIRECTION ( 'NONE',  ( 0.000000000000000000, 1.000000000000000000, 0.000000000000000000 ) ) ;
#1892 = DIRECTION ( 'NONE',  ( 0.000000000000000000, 0.000000000000000000, 1.000000000000000000 ) ) ;
#1893 = ORIENTED_EDGE ( 'NONE', *, *, #391, .F. ) ;
#1894 = EDGE_CURVE ( 'NONE', #4784, #6389, #7485, .T. ) ;
#1895 = VERTEX_POINT ( 'NONE', #3405 ) ;
#1896 = LINE ( 'NONE', #310, #4725 ) ;
#1897 = LINE ( 'NONE', #3031, #1230 ) ;
#1898 = VERTEX_POINT ( 'NONE', #6422 ) ;
#1899 = FACE_OUTER_BOUND ( 'NONE', #2045, .T. ) ;
#1900 = DIRECTION ( 'NONE',  ( 0.000000000000000000, 1.000000000000000000, -0.000000000000000000 ) ) ;
#1901 = ORIENTED_EDGE ( 'NONE', *, *, #4899, .F. ) ;
#1902 = ORIENTED_EDGE ( 'NONE', *, *, #6626, .F. ) ;
#1903 = CARTESIAN_POINT ( 'NONE',  ( -2.493015773858876967E-14, 149.9999999999999716, 57.24999999999594280 ) ) ;
#1904 = DIRECTION ( 'NONE',  ( 0.2588190451025149663, -0.9659258262890698665, 0.000000000000000000 ) ) ;
#1905 = ORIENTED_EDGE ( 'NONE', *, *, #2259, .T. ) ;
#1906 = PLANE ( 'NONE',  #1119 ) ;
#1907 = CARTESIAN_POINT ( 'NONE',  ( -56.33987486374451947, 9.999999999999991118, 105.7499999999998295 ) ) ;
#1908 = EDGE_CURVE ( 'NONE', #3570, #2668, #306, .T. ) ;
#1909 = ORIENTED_EDGE ( 'NONE', *, *, #6849, .F. ) ;
#1910 = CARTESIAN_POINT ( 'NONE',  ( 0.000000000000000000, -3.000000000000000000, 0.000000000000000000 ) ) ;
#1911 = CARTESIAN_POINT ( 'NONE',  ( -2.493015773858885802E-14, 150.0000000000000284, 105.7499999999998295 ) ) ;
#1912 = ORIENTED_EDGE ( 'NONE', *, *, #978, .T. ) ;
#1913 = LINE ( 'NONE', #3167, #5195 ) ;
#1914 = VERTEX_POINT ( 'NONE', #2665 ) ;
#1915 = CARTESIAN_POINT ( 'NONE',  ( 40.73314164920994784, 149.9999999999999716, 5.749999999999727329 ) ) ;
#1916 = DIRECTION ( 'NONE',  ( -0.000000000000000000, -0.000000000000000000, 1.000000000000000000 ) ) ;
#1917 = DIRECTION ( 'NONE',  ( 0.000000000000000000, 0.000000000000000000, 1.000000000000000000 ) ) ;
#1918 = ADVANCED_FACE ( 'NONE', ( #5057 ), #2231, .T. ) ;
#1919 = CARTESIAN_POINT ( 'NONE',  ( -96.50000000000000000, 0.000000000000000000, 77.25000000000005684 ) ) ;
#1920 = EDGE_CURVE ( 'NONE', #7372, #1753, #344, .T. ) ;
#1921 = DIRECTION ( 'NONE',  ( -1.000000000000000000, 0.000000000000000000, -2.413528314402514287E-15 ) ) ;
#1922 = ORIENTED_EDGE ( 'NONE', *, *, #5975, .F. ) ;
#1923 = EDGE_LOOP ( 'NONE', ( #546, #6921 ) ) ;
#1924 = VECTOR ( 'NONE', #3372, 1000.000000000000000 ) ;
#1925 = CARTESIAN_POINT ( 'NONE',  ( -103.4999999999999005, -3.200000000000000178, -5.750000000000018652 ) ) ;
#1926 = ADVANCED_FACE ( 'NONE', ( #4001 ), #5140, .T. ) ;
#1927 = DIRECTION ( 'NONE',  ( 0.2588190451025144667, -0.9659258262890699775, 0.000000000000000000 ) ) ;
#1928 = CIRCLE ( 'NONE', #296, 2.000000000000001776 ) ;
#1929 = LINE ( 'NONE', #3811, #3206 ) ;
#1930 = ORIENTED_EDGE ( 'NONE', *, *, #2990, .F. ) ;
#1931 = EDGE_LOOP ( 'NONE', ( #1821, #5700, #4634, #4197 ) ) ;
#1932 = CARTESIAN_POINT ( 'NONE',  ( 114.1415715982499250, 30.58414193256952274, 108.7499999999996874 ) ) ;
#1933 = CARTESIAN_POINT ( 'NONE',  ( 83.50000000000049738, 67.66597785787105579, 54.24999999999594280 ) ) ;
#1934 = VERTEX_POINT ( 'NONE', #4509 ) ;
#1935 = VECTOR ( 'NONE', #810, 1000.000000000000000 ) ;
#1936 = FACE_BOUND ( 'NONE', #357, .T. ) ;
#1938 = EDGE_CURVE ( 'NONE', #2169, #1394, #5678, .T. ) ;
#1937 = DIRECTION ( 'NONE',  ( 0.000000000000000000, 0.000000000000000000, 1.000000000000000000 ) ) ;
#1939 = ORIENTED_EDGE ( 'NONE', *, *, #4629, .T. ) ;
#1940 = ORIENTED_EDGE ( 'NONE', *, *, #4220, .T. ) ;
#1941 = VECTOR ( 'NONE', #5847, 1000.000000000000000 ) ;
#1942 = VECTOR ( 'NONE', #2394, 1000.000000000000000 ) ;
#1943 = CARTESIAN_POINT ( 'NONE',  ( -93.50000000003511502, 160.0000000000000000, 3.373690216081021157E-11 ) ) ;
#1944 = LINE ( 'NONE', #5556, #5066 ) ;
#1945 = EDGE_LOOP ( 'NONE', ( #4795, #1158, #5592, #570 ) ) ;
#1946 = LINE ( 'NONE', #6808, #3249 ) ;
#1948 = EDGE_CURVE ( 'NONE', #1584, #962, #2114, .T. ) ;
#1947 = LINE ( 'NONE', #2502, #5497 ) ;
#1949 = VECTOR ( 'NONE', #7437, 1000.000000000000000 ) ;
#1950 = ORIENTED_EDGE ( 'NONE', *, *, #7104, .F. ) ;
#1951 = FACE_OUTER_BOUND ( 'NONE', #1636, .T. ) ;
#1952 = LINE ( 'NONE', #3718, #3962 ) ;
#1953 = ORIENTED_EDGE ( 'NONE', *, *, #3433, .T. ) ;
#1954 = CARTESIAN_POINT ( 'NONE',  ( -1.246507886929438602E-15, 9.999999999999998224, 54.24999999999594280 ) ) ;
#1955 = ORIENTED_EDGE ( 'NONE', *, *, #44, .F. ) ;
#1956 = CARTESIAN_POINT ( 'NONE',  ( 9.674856236907512397, 149.9999999999999716, 2.749999999999727329 ) ) ;
#1957 = DIRECTION ( 'NONE',  ( 1.662010515905918563E-16, -1.000000000000000000, 0.000000000000000000 ) ) ;
#1958 = LINE ( 'NONE', #121, #4989 ) ;
#1959 = VECTOR ( 'NONE', #1524, 1000.000000000000000 ) ;
#1960 = CARTESIAN_POINT ( 'NONE',  ( -1.246507886929438602E-15, 9.999999999999998224, 54.24999999999594280 ) ) ;
#1961 = FACE_BOUND ( 'NONE', #222, .T. ) ;
#1962 = ORIENTED_EDGE ( 'NONE', *, *, #96, .F. ) ;
#1963 = VERTEX_POINT ( 'NONE', #6903 ) ;
#1964 = ADVANCED_FACE ( 'NONE', ( #3915 ), #6306, .T. ) ;
#1965 = VECTOR ( 'NONE', #7704, 999.9999999999998863 ) ;
#1966 = LINE ( 'NONE', #3773, #4991 ) ;
#1967 = ADVANCED_FACE ( 'NONE', ( #3955 ), #4586, .F. ) ;
#1968 = DIRECTION ( 'NONE',  ( 1.662010515905918563E-16, -1.000000000000000000, 0.000000000000000000 ) ) ;
#1969 = VECTOR ( 'NONE', #520, 1000.000000000000000 ) ;
#1970 = LINE ( 'NONE', #6832, #7707 ) ;
#1971 = EDGE_LOOP ( 'NONE', ( #3560, #6051, #4820, #1286 ) ) ;
#1972 = ORIENTED_EDGE ( 'NONE', *, *, #486, .F. ) ;
#1973 = ADVANCED_FACE ( 'NONE', ( #1021 ), #5799, .F. ) ;
#1974 = ADVANCED_FACE ( 'NONE', ( #4738 ), #1833, .T. ) ;
#1975 = DIRECTION ( 'NONE',  ( 4.625929269271486111E-15, 0.000000000000000000, 1.000000000000000000 ) ) ;
#1976 = FACE_OUTER_BOUND ( 'NONE', #5251, .T. ) ;
#1977 = AXIS2_PLACEMENT_3D ( 'NONE', #3339, #5070, #6320 ) ;
#1978 = PLANE ( 'NONE',  #2625 ) ;
#1979 = LINE ( 'NONE', #4372, #5001 ) ;
#1980 = ORIENTED_EDGE ( 'NONE', *, *, #502, .F. ) ;
#1981 = ORIENTED_EDGE ( 'NONE', *, *, #2921, .T. ) ;
#1982 = VECTOR ( 'NONE', #7387, 1000.000000000000000 ) ;
#1983 = LINE ( 'NONE', #6060, #2845 ) ;
#1984 = EDGE_CURVE ( 'NONE', #5657, #1864, #1713, .T. ) ;
#1985 = DIRECTION ( 'NONE',  ( -1.000000000000000000, 0.000000000000000000, 3.854941057726246262E-14 ) ) ;
#1986 = VERTEX_POINT ( 'NONE', #4225 ) ;
#1987 = CARTESIAN_POINT ( 'NONE',  ( 88.50000000000000000, 4.000000000000024869, 105.7499999999998295 ) ) ;
#1988 = VECTOR ( 'NONE', #2395, 1000.000000000000000 ) ;
#1989 = DIRECTION ( 'NONE',  ( 1.000000000000000000, 1.246507886929438799E-16, 0.000000000000000000 ) ) ;
#1990 = ORIENTED_EDGE ( 'NONE', *, *, #4242, .T. ) ;
#1991 = FACE_OUTER_BOUND ( 'NONE', #1472, .T. ) ;
#1992 = AXIS2_PLACEMENT_3D ( 'NONE', #7744, #1900, #2378 ) ;
#1993 = LINE ( 'NONE', #6781, #3590 ) ;
#1994 = ORIENTED_EDGE ( 'NONE', *, *, #6383, .F. ) ;
#1995 = VECTOR ( 'NONE', #5597, 1000.000000000000000 ) ;
#1996 = EDGE_CURVE ( 'NONE', #4514, #2304, #534, .T. ) ;
#1997 = LINE ( 'NONE', #4903, #547 ) ;
#1998 = ORIENTED_EDGE ( 'NONE', *, *, #4519, .F. ) ;
#1999 = ORIENTED_EDGE ( 'NONE', *, *, #4161, .T. ) ;
#2000 = CARTESIAN_POINT ( 'NONE',  ( -83.49999999999991473, 9.999999999999987566, 108.7499999999996874 ) ) ;
#2001 = CARTESIAN_POINT ( 'NONE',  ( -4.576065843240377795, 9.999999999999998224, 2.749999999999727329 ) ) ;
#2002 = VECTOR ( 'NONE', #4951, 1000.000000000000000 ) ;
#2003 = DIRECTION ( 'NONE',  ( 0.000000000000000000, 0.000000000000000000, 1.000000000000000000 ) ) ;
#2004 = FACE_BOUND ( 'NONE', #899, .T. ) ;
#2005 = ORIENTED_EDGE ( 'NONE', *, *, #3877, .F. ) ;
#2006 = ORIENTED_EDGE ( 'NONE', *, *, #7651, .T. ) ;
#2007 = CARTESIAN_POINT ( 'NONE',  ( -1.246507886929442940E-15, 9.999999999999998224, 108.7499999999996874 ) ) ;
#2008 = CARTESIAN_POINT ( 'NONE',  ( -2.493015773858885802E-14, 150.0000000000000284, 105.7499999999998295 ) ) ;
#2009 = EDGE_CURVE ( 'NONE', #4113, #7268, #6621, .T. ) ;
#2010 = PLANE ( 'NONE',  #4585 ) ;
#2011 = ORIENTED_EDGE ( 'NONE', *, *, #1865, .F. ) ;
#2012 = ORIENTED_EDGE ( 'NONE', *, *, #7249, .F. ) ;
#2013 = FACE_OUTER_BOUND ( 'NONE', #1606, .T. ) ;
#2014 = LINE ( 'NONE', #4961, #874 ) ;
#2015 = EDGE_CURVE ( 'NONE', #2592, #6381, #3826, .T. ) ;
#2016 = VERTEX_POINT ( 'NONE', #623 ) ;
#2017 = EDGE_CURVE ( 'NONE', #637, #7423, #2388, .T. ) ;
#2018 = ORIENTED_EDGE ( 'NONE', *, *, #387, .F. ) ;
#2019 = EDGE_CURVE ( 'NONE', #406, #5051, #5837, .T. ) ;
#2020 = CARTESIAN_POINT ( 'NONE',  ( 54.52000000000190738, 0.000000000000000000, 40.88999999999936108 ) ) ;
#2021 = PLANE ( 'NONE',  #2933 ) ;
#2022 = ORIENTED_EDGE ( 'NONE', *, *, #5702, .T. ) ;
#2023 = CYLINDRICAL_SURFACE ( 'NONE', #4501, 1.799999999999996048 ) ;
#2024 = FACE_OUTER_BOUND ( 'NONE', #6527, .T. ) ;
#2025 = EDGE_CURVE ( 'NONE', #1008, #7132, #4068, .T. ) ;
#2026 = ORIENTED_EDGE ( 'NONE', *, *, #7391, .F. ) ;
#2027 = ADVANCED_FACE ( 'NONE', ( #3010, #463, #4146, #1673, #5325, #1093, #7713, #2857, #3482, #5879, #5409, #4107, #5951 ), #4664, .F. ) ;
#2028 = PLANE ( 'NONE',  #315 ) ;
#2029 = CARTESIAN_POINT ( 'NONE',  ( -66.69263666784532063, 9.999999999999991118, 108.7499999999996874 ) ) ;
#2030 = VERTEX_POINT ( 'NONE', #7057 ) ;
#2031 = DIRECTION ( 'NONE',  ( -0.2588190451025146888, 0.9659258262890699775, 0.000000000000000000 ) ) ;
#2032 = ORIENTED_EDGE ( 'NONE', *, *, #3003, .F. ) ;
#2033 = EDGE_LOOP ( 'NONE', ( #4013, #434, #4451, #5163 ) ) ;
#2034 = DIRECTION ( 'NONE',  ( 0.000000000000000000, 0.000000000000000000, 1.000000000000000000 ) ) ;
#2035 = CARTESIAN_POINT ( 'NONE',  ( 36.86750549512426289, 9.878618324368270365, 108.7499999999996874 ) ) ;
#2036 = EDGE_CURVE ( 'NONE', #402, #1592, #503, .T. ) ;
#2037 = DIRECTION ( 'NONE',  ( 0.2588190451025145222, -0.9659258262890699775, 0.000000000000000000 ) ) ;
#2038 = LINE ( 'NONE', #5610, #4212 ) ;
#2039 = VERTEX_POINT ( 'NONE', #7673 ) ;
#2040 = ORIENTED_EDGE ( 'NONE', *, *, #7299, .T. ) ;
#2041 = DIRECTION ( 'NONE',  ( -0.9659258262890699775, -0.2588190451025145222, 0.000000000000000000 ) ) ;
#2042 = CARTESIAN_POINT ( 'NONE',  ( -4.576065843240516351, 9.999999999999998224, 54.24999999999594280 ) ) ;
#2043 = EDGE_CURVE ( 'NONE', #6265, #403, #3556, .T. ) ;
#2044 = LINE ( 'NONE', #5581, #3323 ) ;
#2045 = EDGE_LOOP ( 'NONE', ( #4198, #601, #3635, #4772 ) ) ;
#2046 = ORIENTED_EDGE ( 'NONE', *, *, #7306, .F. ) ;
#2047 = CARTESIAN_POINT ( 'NONE',  ( 51.08590345331061400, 149.9999999999999716, 57.24999999999594280 ) ) ;
#2048 = DIRECTION ( 'NONE',  ( 0.000000000000000000, 0.000000000000000000, 1.000000000000000000 ) ) ;
#2049 = VECTOR ( 'NONE', #4977, 1000.000000000000000 ) ;
#2050 = VERTEX_POINT ( 'NONE', #3521 ) ;
#2051 = EDGE_LOOP ( 'NONE', ( #177, #190, #7128, #3910 ) ) ;
#2052 = LINE ( 'NONE', #6367, #94 ) ;
#2053 = VECTOR ( 'NONE', #2997, 1000.000000000000000 ) ;
#2054 = FACE_BOUND ( 'NONE', #3771, .T. ) ;
#2055 = ORIENTED_EDGE ( 'NONE', *, *, #2213, .T. ) ;
#2056 = EDGE_CURVE ( 'NONE', #3166, #1213, #4200, .T. ) ;
#2057 = CARTESIAN_POINT ( 'NONE',  ( 96.50000000000000000, -10.00000000000000000, 78.95000000000007390 ) ) ;
#2058 = CARTESIAN_POINT ( 'NONE',  ( -96.50000000000000000, -8.000000000000000000, -9.750000000000019540 ) ) ;
#2059 = EDGE_LOOP ( 'NONE', ( #2181, #4403, #7038, #5397 ) ) ;
#2060 = VECTOR ( 'NONE', #159, 1000.000000000000000 ) ;
#2061 = CARTESIAN_POINT ( 'NONE',  ( 85.16379680957777509, 22.81957057949400891, 105.7499999999998295 ) ) ;
#2062 = LINE ( 'NONE', #4576, #7102 ) ;
#2063 = EDGE_LOOP ( 'NONE', ( #6868, #7076, #3546, #7410 ) ) ;
#2064 = DIRECTION ( 'NONE',  ( -1.000000000000000000, -0.000000000000000000, 3.469446951953610245E-16 ) ) ;
#2065 = ORIENTED_EDGE ( 'NONE', *, *, #3986, .T. ) ;
#2066 = EDGE_CURVE ( 'NONE', #975, #4978, #6078, .T. ) ;
#2067 = VECTOR ( 'NONE', #1012, 1000.000000000000000 ) ;
#2068 = CARTESIAN_POINT ( 'NONE',  ( 86.69999999999997442, 156.0000000000000284, 108.7499999999996874 ) ) ;
#2069 = PLANE ( 'NONE',  #345 ) ;
#2070 = AXIS2_PLACEMENT_3D ( 'NONE', #7606, #2151, #1561 ) ;
#2071 = DIRECTION ( 'NONE',  ( 0.000000000000000000, 0.000000000000000000, -1.000000000000000000 ) ) ;
#2072 = PLANE ( 'NONE',  #2708 ) ;
#2073 = ORIENTED_EDGE ( 'NONE', *, *, #206, .F. ) ;
#2074 = DIRECTION ( 'NONE',  ( 0.000000000000000000, 0.000000000000000000, 1.000000000000000000 ) ) ;
#2075 = ORIENTED_EDGE ( 'NONE', *, *, #3025, .F. ) ;
#2076 = EDGE_CURVE ( 'NONE', #5458, #3012, #6579, .T. ) ;
#2077 = PLANE ( 'NONE',  #4111 ) ;
#2078 = VECTOR ( 'NONE', #879, 1000.000000000000114 ) ;
#2079 = LINE ( 'NONE', #7347, #2505 ) ;
#2080 = DIRECTION ( 'NONE',  ( 0.2588190451025145222, -0.9659258262890699775, 0.000000000000000000 ) ) ;
#2081 = ORIENTED_EDGE ( 'NONE', *, *, #1721, .T. ) ;
#2082 = AXIS2_PLACEMENT_3D ( 'NONE', #830, #7447, #3098 ) ;
#2083 = ORIENTED_EDGE ( 'NONE', *, *, #6290, .T. ) ;
#2084 = EDGE_CURVE ( 'NONE', #1383, #1165, #7406, .T. ) ;
#2085 = CARTESIAN_POINT ( 'NONE',  ( 97.69999999999994600, 166.2000000000000171, 57.05000000000013216 ) ) ;
#2086 = CARTESIAN_POINT ( 'NONE',  ( 20.02761804100831355, 149.9999999999999716, 2.749999999999727329 ) ) ;
#2087 = AXIS2_PLACEMENT_3D ( 'NONE', #5318, #2850, #4657 ) ;
#2088 = ORIENTED_EDGE ( 'NONE', *, *, #2353, .T. ) ;
#2089 = ORIENTED_EDGE ( 'NONE', *, *, #4444, .T. ) ;
#2090 = CARTESIAN_POINT ( 'NONE',  ( -2.493015773858885802E-14, 150.0000000000000284, 105.7499999999998295 ) ) ;
#2091 = VECTOR ( 'NONE', #257, 1000.000000000000000 ) ;
#2092 = DIRECTION ( 'NONE',  ( -1.826024711554534160E-16, 1.000000000000000000, 0.000000000000000000 ) ) ;
#2093 = EDGE_LOOP ( 'NONE', ( #705, #2155, #3908, #2993 ) ) ;
#2094 = CARTESIAN_POINT ( 'NONE',  ( -93.50000000000035527, 2.000000000000001776, 59.24999999999969447 ) ) ;
#2095 = CARTESIAN_POINT ( 'NONE',  ( -103.5000000000000142, 160.0000000000000000, 97.24999999999978684 ) ) ;
#2096 = AXIS2_PLACEMENT_3D ( 'NONE', #3018, #3051, #5536 ) ;
#2097 = ORIENTED_EDGE ( 'NONE', *, *, #5101, .T. ) ;
#2098 = VECTOR ( 'NONE', #7040, 1000.000000000000000 ) ;
#2099 = ADVANCED_FACE ( 'NONE', ( #1951 ), #699, .T. ) ;
#2100 = LINE ( 'NONE', #6376, #5954 ) ;
#2101 = CARTESIAN_POINT ( 'NONE',  ( 51.08590345331064242, 150.0000000000000284, 108.7499999999996874 ) ) ;
#2102 = VERTEX_POINT ( 'NONE', #7251 ) ;
#2103 = DIRECTION ( 'NONE',  ( -0.000000000000000000, -1.000000000000000000, -0.000000000000000000 ) ) ;
#2104 = ORIENTED_EDGE ( 'NONE', *, *, #59, .F. ) ;
#2105 = VECTOR ( 'NONE', #7672, 999.9999999999998863 ) ;
#2106 = VECTOR ( 'NONE', #4940, 1000.000000000000000 ) ;
#2107 = ORIENTED_EDGE ( 'NONE', *, *, #1437, .F. ) ;
#2108 = CARTESIAN_POINT ( 'NONE',  ( 97.69999999999994600, 166.2000000000000171, 45.94999999999987494 ) ) ;
#2109 = DIRECTION ( 'NONE',  ( 0.000000000000000000, 1.000000000000000000, -0.000000000000000000 ) ) ;
#2110 = ADVANCED_FACE ( 'NONE', ( #148 ), #6033, .F. ) ;
#2111 = AXIS2_PLACEMENT_3D ( 'NONE', #2906, #7074, #3385 ) ;
#2112 = EDGE_CURVE ( 'NONE', #6898, #3099, #6780, .T. ) ;
#2113 = AXIS2_PLACEMENT_3D ( 'NONE', #2574, #6259, #5009 ) ;
#2114 = LINE ( 'NONE', #1523, #2199 ) ;
#2115 = PLANE ( 'NONE',  #4084 ) ;
#2116 = ORIENTED_EDGE ( 'NONE', *, *, #7187, .F. ) ;
#2117 = ADVANCED_FACE ( 'NONE', ( #4417 ), #2578, .T. ) ;
#2118 = LINE ( 'NONE', #6426, #4195 ) ;
#2119 = VERTEX_POINT ( 'NONE', #660 ) ;
#2120 = PLANE ( 'NONE',  #2174 ) ;
#2121 = DIRECTION ( 'NONE',  ( -0.000000000000000000, -0.000000000000000000, 1.000000000000000000 ) ) ;
#2122 = VECTOR ( 'NONE', #3188, 1000.000000000000000 ) ;
#2123 = CARTESIAN_POINT ( 'NONE',  ( -2.699229728619899217E-13, 160.0000000000000000, 97.24999999999948841 ) ) ;
#2124 = EDGE_CURVE ( 'NONE', #2261, #627, #3640, .T. ) ;
#2125 = LINE ( 'NONE', #2755, #6955 ) ;
#2126 = AXIS2_PLACEMENT_3D ( 'NONE', #1229, #4128, #1272 ) ;
#2127 = LINE ( 'NONE', #3966, #3074 ) ;
#2128 = EDGE_LOOP ( 'NONE', ( #4712, #4241, #747, #2940 ) ) ;
#2129 = VERTEX_POINT ( 'NONE', #4898 ) ;
#2130 = LINE ( 'NONE', #4524, #2975 ) ;
#2131 = CARTESIAN_POINT ( 'NONE',  ( -89.50000000000009948, -8.000000000000000000, -5.750000000000025757 ) ) ;
#2132 = ORIENTED_EDGE ( 'NONE', *, *, #7490, .F. ) ;
#2133 = ADVANCED_FACE ( 'NONE', ( #4344 ), #2028, .T. ) ;
#2134 = ORIENTED_EDGE ( 'NONE', *, *, #2832, .T. ) ;
#2135 = CARTESIAN_POINT ( 'NONE',  ( -93.49999999999990052, 160.0000000000000000, -5.750000000000018652 ) ) ;
#2136 = DIRECTION ( 'NONE',  ( 1.000000000000000000, 0.000000000000000000, 0.000000000000000000 ) ) ;
#2137 = ORIENTED_EDGE ( 'NONE', *, *, #1110, .T. ) ;
#2138 = DIRECTION ( 'NONE',  ( 2.775557561562890957E-15, 0.000000000000000000, 1.000000000000000000 ) ) ;
#2139 = DIRECTION ( 'NONE',  ( 1.000000000000000000, 1.662010515905918563E-16, 0.000000000000000000 ) ) ;
#2140 = ORIENTED_EDGE ( 'NONE', *, *, #3651, .F. ) ;
#2141 = EDGE_CURVE ( 'NONE', #255, #6592, #7290, .T. ) ;
#2142 = DIRECTION ( 'NONE',  ( -0.000000000000000000, 1.000000000000000000, -0.000000000000000000 ) ) ;
#2143 = DIRECTION ( 'NONE',  ( 1.387778780781444689E-15, 0.000000000000000000, -1.000000000000000000 ) ) ;
#2144 = ORIENTED_EDGE ( 'NONE', *, *, #5326, .F. ) ;
#2145 = FACE_OUTER_BOUND ( 'NONE', #3671, .T. ) ;
#2146 = VERTEX_POINT ( 'NONE', #781 ) ;
#2147 = DIRECTION ( 'NONE',  ( 1.662010515905918563E-16, -1.000000000000000000, 0.000000000000000000 ) ) ;
#2148 = DIRECTION ( 'NONE',  ( 1.662010515905918563E-16, -1.000000000000000000, 0.000000000000000000 ) ) ;
#2149 = EDGE_CURVE ( 'NONE', #6925, #4837, #1875, .T. ) ;
#2150 = DIRECTION ( 'NONE',  ( 0.000000000000000000, 0.000000000000000000, 1.000000000000000000 ) ) ;
#2151 = DIRECTION ( 'NONE',  ( -0.9659258262890699775, -0.2588190451025145777, 0.000000000000000000 ) ) ;
#2152 = DIRECTION ( 'NONE',  ( 0.000000000000000000, 1.000000000000000000, -0.000000000000000000 ) ) ;
#2153 = ORIENTED_EDGE ( 'NONE', *, *, #4567, .F. ) ;
#2154 = CARTESIAN_POINT ( 'NONE',  ( -2.493015773858876967E-14, 149.9999999999999716, 57.24999999999594280 ) ) ;
#2155 = ORIENTED_EDGE ( 'NONE', *, *, #6538, .F. ) ;
#2156 = CARTESIAN_POINT ( 'NONE',  ( -83.49999999999994316, -1.655421831360723267E-14, 54.24999999999594280 ) ) ;
#2157 = CARTESIAN_POINT ( 'NONE',  ( -103.5000000000000142, 160.0000000000000000, 108.7499999999996732 ) ) ;
#2158 = ADVANCED_FACE ( 'NONE', ( #817 ), #4267, .T. ) ;
#2159 = FACE_BOUND ( 'NONE', #1506, .T. ) ;
#2160 = DIRECTION ( 'NONE',  ( 0.000000000000000000, 0.000000000000000000, 1.000000000000000000 ) ) ;
#2161 = CARTESIAN_POINT ( 'NONE',  ( 16.12945776496111705, 10.00000000000000000, 57.24999999999594280 ) ) ;
#2162 = VERTEX_POINT ( 'NONE', #1369 ) ;
#2163 = ORIENTED_EDGE ( 'NONE', *, *, #1427, .T. ) ;
#2164 = CARTESIAN_POINT ( 'NONE',  ( 95.49999999999995737, -3.200000000000000178, -2.750000000000018652 ) ) ;
#2165 = EDGE_CURVE ( 'NONE', #4680, #5439, #7370, .T. ) ;
#2166 = EDGE_CURVE ( 'NONE', #2183, #2714, #2541, .T. ) ;
#2167 = DIRECTION ( 'NONE',  ( 0.000000000000000000, -1.000000000000000000, 0.000000000000000000 ) ) ;
#2168 = ORIENTED_EDGE ( 'NONE', *, *, #6777, .T. ) ;
#2169 = VERTEX_POINT ( 'NONE', #3163 ) ;
#2170 = PLANE ( 'NONE',  #1718 ) ;
#2171 = DIRECTION ( 'NONE',  ( 0.000000000000000000, 0.000000000000000000, -1.000000000000000000 ) ) ;
#2172 = ORIENTED_EDGE ( 'NONE', *, *, #3877, .T. ) ;
#2173 = EDGE_CURVE ( 'NONE', #235, #3283, #5562, .T. ) ;
#2174 = AXIS2_PLACEMENT_3D ( 'NONE', #7354, #3375, #6139 ) ;
#2175 = CARTESIAN_POINT ( 'NONE',  ( -83.49999999999991473, -1.655421831360722005E-14, 105.7499999999998295 ) ) ;
#2176 = CARTESIAN_POINT ( 'NONE',  ( -0.6779055671934145488, 150.0000000000000284, 108.7499999999996874 ) ) ;
#2177 = ORIENTED_EDGE ( 'NONE', *, *, #5365, .F. ) ;
#2178 = CARTESIAN_POINT ( 'NONE',  ( 86.70000000000000284, -3.199999999999984190, 54.24999999999954525 ) ) ;
#2179 = AXIS2_PLACEMENT_3D ( 'NONE', #1795, #1293, #5914 ) ;
#2180 = DIRECTION ( 'NONE',  ( 0.2588190451025145222, -0.9659258262890699775, 0.000000000000000000 ) ) ;
#2181 = ORIENTED_EDGE ( 'NONE', *, *, #1984, .F. ) ;
#2182 = CARTESIAN_POINT ( 'NONE',  ( -95.49999999999893419, -3.200000000000000178, 100.2499999999999005 ) ) ;
#2183 = VERTEX_POINT ( 'NONE', #2463 ) ;
#2184 = CARTESIAN_POINT ( 'NONE',  ( 93.50000000000068212, 0.000000000000000000, 5.749999999999727329 ) ) ;
#2185 = EDGE_CURVE ( 'NONE', #6792, #6144, #6069, .T. ) ;
#2186 = CARTESIAN_POINT ( 'NONE',  ( -93.50000000000001421, -3.000000000000000000, 92.66742430504395145 ) ) ;
#2187 = CARTESIAN_POINT ( 'NONE',  ( 96.50000000000000000, 0.000000000000000000, 78.95000000000007390 ) ) ;
#2188 = AXIS2_PLACEMENT_3D ( 'NONE', #4490, #6888, #4569 ) ;
#2189 = DIRECTION ( 'NONE',  ( 0.2588190451025145222, -0.9659258262890699775, 0.000000000000000000 ) ) ;
#2190 = DIRECTION ( 'NONE',  ( 1.000000000000000000, 1.662010515905918563E-16, 0.000000000000000000 ) ) ;
#2191 = ORIENTED_EDGE ( 'NONE', *, *, #4932, .T. ) ;
#2192 = VECTOR ( 'NONE', #7265, 999.9999999999998863 ) ;
#2193 = VECTOR ( 'NONE', #2751, 999.9999999999998863 ) ;
#2194 = DIRECTION ( 'NONE',  ( -3.515706244646358664E-13, 0.000000000000000000, -1.000000000000000000 ) ) ;
#2195 = ORIENTED_EDGE ( 'NONE', *, *, #2686, .T. ) ;
#2196 = CARTESIAN_POINT ( 'NONE',  ( -1.246507886929438602E-15, 9.999999999999998224, 54.24999999999594280 ) ) ;
#2197 = CARTESIAN_POINT ( 'NONE',  ( -59.72507713378266914, -16.00328618588321206, 2.749999999999727329 ) ) ;
#2198 = CARTESIAN_POINT ( 'NONE',  ( 0.000000000000000000, -3.200000000000000178, 108.7499999999996874 ) ) ;
#2199 = VECTOR ( 'NONE', #2189, 999.9999999999998863 ) ;
#2200 = ORIENTED_EDGE ( 'NONE', *, *, #6686, .T. ) ;
#2201 = CARTESIAN_POINT ( 'NONE',  ( 47.18774317726370526, 10.00000000000000533, 2.749999999999727329 ) ) ;
#2202 = ADVANCED_FACE ( 'NONE', ( #1991 ), #3087, .F. ) ;
#2203 = CARTESIAN_POINT ( 'NONE',  ( 17.54898896934280472, 4.702237422317963045, 54.24999999999594280 ) ) ;
#2204 = ORIENTED_EDGE ( 'NONE', *, *, #1351, .F. ) ;
#2205 = ORIENTED_EDGE ( 'NONE', *, *, #3746, .F. ) ;
#2206 = VECTOR ( 'NONE', #1771, 1000.000000000000000 ) ;
#2207 = LINE ( 'NONE', #7424, #2729 ) ;
#2208 = DIRECTION ( 'NONE',  ( 1.000000000000000000, 1.982541115402065110E-16, -0.000000000000000000 ) ) ;
#2209 = ORIENTED_EDGE ( 'NONE', *, *, #4534, .F. ) ;
#2210 = VECTOR ( 'NONE', #4740, 1000.000000000000000 ) ;
#2211 = ADVANCED_FACE ( 'NONE', ( #5751 ), #6894, .F. ) ;
#2212 = ORIENTED_EDGE ( 'NONE', *, *, #7218, .F. ) ;
#2213 = EDGE_CURVE ( 'NONE', #3778, #1577, #6930, .T. ) ;
#2214 = LINE ( 'NONE', #1469, #3100 ) ;
#2215 = FACE_OUTER_BOUND ( 'NONE', #7427, .T. ) ;
#2216 = ORIENTED_EDGE ( 'NONE', *, *, #7293, .F. ) ;
#2217 = CIRCLE ( 'NONE', #6599, 2.000000000000001776 ) ;
#2218 = LINE ( 'NONE', #4614, #7389 ) ;
#2219 = CARTESIAN_POINT ( 'NONE',  ( 1.140404673924322588E-13, 149.9999999999999716, 5.749999999999727329 ) ) ;
#2220 = VERTEX_POINT ( 'NONE', #5669 ) ;
#2221 = VECTOR ( 'NONE', #4021, 1000.000000000000000 ) ;
#2222 = DIRECTION ( 'NONE',  ( 0.2588190451025144112, -0.9659258262890700886, 0.000000000000000000 ) ) ;
#2223 = ORIENTED_EDGE ( 'NONE', *, *, #2250, .T. ) ;
#2224 = LINE ( 'NONE', #7020, #7071 ) ;
#2225 = VERTEX_POINT ( 'NONE', #263 ) ;
#2226 = LINE ( 'NONE', #561, #3473 ) ;
#2227 = DIRECTION ( 'NONE',  ( 1.662010515905918563E-16, -1.000000000000000000, 0.000000000000000000 ) ) ;
#2228 = VECTOR ( 'NONE', #5733, 1000.000000000000000 ) ;
#2229 = CARTESIAN_POINT ( 'NONE',  ( -88.50000000000000000, 156.0000000000000000, 105.7499999999998295 ) ) ;
#2230 = EDGE_CURVE ( 'NONE', #5277, #5466, #1572, .T. ) ;
#2231 = PLANE ( 'NONE',  #5828 ) ;
#2232 = AXIS2_PLACEMENT_3D ( 'NONE', #1102, #5298, #6511 ) ;
#2233 = DIRECTION ( 'NONE',  ( -1.000000000000000000, 0.000000000000000000, -7.421276902574575884E-17 ) ) ;
#2234 = ORIENTED_EDGE ( 'NONE', *, *, #918, .T. ) ;
#2235 = VECTOR ( 'NONE', #5264, 1000.000000000000000 ) ;
#2236 = DIRECTION ( 'NONE',  ( 1.000000000000000000, 1.246507886929438799E-16, 0.000000000000000000 ) ) ;
#2237 = VERTEX_POINT ( 'NONE', #6224 ) ;
#2238 = DIRECTION ( 'NONE',  ( 1.246507886929438799E-16, -1.000000000000000000, 0.000000000000000000 ) ) ;
#2239 = CARTESIAN_POINT ( 'NONE',  ( -59.72507713378280414, -16.00328618588321206, 54.24999999999594280 ) ) ;
#2240 = FACE_OUTER_BOUND ( 'NONE', #308, .T. ) ;
#2241 = AXIS2_PLACEMENT_3D ( 'NONE', #7367, #3866, #3311 ) ;
#2242 = VECTOR ( 'NONE', #531, 1000.000000000000000 ) ;
#2243 = LINE ( 'NONE', #2790, #1941 ) ;
#2244 = DIRECTION ( 'NONE',  ( -0.000000000000000000, -0.000000000000000000, 1.000000000000000000 ) ) ;
#2245 = VERTEX_POINT ( 'NONE', #3829 ) ;
#2246 = ORIENTED_EDGE ( 'NONE', *, *, #5028, .T. ) ;
#2247 = VECTOR ( 'NONE', #6838, 1000.000000000000000 ) ;
#2248 = VECTOR ( 'NONE', #3790, 1000.000000000000000 ) ;
#2249 = CARTESIAN_POINT ( 'NONE',  ( -1.246507886929438602E-15, 9.999999999999998224, 57.24999999999594280 ) ) ;
#2250 = EDGE_CURVE ( 'NONE', #2566, #5557, #378, .T. ) ;
#2251 = DIRECTION ( 'NONE',  ( -1.982541115402065110E-16, 1.000000000000000000, 0.000000000000000000 ) ) ;
#2252 = ORIENTED_EDGE ( 'NONE', *, *, #502, .T. ) ;
#2253 = EDGE_LOOP ( 'NONE', ( #4070, #7618, #3851, #2307, #7097, #1805, #3386, #3227, #1255, #1270, #1332, #1646, #1981, #4822, #2888, #2766, #2451 ) ) ;
#2254 = CARTESIAN_POINT ( 'NONE',  ( 6.349087922075074838E-14, 160.0000000000000000, 45.74999999999975842 ) ) ;
#2255 = FACE_BOUND ( 'NONE', #3595, .T. ) ;
#2256 = VERTEX_POINT ( 'NONE', #1550 ) ;
#2257 = DIRECTION ( 'NONE',  ( 1.000000000000000000, 1.662010515905923740E-16, 0.000000000000000000 ) ) ;
#2258 = EDGE_CURVE ( 'NONE', #4993, #380, #2100, .T. ) ;
#2259 = EDGE_CURVE ( 'NONE', #1383, #3898, #5307, .T. ) ;
#2260 = FACE_BOUND ( 'NONE', #2287, .T. ) ;
#2261 = VERTEX_POINT ( 'NONE', #5129 ) ;
#2262 = ADVANCED_FACE ( 'NONE', ( #7692 ), #1436, .T. ) ;
#2263 = CARTESIAN_POINT ( 'NONE',  ( 0.000000000000000000, 166.2000000000000171, 45.94999999999987494 ) ) ;
#2264 = DIRECTION ( 'NONE',  ( -1.000000000000000000, 0.000000000000000000, -1.387778780781448831E-15 ) ) ;
#2265 = EDGE_LOOP ( 'NONE', ( #6029, #3155, #7214, #907 ) ) ;
#2266 = CARTESIAN_POINT ( 'NONE',  ( 100.5000000000001137, -24.12451549659737893, -9.750000000000715872 ) ) ;
#2267 = EDGE_CURVE ( 'NONE', #6848, #7647, #927, .T. ) ;
#2268 = EDGE_CURVE ( 'NONE', #2580, #2146, #3314, .T. ) ;
#2269 = LINE ( 'NONE', #1053, #6623 ) ;
#2270 = DIRECTION ( 'NONE',  ( 1.000000000000000000, 0.000000000000000000, 2.428612866367527723E-14 ) ) ;
#2271 = CARTESIAN_POINT ( 'NONE',  ( 30.38037984510913603, 149.9999999999999716, 2.749999999999727329 ) ) ;
#2272 = ORIENTED_EDGE ( 'NONE', *, *, #7276, .F. ) ;
#2273 = LINE ( 'NONE', #427, #195 ) ;
#2274 = ORIENTED_EDGE ( 'NONE', *, *, #3781, .T. ) ;
#2275 = DIRECTION ( 'NONE',  ( 1.000000000000000000, 1.246507886929438799E-16, 0.000000000000000000 ) ) ;
#2276 = FACE_OUTER_BOUND ( 'NONE', #6711, .T. ) ;
#2277 = EDGE_CURVE ( 'NONE', #7597, #3642, #5641, .T. ) ;
#2278 = DIRECTION ( 'NONE',  ( -0.000000000000000000, -0.000000000000000000, 1.000000000000000000 ) ) ;
#2279 = CARTESIAN_POINT ( 'NONE',  ( 96.50000000000000000, -24.12451549659737893, -8.050000000000020250 ) ) ;
#2280 = PLANE ( 'NONE',  #7346 ) ;
#2281 = ORIENTED_EDGE ( 'NONE', *, *, #1537, .T. ) ;
#2282 = ORIENTED_EDGE ( 'NONE', *, *, #3403, .T. ) ;
#2283 = DIRECTION ( 'NONE',  ( 1.000000000000000000, 1.246507886929438799E-16, 0.000000000000000000 ) ) ;
#2284 = EDGE_CURVE ( 'NONE', #2422, #3858, #971, .T. ) ;
#2285 = LINE ( 'NONE', #443, #6252 ) ;
#2286 = ORIENTED_EDGE ( 'NONE', *, *, #769, .F. ) ;
#2287 = EDGE_LOOP ( 'NONE', ( #3226, #4014 ) ) ;
#2288 = LINE ( 'NONE', #5820, #4857 ) ;
#2289 = FACE_BOUND ( 'NONE', #5089, .T. ) ;
#2290 = ORIENTED_EDGE ( 'NONE', *, *, #6197, .F. ) ;
#2291 = CARTESIAN_POINT ( 'NONE',  ( -83.49999999999995737, 149.9999999999999716, 57.24999999999594280 ) ) ;
#2292 = CARTESIAN_POINT ( 'NONE',  ( -1.246507886929442940E-15, 9.999999999999998224, 105.7499999999998295 ) ) ;
#2293 = ORIENTED_EDGE ( 'NONE', *, *, #1784, .F. ) ;
#2294 = EDGE_CURVE ( 'NONE', #2030, #1782, #2690, .T. ) ;
#2295 = LINE ( 'NONE', #1785, #216 ) ;
#2296 = CARTESIAN_POINT ( 'NONE',  ( 99.49999999999991473, 155.0000000000000000, -1.864827736675067626E-14 ) ) ;
#2297 = ORIENTED_EDGE ( 'NONE', *, *, #3450, .T. ) ;
#2298 = CARTESIAN_POINT ( 'NONE',  ( 7.889730706452168896, 2.114046971292835586, 105.7499999999998295 ) ) ;
#2299 = LINE ( 'NONE', #2339, #2987 ) ;
#2300 = VECTOR ( 'NONE', #2103, 1000.000000000000000 ) ;
#2301 = CARTESIAN_POINT ( 'NONE',  ( -83.49999999999982947, 149.9999999999999716, 2.749999999999727329 ) ) ;
#2302 = EDGE_CURVE ( 'NONE', #4259, #4784, #3573, .T. ) ;
#2303 = LINE ( 'NONE', #6461, #4464 ) ;
#2304 = VERTEX_POINT ( 'NONE', #1594 ) ;
#2305 = EDGE_CURVE ( 'NONE', #1308, #5092, #4452, .T. ) ;
#2306 = CARTESIAN_POINT ( 'NONE',  ( -83.49999999999995737, 149.9999999999999716, 54.24999999999594280 ) ) ;
#2307 = ORIENTED_EDGE ( 'NONE', *, *, #5842, .T. ) ;
#2308 = CIRCLE ( 'NONE', #2563, 1.999999999999996225 ) ;
#2309 = PLANE ( 'NONE',  #3548 ) ;
#2310 = CARTESIAN_POINT ( 'NONE',  ( 65.84528028379638442, 17.64318967744371491, 105.7499999999998295 ) ) ;
#2311 = CARTESIAN_POINT ( 'NONE',  ( 61.43866525741148621, 150.0000000000000284, 105.7499999999998295 ) ) ;
#2312 = AXIS2_PLACEMENT_3D ( 'NONE', #757, #3685, #1337 ) ;
#2313 = FACE_OUTER_BOUND ( 'NONE', #3932, .T. ) ;
#2314 = VECTOR ( 'NONE', #6158, 1000.000000000000000 ) ;
#2315 = CARTESIAN_POINT ( 'NONE',  ( -30.74730234511055826, -8.238714832807765731, 2.749999999999727329 ) ) ;
#2316 = ORIENTED_EDGE ( 'NONE', *, *, #2900, .T. ) ;
#2317 = EDGE_CURVE ( 'NONE', #1858, #512, #5084, .T. ) ;
#2318 = ORIENTED_EDGE ( 'NONE', *, *, #3171, .F. ) ;
#2319 = DIRECTION ( 'NONE',  ( 1.000000000000000000, 1.662010515905918563E-16, 0.000000000000000000 ) ) ;
#2320 = AXIS2_PLACEMENT_3D ( 'NONE', #4575, #6971, #7473 ) ;
#2321 = CARTESIAN_POINT ( 'NONE',  ( -1.246507886929442940E-15, 9.999999999999998224, 105.7499999999998295 ) ) ;
#2322 = ORIENTED_EDGE ( 'NONE', *, *, #1120, .T. ) ;
#2323 = CARTESIAN_POINT ( 'NONE',  ( 0.000000000000000000, 2.000000000000000000, 7.749999999999980460 ) ) ;
#2324 = ORIENTED_EDGE ( 'NONE', *, *, #600, .F. ) ;
#2325 = EDGE_CURVE ( 'NONE', #6785, #4987, #3868, .T. ) ;
#2326 = VECTOR ( 'NONE', #7539, 1000.000000000000000 ) ;
#2327 = LINE ( 'NONE', #2951, #2476 ) ;
#2328 = CARTESIAN_POINT ( 'NONE',  ( 83.49999999999992895, 67.66597785787331532, 105.7499999999998295 ) ) ;
#2329 = ORIENTED_EDGE ( 'NONE', *, *, #873, .T. ) ;
#2330 = PLANE ( 'NONE',  #4375 ) ;
#2331 = CARTESIAN_POINT ( 'NONE',  ( -95.49999999999994316, -3.200000000000000178, -2.409688610265963800E-13 ) ) ;
#2332 = AXIS2_PLACEMENT_3D ( 'NONE', #5880, #2893, #1170 ) ;
#2333 = ORIENTED_EDGE ( 'NONE', *, *, #6712, .T. ) ;
#2334 = CARTESIAN_POINT ( 'NONE',  ( -1.246507886929438602E-15, 9.999999999999998224, 54.24999999999594280 ) ) ;
#2335 = VECTOR ( 'NONE', #3195, 1000.000000000000114 ) ;
#2336 = CARTESIAN_POINT ( 'NONE',  ( -45.98711305964371832, 9.999999999999984013, 105.7499999999998295 ) ) ;
#2337 = EDGE_LOOP ( 'NONE', ( #4912, #2212, #4018, #4659 ) ) ;
#2338 = DIRECTION ( 'NONE',  ( -0.000000000000000000, -1.000000000000000000, -0.000000000000000000 ) ) ;
#2339 = CARTESIAN_POINT ( 'NONE',  ( 90.30000000000001137, -3.199999999999983746, 2.749999999999981348 ) ) ;
#2340 = EDGE_CURVE ( 'NONE', #5781, #1294, #1515, .T. ) ;
#2341 = ORIENTED_EDGE ( 'NONE', *, *, #734, .T. ) ;
#2342 = VECTOR ( 'NONE', #4919, 1000.000000000000000 ) ;
#2343 = CARTESIAN_POINT ( 'NONE',  ( 96.50000000000000000, 0.000000000000000000, -9.750000000000019540 ) ) ;
#2344 = FACE_OUTER_BOUND ( 'NONE', #3592, .T. ) ;
#2345 = ORIENTED_EDGE ( 'NONE', *, *, #3598, .T. ) ;
#2346 = DIRECTION ( 'NONE',  ( 0.000000000000000000, 0.000000000000000000, 1.000000000000000000 ) ) ;
#2347 = ORIENTED_EDGE ( 'NONE', *, *, #4902, .F. ) ;
#2348 = AXIS2_PLACEMENT_3D ( 'NONE', #5343, #2402, #1729 ) ;
#2349 = DIRECTION ( 'NONE',  ( -0.000000000000000000, -1.000000000000000000, -0.000000000000000000 ) ) ;
#2350 = DIRECTION ( 'NONE',  ( 0.000000000000000000, 0.000000000000000000, 1.000000000000000000 ) ) ;
#2351 = CARTESIAN_POINT ( 'NONE',  ( -4.576065843240458619, 9.999999999999998224, 105.7499999999998295 ) ) ;
#2352 = ADVANCED_FACE ( 'NONE', ( #6296 ), #5789, .F. ) ;
#2353 = EDGE_CURVE ( 'NONE', #6530, #7540, #1448, .T. ) ;
#2354 = AXIS2_PLACEMENT_3D ( 'NONE', #3565, #5960, #510 ) ;
#2355 = VECTOR ( 'NONE', #6466, 1000.000000000000000 ) ;
#2356 = DIRECTION ( 'NONE',  ( 0.2588190451025145222, -0.9659258262890699775, 0.000000000000000000 ) ) ;
#2357 = EDGE_CURVE ( 'NONE', #3613, #1895, #131, .T. ) ;
#2358 = CARTESIAN_POINT ( 'NONE',  ( -11.42878581932929194, -3.062333930757471734, 57.24999999999594280 ) ) ;
#2359 = ORIENTED_EDGE ( 'NONE', *, *, #6025, .F. ) ;
#2360 = VERTEX_POINT ( 'NONE', #7155 ) ;
#2361 = CARTESIAN_POINT ( 'NONE',  ( 83.49999999999992895, 67.66597785787331532, 105.7499999999998295 ) ) ;
#2362 = AXIS2_PLACEMENT_3D ( 'NONE', #1830, #4896, #657 ) ;
#2363 = VECTOR ( 'NONE', #2338, 1000.000000000000000 ) ;
#2365 = EDGE_CURVE ( 'NONE', #1873, #406, #2523, .T. ) ;
#2364 = CARTESIAN_POINT ( 'NONE',  ( 0.000000000000000000, 160.0000000000000000, 0.000000000000000000 ) ) ;
#2366 = ORIENTED_EDGE ( 'NONE', *, *, #4432, .F. ) ;
#2367 = VECTOR ( 'NONE', #7622, 1000.000000000000000 ) ;
#2368 = DIRECTION ( 'NONE',  ( -0.000000000000000000, 1.000000000000000000, -0.000000000000000000 ) ) ;
#2369 = EDGE_LOOP ( 'NONE', ( #4157, #6563, #1250, #1794 ) ) ;
#2370 = VECTOR ( 'NONE', #5980, 1000.000000000000000 ) ;
#2371 = EDGE_LOOP ( 'NONE', ( #2525, #6106, #5014, #6308 ) ) ;
#2372 = CARTESIAN_POINT ( 'NONE',  ( -30.74730234511063287, -8.238714832807747968, 105.7499999999998295 ) ) ;
#2373 = DIRECTION ( 'NONE',  ( 0.2588190451025145777, -0.9659258262890699775, 0.000000000000000000 ) ) ;
#2374 = CARTESIAN_POINT ( 'NONE',  ( -1.246507886929438602E-15, 9.999999999999998224, 54.24999999999594280 ) ) ;
#2375 = ORIENTED_EDGE ( 'NONE', *, *, #1554, .T. ) ;
#2376 = CARTESIAN_POINT ( 'NONE',  ( 96.50000000000000000, -8.000000000000000000, 77.25000000000005684 ) ) ;
#2377 = VECTOR ( 'NONE', #1733, 1000.000000000000000 ) ;
#2379 = EDGE_CURVE ( 'NONE', #1149, #3991, #1232, .T. ) ;
#2378 = DIRECTION ( 'NONE',  ( 0.000000000000000000, 0.000000000000000000, 1.000000000000000000 ) ) ;
#2380 = EDGE_LOOP ( 'NONE', ( #2442, #2132, #7462, #2688 ) ) ;
#2381 = DIRECTION ( 'NONE',  ( 1.000000000000000000, -0.000000000000000000, 0.000000000000000000 ) ) ;
#2382 = FACE_OUTER_BOUND ( 'NONE', #678, .T. ) ;
#2383 = ORIENTED_EDGE ( 'NONE', *, *, #4561, .T. ) ;
#2384 = DIRECTION ( 'NONE',  ( 1.000000000000000000, 1.246507886929438799E-16, 0.000000000000000000 ) ) ;
#2386 = EDGE_CURVE ( 'NONE', #5978, #1058, #1697, .T. ) ;
#2385 = LINE ( 'NONE', #6151, #7380 ) ;
#2387 = EDGE_LOOP ( 'NONE', ( #1330, #1734, #2191, #3217 ) ) ;
#2388 = LINE ( 'NONE', #2892, #1692 ) ;
#2389 = DIRECTION ( 'NONE',  ( 1.000000000000000000, -1.982541115402064617E-16, 0.000000000000000000 ) ) ;
#2390 = ORIENTED_EDGE ( 'NONE', *, *, #6048, .T. ) ;
#2391 = LINE ( 'NONE', #4861, #2807 ) ;
#2392 = ORIENTED_EDGE ( 'NONE', *, *, #2277, .T. ) ;
#2393 = ADVANCED_FACE ( 'NONE', ( #1736 ), #4130, .F. ) ;
#2394 = DIRECTION ( 'NONE',  ( 1.000000000000000000, 1.246507886929443236E-16, 0.000000000000000000 ) ) ;
#2395 = DIRECTION ( 'NONE',  ( 0.000000000000000000, 1.000000000000000000, -0.000000000000000000 ) ) ;
#2396 = CARTESIAN_POINT ( 'NONE',  ( -93.49999999999990052, 160.0000000000000000, 0.000000000000000000 ) ) ;
#2397 = LINE ( 'NONE', #3567, #6702 ) ;
#2398 = DIRECTION ( 'NONE',  ( -0.000000000000000000, -1.000000000000000000, -0.000000000000000000 ) ) ;
#2399 = ORIENTED_EDGE ( 'NONE', *, *, #7695, .F. ) ;
#2400 = EDGE_LOOP ( 'NONE', ( #3621, #4185, #4754, #1823 ) ) ;
#2401 = EDGE_CURVE ( 'NONE', #6856, #6929, #4163, .T. ) ;
#2402 = DIRECTION ( 'NONE',  ( -1.000000000000000000, 0.000000000000000000, -4.625929269271485322E-15 ) ) ;
#2403 = CARTESIAN_POINT ( 'NONE',  ( 36.86750549512421316, 9.878618324368254378, 54.24999999999594280 ) ) ;
#2404 = ORIENTED_EDGE ( 'NONE', *, *, #682, .F. ) ;
#2405 = DIRECTION ( 'NONE',  ( -2.413528314402514287E-15, 0.000000000000000000, 1.000000000000000000 ) ) ;
#2406 = EDGE_LOOP ( 'NONE', ( #7463, #2144, #2929, #2543 ) ) ;
#2407 = ORIENTED_EDGE ( 'NONE', *, *, #5616, .F. ) ;
#2408 = EDGE_CURVE ( 'NONE', #255, #6358, #4762, .T. ) ;
#2409 = CARTESIAN_POINT ( 'NONE',  ( -83.49999999999992895, 111.3629669484362381, 105.7499999999998295 ) ) ;
#2410 = LINE ( 'NONE', #4167, #3561 ) ;
#2411 = CARTESIAN_POINT ( 'NONE',  ( 27.20824723223365638, 7.290427873343113596, 2.749999999999727329 ) ) ;
#2412 = ORIENTED_EDGE ( 'NONE', *, *, #4317, .T. ) ;
#2413 = DIRECTION ( 'NONE',  ( -0.000000000000000000, 0.000000000000000000, 1.000000000000000000 ) ) ;
#2414 = CARTESIAN_POINT ( 'NONE',  ( 0.000000000000000000, 0.000000000000000000, 0.000000000000000000 ) ) ;
#2415 = ORIENTED_EDGE ( 'NONE', *, *, #4891, .F. ) ;
#2416 = EDGE_LOOP ( 'NONE', ( #3719, #526 ) ) ;
#2417 = CARTESIAN_POINT ( 'NONE',  ( -95.49999999999945999, 160.0000000000000000, 54.24999999999993605 ) ) ;
#2418 = CARTESIAN_POINT ( 'NONE',  ( -99.49999999999990052, 160.0000000000000000, -1.864827736675008304E-14 ) ) ;
#2419 = VERTEX_POINT ( 'NONE', #1154 ) ;
#2420 = PLANE ( 'NONE',  #6879 ) ;
#2421 = CARTESIAN_POINT ( 'NONE',  ( 1.140404673924322588E-13, 149.9999999999999716, 2.749999999999727329 ) ) ;
#2422 = VERTEX_POINT ( 'NONE', #3027 ) ;
#2423 = DIRECTION ( 'NONE',  ( 0.000000000000000000, 0.000000000000000000, 1.000000000000000000 ) ) ;
#2424 = DIRECTION ( 'NONE',  ( 0.9659258262890698665, 0.2588190451025146888, -0.000000000000000000 ) ) ;
#2425 = ORIENTED_EDGE ( 'NONE', *, *, #5514, .F. ) ;
#2426 = EDGE_CURVE ( 'NONE', #6784, #5527, #6050, .T. ) ;
#2427 = DIRECTION ( 'NONE',  ( 0.2588190451025145222, -0.9659258262890699775, 0.000000000000000000 ) ) ;
#2428 = ORIENTED_EDGE ( 'NONE', *, *, #2408, .T. ) ;
#2429 = CARTESIAN_POINT ( 'NONE',  ( 90.29999999999998295, 156.0000000000000284, 105.7499999999998295 ) ) ;
#2430 = PLANE ( 'NONE',  #5498 ) ;
#2431 = CARTESIAN_POINT ( 'NONE',  ( -50.06581887089195959, -13.41509573485805973, 2.749999999999727329 ) ) ;
#2432 = VECTOR ( 'NONE', #5566, 1000.000000000000000 ) ;
#2433 = LINE ( 'NONE', #1725, #690 ) ;
#2434 = EDGE_LOOP ( 'NONE', ( #4229, #4608, #2046, #5273 ) ) ;
#2435 = VECTOR ( 'NONE', #4821, 1000.000000000000000 ) ;
#2436 = EDGE_LOOP ( 'NONE', ( #4886, #7322 ) ) ;
#2437 = DIRECTION ( 'NONE',  ( 8.326672684688667742E-14, 0.000000000000000000, -1.000000000000000000 ) ) ;
#2438 = CYLINDRICAL_SURFACE ( 'NONE', #367, 4.000000000000193623 ) ;
#2439 = AXIS2_PLACEMENT_3D ( 'NONE', #1867, #1708, #3038 ) ;
#2440 = ADVANCED_FACE ( 'NONE', ( #554 ), #1851, .F. ) ;
#2441 = CARTESIAN_POINT ( 'NONE',  ( -90.30000000000001137, 156.0000000000000000, 105.7499999999998295 ) ) ;
#2442 = ORIENTED_EDGE ( 'NONE', *, *, #2675, .F. ) ;
#2443 = ORIENTED_EDGE ( 'NONE', *, *, #4943, .T. ) ;
#2444 = LINE ( 'NONE', #4470, #3725 ) ;
#2445 = VECTOR ( 'NONE', #1642, 1000.000000000000000 ) ;
#2446 = CARTESIAN_POINT ( 'NONE',  ( -90.30000000000001137, 156.0000000000000000, 105.7499999999998295 ) ) ;
#2447 = ORIENTED_EDGE ( 'NONE', *, *, #5526, .F. ) ;
#2448 = PLANE ( 'NONE',  #7137 ) ;
#2449 = FACE_OUTER_BOUND ( 'NONE', #5235, .T. ) ;
#2450 = EDGE_CURVE ( 'NONE', #5408, #4291, #4797, .T. ) ;
#2451 = ORIENTED_EDGE ( 'NONE', *, *, #3183, .F. ) ;
#2452 = EDGE_CURVE ( 'NONE', #262, #2245, #7228, .T. ) ;
#2453 = VECTOR ( 'NONE', #188, 1000.000000000000114 ) ;
#2454 = VERTEX_POINT ( 'NONE', #2441 ) ;
#2455 = CARTESIAN_POINT ( 'NONE',  ( -103.4999999999998153, 2.000000000000001776, 59.25000000000009237 ) ) ;
#2456 = CARTESIAN_POINT ( 'NONE',  ( -83.49999999999982947, 149.9999999999999716, 2.749999999999727329 ) ) ;
#2457 = VERTEX_POINT ( 'NONE', #88 ) ;
#2458 = CARTESIAN_POINT ( 'NONE',  ( -93.49999999999994316, 2.000000000000001776, 5.749999999999980460 ) ) ;
#2459 = CARTESIAN_POINT ( 'NONE',  ( -35.63435125554294558, 9.999999999999991118, 57.24999999999594280 ) ) ;
#2460 = ORIENTED_EDGE ( 'NONE', *, *, #6730, .F. ) ;
#2461 = EDGE_CURVE ( 'NONE', #1986, #445, #7190, .T. ) ;
#2462 = VECTOR ( 'NONE', #7328, 1000.000000000000000 ) ;
#2463 = CARTESIAN_POINT ( 'NONE',  ( 95.50000000000054001, 160.0000000000000000, 48.74999999999999289 ) ) ;
#2464 = DIRECTION ( 'NONE',  ( 0.000000000000000000, 0.000000000000000000, 1.000000000000000000 ) ) ;
#2465 = ORIENTED_EDGE ( 'NONE', *, *, #1498, .F. ) ;
#2466 = LINE ( 'NONE', #2973, #809 ) ;
#2467 = ORIENTED_EDGE ( 'NONE', *, *, #5702, .F. ) ;
#2468 = FACE_OUTER_BOUND ( 'NONE', #230, .T. ) ;
#2469 = CARTESIAN_POINT ( 'NONE',  ( 0.000000000000000000, 166.2000000000000171, 57.05000000000013216 ) ) ;
#2470 = VECTOR ( 'NONE', #6186, 1000.000000000000000 ) ;
#2471 = LINE ( 'NONE', #6706, #4481 ) ;
#2472 = EDGE_CURVE ( 'NONE', #7316, #7591, #1307, .T. ) ;
#2473 = FACE_OUTER_BOUND ( 'NONE', #218, .T. ) ;
#2474 = CARTESIAN_POINT ( 'NONE',  ( 90.30000000000001137, 1.648900314533744604E-14, 105.7499999999998295 ) ) ;
#2475 = EDGE_LOOP ( 'NONE', ( #6391, #7458, #1039, #2428 ) ) ;
#2476 = VECTOR ( 'NONE', #4682, 1000.000000000000000 ) ;
#2477 = VERTEX_POINT ( 'NONE', #5424 ) ;
#2478 = CARTESIAN_POINT ( 'NONE',  ( -50.06581887089203065, -13.41509573485805262, 105.7499999999998295 ) ) ;
#2479 = AXIS2_PLACEMENT_3D ( 'NONE', #4571, #2803, #491 ) ;
#2480 = LINE ( 'NONE', #7271, #1002 ) ;
#2481 = VECTOR ( 'NONE', #2283, 1000.000000000000000 ) ;
#2482 = PLANE ( 'NONE',  #571 ) ;
#2483 = ORIENTED_EDGE ( 'NONE', *, *, #7299, .F. ) ;
#2484 = EDGE_LOOP ( 'NONE', ( #5145, #5229, #5560, #5881 ) ) ;
#2485 = LINE ( 'NONE', #4884, #7727 ) ;
#2486 = VECTOR ( 'NONE', #5608, 1000.000000000000000 ) ;
#2487 = LINE ( 'NONE', #5032, #5612 ) ;
#2488 = ORIENTED_EDGE ( 'NONE', *, *, #1742, .T. ) ;
#2489 = ADVANCED_FACE ( 'NONE', ( #4248 ), #2482, .T. ) ;
#2490 = DIRECTION ( 'NONE',  ( 1.000000000000000000, 0.000000000000000000, -7.421276902574575884E-17 ) ) ;
#2491 = CYLINDRICAL_SURFACE ( 'NONE', #1735, 2.000000000000001776 ) ;
#2492 = VECTOR ( 'NONE', #5991, 1000.000000000000000 ) ;
#2493 = ORIENTED_EDGE ( 'NONE', *, *, #4469, .F. ) ;
#2494 = VECTOR ( 'NONE', #4777, 1000.000000000000000 ) ;
#2495 = VERTEX_POINT ( 'NONE', #6642 ) ;
#2496 = LINE ( 'NONE', #4378, #2713 ) ;
#2497 = LINE ( 'NONE', #6146, #4313 ) ;
#2498 = EDGE_LOOP ( 'NONE', ( #3835, #5118, #1035, #951 ) ) ;
#2499 = EDGE_CURVE ( 'NONE', #2818, #7573, #1273, .T. ) ;
#2500 = AXIS2_PLACEMENT_3D ( 'NONE', #7001, #4562, #1580 ) ;
#2501 = CARTESIAN_POINT ( 'NONE',  ( 1.377241172440915905E-13, 9.999999999999998224, 2.749999999999727329 ) ) ;
#2502 = CARTESIAN_POINT ( 'NONE',  ( -2.493015773858885802E-14, 150.0000000000000284, 105.7499999999998295 ) ) ;
#2503 = EDGE_CURVE ( 'NONE', #4098, #4113, #763, .T. ) ;
#2504 = ORIENTED_EDGE ( 'NONE', *, *, #2084, .F. ) ;
#2505 = VECTOR ( 'NONE', #3293, 1000.000000000000000 ) ;
#2506 = CARTESIAN_POINT ( 'NONE',  ( -8.347489366399717192E-12, -3.200000000000000178, 100.2499999999919424 ) ) ;
#2507 = CARTESIAN_POINT ( 'NONE',  ( 17.54898896934294328, 4.702237422317963045, 2.749999999999727329 ) ) ;
#2508 = ORIENTED_EDGE ( 'NONE', *, *, #7269, .F. ) ;
#2509 = FACE_OUTER_BOUND ( 'NONE', #5992, .T. ) ;
#2510 = EDGE_LOOP ( 'NONE', ( #265, #485, #1972, #6555 ) ) ;
#2511 = EDGE_CURVE ( 'NONE', #5341, #3663, #5544, .T. ) ;
#2512 = EDGE_CURVE ( 'NONE', #7188, #1384, #1419, .T. ) ;
#2513 = LINE ( 'NONE', #4905, #5190 ) ;
#2514 = CARTESIAN_POINT ( 'NONE',  ( -93.49999999999998579, 2.000000000000000000, 41.16742430504404382 ) ) ;
#2515 = PLANE ( 'NONE',  #5989 ) ;
#2516 = DIRECTION ( 'NONE',  ( -0.000000000000000000, -1.000000000000000000, -0.000000000000000000 ) ) ;
#2517 = LINE ( 'NONE', #4311, #6718 ) ;
#2518 = VERTEX_POINT ( 'NONE', #1501 ) ;
#2519 = ORIENTED_EDGE ( 'NONE', *, *, #3333, .F. ) ;
#2520 = ADVANCED_FACE ( 'NONE', ( #2671 ), #2010, .T. ) ;
#2521 = CYLINDRICAL_SURFACE ( 'NONE', #3235, 5.000000000000004441 ) ;
#2522 = CARTESIAN_POINT ( 'NONE',  ( 94.82305507246847753, 25.40776103051914703, 105.7499999999998295 ) ) ;
#2523 = LINE ( 'NONE', #1811, #948 ) ;
#2524 = ORIENTED_EDGE ( 'NONE', *, *, #6193, .F. ) ;
#2525 = ORIENTED_EDGE ( 'NONE', *, *, #1536, .T. ) ;
#2526 = LINE ( 'NONE', #3739, #334 ) ;
#2527 = EDGE_CURVE ( 'NONE', #3141, #2162, #5067, .T. ) ;
#2528 = DIRECTION ( 'NONE',  ( 1.826024711554534653E-16, -1.000000000000000000, 0.000000000000000000 ) ) ;
#2529 = PLANE ( 'NONE',  #5927 ) ;
#2530 = DIRECTION ( 'NONE',  ( -1.387778780781445676E-15, 0.000000000000000000, 1.000000000000000000 ) ) ;
#2531 = DIRECTION ( 'NONE',  ( 1.000000000000000000, 0.000000000000000000, 0.000000000000000000 ) ) ;
#2532 = ORIENTED_EDGE ( 'NONE', *, *, #435, .T. ) ;
#2533 = ORIENTED_EDGE ( 'NONE', *, *, #7663, .F. ) ;
#2534 = DIRECTION ( 'NONE',  ( 1.000000000000000000, 1.982541115402064617E-16, -0.000000000000000000 ) ) ;
#2535 = LINE ( 'NONE', #3787, #1935 ) ;
#2536 = EDGE_LOOP ( 'NONE', ( #1340, #859, #7364, #4374 ) ) ;
#2537 = LINE ( 'NONE', #145, #2494 ) ;
#2538 = CARTESIAN_POINT ( 'NONE',  ( -103.4999999999998863, -8.000000000000000000, -5.750000000000018652 ) ) ;
#2539 = VERTEX_POINT ( 'NONE', #5687 ) ;
#2540 = EDGE_CURVE ( 'NONE', #4169, #1914, #7307, .T. ) ;
#2541 = LINE ( 'NONE', #3793, #1822 ) ;
#2542 = LINE ( 'NONE', #1329, #7351 ) ;
#2543 = ORIENTED_EDGE ( 'NONE', *, *, #2076, .T. ) ;
#2544 = CARTESIAN_POINT ( 'NONE',  ( -59.72507713378280414, -16.00328618588321206, 54.24999999999594280 ) ) ;
#2545 = VERTEX_POINT ( 'NONE', #3181 ) ;
#2546 = CARTESIAN_POINT ( 'NONE',  ( 1.377241172440915905E-13, 9.999999999999998224, 2.749999999999727329 ) ) ;
#2547 = DIRECTION ( 'NONE',  ( 0.000000000000000000, 0.000000000000000000, 1.000000000000000000 ) ) ;
#2548 = CARTESIAN_POINT ( 'NONE',  ( 83.50000000000051159, 29.02894480630721574, 54.24999999999594280 ) ) ;
#2549 = LINE ( 'NONE', #1412, #6576 ) ;
#2550 = DIRECTION ( 'NONE',  ( -1.804112415015914972E-13, 0.000000000000000000, -1.000000000000000000 ) ) ;
#2551 = ORIENTED_EDGE ( 'NONE', *, *, #6177, .T. ) ;
#2552 = VERTEX_POINT ( 'NONE', #208 ) ;
#2553 = VECTOR ( 'NONE', #6312, 1000.000000000000000 ) ;
#2554 = CARTESIAN_POINT ( 'NONE',  ( -86.70000000000000284, 4.000000000000003553, -5.750000000000018652 ) ) ;
#2555 = CARTESIAN_POINT ( 'NONE',  ( 1.140404673924322588E-13, 149.9999999999999716, 2.749999999999727329 ) ) ;
#2556 = VECTOR ( 'NONE', #5672, 1000.000000000000000 ) ;
#2557 = LINE ( 'NONE', #4915, #2078 ) ;
#2558 = VERTEX_POINT ( 'NONE', #4955 ) ;
#2559 = VERTEX_POINT ( 'NONE', #3776 ) ;
#2560 = DIRECTION ( 'NONE',  ( 0.000000000000000000, 0.000000000000000000, 1.000000000000000000 ) ) ;
#2561 = CARTESIAN_POINT ( 'NONE',  ( -93.49999999999998579, 0.000000000000000000, 43.74999999999988631 ) ) ;
#2562 = LINE ( 'NONE', #5513, #1177 ) ;
#2563 = AXIS2_PLACEMENT_3D ( 'NONE', #2418, #3475, #5403 ) ;
#2564 = CARTESIAN_POINT ( 'NONE',  ( 93.50000000000001421, 160.0000000000000000, 97.24999999999975842 ) ) ;
#2565 = DIRECTION ( 'NONE',  ( 1.000000000000000000, 0.000000000000000000, 4.024558464266189304E-14 ) ) ;
#2566 = VERTEX_POINT ( 'NONE', #1386 ) ;
#2567 = EDGE_CURVE ( 'NONE', #7188, #3002, #2557, .T. ) ;
#2568 = EDGE_LOOP ( 'NONE', ( #6833, #3154, #2006, #3618 ) ) ;
#2569 = AXIS2_PLACEMENT_3D ( 'NONE', #5337, #6470, #2356 ) ;
#2570 = VECTOR ( 'NONE', #75, 1000.000000000000000 ) ;
#2571 = DIRECTION ( 'NONE',  ( -1.982541115402064617E-16, 1.000000000000000000, 0.000000000000000000 ) ) ;
#2572 = DIRECTION ( 'NONE',  ( 1.000000000000000000, 1.246507886929438799E-16, 0.000000000000000000 ) ) ;
#2573 = EDGE_LOOP ( 'NONE', ( #126, #597, #3862, #1520 ) ) ;
#2574 = CARTESIAN_POINT ( 'NONE',  ( -101.2999999999998977, 166.2000000000000171, 0.000000000000000000 ) ) ;
#2575 = FACE_OUTER_BOUND ( 'NONE', #4577, .T. ) ;
#2576 = AXIS2_PLACEMENT_3D ( 'NONE', #2323, #3987, #2730 ) ;
#2577 = ORIENTED_EDGE ( 'NONE', *, *, #1203, .F. ) ;
#2578 = PLANE ( 'NONE',  #3701 ) ;
#2579 = CARTESIAN_POINT ( 'NONE',  ( -93.49999999999994316, 0.000000000000000000, 5.749999999999980460 ) ) ;
#2580 = VERTEX_POINT ( 'NONE', #3146 ) ;
#2581 = VECTOR ( 'NONE', #1069, 1000.000000000000000 ) ;
#2582 = DIRECTION ( 'NONE',  ( -1.826024711554534653E-16, 1.000000000000000000, 0.000000000000000000 ) ) ;
#2583 = ORIENTED_EDGE ( 'NONE', *, *, #5387, .F. ) ;
#2584 = ORIENTED_EDGE ( 'NONE', *, *, #2124, .T. ) ;
#2585 = DIRECTION ( 'NONE',  ( 0.000000000000000000, 1.000000000000000000, 0.000000000000000000 ) ) ;
#2586 = EDGE_CURVE ( 'NONE', #46, #5688, #2044, .T. ) ;
#2587 = CARTESIAN_POINT ( 'NONE',  ( 85.16379680957771825, 22.81957057949398759, 57.24999999999594280 ) ) ;
#2588 = VECTOR ( 'NONE', #7059, 1000.000000000000000 ) ;
#2589 = CARTESIAN_POINT ( 'NONE',  ( 2.304059720792229585E-12, 2.000000000000001776, 57.24999999999592859 ) ) ;
#2590 = PLANE ( 'NONE',  #3331 ) ;
#2591 = VERTEX_POINT ( 'NONE', #7349 ) ;
#2592 = VERTEX_POINT ( 'NONE', #2600 ) ;
#2593 = VECTOR ( 'NONE', #6027, 1000.000000000000000 ) ;
#2594 = PLANE ( 'NONE',  #7129 ) ;
#2595 = EDGE_CURVE ( 'NONE', #186, #4837, #4435, .T. ) ;
#2596 = ADVANCED_FACE ( 'NONE', ( #317 ), #3890, .T. ) ;
#2597 = CARTESIAN_POINT ( 'NONE',  ( -83.49999999999985789, 111.3629669484363092, 5.749999999999727329 ) ) ;
#2598 = EDGE_CURVE ( 'NONE', #4135, #7004, #1929, .T. ) ;
#2599 = VECTOR ( 'NONE', #3236, 1000.000000000000000 ) ;
#2600 = CARTESIAN_POINT ( 'NONE',  ( 96.50000000000000000, 0.000000000000000000, -11.45000000000001705 ) ) ;
#2601 = EDGE_LOOP ( 'NONE', ( #4258, #3843, #7442, #7636 ) ) ;
#2602 = ORIENTED_EDGE ( 'NONE', *, *, #786, .T. ) ;
#2603 = CARTESIAN_POINT ( 'NONE',  ( 83.50000000000063949, 150.0000000000000000, 5.749999999999727329 ) ) ;
#2604 = EDGE_CURVE ( 'NONE', #3600, #1080, #1970, .T. ) ;
#2605 = EDGE_CURVE ( 'NONE', #2641, #6602, #6206, .T. ) ;
#2606 = VECTOR ( 'NONE', #7232, 1000.000000000000000 ) ;
#2607 = CARTESIAN_POINT ( 'NONE',  ( 1.377241172440915905E-13, 9.999999999999998224, 2.749999999999727329 ) ) ;
#2608 = ORIENTED_EDGE ( 'NONE', *, *, #5895, .F. ) ;
#2609 = VECTOR ( 'NONE', #3801, 1000.000000000000000 ) ;
#2610 = EDGE_LOOP ( 'NONE', ( #6637, #1826, #3371, #6447 ) ) ;
#2611 = VECTOR ( 'NONE', #119, 1000.000000000000000 ) ;
#2612 = DIRECTION ( 'NONE',  ( -3.608224830031822370E-13, 0.000000000000000000, -1.000000000000000000 ) ) ;
#2613 = CARTESIAN_POINT ( 'NONE',  ( -30.74730234511055826, -8.238714832807765731, 5.749999999999727329 ) ) ;
#2614 = ORIENTED_EDGE ( 'NONE', *, *, #4789, .T. ) ;
#2615 = ADVANCED_FACE ( 'NONE', ( #166 ), #4364, .F. ) ;
#2616 = DIRECTION ( 'NONE',  ( 1.000000000000000000, -0.000000000000000000, 0.000000000000000000 ) ) ;
#2617 = AXIS2_PLACEMENT_3D ( 'NONE', #4382, #2653, #224 ) ;
#2618 = VECTOR ( 'NONE', #4583, 1000.000000000000000 ) ;
#2619 = DIRECTION ( 'NONE',  ( -0.000000000000000000, -1.000000000000000000, 0.000000000000000000 ) ) ;
#2620 = ORIENTED_EDGE ( 'NONE', *, *, #4384, .F. ) ;
#2621 = CARTESIAN_POINT ( 'NONE',  ( -14.92882764734131662, 9.999999999999998224, 54.24999999999594280 ) ) ;
#2622 = AXIS2_PLACEMENT_3D ( 'NONE', #5471, #2531, #7314 ) ;
#2623 = DIRECTION ( 'NONE',  ( 3.515706244646358664E-13, 0.000000000000000000, 1.000000000000000000 ) ) ;
#2624 = ORIENTED_EDGE ( 'NONE', *, *, #5661, .F. ) ;
#2625 = AXIS2_PLACEMENT_3D ( 'NONE', #1531, #4371, #5727 ) ;
#2626 = LINE ( 'NONE', #2544, #5312 ) ;
#2627 = EDGE_LOOP ( 'NONE', ( #4138, #6037, #1644, #4181 ) ) ;
#2628 = EDGE_CURVE ( 'NONE', #2736, #798, #6716, .T. ) ;
#2629 = ORIENTED_EDGE ( 'NONE', *, *, #6240, .F. ) ;
#2630 = CARTESIAN_POINT ( 'NONE',  ( 103.4999999999996447, 2.000000000000000000, 95.24999999999977263 ) ) ;
#2631 = DIRECTION ( 'NONE',  ( 0.000000000000000000, 0.000000000000000000, 1.000000000000000000 ) ) ;
#2632 = DIRECTION ( 'NONE',  ( -0.9659258262890699775, -0.2588190451025145222, 0.000000000000000000 ) ) ;
#2633 = EDGE_CURVE ( 'NONE', #71, #6258, #6459, .T. ) ;
#2634 = CARTESIAN_POINT ( 'NONE',  ( -101.2999999999998977, 160.0000000000000000, 45.94999999999987494 ) ) ;
#2635 = ORIENTED_EDGE ( 'NONE', *, *, #3775, .F. ) ;
#2636 = EDGE_LOOP ( 'NONE', ( #438, #562, #4775, #7532 ) ) ;
#2637 = FACE_OUTER_BOUND ( 'NONE', #1668, .T. ) ;
#2638 = FACE_OUTER_BOUND ( 'NONE', #5345, .T. ) ;
#2639 = EDGE_CURVE ( 'NONE', #6325, #536, #1688, .T. ) ;
#2640 = DIRECTION ( 'NONE',  ( 1.000000000000000000, 1.246507886929438799E-16, 0.000000000000000000 ) ) ;
#2641 = VERTEX_POINT ( 'NONE', #1575 ) ;
#2642 = ORIENTED_EDGE ( 'NONE', *, *, #7537, .T. ) ;
#2643 = EDGE_CURVE ( 'NONE', #4090, #4904, #3380, .T. ) ;
#2644 = CARTESIAN_POINT ( 'NONE',  ( 17.54898896934286157, 4.702237422317979032, 105.7499999999998295 ) ) ;
#2645 = LINE ( 'NONE', #2717, #4498 ) ;
#2646 = ORIENTED_EDGE ( 'NONE', *, *, #6025, .T. ) ;
#2647 = ORIENTED_EDGE ( 'NONE', *, *, #6141, .F. ) ;
#2648 = ADVANCED_FACE ( 'NONE', ( #6398 ), #1651, .T. ) ;
#2649 = DIRECTION ( 'NONE',  ( 1.662010515905923986E-16, -1.000000000000000000, 0.000000000000000000 ) ) ;
#2650 = DIRECTION ( 'NONE',  ( -0.000000000000000000, 0.000000000000000000, 1.000000000000000000 ) ) ;
#2651 = ORIENTED_EDGE ( 'NONE', *, *, #1054, .T. ) ;
#2652 = LINE ( 'NONE', #3160, #4631 ) ;
#2653 = DIRECTION ( 'NONE',  ( 1.246507886929443483E-16, -1.000000000000000000, 0.000000000000000000 ) ) ;
#2654 = VERTEX_POINT ( 'NONE', #2711 ) ;
#2655 = EDGE_CURVE ( 'NONE', #7518, #6784, #2829, .T. ) ;
#2656 = DIRECTION ( 'NONE',  ( 0.000000000000000000, -0.000000000000000000, -1.000000000000000000 ) ) ;
#2657 = DIRECTION ( 'NONE',  ( -0.000000000000000000, -0.000000000000000000, 1.000000000000000000 ) ) ;
#2658 = ORIENTED_EDGE ( 'NONE', *, *, #800, .T. ) ;
#2659 = LINE ( 'NONE', #5050, #2049 ) ;
#2660 = ORIENTED_EDGE ( 'NONE', *, *, #2605, .F. ) ;
#2661 = VERTEX_POINT ( 'NONE', #3335 ) ;
#2662 = LINE ( 'NONE', #6900, #5125 ) ;
#2663 = FACE_OUTER_BOUND ( 'NONE', #1923, .T. ) ;
#2664 = ADVANCED_FACE ( 'NONE', ( #4045 ), #2280, .F. ) ;
#2665 = CARTESIAN_POINT ( 'NONE',  ( -25.28158945144214798, 9.999999999999994671, 57.24999999999594280 ) ) ;
#2666 = CARTESIAN_POINT ( 'NONE',  ( -93.49999999999893419, 160.0000000000000000, 100.2499999999997300 ) ) ;
#2667 = ORIENTED_EDGE ( 'NONE', *, *, #6912, .T. ) ;
#2668 = VERTEX_POINT ( 'NONE', #7068 ) ;
#2669 = LINE ( 'NONE', #5063, #1856 ) ;
#2670 = DIRECTION ( 'NONE',  ( 1.000000000000000000, 1.662010515905923740E-16, 0.000000000000000000 ) ) ;
#2671 = FACE_OUTER_BOUND ( 'NONE', #5179, .T. ) ;
#2672 = EDGE_LOOP ( 'NONE', ( #7331, #98, #6267, #5383 ) ) ;
#2673 = VERTEX_POINT ( 'NONE', #4012 ) ;
#2674 = DIRECTION ( 'NONE',  ( 0.000000000000000000, 0.000000000000000000, 1.000000000000000000 ) ) ;
#2675 = EDGE_CURVE ( 'NONE', #3343, #4965, #401, .T. ) ;
#2676 = CYLINDRICAL_SURFACE ( 'NONE', #6633, 2.000000000000001776 ) ;
#2677 = VECTOR ( 'NONE', #5209, 1000.000000000000000 ) ;
#2678 = ORIENTED_EDGE ( 'NONE', *, *, #1654, .F. ) ;
#2679 = ORIENTED_EDGE ( 'NONE', *, *, #4943, .F. ) ;
#2680 = CARTESIAN_POINT ( 'NONE',  ( 83.49999999999995737, 106.3030109094370061, 108.7499999999996874 ) ) ;
#2681 = VECTOR ( 'NONE', #6446, 1000.000000000000000 ) ;
#2682 = DIRECTION ( 'NONE',  ( 1.000000000000000000, 0.000000000000000000, 0.000000000000000000 ) ) ;
#2683 = ORIENTED_EDGE ( 'NONE', *, *, #3886, .T. ) ;
#2684 = CARTESIAN_POINT ( 'NONE',  ( -35.63435125554280347, 9.999999999999991118, 2.749999999999727329 ) ) ;
#2685 = EDGE_CURVE ( 'NONE', #4259, #5884, #4081, .T. ) ;
#2686 = EDGE_CURVE ( 'NONE', #5501, #2360, #1032, .T. ) ;
#2687 = DIRECTION ( 'NONE',  ( 0.000000000000000000, 0.000000000000000000, 1.000000000000000000 ) ) ;
#2688 = ORIENTED_EDGE ( 'NONE', *, *, #6150, .T. ) ;
#2689 = VECTOR ( 'NONE', #6387, 999.9999999999998863 ) ;
#2690 = LINE ( 'NONE', #2178, #6327 ) ;
#2691 = DIRECTION ( 'NONE',  ( 0.000000000000000000, 0.000000000000000000, 1.000000000000000000 ) ) ;
#2692 = VERTEX_POINT ( 'NONE', #5108 ) ;
#2693 = CARTESIAN_POINT ( 'NONE',  ( 99.50000000000099476, 155.0000000000000000, 105.0000000000000426 ) ) ;
#2694 = EDGE_LOOP ( 'NONE', ( #4187, #5041, #4496, #6915 ) ) ;
#2695 = AXIS2_PLACEMENT_3D ( 'NONE', #5367, #7758, #4183 ) ;
#2696 = EDGE_LOOP ( 'NONE', ( #4178, #1395, #1746, #1769 ) ) ;
#2697 = DIRECTION ( 'NONE',  ( 0.2588190451025145777, -0.9659258262890699775, 0.000000000000000000 ) ) ;
#2698 = EDGE_CURVE ( 'NONE', #5339, #6692, #5267, .T. ) ;
#2699 = DIRECTION ( 'NONE',  ( 0.000000000000000000, 0.000000000000000000, 1.000000000000000000 ) ) ;
#2700 = AXIS2_PLACEMENT_3D ( 'NONE', #5811, #995, #5188 ) ;
#2701 = DIRECTION ( 'NONE',  ( 0.2588190451025151329, -0.9659258262890698665, 0.000000000000000000 ) ) ;
#2702 = DIRECTION ( 'NONE',  ( 0.2588190451025145222, -0.9659258262890699775, 0.000000000000000000 ) ) ;
#2703 = ORIENTED_EDGE ( 'NONE', *, *, #4962, .F. ) ;
#2704 = LINE ( 'NONE', #3149, #5106 ) ;
#2705 = ORIENTED_EDGE ( 'NONE', *, *, #567, .F. ) ;
#2706 = LINE ( 'NONE', #7533, #5206 ) ;
#2707 = EDGE_CURVE ( 'NONE', #414, #3120, #6994, .T. ) ;
#2708 = AXIS2_PLACEMENT_3D ( 'NONE', #6162, #6235, #6790 ) ;
#2709 = CARTESIAN_POINT ( 'NONE',  ( -83.49999999999994316, 9.999999999999987566, 54.24999999999594280 ) ) ;
#2710 = CARTESIAN_POINT ( 'NONE',  ( 94.82305507246843490, 25.40776103051916479, 54.24999999999594280 ) ) ;
#2711 = CARTESIAN_POINT ( 'NONE',  ( 93.49999999999994316, -3.000000000000000000, 10.33257569495582295 ) ) ;
#2712 = EDGE_LOOP ( 'NONE', ( #5713, #1503, #1628, #5554 ) ) ;
#2713 = VECTOR ( 'NONE', #6772, 1000.000000000000000 ) ;
#2714 = VERTEX_POINT ( 'NONE', #7037 ) ;
#2715 = DIRECTION ( 'NONE',  ( 0.000000000000000000, 0.000000000000000000, 1.000000000000000000 ) ) ;
#2716 = EDGE_CURVE ( 'NONE', #3462, #3123, #7500, .T. ) ;
#2717 = CARTESIAN_POINT ( 'NONE',  ( 0.000000000000000000, 0.000000000000000000, 5.749999999999980460 ) ) ;
#2718 = VECTOR ( 'NONE', #4206, 1000.000000000000000 ) ;
#2719 = ORIENTED_EDGE ( 'NONE', *, *, #5304, .T. ) ;
#2720 = ORIENTED_EDGE ( 'NONE', *, *, #2655, .T. ) ;
#2721 = EDGE_CURVE ( 'NONE', #6214, #5553, #2127, .T. ) ;
#2722 = DIRECTION ( 'NONE',  ( 1.000000000000000000, 0.000000000000000000, 0.000000000000000000 ) ) ;
#2723 = VECTOR ( 'NONE', #6954, 1000.000000000000000 ) ;
#2724 = DIRECTION ( 'NONE',  ( 1.000000000000000000, 1.246507886929438799E-16, 0.000000000000000000 ) ) ;
#2725 = VERTEX_POINT ( 'NONE', #2161 ) ;
#2726 = CARTESIAN_POINT ( 'NONE',  ( 88.50000000000000000, 4.000000000000024869, 108.7499999999996874 ) ) ;
#2727 = DIRECTION ( 'NONE',  ( -2.428612866367527723E-14, 0.000000000000000000, 1.000000000000000000 ) ) ;
#2728 = EDGE_LOOP ( 'NONE', ( #5545, #7751, #1675, #7149 ) ) ;
#2729 = VECTOR ( 'NONE', #6360, 1000.000000000000000 ) ;
#2730 = DIRECTION ( 'NONE',  ( 0.000000000000000000, 0.000000000000000000, -1.000000000000000000 ) ) ;
#2731 = MANIFOLD_SOLID_BREP ( 'BASEPLATEHOLES2', #5580 ) ;
#2732 = EDGE_CURVE ( 'NONE', #262, #5439, #81, .T. ) ;
#2733 = PLANE ( 'NONE',  #5230 ) ;
#2734 = EDGE_LOOP ( 'NONE', ( #6991, #6191, #2116, #6893 ) ) ;
#2735 = CARTESIAN_POINT ( 'NONE',  ( 114.1415715982499250, 30.58414193256952274, 105.7499999999998295 ) ) ;
#2736 = VERTEX_POINT ( 'NONE', #3454 ) ;
#2737 = DIRECTION ( 'NONE',  ( 0.000000000000000000, 0.000000000000000000, 1.000000000000000000 ) ) ;
#2738 = VECTOR ( 'NONE', #2687, 1000.000000000000000 ) ;
#2739 = VECTOR ( 'NONE', #5770, 1000.000000000000000 ) ;
#2741 = ADVANCED_FACE ( 'NONE', ( #7182 ), #3568, .T. ) ;
#2740 = CARTESIAN_POINT ( 'NONE',  ( 27.20824723223357111, 7.290427873343127807, 105.7499999999998295 ) ) ;
#2742 = PLANE ( 'NONE',  #5867 ) ;
#2743 = CIRCLE ( 'NONE', #2111, 1.699999999999998401 ) ;
#2744 = AXIS2_PLACEMENT_3D ( 'NONE', #2514, #752, #7764 ) ;
#2745 = DIRECTION ( 'NONE',  ( -0.9659258262890698665, -0.2588190451025151329, 0.000000000000000000 ) ) ;
#2746 = EDGE_CURVE ( 'NONE', #6898, #4987, #7148, .T. ) ;
#2747 = FACE_OUTER_BOUND ( 'NONE', #373, .T. ) ;
#2748 = ORIENTED_EDGE ( 'NONE', *, *, #2340, .T. ) ;
#2749 = LINE ( 'NONE', #1608, #4685 ) ;
#2750 = ORIENTED_EDGE ( 'NONE', *, *, #1120, .F. ) ;
#2751 = DIRECTION ( 'NONE',  ( 0.2588190451025147998, -0.9659258262890699775, 0.000000000000000000 ) ) ;
#2752 = CARTESIAN_POINT ( 'NONE',  ( -103.5000000000000142, 2.000000000000001776, 57.25000000000009237 ) ) ;
#2753 = VECTOR ( 'NONE', #18, 1000.000000000000000 ) ;
#2754 = DIRECTION ( 'NONE',  ( 0.2588190451025145222, -0.9659258262890699775, 0.000000000000000000 ) ) ;
#2755 = CARTESIAN_POINT ( 'NONE',  ( -42.08895278359657510, 149.9999999999999716, 2.749999999999727329 ) ) ;
#2756 = ORIENTED_EDGE ( 'NONE', *, *, #2822, .F. ) ;
#2757 = ADVANCED_FACE ( 'NONE', ( #5921 ), #4121, .T. ) ;
#2758 = ORIENTED_EDGE ( 'NONE', *, *, #6412, .T. ) ;
#2759 = CARTESIAN_POINT ( 'NONE',  ( -73.14723819589910647, 150.0000000000000284, 105.7499999999998295 ) ) ;
#2760 = DIRECTION ( 'NONE',  ( 0.000000000000000000, 1.000000000000000000, 0.000000000000000000 ) ) ;
#2761 = VERTEX_POINT ( 'NONE', #7221 ) ;
#2762 = EDGE_LOOP ( 'NONE', ( #4151, #1563, #599, #6183 ) ) ;
#2763 = ADVANCED_FACE ( 'NONE', ( #3610 ), #5382, .T. ) ;
#2764 = FACE_OUTER_BOUND ( 'NONE', #2380, .T. ) ;
#2765 = LINE ( 'NONE', #889, #552 ) ;
#2766 = ORIENTED_EDGE ( 'NONE', *, *, #5852, .T. ) ;
#2767 = DIRECTION ( 'NONE',  ( -0.2588190451025145777, 0.9659258262890699775, 0.000000000000000000 ) ) ;
#2768 = FACE_OUTER_BOUND ( 'NONE', #3959, .T. ) ;
#2769 = ORIENTED_EDGE ( 'NONE', *, *, #1783, .T. ) ;
#2770 = CARTESIAN_POINT ( 'NONE',  ( -83.49999999999992895, 150.0000000000000284, 105.7499999999998295 ) ) ;
#2771 = DIRECTION ( 'NONE',  ( 0.000000000000000000, 1.000000000000000000, -0.000000000000000000 ) ) ;
#2772 = ORIENTED_EDGE ( 'NONE', *, *, #2833, .F. ) ;
#2773 = LINE ( 'NONE', #974, #3180 ) ;
#2774 = ORIENTED_EDGE ( 'NONE', *, *, #3534, .F. ) ;
#2775 = CARTESIAN_POINT ( 'NONE',  ( -95.49999999999945999, -3.200000000000000178, 48.74999999999999289 ) ) ;
#2776 = DIRECTION ( 'NONE',  ( 0.000000000000000000, 0.000000000000000000, 1.000000000000000000 ) ) ;
#2777 = LINE ( 'NONE', #7483, #860 ) ;
#2778 = ADVANCED_FACE ( 'NONE', ( #6514 ), #1764, .F. ) ;
#2779 = PLANE ( 'NONE',  #6205 ) ;
#2780 = CARTESIAN_POINT ( 'NONE',  ( 93.49999999999992895, -3.000000000000000000, -1.297573160030654231E-13 ) ) ;
#2781 = ORIENTED_EDGE ( 'NONE', *, *, #7024, .F. ) ;
#2782 = CARTESIAN_POINT ( 'NONE',  ( 36.83498137316275489, 10.00000000000000355, 57.24999999999594280 ) ) ;
#2783 = ORIENTED_EDGE ( 'NONE', *, *, #2017, .F. ) ;
#2784 = CARTESIAN_POINT ( 'NONE',  ( 67.89326678546534310, 10.00000000000000888, 2.749999999999727329 ) ) ;
#2785 = CARTESIAN_POINT ( 'NONE',  ( -88.50000000000000000, 4.000000000000003553, -5.750000000000018652 ) ) ;
#2786 = DIRECTION ( 'NONE',  ( 0.000000000000000000, 1.000000000000000000, 0.000000000000000000 ) ) ;
#2787 = EDGE_CURVE ( 'NONE', #2261, #1033, #6636, .T. ) ;
#2788 = EDGE_CURVE ( 'NONE', #7069, #7573, #5418, .T. ) ;
#2789 = ORIENTED_EDGE ( 'NONE', *, *, #4316, .T. ) ;
#2790 = CARTESIAN_POINT ( 'NONE',  ( -93.49999999999998579, -8.109832250191571589E-15, 57.24999999999594280 ) ) ;
#2791 = DIRECTION ( 'NONE',  ( 1.000000000000000000, 0.000000000000000000, 0.000000000000000000 ) ) ;
#2792 = ORIENTED_EDGE ( 'NONE', *, *, #3666, .F. ) ;
#2793 = ORIENTED_EDGE ( 'NONE', *, *, #2141, .F. ) ;
#2794 = DIRECTION ( 'NONE',  ( 1.000000000000000000, 1.246507886929438799E-16, 0.000000000000000000 ) ) ;
#2796 = ADVANCED_FACE ( 'NONE', ( #4790 ), #4830, .F. ) ;
#2795 = CARTESIAN_POINT ( 'NONE',  ( 104.4823133353591089, 27.99595148154426028, 54.24999999999594280 ) ) ;
#2797 = VERTEX_POINT ( 'NONE', #4196 ) ;
#2798 = ORIENTED_EDGE ( 'NONE', *, *, #3933, .T. ) ;
#2799 = DIRECTION ( 'NONE',  ( -0.2588190451025145777, 0.9659258262890699775, 0.000000000000000000 ) ) ;
#2800 = DIRECTION ( 'NONE',  ( 1.000000000000000000, 0.000000000000000000, -0.000000000000000000 ) ) ;
#2801 = ORIENTED_EDGE ( 'NONE', *, *, #1392, .F. ) ;
#2802 = AXIS2_PLACEMENT_3D ( 'NONE', #665, #4824, #3723 ) ;
#2803 = DIRECTION ( 'NONE',  ( 1.000000000000000000, -0.000000000000000000, -1.206764157201257143E-15 ) ) ;
#2805 = ADVANCED_FACE ( 'NONE', ( #6043 ), #6591, .F. ) ;
#2804 = CARTESIAN_POINT ( 'NONE',  ( -83.49999999999994316, -1.655421831360723267E-14, 57.24999999999594280 ) ) ;
#2806 = ORIENTED_EDGE ( 'NONE', *, *, #5287, .F. ) ;
#2807 = VECTOR ( 'NONE', #5331, 1000.000000000000000 ) ;
#2808 = CARTESIAN_POINT ( 'NONE',  ( 93.50000000000106581, 160.0000000000000000, 100.2499999999997300 ) ) ;
#2809 = EDGE_LOOP ( 'NONE', ( #2781, #1318, #1348, #1535 ) ) ;
#2810 = CARTESIAN_POINT ( 'NONE',  ( 99.49999999999991473, 155.0000000000000000, -2.000000000000014655 ) ) ;
#2811 = ORIENTED_EDGE ( 'NONE', *, *, #3424, .F. ) ;
#2812 = PLANE ( 'NONE',  #1345 ) ;
#2813 = LINE ( 'NONE', #977, #2618 ) ;
#2814 = CARTESIAN_POINT ( 'NONE',  ( 83.50000000000049738, 106.3030109094346329, 57.24999999999594280 ) ) ;
#2815 = AXIS2_PLACEMENT_3D ( 'NONE', #4967, #6654, #736 ) ;
#2816 = DIRECTION ( 'NONE',  ( 1.000000000000000000, -0.000000000000000000, 0.000000000000000000 ) ) ;
#2817 = DIRECTION ( 'NONE',  ( 0.000000000000000000, 0.000000000000000000, 1.000000000000000000 ) ) ;
#2818 = VERTEX_POINT ( 'NONE', #4156 ) ;
#2819 = VECTOR ( 'NONE', #4632, 1000.000000000000000 ) ;
#2820 = DIRECTION ( 'NONE',  ( 0.000000000000000000, 0.000000000000000000, 1.000000000000000000 ) ) ;
#2821 = ORIENTED_EDGE ( 'NONE', *, *, #5742, .F. ) ;
#2822 = EDGE_CURVE ( 'NONE', #298, #3938, #5338, .T. ) ;
#2823 = CARTESIAN_POINT ( 'NONE',  ( -1.246507886929438602E-15, 9.999999999999998224, 54.24999999999594280 ) ) ;
#2824 = CARTESIAN_POINT ( 'NONE',  ( 17.54898896934286157, 4.702237422317979032, 108.7499999999996874 ) ) ;
#2825 = CARTESIAN_POINT ( 'NONE',  ( 96.50000000000000000, -24.12451549659737893, -9.750000000000019540 ) ) ;
#2826 = VECTOR ( 'NONE', #10, 1000.000000000000000 ) ;
#2827 = VERTEX_POINT ( 'NONE', #1268 ) ;
#2828 = CARTESIAN_POINT ( 'NONE',  ( 88.49999999999997158, 156.0000000000000284, 54.24999999999959499 ) ) ;
#2829 = LINE ( 'NONE', #5774, #5336 ) ;
#2830 = VERTEX_POINT ( 'NONE', #5456 ) ;
#2831 = ORIENTED_EDGE ( 'NONE', *, *, #2066, .F. ) ;
#2832 = EDGE_CURVE ( 'NONE', #3938, #6848, #4277, .T. ) ;
#2833 = EDGE_CURVE ( 'NONE', #3984, #5732, #3686, .T. ) ;
#2834 = AXIS2_PLACEMENT_3D ( 'NONE', #635, #2902, #1886 ) ;
#2835 = CARTESIAN_POINT ( 'NONE',  ( 65.84528028379634179, 17.64318967744369715, 57.24999999999594280 ) ) ;
#2836 = ADVANCED_FACE ( 'NONE', ( #7108 ), #1726, .F. ) ;
#2837 = CARTESIAN_POINT ( 'NONE',  ( -83.49999999999994316, -1.655421831360723267E-14, 54.24999999999594280 ) ) ;
#2838 = ORIENTED_EDGE ( 'NONE', *, *, #1000, .F. ) ;
#2839 = VECTOR ( 'NONE', #3483, 1000.000000000000000 ) ;
#2840 = ORIENTED_EDGE ( 'NONE', *, *, #5413, .T. ) ;
#2841 = LINE ( 'NONE', #1698, #1712 ) ;
#2842 = ADVANCED_FACE ( 'NONE', ( #6198 ), #2590, .T. ) ;
#2843 = DIRECTION ( 'NONE',  ( -1.804112415015906894E-13, 0.000000000000000000, -1.000000000000000000 ) ) ;
#2844 = ORIENTED_EDGE ( 'NONE', *, *, #6970, .F. ) ;
#2845 = VECTOR ( 'NONE', #7361, 1000.000000000000000 ) ;
#2846 = DIRECTION ( 'NONE',  ( 0.000000000000000000, 0.000000000000000000, 1.000000000000000000 ) ) ;
#2847 = CARTESIAN_POINT ( 'NONE',  ( -11.03066737129413610, 149.9999999999999716, 2.749999999999727329 ) ) ;
#2848 = ORIENTED_EDGE ( 'NONE', *, *, #7245, .T. ) ;
#2849 = VECTOR ( 'NONE', #5135, 1000.000000000000000 ) ;
#2850 = DIRECTION ( 'NONE',  ( 1.000000000000000000, 0.000000000000000000, -3.469446951953610245E-16 ) ) ;
#2851 = ADVANCED_FACE ( 'NONE', ( #4984 ), #2072, .F. ) ;
#2852 = LINE ( 'NONE', #2182, #4563 ) ;
#2853 = ORIENTED_EDGE ( 'NONE', *, *, #6432, .F. ) ;
#2854 = CARTESIAN_POINT ( 'NONE',  ( -96.50000000000000000, 0.000000000000000000, -9.750000000000019540 ) ) ;
#2855 = VECTOR ( 'NONE', #594, 999.9999999999998863 ) ;
#2856 = DIRECTION ( 'NONE',  ( -2.413528314402514287E-15, 0.000000000000000000, 1.000000000000000000 ) ) ;
#2857 = FACE_BOUND ( 'NONE', #2573, .T. ) ;
#2858 = VECTOR ( 'NONE', #2856, 1000.000000000000000 ) ;
#2859 = ORIENTED_EDGE ( 'NONE', *, *, #3911, .T. ) ;
#2860 = AXIS2_PLACEMENT_3D ( 'NONE', #5959, #6509, #4042 ) ;
#2861 = ADVANCED_FACE ( 'NONE', ( #4946, #7301, #5575 ), #7340, .T. ) ;
#2862 = CARTESIAN_POINT ( 'NONE',  ( 16.12945776496117745, 10.00000000000000178, 108.7499999999996874 ) ) ;
#2863 = ORIENTED_EDGE ( 'NONE', *, *, #1948, .F. ) ;
#2864 = FACE_OUTER_BOUND ( 'NONE', #4296, .T. ) ;
#2865 = DIRECTION ( 'NONE',  ( 0.2588190451025145777, -0.9659258262890699775, 0.000000000000000000 ) ) ;
#2866 = CARTESIAN_POINT ( 'NONE',  ( 97.69999999999994600, 160.0000000000000000, 57.05000000000013216 ) ) ;
#2867 = VECTOR ( 'NONE', #5903, 1000.000000000000000 ) ;
#2868 = VECTOR ( 'NONE', #4190, 1000.000000000000000 ) ;
#2869 = DIRECTION ( 'NONE',  ( 1.000000000000000000, 1.662010515905918563E-16, 0.000000000000000000 ) ) ;
#2870 = SURFACE_STYLE_FILL_AREA ( #475 ) ;
#2871 = VERTEX_POINT ( 'NONE', #2666 ) ;
#2872 = ORIENTED_EDGE ( 'NONE', *, *, #7034, .F. ) ;
#2873 = VECTOR ( 'NONE', #5432, 1000.000000000000000 ) ;
#2874 = DIRECTION ( 'NONE',  ( 0.000000000000000000, 0.000000000000000000, -1.000000000000000000 ) ) ;
#2875 = DIRECTION ( 'NONE',  ( 1.000000000000000000, 1.246507886929438799E-16, 0.000000000000000000 ) ) ;
#2876 = ADVANCED_FACE ( 'NONE', ( #6126, #2004, #7384, #5058, #1961, #869, #3256, #160, #1382, #4427, #791, #5538, #6752 ), #3174, .F. ) ;
#2877 = ORIENTED_EDGE ( 'NONE', *, *, #2567, .T. ) ;
#2878 = ORIENTED_EDGE ( 'NONE', *, *, #3506, .F. ) ;
#2879 = DIRECTION ( 'NONE',  ( 1.000000000000000000, 0.000000000000000000, -0.000000000000000000 ) ) ;
#2880 = LINE ( 'NONE', #5276, #4568 ) ;
#2881 = ORIENTED_EDGE ( 'NONE', *, *, #6574, .T. ) ;
#2882 = LINE ( 'NONE', #7592, #1870 ) ;
#2883 = DIRECTION ( 'NONE',  ( 0.000000000000000000, 1.000000000000000000, -0.000000000000000000 ) ) ;
#2884 = EDGE_CURVE ( 'NONE', #1017, #1108, #5966, .T. ) ;
#2885 = VERTEX_POINT ( 'NONE', #201 ) ;
#2886 = LINE ( 'NONE', #5283, #1965 ) ;
#2887 = DIRECTION ( 'NONE',  ( 0.000000000000000000, 0.000000000000000000, 1.000000000000000000 ) ) ;
#2888 = ORIENTED_EDGE ( 'NONE', *, *, #3077, .F. ) ;
#2889 = CARTESIAN_POINT ( 'NONE',  ( 40.73314164920994784, 149.9999999999999716, 2.749999999999727329 ) ) ;
#2890 = PLANE ( 'NONE',  #4367 ) ;
#2891 = EDGE_CURVE ( 'NONE', #1492, #7188, #4395, .T. ) ;
#2892 = CARTESIAN_POINT ( 'NONE',  ( -2.493015773858885802E-14, 150.0000000000000284, 108.7499999999996874 ) ) ;
#2893 = DIRECTION ( 'NONE',  ( -2.428612866367527723E-14, 0.000000000000000000, 1.000000000000000000 ) ) ;
#2894 = ORIENTED_EDGE ( 'NONE', *, *, #6487, .T. ) ;
#2895 = FACE_OUTER_BOUND ( 'NONE', #4564, .T. ) ;
#2896 = ORIENTED_EDGE ( 'NONE', *, *, #794, .F. ) ;
#2897 = CARTESIAN_POINT ( 'NONE',  ( 86.70000000000000284, 4.000000000000023981, 105.7499999999998295 ) ) ;
#2898 = CARTESIAN_POINT ( 'NONE',  ( 90.29999999999996874, 156.0000000000000284, -5.750000000000018652 ) ) ;
#2899 = DIRECTION ( 'NONE',  ( 0.000000000000000000, 1.000000000000000000, 0.000000000000000000 ) ) ;
#2900 = EDGE_CURVE ( 'NONE', #5969, #477, #2038, .T. ) ;
#2901 = DIRECTION ( 'NONE',  ( 0.2588190451025145222, -0.9659258262890699775, 0.000000000000000000 ) ) ;
#2902 = DIRECTION ( 'NONE',  ( 1.662010515905918563E-16, -1.000000000000000000, 0.000000000000000000 ) ) ;
#2903 = VERTEX_POINT ( 'NONE', #2634 ) ;
#2904 = VERTEX_POINT ( 'NONE', #5022 ) ;
#2905 = DIRECTION ( 'NONE',  ( 1.000000000000000000, 1.662010515905918563E-16, 0.000000000000000000 ) ) ;
#2906 = CARTESIAN_POINT ( 'NONE',  ( 96.50000000000000000, -8.000000000000000000, -9.750000000000019540 ) ) ;
#2907 = ORIENTED_EDGE ( 'NONE', *, *, #6093, .T. ) ;
#2908 = CARTESIAN_POINT ( 'NONE',  ( 88.49999999999997158, 156.0000000000000284, 108.7499999999996874 ) ) ;
#2909 = ORIENTED_EDGE ( 'NONE', *, *, #4549, .T. ) ;
#2910 = DIRECTION ( 'NONE',  ( 0.2588190451025145222, -0.9659258262890699775, 0.000000000000000000 ) ) ;
#2911 = FACE_BOUND ( 'NONE', #870, .T. ) ;
#2912 = ORIENTED_EDGE ( 'NONE', *, *, #7208, .F. ) ;
#2913 = ADVANCED_FACE ( 'NONE', ( #6824 ), #1451, .F. ) ;
#2914 = CARTESIAN_POINT ( 'NONE',  ( 97.69999999999994600, 166.2000000000000171, 45.94999999999987494 ) ) ;
#2915 = DIRECTION ( 'NONE',  ( 0.2588190451025145222, -0.9659258262890699775, 0.000000000000000000 ) ) ;
#2916 = EDGE_LOOP ( 'NONE', ( #5186, #7029, #4779, #3274 ) ) ;
#2917 = DIRECTION ( 'NONE',  ( 1.246507886929438799E-16, -1.000000000000000000, 0.000000000000000000 ) ) ;
#2918 = VECTOR ( 'NONE', #2275, 1000.000000000000000 ) ;
#2919 = CARTESIAN_POINT ( 'NONE',  ( 0.000000000000000000, 0.000000000000000000, 0.000000000000000000 ) ) ;
#2920 = ORIENTED_EDGE ( 'NONE', *, *, #2408, .F. ) ;
#2921 = EDGE_CURVE ( 'NONE', #3758, #2360, #5500, .T. ) ;
#2922 = EDGE_CURVE ( 'NONE', #4570, #4208, #2517, .T. ) ;
#2923 = LINE ( 'NONE', #7640, #7627 ) ;
#2924 = LINE ( 'NONE', #1641, #5624 ) ;
#2925 = EDGE_CURVE ( 'NONE', #3967, #712, #1339, .T. ) ;
#2926 = AXIS2_PLACEMENT_3D ( 'NONE', #6310, #943, #3327 ) ;
#2927 = CARTESIAN_POINT ( 'NONE',  ( 83.50000000000062528, 67.66597785787105579, 2.749999999999727329 ) ) ;
#2928 = CARTESIAN_POINT ( 'NONE',  ( -93.49999999999990052, 160.0000000000000000, -2.750000000000018652 ) ) ;
#2929 = ORIENTED_EDGE ( 'NONE', *, *, #6873, .T. ) ;
#2930 = CARTESIAN_POINT ( 'NONE',  ( 103.5000000000000142, 160.0000000000000000, 45.74999999999988631 ) ) ;
#2931 = ORIENTED_EDGE ( 'NONE', *, *, #1122, .T. ) ;
#2932 = EDGE_CURVE ( 'NONE', #1582, #7274, #3443, .T. ) ;
#2933 = AXIS2_PLACEMENT_3D ( 'NONE', #4261, #181, #2572 ) ;
#2934 = DIRECTION ( 'NONE',  ( 1.000000000000000000, 1.662010515905918563E-16, 0.000000000000000000 ) ) ;
#2935 = CARTESIAN_POINT ( 'NONE',  ( -2.493015773858876967E-14, 149.9999999999999716, 54.24999999999594280 ) ) ;
#2936 = DIRECTION ( 'NONE',  ( 0.000000000000000000, 0.000000000000000000, 1.000000000000000000 ) ) ;
#2937 = VECTOR ( 'NONE', #1762, 1000.000000000000000 ) ;
#2938 = DIRECTION ( 'NONE',  ( 0.2588190451025145222, -0.9659258262890699775, 0.000000000000000000 ) ) ;
#2939 = DIRECTION ( 'NONE',  ( 0.2588190451025145222, -0.9659258262890699775, 0.000000000000000000 ) ) ;
#2940 = ORIENTED_EDGE ( 'NONE', *, *, #550, .T. ) ;
#2941 = ORIENTED_EDGE ( 'NONE', *, *, #2036, .T. ) ;
#2942 = EDGE_CURVE ( 'NONE', #3464, #2654, #5838, .T. ) ;
#2943 = LINE ( 'NONE', #2361, #3977 ) ;
#2944 = AXIS2_PLACEMENT_3D ( 'NONE', #2908, #2656, #4536 ) ;
#2945 = CARTESIAN_POINT ( 'NONE',  ( 36.86750549512421316, 9.878618324368254378, 57.24999999999594280 ) ) ;
#2946 = ORIENTED_EDGE ( 'NONE', *, *, #4307, .T. ) ;
#2947 = CARTESIAN_POINT ( 'NONE',  ( 93.50000000000001421, -3.000000000000000000, 92.66742430504392303 ) ) ;
#2948 = VERTEX_POINT ( 'NONE', #4545 ) ;
#2949 = VECTOR ( 'NONE', #4554, 1000.000000000000000 ) ;
#2950 = VERTEX_POINT ( 'NONE', #939 ) ;
#2951 = CARTESIAN_POINT ( 'NONE',  ( 104.4823133353592368, 27.99595148154435975, 108.7499999999996874 ) ) ;
#2952 = ADVANCED_FACE ( 'NONE', ( #2747 ), #2115, .T. ) ;
#2953 = CARTESIAN_POINT ( 'NONE',  ( -83.49999999999998579, 111.3629669484363092, 54.24999999999594280 ) ) ;
#2954 = CARTESIAN_POINT ( 'NONE',  ( 1.140404673924322588E-13, 149.9999999999999716, 2.749999999999727329 ) ) ;
#2955 = ORIENTED_EDGE ( 'NONE', *, *, #3504, .F. ) ;
#2956 = LINE ( 'NONE', #5313, #369 ) ;
#2957 = CARTESIAN_POINT ( 'NONE',  ( -2.493015773858876967E-14, 149.9999999999999716, 54.24999999999594280 ) ) ;
#2958 = VECTOR ( 'NONE', #3830, 1000.000000000000000 ) ;
#2959 = ORIENTED_EDGE ( 'NONE', *, *, #4174, .F. ) ;
#2960 = EDGE_CURVE ( 'NONE', #1517, #2591, #5178, .T. ) ;
#2961 = DIRECTION ( 'NONE',  ( -0.5999999999999862110, 0.000000000000000000, 0.8000000000000104805 ) ) ;
#2962 = AXIS2_PLACEMENT_3D ( 'NONE', #5906, #4809, #7166 ) ;
#2963 = DIRECTION ( 'NONE',  ( 0.2588190451025145777, -0.9659258262890699775, 0.000000000000000000 ) ) ;
#2964 = EDGE_LOOP ( 'NONE', ( #4721, #280, #5220, #5803 ) ) ;
#2965 = CARTESIAN_POINT ( 'NONE',  ( 1.377241172440915905E-13, 9.999999999999998224, 2.749999999999727329 ) ) ;
#2966 = LINE ( 'NONE', #1091, #5874 ) ;
#2967 = ORIENTED_EDGE ( 'NONE', *, *, #5993, .F. ) ;
#2968 = AXIS2_PLACEMENT_3D ( 'NONE', #4252, #3661, #7310 ) ;
#2969 = EDGE_CURVE ( 'NONE', #154, #4792, #1562, .T. ) ;
#2970 = DIRECTION ( 'NONE',  ( 1.000000000000000000, 0.000000000000000000, 0.000000000000000000 ) ) ;
#2971 = FACE_OUTER_BOUND ( 'NONE', #3191, .T. ) ;
#2972 = ORIENTED_EDGE ( 'NONE', *, *, #3746, .T. ) ;
#2973 = CARTESIAN_POINT ( 'NONE',  ( -83.49999999999991473, -1.655421831360722005E-14, 108.7499999999996874 ) ) ;
#2974 = VERTEX_POINT ( 'NONE', #7644 ) ;
#2975 = VECTOR ( 'NONE', #999, 1000.000000000000000 ) ;
#2976 = PLANE ( 'NONE',  #4556 ) ;
#2977 = FACE_BOUND ( 'NONE', #2712, .T. ) ;
#2978 = FACE_OUTER_BOUND ( 'NONE', #5964, .T. ) ;
#2979 = ADVANCED_FACE ( 'NONE', ( #3956 ), #346, .F. ) ;
#2980 = VECTOR ( 'NONE', #1298, 1000.000000000000000 ) ;
#2981 = CIRCLE ( 'NONE', #5735, 1.799999999999996048 ) ;
#2982 = LINE ( 'NONE', #7724, #7332 ) ;
#2983 = CARTESIAN_POINT ( 'NONE',  ( 93.50000000000000000, 160.0000000000000000, 45.74999999999987210 ) ) ;
#2984 = ORIENTED_EDGE ( 'NONE', *, *, #7175, .T. ) ;
#2985 = ORIENTED_EDGE ( 'NONE', *, *, #244, .F. ) ;
#2986 = CARTESIAN_POINT ( 'NONE',  ( 0.000000000000000000, 2.000000000000000000, 10.33257569495582295 ) ) ;
#2987 = VECTOR ( 'NONE', #6500, 1000.000000000000000 ) ;
#2988 = CARTESIAN_POINT ( 'NONE',  ( -96.50000000000000000, 0.000000000000000000, 78.94999999999998863 ) ) ;
#2989 = ORIENTED_EDGE ( 'NONE', *, *, #2009, .T. ) ;
#2990 = EDGE_CURVE ( 'NONE', #3898, #1466, #3881, .T. ) ;
#2991 = VECTOR ( 'NONE', #5305, 1000.000000000000000 ) ;
#2992 = DIRECTION ( 'NONE',  ( -0.000000000000000000, 1.000000000000000000, -0.000000000000000000 ) ) ;
#2993 = ORIENTED_EDGE ( 'NONE', *, *, #1615, .F. ) ;
#2994 = VECTOR ( 'NONE', #2846, 1000.000000000000000 ) ;
#2995 = ORIENTED_EDGE ( 'NONE', *, *, #5807, .T. ) ;
#2996 = DIRECTION ( 'NONE',  ( -0.000000000000000000, -0.000000000000000000, 1.000000000000000000 ) ) ;
#2997 = DIRECTION ( 'NONE',  ( 0.000000000000000000, 0.000000000000000000, 1.000000000000000000 ) ) ;
#2998 = DIRECTION ( 'NONE',  ( 0.2588190451025145777, -0.9659258262890699775, 0.000000000000000000 ) ) ;
#2999 = ORIENTED_EDGE ( 'NONE', *, *, #5329, .F. ) ;
#3000 = DIRECTION ( 'NONE',  ( 1.000000000000000000, 1.662010515905918563E-16, 0.000000000000000000 ) ) ;
#3001 = CARTESIAN_POINT ( 'NONE',  ( -86.70000000000000284, 0.000000000000000000, 105.7499999999998295 ) ) ;
#3002 = VERTEX_POINT ( 'NONE', #5141 ) ;
#3003 = EDGE_CURVE ( 'NONE', #1308, #536, #6388, .T. ) ;
#3004 = DIRECTION ( 'NONE',  ( 0.000000000000000000, 0.000000000000000000, 1.000000000000000000 ) ) ;
#3005 = DIRECTION ( 'NONE',  ( -0.000000000000000000, -1.000000000000000000, 0.000000000000000000 ) ) ;
#3006 = ORIENTED_EDGE ( 'NONE', *, *, #5090, .T. ) ;
#3007 = DIRECTION ( 'NONE',  ( 1.000000000000000000, 1.662010515905918563E-16, 0.000000000000000000 ) ) ;
#3008 = DIRECTION ( 'NONE',  ( 1.000000000000000000, 1.662010515905923740E-16, 0.000000000000000000 ) ) ;
#3009 = VERTEX_POINT ( 'NONE', #2271 ) ;
#3010 = FACE_BOUND ( 'NONE', #6551, .T. ) ;
#3011 = FACE_OUTER_BOUND ( 'NONE', #5933, .T. ) ;
#3012 = VERTEX_POINT ( 'NONE', #7529 ) ;
#3013 = DIRECTION ( 'NONE',  ( 1.000000000000000000, 0.000000000000000000, 0.000000000000000000 ) ) ;
#3014 = EDGE_LOOP ( 'NONE', ( #3525, #6855, #1922, #987 ) ) ;
#3015 = CARTESIAN_POINT ( 'NONE',  ( 57.54050498136451353, 10.00000000000000533, 5.749999999999727329 ) ) ;
#3016 = CARTESIAN_POINT ( 'NONE',  ( 83.50000000000063949, 0.000000000000000000, 5.749999999999727329 ) ) ;
#3017 = EDGE_CURVE ( 'NONE', #5732, #7195, #5764, .T. ) ;
#3018 = CARTESIAN_POINT ( 'NONE',  ( -2.493015773858876967E-14, 149.9999999999999716, 54.24999999999594280 ) ) ;
#3019 = LINE ( 'NONE', #3529, #2937 ) ;
#3020 = CARTESIAN_POINT ( 'NONE',  ( -90.29999999999999716, 156.0000000000000000, -5.750000000000018652 ) ) ;
#3021 = ORIENTED_EDGE ( 'NONE', *, *, #5853, .F. ) ;
#3022 = ORIENTED_EDGE ( 'NONE', *, *, #674, .F. ) ;
#3023 = CARTESIAN_POINT ( 'NONE',  ( -90.29999999999999716, 156.0000000000000000, 2.749999999999978240 ) ) ;
#3024 = EDGE_CURVE ( 'NONE', #3166, #117, #6272, .T. ) ;
#3025 = EDGE_CURVE ( 'NONE', #4666, #4214, #1605, .T. ) ;
#3026 = CARTESIAN_POINT ( 'NONE',  ( 93.50000000000001421, 2.000000000000000000, 97.24999999999975842 ) ) ;
#3027 = CARTESIAN_POINT ( 'NONE',  ( 61.43866525741142937, 149.9999999999999716, 54.24999999999594280 ) ) ;
#3028 = VERTEX_POINT ( 'NONE', #4002 ) ;
#3029 = ORIENTED_EDGE ( 'NONE', *, *, #2643, .F. ) ;
#3030 = CARTESIAN_POINT ( 'NONE',  ( -0.6779055671934145488, 150.0000000000000284, 105.7499999999998295 ) ) ;
#3031 = CARTESIAN_POINT ( 'NONE',  ( -21.08804408221986648, -5.650524381782620509, 2.749999999999727329 ) ) ;
#3032 = ORIENTED_EDGE ( 'NONE', *, *, #3403, .F. ) ;
#3033 = CARTESIAN_POINT ( 'NONE',  ( -93.50000000003511502, 0.000000000000000000, 3.373690216081021157E-11 ) ) ;
#3034 = FACE_OUTER_BOUND ( 'NONE', #664, .T. ) ;
#3035 = VERTEX_POINT ( 'NONE', #1023 ) ;
#3036 = ORIENTED_EDGE ( 'NONE', *, *, #6918, .T. ) ;
#3037 = LINE ( 'NONE', #2020, #2335 ) ;
#3038 = DIRECTION ( 'NONE',  ( 1.000000000000000000, 0.000000000000000000, 0.000000000000000000 ) ) ;
#3039 = EDGE_LOOP ( 'NONE', ( #31, #831, #209, #6889 ) ) ;
#3040 = EDGE_CURVE ( 'NONE', #742, #7308, #5800, .T. ) ;
#3041 = LINE ( 'NONE', #7323, #4998 ) ;
#3042 = DIRECTION ( 'NONE',  ( 0.000000000000000000, 0.000000000000000000, -1.000000000000000000 ) ) ;
#3043 = ORIENTED_EDGE ( 'NONE', *, *, #1676, .F. ) ;
#3044 = DIRECTION ( 'NONE',  ( 0.000000000000000000, 0.000000000000000000, 1.000000000000000000 ) ) ;
#3045 = LINE ( 'NONE', #7674, #6219 ) ;
#3046 = ORIENTED_EDGE ( 'NONE', *, *, #6828, .T. ) ;
#3047 = CYLINDRICAL_SURFACE ( 'NONE', #2179, 2.000000000000001776 ) ;
#3048 = ORIENTED_EDGE ( 'NONE', *, *, #4376, .F. ) ;
#3049 = LINE ( 'NONE', #2546, #942 ) ;
#3050 = FACE_BOUND ( 'NONE', #1549, .T. ) ;
#3051 = DIRECTION ( 'NONE',  ( 1.662010515905918563E-16, -1.000000000000000000, 0.000000000000000000 ) ) ;
#3052 = AXIS2_PLACEMENT_3D ( 'NONE', #6380, #2264, #4502 ) ;
#3053 = DIRECTION ( 'NONE',  ( 0.2588190451025145222, -0.9659258262890699775, 0.000000000000000000 ) ) ;
#3054 = ADVANCED_FACE ( 'NONE', ( #5217 ), #7607, .F. ) ;
#3055 = DIRECTION ( 'NONE',  ( -1.000000000000000000, -1.826024711554534406E-16, 0.000000000000000000 ) ) ;
#3056 = ORIENTED_EDGE ( 'NONE', *, *, #4192, .F. ) ;
#3057 = AXIS2_PLACEMENT_3D ( 'NONE', #1740, #6485, #3466 ) ;
#3058 = ORIENTED_EDGE ( 'NONE', *, *, #1581, .T. ) ;
#3059 = CARTESIAN_POINT ( 'NONE',  ( -101.2999999999998977, 166.2000000000000171, 45.94999999999987494 ) ) ;
#3060 = CARTESIAN_POINT ( 'NONE',  ( 30.38037984510899747, 149.9999999999999716, 57.24999999999594280 ) ) ;
#3061 = VECTOR ( 'NONE', #6234, 1000.000000000000000 ) ;
#3062 = ADVANCED_FACE ( 'NONE', ( #6904 ), #7028, .F. ) ;
#3063 = DIRECTION ( 'NONE',  ( -0.9659258262890699775, -0.2588190451025145222, 0.000000000000000000 ) ) ;
#3064 = ORIENTED_EDGE ( 'NONE', *, *, #2503, .T. ) ;
#3065 = VERTEX_POINT ( 'NONE', #4037 ) ;
#3066 = LINE ( 'NONE', #1932, #2718 ) ;
#3067 = VECTOR ( 'NONE', #3906, 1000.000000000000000 ) ;
#3068 = EDGE_CURVE ( 'NONE', #5775, #2183, #6423, .T. ) ;
#3069 = CARTESIAN_POINT ( 'NONE',  ( 99.49999999999991473, 155.0000000000000000, -1.864827736675067626E-14 ) ) ;
#3070 = ORIENTED_EDGE ( 'NONE', *, *, #1238, .F. ) ;
#3071 = CARTESIAN_POINT ( 'NONE',  ( 3.395234182927859802E-15, 0.000000000000000000, 45.74999999999987921 ) ) ;
#3072 = PLANE ( 'NONE',  #5378 ) ;
#3073 = ORIENTED_EDGE ( 'NONE', *, *, #5855, .F. ) ;
#3074 = VECTOR ( 'NONE', #1533, 1000.000000000000000 ) ;
#3075 = EDGE_CURVE ( 'NONE', #3318, #3080, #5342, .T. ) ;
#3076 = ORIENTED_EDGE ( 'NONE', *, *, #483, .F. ) ;
#3077 = EDGE_CURVE ( 'NONE', #2129, #7626, #2303, .T. ) ;
#3078 = LINE ( 'NONE', #1866, #5850 ) ;
#3079 = DIRECTION ( 'NONE',  ( -0.2588190451025147998, 0.9659258262890699775, 0.000000000000000000 ) ) ;
#3080 = VERTEX_POINT ( 'NONE', #4184 ) ;
#3081 = VECTOR ( 'NONE', #3537, 1000.000000000000000 ) ;
#3082 = CARTESIAN_POINT ( 'NONE',  ( 56.18602202090575304, 15.05499922641854660, 2.749999999999727329 ) ) ;
#3083 = DIRECTION ( 'NONE',  ( 1.000000000000000000, 1.662010515905918563E-16, 0.000000000000000000 ) ) ;
#3084 = ORIENTED_EDGE ( 'NONE', *, *, #474, .F. ) ;
#3085 = EDGE_CURVE ( 'NONE', #4010, #1015, #535, .T. ) ;
#3086 = VECTOR ( 'NONE', #2190, 1000.000000000000000 ) ;
#3087 = CYLINDRICAL_SURFACE ( 'NONE', #5697, 1.799999999999996048 ) ;
#3088 = LINE ( 'NONE', #3247, #2958 ) ;
#3089 = ORIENTED_EDGE ( 'NONE', *, *, #4510, .T. ) ;
#3090 = CARTESIAN_POINT ( 'NONE',  ( -93.50000000000000000, 160.0000000000000000, 45.74999999999988631 ) ) ;
#3091 = ORIENTED_EDGE ( 'NONE', *, *, #7258, .T. ) ;
#3092 = CARTESIAN_POINT ( 'NONE',  ( 83.50000000000063949, 106.3030109094346329, 2.749999999999727329 ) ) ;
#3093 = FACE_BOUND ( 'NONE', #4240, .T. ) ;
#3094 = AXIS2_PLACEMENT_3D ( 'NONE', #5005, #4294, #61 ) ;
#3095 = PLANE ( 'NONE',  #2096 ) ;
#3096 = ADVANCED_FACE ( 'NONE', ( #2344 ), #1258, .F. ) ;
#3097 = DIRECTION ( 'NONE',  ( 0.000000000000000000, 1.000000000000000000, -0.000000000000000000 ) ) ;
#3098 = DIRECTION ( 'NONE',  ( -1.000000000000000000, 0.000000000000000000, -0.000000000000000000 ) ) ;
#3099 = VERTEX_POINT ( 'NONE', #4226 ) ;
#3100 = VECTOR ( 'NONE', #2799, 999.9999999999998863 ) ;
#3101 = VERTEX_POINT ( 'NONE', #1714 ) ;
#3102 = PLANE ( 'NONE',  #5619 ) ;
#3103 = AXIS2_PLACEMENT_3D ( 'NONE', #36, #5453, #753 ) ;
#3104 = CARTESIAN_POINT ( 'NONE',  ( 51.08590345331064242, 150.0000000000000284, 105.7499999999998295 ) ) ;
#3105 = AXIS2_PLACEMENT_3D ( 'NONE', #5211, #5173, #3992 ) ;
#3106 = CARTESIAN_POINT ( 'NONE',  ( 99.49999999999991473, 155.0000000000000000, 1.999999999999977573 ) ) ;
#3107 = ORIENTED_EDGE ( 'NONE', *, *, #5282, .T. ) ;
#3108 = ORIENTED_EDGE ( 'NONE', *, *, #79, .F. ) ;
#3109 = CARTESIAN_POINT ( 'NONE',  ( 103.4999999999997442, 0.000000000000000000, 59.25000000000010658 ) ) ;
#3110 = AXIS2_PLACEMENT_3D ( 'NONE', #3673, #27, #6735 ) ;
#3111 = VECTOR ( 'NONE', #1271, 1000.000000000000000 ) ;
#3112 = DIRECTION ( 'NONE',  ( 0.2588190451025145222, -0.9659258262890699775, 0.000000000000000000 ) ) ;
#3113 = FACE_OUTER_BOUND ( 'NONE', #2568, .T. ) ;
#3114 = FACE_OUTER_BOUND ( 'NONE', #7479, .T. ) ;
#3115 = EDGE_CURVE ( 'NONE', #2797, #840, #4699, .T. ) ;
#3116 = CARTESIAN_POINT ( 'NONE',  ( -83.49999999999982947, 149.9999999999999716, 5.749999999999727329 ) ) ;
#3117 = VECTOR ( 'NONE', #2048, 1000.000000000000000 ) ;
#3118 = VERTEX_POINT ( 'NONE', #5445 ) ;
#3119 = CIRCLE ( 'NONE', #748, 1.799999999999996048 ) ;
#3120 = VERTEX_POINT ( 'NONE', #1212 ) ;
#3121 = DIRECTION ( 'NONE',  ( 0.000000000000000000, 0.000000000000000000, 1.000000000000000000 ) ) ;
#3122 = CARTESIAN_POINT ( 'NONE',  ( 0.000000000000000000, 0.000000000000000000, 0.000000000000000000 ) ) ;
#3123 = VERTEX_POINT ( 'NONE', #7139 ) ;
#3124 = VECTOR ( 'NONE', #7420, 1000.000000000000000 ) ;
#3125 = AXIS2_PLACEMENT_3D ( 'NONE', #947, #3782, #2754 ) ;
#3126 = DIRECTION ( 'NONE',  ( 1.662010515905918563E-16, -1.000000000000000000, 0.000000000000000000 ) ) ;
#3127 = EDGE_CURVE ( 'NONE', #7669, #2558, #3641, .T. ) ;
#3128 = DIRECTION ( 'NONE',  ( 0.2588190451025144667, -0.9659258262890700886, 0.000000000000000000 ) ) ;
#3129 = ORIENTED_EDGE ( 'NONE', *, *, #7269, .T. ) ;
#3130 = CARTESIAN_POINT ( 'NONE',  ( -2.493015773858885802E-14, 150.0000000000000284, 105.7499999999998295 ) ) ;
#3131 = DIRECTION ( 'NONE',  ( 0.2588190451025145222, -0.9659258262890699775, 0.000000000000000000 ) ) ;
#3132 = ORIENTED_EDGE ( 'NONE', *, *, #7105, .F. ) ;
#3133 = CARTESIAN_POINT ( 'NONE',  ( 26.48221956906193952, 10.00000000000000178, 54.24999999999594280 ) ) ;
#3134 = ORIENTED_EDGE ( 'NONE', *, *, #650, .F. ) ;
#3135 = CARTESIAN_POINT ( 'NONE',  ( 67.89326678546520100, 10.00000000000000888, 57.24999999999594280 ) ) ;
#3136 = FACE_BOUND ( 'NONE', #3764, .T. ) ;
#3137 = EDGE_CURVE ( 'NONE', #3737, #4400, #1755, .T. ) ;
#3138 = DIRECTION ( 'NONE',  ( 0.000000000000000000, 1.000000000000000000, -0.000000000000000000 ) ) ;
#3139 = CARTESIAN_POINT ( 'NONE',  ( 86.70000000000000284, 4.000000000000023981, 2.749999999999981348 ) ) ;
#3140 = CARTESIAN_POINT ( 'NONE',  ( 1.140404673924322588E-13, 149.9999999999999716, 2.749999999999727329 ) ) ;
#3141 = VERTEX_POINT ( 'NONE', #4069 ) ;
#3142 = ORIENTED_EDGE ( 'NONE', *, *, #911, .F. ) ;
#3143 = DIRECTION ( 'NONE',  ( 0.000000000000000000, 0.000000000000000000, 1.000000000000000000 ) ) ;
#3144 = EDGE_CURVE ( 'NONE', #1753, #1835, #4147, .T. ) ;
#3145 = DIRECTION ( 'NONE',  ( 1.000000000000000000, 0.000000000000000000, 0.000000000000000000 ) ) ;
#3146 = CARTESIAN_POINT ( 'NONE',  ( 51.08590345331064242, 150.0000000000000284, 105.7499999999998295 ) ) ;
#3147 = ORIENTED_EDGE ( 'NONE', *, *, #6658, .F. ) ;
#3148 = ORIENTED_EDGE ( 'NONE', *, *, #1034, .T. ) ;
#3149 = CARTESIAN_POINT ( 'NONE',  ( 94.82305507246843490, 25.40776103051916479, 54.24999999999594280 ) ) ;
#3150 = PLANE ( 'NONE',  #7615 ) ;
#3151 = ORIENTED_EDGE ( 'NONE', *, *, #7642, .T. ) ;
#3152 = CARTESIAN_POINT ( 'NONE',  ( -103.4999999999999005, 160.0000000000000000, -5.750000000000018652 ) ) ;
#3153 = CARTESIAN_POINT ( 'NONE',  ( -45.98711305964364016, 10.00000000000000000, 2.749999999999727329 ) ) ;
#3154 = ORIENTED_EDGE ( 'NONE', *, *, #5473, .F. ) ;
#3155 = ORIENTED_EDGE ( 'NONE', *, *, #2595, .F. ) ;
#3156 = EDGE_CURVE ( 'NONE', #6659, #3831, #3045, .T. ) ;
#3157 = DIRECTION ( 'NONE',  ( -0.9659258262890699775, -0.2588190451025145222, 0.000000000000000000 ) ) ;
#3158 = FACE_OUTER_BOUND ( 'NONE', #807, .T. ) ;
#3159 = ORIENTED_EDGE ( 'NONE', *, *, #1400, .F. ) ;
#3160 = CARTESIAN_POINT ( 'NONE',  ( 93.49999999996582289, 160.0000000000000000, -3.287185338743143879E-11 ) ) ;
#3161 = LINE ( 'NONE', #1907, #6878 ) ;
#3162 = EDGE_LOOP ( 'NONE', ( #3850, #7457, #6733, #194 ) ) ;
#3163 = CARTESIAN_POINT ( 'NONE',  ( 51.08590345331074900, 149.9999999999999716, 2.749999999999727329 ) ) ;
#3164 = ADVANCED_FACE ( 'NONE', ( #5327 ), #6034, .T. ) ;
#3165 = CARTESIAN_POINT ( 'NONE',  ( 83.50000000000063949, 150.0000000000000000, 2.749999999999727329 ) ) ;
#3166 = VERTEX_POINT ( 'NONE', #5369 ) ;
#3167 = CARTESIAN_POINT ( 'NONE',  ( 0.000000000000000000, 160.0000000000000000, 5.749999999999980460 ) ) ;
#3168 = ORIENTED_EDGE ( 'NONE', *, *, #969, .T. ) ;
#3169 = VERTEX_POINT ( 'NONE', #70 ) ;
#3171 = EDGE_CURVE ( 'NONE', #2591, #1421, #1674, .T. ) ;
#3170 = CARTESIAN_POINT ( 'NONE',  ( -2.493015773858876967E-14, 149.9999999999999716, 57.24999999999594280 ) ) ;
#3172 = CARTESIAN_POINT ( 'NONE',  ( 0.000000000000000000, 155.0000000000000000, 0.000000000000000000 ) ) ;
#3173 = CARTESIAN_POINT ( 'NONE',  ( 86.70000000000000284, -3.199999999999984190, 2.749999999999981348 ) ) ;
#3174 = PLANE ( 'NONE',  #7599 ) ;
#3175 = ORIENTED_EDGE ( 'NONE', *, *, #3888, .F. ) ;
#3176 = EDGE_CURVE ( 'NONE', #3505, #6898, #7224, .T. ) ;
#3177 = ORIENTED_EDGE ( 'NONE', *, *, #955, .F. ) ;
#3178 = AXIS2_PLACEMENT_3D ( 'NONE', #5724, #352, #4288 ) ;
#3179 = DIRECTION ( 'NONE',  ( 0.2588190451025145222, -0.9659258262890699775, 0.000000000000000000 ) ) ;
#3180 = VECTOR ( 'NONE', #7557, 1000.000000000000000 ) ;
#3181 = CARTESIAN_POINT ( 'NONE',  ( -25.28158945144208758, 9.999999999999996447, 108.7499999999996874 ) ) ;
#3182 = ORIENTED_EDGE ( 'NONE', *, *, #7355, .F. ) ;
#3183 = EDGE_CURVE ( 'NONE', #720, #565, #3557, .T. ) ;
#3184 = ORIENTED_EDGE ( 'NONE', *, *, #6741, .F. ) ;
#3185 = DIRECTION ( 'NONE',  ( 0.000000000000000000, 0.000000000000000000, 1.000000000000000000 ) ) ;
#3186 = DIRECTION ( 'NONE',  ( -0.9659258262890699775, -0.2588190451025146888, 0.000000000000000000 ) ) ;
#3187 = VECTOR ( 'NONE', #489, 1000.000000000000000 ) ;
#3188 = DIRECTION ( 'NONE',  ( 1.000000000000000000, 1.246507886929443236E-16, 0.000000000000000000 ) ) ;
#3189 = CARTESIAN_POINT ( 'NONE',  ( -0.6779055671933044147, 149.9999999999999716, 5.749999999999727329 ) ) ;
#3190 = ORIENTED_EDGE ( 'NONE', *, *, #4729, .F. ) ;
#3191 = EDGE_LOOP ( 'NONE', ( #2341, #7015, #3762, #3974 ) ) ;
#3192 = ADVANCED_FACE ( 'NONE', ( #2971 ), #7096, .F. ) ;
#3193 = CIRCLE ( 'NONE', #7696, 1.799999999999996048 ) ;
#3194 = AXIS2_PLACEMENT_3D ( 'NONE', #6906, #5883, #6390 ) ;
#3195 = DIRECTION ( 'NONE',  ( -0.5999999999999806599, 0.000000000000000000, 0.8000000000000144773 ) ) ;
#3196 = CARTESIAN_POINT ( 'NONE',  ( 83.50000000000049738, 0.000000000000000000, 54.24999999999594280 ) ) ;
#3197 = EDGE_LOOP ( 'NONE', ( #1444, #7417, #7523, #6507 ) ) ;
#3198 = CARTESIAN_POINT ( 'NONE',  ( -4.059252933785062171E-12, 0.000000000000000000, 48.74999999999204192 ) ) ;
#3199 = CARTESIAN_POINT ( 'NONE',  ( 93.49999999999994316, 0.000000000000000000, 7.749999999999980460 ) ) ;
#3200 = AXIS2_PLACEMENT_3D ( 'NONE', #6982, #2816, #5216 ) ;
#3201 = ADVANCED_FACE ( 'NONE', ( #3011 ), #1138, .F. ) ;
#3202 = VERTEX_POINT ( 'NONE', #7210 ) ;
#3203 = DIRECTION ( 'NONE',  ( -0.000000000000000000, -0.000000000000000000, 1.000000000000000000 ) ) ;
#3204 = FACE_OUTER_BOUND ( 'NONE', #7693, .T. ) ;
#3205 = ORIENTED_EDGE ( 'NONE', *, *, #3520, .F. ) ;
#3206 = VECTOR ( 'NONE', #248, 1000.000000000000000 ) ;
#3207 = DIRECTION ( 'NONE',  ( 1.000000000000000000, 0.000000000000000000, 0.000000000000000000 ) ) ;
#3208 = ORIENTED_EDGE ( 'NONE', *, *, #878, .T. ) ;
#3209 = ORIENTED_EDGE ( 'NONE', *, *, #6818, .T. ) ;
#3210 = DIRECTION ( 'NONE',  ( 0.000000000000000000, 0.000000000000000000, 1.000000000000000000 ) ) ;
#3211 = LINE ( 'NONE', #3837, #2486 ) ;
#3212 = EDGE_CURVE ( 'NONE', #4649, #5801, #1834, .T. ) ;
#3213 = VECTOR ( 'NONE', #4511, 1000.000000000000000 ) ;
#3214 = LINE ( 'NONE', #5021, #1565 ) ;
#3215 = CARTESIAN_POINT ( 'NONE',  ( 0.000000000000000000, -8.000000000000000000, -5.750000000000018652 ) ) ;
#3216 = VERTEX_POINT ( 'NONE', #2029 ) ;
#3217 = ORIENTED_EDGE ( 'NONE', *, *, #3068, .T. ) ;
#3218 = CIRCLE ( 'NONE', #7721, 2.000000000000001776 ) ;
#3219 = DIRECTION ( 'NONE',  ( 0.000000000000000000, 0.000000000000000000, 1.000000000000000000 ) ) ;
#3220 = EDGE_CURVE ( 'NONE', #5583, #3263, #3088, .T. ) ;
#3222 = ADVANCED_FACE ( 'NONE', ( #818 ), #1438, .T. ) ;
#3221 = LINE ( 'NONE', #1457, #3124 ) ;
#3223 = ORIENTED_EDGE ( 'NONE', *, *, #2284, .T. ) ;
#3224 = AXIS2_PLACEMENT_3D ( 'NONE', #4800, #5351, #2879 ) ;
#3225 = DIRECTION ( 'NONE',  ( -0.000000000000000000, -1.000000000000000000, -0.000000000000000000 ) ) ;
#3226 = ORIENTED_EDGE ( 'NONE', *, *, #7344, .F. ) ;
#3227 = ORIENTED_EDGE ( 'NONE', *, *, #3477, .T. ) ;
#3228 = CARTESIAN_POINT ( 'NONE',  ( 93.50000000000054001, 3.162834577574732215E-13, 57.24999999999594280 ) ) ;
#3229 = VECTOR ( 'NONE', #1778, 1000.000000000000000 ) ;
#3231 = EDGE_CURVE ( 'NONE', #93, #4668, #2542, .T. ) ;
#3230 = DIRECTION ( 'NONE',  ( 0.000000000000000000, 0.000000000000000000, 1.000000000000000000 ) ) ;
#3232 = ORIENTED_EDGE ( 'NONE', *, *, #1705, .T. ) ;
#3233 = AXIS2_PLACEMENT_3D ( 'NONE', #1411, #303, #2150 ) ;
#3234 = ORIENTED_EDGE ( 'NONE', *, *, #2942, .T. ) ;
#3235 = AXIS2_PLACEMENT_3D ( 'NONE', #715, #4359, #6755 ) ;
#3236 = DIRECTION ( 'NONE',  ( -0.000000000000000000, -1.000000000000000000, -0.000000000000000000 ) ) ;
#3237 = FACE_OUTER_BOUND ( 'NONE', #40, .T. ) ;
#3238 = ORIENTED_EDGE ( 'NONE', *, *, #266, .T. ) ;
#3239 = FACE_OUTER_BOUND ( 'NONE', #7735, .T. ) ;
#3240 = AXIS2_PLACEMENT_3D ( 'NONE', #1010, #5749, #4687 ) ;
#3241 = AXIS2_PLACEMENT_3D ( 'NONE', #3253, #824, #3210 ) ;
#3243 = ADVANCED_FACE ( 'NONE', ( #189 ), #4301, .T. ) ;
#3242 = CARTESIAN_POINT ( 'NONE',  ( -83.49999999999992895, 72.72593389687270360, 105.7499999999998295 ) ) ;
#3244 = ORIENTED_EDGE ( 'NONE', *, *, #631, .F. ) ;
#3245 = DIRECTION ( 'NONE',  ( -0.9659258262890699775, -0.2588190451025145222, 0.000000000000000000 ) ) ;
#3246 = VECTOR ( 'NONE', #1001, 1000.000000000000000 ) ;
#3247 = CARTESIAN_POINT ( 'NONE',  ( -93.49999999999984368, -8.109832250191571589E-15, 5.749999999999727329 ) ) ;
#3248 = ORIENTED_EDGE ( 'NONE', *, *, #2353, .F. ) ;
#3249 = VECTOR ( 'NONE', #3756, 1000.000000000000000 ) ;
#3250 = DIRECTION ( 'NONE',  ( 1.000000000000000000, 1.826024711554534653E-16, 0.000000000000000000 ) ) ;
#3251 = ORIENTED_EDGE ( 'NONE', *, *, #3156, .T. ) ;
#3252 = ORIENTED_EDGE ( 'NONE', *, *, #6553, .F. ) ;
#3253 = CARTESIAN_POINT ( 'NONE',  ( -99.49999999999990052, 155.0000000000000000, -1.864827736675008304E-14 ) ) ;
#3254 = DIRECTION ( 'NONE',  ( 0.2588190451025145222, -0.9659258262890699775, 0.000000000000000000 ) ) ;
#3255 = DIRECTION ( 'NONE',  ( -0.000000000000000000, 0.000000000000000000, 1.000000000000000000 ) ) ;
#3256 = FACE_BOUND ( 'NONE', #5457, .T. ) ;
#3257 = ORIENTED_EDGE ( 'NONE', *, *, #1773, .F. ) ;
#3258 = VERTEX_POINT ( 'NONE', #4386 ) ;
#3259 = EDGE_CURVE ( 'NONE', #414, #4792, #1952, .T. ) ;
#3260 = DIRECTION ( 'NONE',  ( 0.000000000000000000, 1.000000000000000000, -0.000000000000000000 ) ) ;
#3261 = LINE ( 'NONE', #2042, #6012 ) ;
#3262 = CARTESIAN_POINT ( 'NONE',  ( 1.377241172440915905E-13, 9.999999999999998224, 2.749999999999727329 ) ) ;
#3263 = VERTEX_POINT ( 'NONE', #2579 ) ;
#3264 = ORIENTED_EDGE ( 'NONE', *, *, #1297, .T. ) ;
#3265 = ADVANCED_FACE ( 'NONE', ( #6113 ), #746, .F. ) ;
#3266 = EDGE_CURVE ( 'NONE', #5688, #4337, #1370, .T. ) ;
#3267 = FACE_OUTER_BOUND ( 'NONE', #1075, .T. ) ;
#3268 = CARTESIAN_POINT ( 'NONE',  ( -86.70000000000000284, 4.000000000000003553, 105.7499999999998295 ) ) ;
#3269 = ORIENTED_EDGE ( 'NONE', *, *, #7695, .T. ) ;
#3270 = ORIENTED_EDGE ( 'NONE', *, *, #5436, .F. ) ;
#3271 = DIRECTION ( 'NONE',  ( 0.000000000000000000, 0.000000000000000000, 1.000000000000000000 ) ) ;
#3272 = EDGE_CURVE ( 'NONE', #1873, #4704, #150, .T. ) ;
#3273 = FACE_OUTER_BOUND ( 'NONE', #5731, .T. ) ;
#3274 = ORIENTED_EDGE ( 'NONE', *, *, #3305, .T. ) ;
#3275 = DIRECTION ( 'NONE',  ( 0.2588190451025145222, -0.9659258262890699775, 0.000000000000000000 ) ) ;
#3276 = DIRECTION ( 'NONE',  ( 0.5999999999999862110, 0.000000000000000000, 0.8000000000000104805 ) ) ;
#3277 = ORIENTED_EDGE ( 'NONE', *, *, #2450, .T. ) ;
#3278 = DIRECTION ( 'NONE',  ( 0.000000000000000000, 1.000000000000000000, 0.000000000000000000 ) ) ;
#3279 = CARTESIAN_POINT ( 'NONE',  ( 40.73314164920994784, 149.9999999999999716, 2.749999999999727329 ) ) ;
#3280 = EDGE_LOOP ( 'NONE', ( #4872, #3177, #2359, #3577, #275, #24, #2032, #1368, #4831, #5696, #6338, #39 ) ) ;
#3281 = ADVANCED_FACE ( 'NONE', ( #3204 ), #5529, .F. ) ;
#3282 = CARTESIAN_POINT ( 'NONE',  ( -21.08804408222000504, -5.650524381782620509, 54.24999999999594280 ) ) ;
#3283 = VERTEX_POINT ( 'NONE', #7253 ) ;
#3284 = ORIENTED_EDGE ( 'NONE', *, *, #1539, .T. ) ;
#3285 = DIRECTION ( 'NONE',  ( 0.2588190451025145222, -0.9659258262890699775, 0.000000000000000000 ) ) ;
#3286 = DIRECTION ( 'NONE',  ( 0.000000000000000000, 1.000000000000000000, 0.000000000000000000 ) ) ;
#3287 = DIRECTION ( 'NONE',  ( 0.000000000000000000, -1.000000000000000000, 0.000000000000000000 ) ) ;
#3288 = CARTESIAN_POINT ( 'NONE',  ( -4.588766658316676955E-15, 2.000000000000000000, 61.83257569495553696 ) ) ;
#3289 = VERTEX_POINT ( 'NONE', #1877 ) ;
#3290 = CARTESIAN_POINT ( 'NONE',  ( 89.49999999999968736, 0.000000000000000000, -5.750000000000022204 ) ) ;
#3291 = VERTEX_POINT ( 'NONE', #4268 ) ;
#3292 = CARTESIAN_POINT ( 'NONE',  ( -99.49999999999884892, 155.0000000000000000, 103.0000000000000426 ) ) ;
#3293 = DIRECTION ( 'NONE',  ( -2.413528314402514287E-15, 0.000000000000000000, 1.000000000000000000 ) ) ;
#3294 = EDGE_CURVE ( 'NONE', #6246, #93, #6661, .T. ) ;
#3295 = DIRECTION ( 'NONE',  ( 0.000000000000000000, 1.000000000000000000, -0.000000000000000000 ) ) ;
#3296 = DIRECTION ( 'NONE',  ( -0.9659258262890699775, -0.2588190451025145777, 0.000000000000000000 ) ) ;
#3297 = ORIENTED_EDGE ( 'NONE', *, *, #578, .T. ) ;
#3298 = EDGE_LOOP ( 'NONE', ( #1837, #2853, #4949, #7207 ) ) ;
#3299 = LINE ( 'NONE', #2759, #6992 ) ;
#3300 = CARTESIAN_POINT ( 'NONE',  ( 54.52000000000190738, -8.000000000000000000, 40.88999999999936108 ) ) ;
#3301 = AXIS2_PLACEMENT_3D ( 'NONE', #1260, #6506, #2427 ) ;
#3302 = ADVANCED_FACE ( 'NONE', ( #1291 ), #7291, .T. ) ;
#3303 = ORIENTED_EDGE ( 'NONE', *, *, #1750, .T. ) ;
#3304 = ORIENTED_EDGE ( 'NONE', *, *, #5606, .F. ) ;
#3305 = EDGE_CURVE ( 'NONE', #163, #4744, #1993, .T. ) ;
#3306 = DIRECTION ( 'NONE',  ( 0.000000000000000000, 0.000000000000000000, 1.000000000000000000 ) ) ;
#3307 = CIRCLE ( 'NONE', #6696, 1.699999999999824984 ) ;
#3308 = CARTESIAN_POINT ( 'NONE',  ( -83.49999999999992895, 111.3629669484362381, 108.7499999999996874 ) ) ;
#3309 = EDGE_LOOP ( 'NONE', ( #4437, #3901, #6834, #3639 ) ) ;
#3310 = CARTESIAN_POINT ( 'NONE',  ( 36.86750549512435526, 9.878618324368254378, 5.749999999999727329 ) ) ;
#3311 = DIRECTION ( 'NONE',  ( 1.000000000000000000, 1.246507886929438799E-16, 0.000000000000000000 ) ) ;
#3312 = ORIENTED_EDGE ( 'NONE', *, *, #3735, .T. ) ;
#3313 = CIRCLE ( 'NONE', #4574, 2.000000000000000000 ) ;
#3314 = LINE ( 'NONE', #2061, #4701 ) ;
#3315 = FACE_OUTER_BOUND ( 'NONE', #2063, .T. ) ;
#3316 = ORIENTED_EDGE ( 'NONE', *, *, #5090, .F. ) ;
#3317 = DIRECTION ( 'NONE',  ( 0.2588190451025147998, -0.9659258262890699775, 0.000000000000000000 ) ) ;
#3318 = VERTEX_POINT ( 'NONE', #3677 ) ;
#3319 = ORIENTED_EDGE ( 'NONE', *, *, #7651, .F. ) ;
#3320 = DIRECTION ( 'NONE',  ( 1.000000000000000000, 1.662010515905918563E-16, 0.000000000000000000 ) ) ;
#3321 = LINE ( 'NONE', #2035, #4236 ) ;
#3322 = EDGE_CURVE ( 'NONE', #6710, #7511, #1405, .T. ) ;
#3323 = VECTOR ( 'NONE', #4476, 1000.000000000000000 ) ;
#3324 = CARTESIAN_POINT ( 'NONE',  ( -42.08895278359657510, 149.9999999999999716, 5.749999999999727329 ) ) ;
#3325 = CARTESIAN_POINT ( 'NONE',  ( -96.50000000000000000, -8.000000000000000000, -9.750000000000019540 ) ) ;
#3326 = VERTEX_POINT ( 'NONE', #5013 ) ;
#3327 = DIRECTION ( 'NONE',  ( 0.000000000000000000, 0.000000000000000000, 1.000000000000000000 ) ) ;
#3328 = VERTEX_POINT ( 'NONE', #6070 ) ;
#3329 = CYLINDRICAL_SURFACE ( 'NONE', #3178, 1.700000000000021050 ) ;
#3330 = DIRECTION ( 'NONE',  ( -1.982541115402065110E-16, 1.000000000000000000, 0.000000000000000000 ) ) ;
#3331 = AXIS2_PLACEMENT_3D ( 'NONE', #3140, #4909, #4355 ) ;
#3332 = PLANE ( 'NONE',  #5256 ) ;
#3333 = EDGE_CURVE ( 'NONE', #1015, #3263, #6473, .T. ) ;
#3334 = DIRECTION ( 'NONE',  ( 1.826024711554534653E-16, -1.000000000000000000, 0.000000000000000000 ) ) ;
#3335 = CARTESIAN_POINT ( 'NONE',  ( -4.576065843240516351, 9.999999999999998224, 57.24999999999594280 ) ) ;
#3336 = ORIENTED_EDGE ( 'NONE', *, *, #6675, .T. ) ;
#3337 = CIRCLE ( 'NONE', #4472, 1.799999999999996048 ) ;
#3338 = ORIENTED_EDGE ( 'NONE', *, *, #1005, .F. ) ;
#3339 = CARTESIAN_POINT ( 'NONE',  ( -21.08804408222000504, -5.650524381782620509, 54.24999999999594280 ) ) ;
#3340 = LINE ( 'NONE', #956, #2991 ) ;
#3341 = AXIS2_PLACEMENT_3D ( 'NONE', #1557, #1239, #5396 ) ;
#3342 = VERTEX_POINT ( 'NONE', #5130 ) ;
#3343 = VERTEX_POINT ( 'NONE', #2101 ) ;
#3344 = CARTESIAN_POINT ( 'NONE',  ( -66.69263666784527800, 9.999999999999991118, 5.749999999999727329 ) ) ;
#3345 = AXIS2_PLACEMENT_3D ( 'NONE', #321, #4480, #2715 ) ;
#3346 = FACE_BOUND ( 'NONE', #3748, .T. ) ;
#3347 = ORIENTED_EDGE ( 'NONE', *, *, #5782, .F. ) ;
#3348 = EDGE_CURVE ( 'NONE', #3882, #768, #6413, .T. ) ;
#3349 = CARTESIAN_POINT ( 'NONE',  ( 78.24602858956613716, 10.00000000000000888, 2.749999999999727329 ) ) ;
#3350 = CARTESIAN_POINT ( 'NONE',  ( 0.000000000000000000, -8.000000000000000000, 0.000000000000000000 ) ) ;
#3351 = EDGE_CURVE ( 'NONE', #3009, #1858, #5048, .T. ) ;
#3352 = VECTOR ( 'NONE', #7444, 1000.000000000000000 ) ;
#3353 = ORIENTED_EDGE ( 'NONE', *, *, #2015, .F. ) ;
#3354 = VECTOR ( 'NONE', #3563, 999.9999999999998863 ) ;
#3355 = CARTESIAN_POINT ( 'NONE',  ( 61.43866525741142937, 149.9999999999999716, 54.24999999999594280 ) ) ;
#3356 = CARTESIAN_POINT ( 'NONE',  ( -6.349087922075072314E-14, 160.0000000000000000, 45.74999999999974420 ) ) ;
#3357 = ORIENTED_EDGE ( 'NONE', *, *, #3759, .F. ) ;
#3358 = DIRECTION ( 'NONE',  ( 1.804112415015877864E-13, 0.000000000000000000, 1.000000000000000000 ) ) ;
#3359 = ORIENTED_EDGE ( 'NONE', *, *, #5919, .F. ) ;
#3361 = EDGE_CURVE ( 'NONE', #6672, #274, #6297, .T. ) ;
#3360 = DIRECTION ( 'NONE',  ( -0.000000000000000000, -1.000000000000000000, 0.000000000000000000 ) ) ;
#3362 = AXIS2_PLACEMENT_3D ( 'NONE', #5280, #7700, #4058 ) ;
#3363 = ADVANCED_FACE ( 'NONE', ( #7018 ), #7596, .T. ) ;
#3364 = AXIS2_PLACEMENT_3D ( 'NONE', #2854, #7134, #2776 ) ;
#3365 = CARTESIAN_POINT ( 'NONE',  ( -50.06581887089210170, -13.41509573485805973, 54.24999999999594280 ) ) ;
#3366 = CARTESIAN_POINT ( 'NONE',  ( 5.776695960860370960, 9.999999999999998224, 105.7499999999998295 ) ) ;
#3367 = VECTOR ( 'NONE', #5629, 1000.000000000000000 ) ;
#3368 = VECTOR ( 'NONE', #2257, 1000.000000000000000 ) ;
#3369 = CARTESIAN_POINT ( 'NONE',  ( -8.347489366399717192E-12, 160.0000000000000000, 100.2499999999919424 ) ) ;
#3370 = DIRECTION ( 'NONE',  ( 1.000000000000000000, 0.000000000000000000, 2.775557561562888511E-14 ) ) ;
#3371 = ORIENTED_EDGE ( 'NONE', *, *, #4354, .T. ) ;
#3372 = DIRECTION ( 'NONE',  ( 0.000000000000000000, 1.000000000000000000, 0.000000000000000000 ) ) ;
#3373 = ORIENTED_EDGE ( 'NONE', *, *, #2628, .T. ) ;
#3374 = ADVANCED_FACE ( 'NONE', ( #7555 ), #455, .F. ) ;
#3375 = DIRECTION ( 'NONE',  ( -0.9659258262890699775, -0.2588190451025145777, 0.000000000000000000 ) ) ;
#3376 = CYLINDRICAL_SURFACE ( 'NONE', #3734, 1.799999999999996048 ) ;
#3377 = VECTOR ( 'NONE', #551, 999.9999999999998863 ) ;
#3378 = CARTESIAN_POINT ( 'NONE',  ( 89.49999999999968736, -24.12451549659737893, -5.750000000000022204 ) ) ;
#3379 = CARTESIAN_POINT ( 'NONE',  ( 36.83498137316275489, 10.00000000000000355, 54.24999999999594280 ) ) ;
#3380 = LINE ( 'NONE', #7653, #1578 ) ;
#3381 = EDGE_LOOP ( 'NONE', ( #7243, #5100, #4782, #4251 ) ) ;
#3382 = ORIENTED_EDGE ( 'NONE', *, *, #5056, .T. ) ;
#3383 = EDGE_CURVE ( 'NONE', #5775, #3472, #1047, .T. ) ;
#3384 = CARTESIAN_POINT ( 'NONE',  ( -103.5000000000000142, 160.0000000000000000, 57.25000000000009237 ) ) ;
#3385 = DIRECTION ( 'NONE',  ( 0.000000000000000000, 0.000000000000000000, 1.000000000000000000 ) ) ;
#3386 = ORIENTED_EDGE ( 'NONE', *, *, #6383, .T. ) ;
#3387 = ORIENTED_EDGE ( 'NONE', *, *, #5257, .T. ) ;
#3388 = CARTESIAN_POINT ( 'NONE',  ( -45.98711305964378226, 10.00000000000000000, 54.24999999999594280 ) ) ;
#3389 = PLANE ( 'NONE',  #4948 ) ;
#3390 = ORIENTED_EDGE ( 'NONE', *, *, #3544, .F. ) ;
#3391 = CARTESIAN_POINT ( 'NONE',  ( 86.70000000000000284, 4.000000000000023981, 108.7499999999996874 ) ) ;
#3392 = FACE_OUTER_BOUND ( 'NONE', #737, .T. ) ;
#3393 = ORIENTED_EDGE ( 'NONE', *, *, #1554, .F. ) ;
#3394 = EDGE_CURVE ( 'NONE', #2673, #33, #2062, .T. ) ;
#3395 = DIRECTION ( 'NONE',  ( 0.2588190451025145222, -0.9659258262890699775, 0.000000000000000000 ) ) ;
#3396 = LINE ( 'NONE', #415, #718 ) ;
#3397 = VERTEX_POINT ( 'NONE', #929 ) ;
#3398 = DIRECTION ( 'NONE',  ( 1.000000000000000000, 1.662010515905918563E-16, 0.000000000000000000 ) ) ;
#3399 = ORIENTED_EDGE ( 'NONE', *, *, #794, .T. ) ;
#3400 = CARTESIAN_POINT ( 'NONE',  ( 83.50000000000049738, 150.0000000000000000, 54.24999999999594280 ) ) ;
#3401 = CARTESIAN_POINT ( 'NONE',  ( 20.02761804100817145, 149.9999999999999716, 54.24999999999594280 ) ) ;
#3402 = DIRECTION ( 'NONE',  ( 0.2588190451025145222, -0.9659258262890699775, 0.000000000000000000 ) ) ;
#3403 = EDGE_CURVE ( 'NONE', #5449, #2454, #3337, .T. ) ;
#3404 = ADVANCED_FACE ( 'NONE', ( #3315 ), #7520, .T. ) ;
#3405 = CARTESIAN_POINT ( 'NONE',  ( 99.49999999999991473, 160.0000000000000000, 1.999999999999977573 ) ) ;
#3406 = CARTESIAN_POINT ( 'NONE',  ( -1.769527556438548865, -0.4741434797323148542, 105.7499999999998295 ) ) ;
#3407 = ORIENTED_EDGE ( 'NONE', *, *, #3266, .F. ) ;
#3408 = ADVANCED_FACE ( 'NONE', ( #4620 ), #2733, .T. ) ;
#3409 = CARTESIAN_POINT ( 'NONE',  ( -1.246507886929438602E-15, 9.999999999999998224, 54.24999999999594280 ) ) ;
#3410 = ORIENTED_EDGE ( 'NONE', *, *, #3085, .F. ) ;
#3411 = DIRECTION ( 'NONE',  ( 0.2588190451025145222, -0.9659258262890699775, 0.000000000000000000 ) ) ;
#3412 = LINE ( 'NONE', #4593, #1483 ) ;
#3413 = CARTESIAN_POINT ( 'NONE',  ( 27.20824723223357111, 7.290427873343127807, 108.7499999999996874 ) ) ;
#3414 = ORIENTED_EDGE ( 'NONE', *, *, #1730, .F. ) ;
#3415 = EDGE_CURVE ( 'NONE', #4164, #250, #3435, .T. ) ;
#3416 = EDGE_CURVE ( 'NONE', #6559, #3141, #6852, .T. ) ;
#3417 = CARTESIAN_POINT ( 'NONE',  ( -1.246507886929438602E-15, 9.999999999999998224, 57.24999999999594280 ) ) ;
#3418 = DIRECTION ( 'NONE',  ( 0.000000000000000000, 1.000000000000000000, 0.000000000000000000 ) ) ;
#3419 = ORIENTED_EDGE ( 'NONE', *, *, #2426, .F. ) ;
#3420 = ORIENTED_EDGE ( 'NONE', *, *, #3361, .T. ) ;
#3421 = DIRECTION ( 'NONE',  ( 0.2588190451025145222, -0.9659258262890699775, 0.000000000000000000 ) ) ;
#3422 = CARTESIAN_POINT ( 'NONE',  ( 92.49999999999991473, -24.12451549659737893, -9.750000000000667910 ) ) ;
#3423 = ORIENTED_EDGE ( 'NONE', *, *, #4209, .T. ) ;
#3424 = EDGE_CURVE ( 'NONE', #5341, #259, #1478, .T. ) ;
#3425 = ORIENTED_EDGE ( 'NONE', *, *, #1639, .F. ) ;
#3426 = CARTESIAN_POINT ( 'NONE',  ( 67.89326678546525784, 10.00000000000000888, 108.7499999999996874 ) ) ;
#3427 = DIRECTION ( 'NONE',  ( -0.000000000000000000, 0.000000000000000000, 1.000000000000000000 ) ) ;
#3428 = EDGE_LOOP ( 'NONE', ( #7204, #1030, #5508, #6363 ) ) ;
#3429 = VECTOR ( 'NONE', #858, 999.9999999999998863 ) ;
#3430 = CARTESIAN_POINT ( 'NONE',  ( -99.49999999999990052, 155.0000000000000000, -1.864827736675008304E-14 ) ) ;
#3431 = DIRECTION ( 'NONE',  ( 2.523234146875356096E-15, 0.000000000000000000, -1.000000000000000000 ) ) ;
#3432 = ORIENTED_EDGE ( 'NONE', *, *, #6531, .F. ) ;
#3433 = EDGE_CURVE ( 'NONE', #6865, #250, #1595, .T. ) ;
#3434 = VECTOR ( 'NONE', #6964, 1000.000000000000000 ) ;
#3435 = LINE ( 'NONE', #4454, #4094 ) ;
#3436 = ORIENTED_EDGE ( 'NONE', *, *, #6166, .T. ) ;
#3437 = CARTESIAN_POINT ( 'NONE',  ( 9.674856236907373841, 149.9999999999999716, 54.24999999999594280 ) ) ;
#3438 = ORIENTED_EDGE ( 'NONE', *, *, #5036, .F. ) ;
#3439 = LINE ( 'NONE', #1669, #2363 ) ;
#3440 = CARTESIAN_POINT ( 'NONE',  ( -66.69263666784527800, 9.999999999999991118, 2.749999999999727329 ) ) ;
#3441 = AXIS2_PLACEMENT_3D ( 'NONE', #4101, #2650, #6805 ) ;
#3442 = CARTESIAN_POINT ( 'NONE',  ( -95.49999999999945999, 160.0000000000000000, 0.000000000000000000 ) ) ;
#3443 = LINE ( 'NONE', #5719, #3213 ) ;
#3444 = EDGE_LOOP ( 'NONE', ( #5819, #5083, #850, #721 ) ) ;
#3445 = VECTOR ( 'NONE', #1381, 1000.000000000000000 ) ;
#3446 = CARTESIAN_POINT ( 'NONE',  ( -99.49999999999990052, 160.0000000000000000, 1.999999999999977573 ) ) ;
#3447 = EDGE_LOOP ( 'NONE', ( #1226, #6550, #3941, #2508 ) ) ;
#3448 = DIRECTION ( 'NONE',  ( 0.000000000000000000, -0.000000000000000000, 1.000000000000000000 ) ) ;
#3449 = DIRECTION ( 'NONE',  ( -0.000000000000000000, -1.000000000000000000, 0.000000000000000000 ) ) ;
#3450 = EDGE_CURVE ( 'NONE', #5433, #1796, #3218, .T. ) ;
#3451 = DIRECTION ( 'NONE',  ( 0.000000000000000000, 0.000000000000000000, 1.000000000000000000 ) ) ;
#3452 = VECTOR ( 'NONE', #7138, 1000.000000000000000 ) ;
#3453 = DIRECTION ( 'NONE',  ( 0.000000000000000000, 0.000000000000000000, 1.000000000000000000 ) ) ;
#3454 = CARTESIAN_POINT ( 'NONE',  ( 93.50000000000001421, 0.000000000000000000, 95.24999999999975842 ) ) ;
#3455 = ORIENTED_EDGE ( 'NONE', *, *, #1256, .F. ) ;
#3456 = ORIENTED_EDGE ( 'NONE', *, *, #7244, .T. ) ;
#3457 = AXIS2_PLACEMENT_3D ( 'NONE', #589, #545, #2939 ) ;
#3458 = LINE ( 'NONE', #1183, #2098 ) ;
#3459 = EDGE_CURVE ( 'NONE', #7451, #3778, #3988, .T. ) ;
#3460 = EDGE_CURVE ( 'NONE', #6414, #517, #3396, .T. ) ;
#3461 = LINE ( 'NONE', #1623, #361 ) ;
#3462 = VERTEX_POINT ( 'NONE', #2808 ) ;
#3463 = AXIS2_PLACEMENT_3D ( 'NONE', #1911, #4975, #7371 ) ;
#3464 = VERTEX_POINT ( 'NONE', #5207 ) ;
#3465 = DIRECTION ( 'NONE',  ( 1.000000000000000000, 1.662010515905923986E-16, 0.000000000000000000 ) ) ;
#3466 = DIRECTION ( 'NONE',  ( 1.000000000000000000, 0.000000000000000000, 2.775557561562888827E-14 ) ) ;
#3467 = ORIENTED_EDGE ( 'NONE', *, *, #1695, .T. ) ;
#3468 = ADVANCED_FACE ( 'NONE', ( #5249 ), #1824, .T. ) ;
#3469 = AXIS2_PLACEMENT_3D ( 'NONE', #5402, #7087, #4215 ) ;
#3470 = CARTESIAN_POINT ( 'NONE',  ( 78.24602858956600926, 10.00000000000000888, 57.24999999999594280 ) ) ;
#3471 = FACE_BOUND ( 'NONE', #1889, .T. ) ;
#3472 = VERTEX_POINT ( 'NONE', #2417 ) ;
#3473 = VECTOR ( 'NONE', #1599, 1000.000000000000000 ) ;
#3474 = CARTESIAN_POINT ( 'NONE',  ( -86.70000000000000284, 156.0000000000000000, 54.24999999999533173 ) ) ;
#3475 = DIRECTION ( 'NONE',  ( 0.000000000000000000, 1.000000000000000000, -0.000000000000000000 ) ) ;
#3476 = EDGE_LOOP ( 'NONE', ( #3510, #465 ) ) ;
#3477 = EDGE_CURVE ( 'NONE', #3065, #2477, #5102, .T. ) ;
#3478 = CARTESIAN_POINT ( 'NONE',  ( -56.33987486374457632, 9.999999999999992895, 57.24999999999594280 ) ) ;
#3479 = AXIS2_PLACEMENT_3D ( 'NONE', #2396, #4191, #5806 ) ;
#3480 = VECTOR ( 'NONE', #4126, 1000.000000000000000 ) ;
#3481 = CARTESIAN_POINT ( 'NONE',  ( 85.16379680957786036, 22.81957057949398759, 5.749999999999727329 ) ) ;
#3482 = FACE_BOUND ( 'NONE', #7398, .T. ) ;
#3483 = DIRECTION ( 'NONE',  ( 1.000000000000000000, 1.662010515905923740E-16, 0.000000000000000000 ) ) ;
#3484 = VERTEX_POINT ( 'NONE', #7667 ) ;
#3485 = AXIS2_PLACEMENT_3D ( 'NONE', #4306, #6039, #2547 ) ;
#3486 = DIRECTION ( 'NONE',  ( 0.000000000000000000, 0.000000000000000000, 1.000000000000000000 ) ) ;
#3487 = ORIENTED_EDGE ( 'NONE', *, *, #5677, .F. ) ;
#3488 = FACE_OUTER_BOUND ( 'NONE', #6109, .T. ) ;
#3489 = CARTESIAN_POINT ( 'NONE',  ( 61.43866525741148621, 150.0000000000000284, 108.7499999999996874 ) ) ;
#3490 = DIRECTION ( 'NONE',  ( -0.000000000000000000, -1.000000000000000000, 0.000000000000000000 ) ) ;
#3491 = VECTOR ( 'NONE', #65, 1000.000000000000000 ) ;
#3492 = VECTOR ( 'NONE', #6030, 999.9999999999998863 ) ;
#3493 = DIRECTION ( 'NONE',  ( -0.5999999999999191536, 0.000000000000000000, -0.8000000000000606626 ) ) ;
#3494 = EDGE_CURVE ( 'NONE', #3118, #350, #7637, .T. ) ;
#3495 = DIRECTION ( 'NONE',  ( 0.000000000000000000, 0.000000000000000000, 1.000000000000000000 ) ) ;
#3496 = ORIENTED_EDGE ( 'NONE', *, *, #3127, .T. ) ;
#3497 = EDGE_LOOP ( 'NONE', ( #7503, #7116, #5483, #6572 ) ) ;
#3498 = VECTOR ( 'NONE', #6801, 1000.000000000000000 ) ;
#3499 = AXIS2_PLACEMENT_3D ( 'NONE', #1364, #7402, #812 ) ;
#3500 = CARTESIAN_POINT ( 'NONE',  ( -50.06581887089195959, -13.41509573485805973, 5.749999999999727329 ) ) ;
#3501 = DIRECTION ( 'NONE',  ( 0.000000000000000000, 1.000000000000000000, 0.000000000000000000 ) ) ;
#3502 = VECTOR ( 'NONE', #1418, 1000.000000000000000 ) ;
#3503 = ORIENTED_EDGE ( 'NONE', *, *, #5349, .F. ) ;
#3504 = EDGE_CURVE ( 'NONE', #2974, #3882, #2886, .T. ) ;
#3505 = VERTEX_POINT ( 'NONE', #3474 ) ;
#3506 = EDGE_CURVE ( 'NONE', #4987, #4110, #3845, .T. ) ;
#3507 = CARTESIAN_POINT ( 'NONE',  ( 93.49999999999991473, 0.000000000000000000, 59.24999999999970868 ) ) ;
#3508 = ADVANCED_FACE ( 'NONE', ( #3633 ), #528, .F. ) ;
#3509 = CARTESIAN_POINT ( 'NONE',  ( -95.49999999999893419, 160.0000000000000000, 105.7499999999998295 ) ) ;
#3510 = ORIENTED_EDGE ( 'NONE', *, *, #1773, .T. ) ;
#3511 = FACE_OUTER_BOUND ( 'NONE', #1634, .T. ) ;
#3512 = CARTESIAN_POINT ( 'NONE',  ( -25.28158945144208758, 9.999999999999996447, 105.7499999999998295 ) ) ;
#3513 = ORIENTED_EDGE ( 'NONE', *, *, #1629, .T. ) ;
#3514 = ADVANCED_FACE ( 'NONE', ( #6453 ), #6493, .T. ) ;
#3515 = DIRECTION ( 'NONE',  ( 0.000000000000000000, 0.000000000000000000, 1.000000000000000000 ) ) ;
#3516 = CARTESIAN_POINT ( 'NONE',  ( 93.50000000000000000, 2.000000000000001776, 45.74999999999987210 ) ) ;
#3517 = ORIENTED_EDGE ( 'NONE', *, *, #4317, .F. ) ;
#3518 = DIRECTION ( 'NONE',  ( 0.000000000000000000, 0.000000000000000000, 1.000000000000000000 ) ) ;
#3519 = CARTESIAN_POINT ( 'NONE',  ( -86.70000000000000284, 160.0000000000000000, 5.749999999999980460 ) ) ;
#3520 = EDGE_CURVE ( 'NONE', #4918, #414, #7202, .T. ) ;
#3521 = CARTESIAN_POINT ( 'NONE',  ( -11.03066737129423736, 150.0000000000000284, 108.7499999999996874 ) ) ;
#3522 = DIRECTION ( 'NONE',  ( -1.000000000000000000, 0.000000000000000000, -2.428612866367527723E-14 ) ) ;
#3523 = ORIENTED_EDGE ( 'NONE', *, *, #3997, .T. ) ;
#3524 = CARTESIAN_POINT ( 'NONE',  ( -103.4999999999998863, 2.000000000000001776, 5.749999999999980460 ) ) ;
#3525 = ORIENTED_EDGE ( 'NONE', *, *, #3231, .T. ) ;
#3526 = CARTESIAN_POINT ( 'NONE',  ( -103.5000000000000142, -8.000000000000000000, 108.7499999999996732 ) ) ;
#3527 = CARTESIAN_POINT ( 'NONE',  ( 16.12945776496125561, 10.00000000000000000, 5.749999999999727329 ) ) ;
#3528 = LINE ( 'NONE', #1649, #5617 ) ;
#3529 = CARTESIAN_POINT ( 'NONE',  ( 86.69999999999997442, 160.0000000000000284, 57.24999999999243983 ) ) ;
#3530 = DIRECTION ( 'NONE',  ( 0.2588190451025145222, -0.9659258262890699775, 0.000000000000000000 ) ) ;
#3531 = ORIENTED_EDGE ( 'NONE', *, *, #4758, .F. ) ;
#3532 = ORIENTED_EDGE ( 'NONE', *, *, #5212, .F. ) ;
#3533 = DIRECTION ( 'NONE',  ( 0.000000000000000000, -1.000000000000000000, 0.000000000000000000 ) ) ;
#3534 = EDGE_CURVE ( 'NONE', #3202, #5412, #2295, .T. ) ;
#3535 = DIRECTION ( 'NONE',  ( 0.000000000000000000, 1.000000000000000000, -0.000000000000000000 ) ) ;
#3536 = ORIENTED_EDGE ( 'NONE', *, *, #2043, .T. ) ;
#3537 = DIRECTION ( 'NONE',  ( 0.000000000000000000, 1.000000000000000000, 0.000000000000000000 ) ) ;
#3538 = ORIENTED_EDGE ( 'NONE', *, *, #1217, .T. ) ;
#3539 = LINE ( 'NONE', #447, #1099 ) ;
#3540 = DIRECTION ( 'NONE',  ( 1.000000000000000000, -0.000000000000000000, 0.000000000000000000 ) ) ;
#3541 = LINE ( 'NONE', #2775, #2849 ) ;
#3542 = ORIENTED_EDGE ( 'NONE', *, *, #1446, .T. ) ;
#3543 = FACE_OUTER_BOUND ( 'NONE', #7718, .T. ) ;
#3544 = EDGE_CURVE ( 'NONE', #169, #6672, #7358, .T. ) ;
#3545 = CARTESIAN_POINT ( 'NONE',  ( 99.50000000000099476, 155.0000000000000000, 103.0000000000000426 ) ) ;
#3546 = ORIENTED_EDGE ( 'NONE', *, *, #1066, .T. ) ;
#3547 = CARTESIAN_POINT ( 'NONE',  ( -1.246507886929442940E-15, 9.999999999999998224, 105.7499999999998295 ) ) ;
#3548 = AXIS2_PLACEMENT_3D ( 'NONE', #4152, #1680, #469 ) ;
#3549 = DIRECTION ( 'NONE',  ( 0.000000000000000000, 0.000000000000000000, 1.000000000000000000 ) ) ;
#3550 = PLANE ( 'NONE',  #993 ) ;
#3551 = ADVANCED_FACE ( 'NONE', ( #7052 ), #4175, .F. ) ;
#3552 = EDGE_CURVE ( 'NONE', #2885, #4390, #5870, .T. ) ;
#3553 = DIRECTION ( 'NONE',  ( 1.000000000000000000, 0.000000000000000000, 0.000000000000000000 ) ) ;
#3554 = ORIENTED_EDGE ( 'NONE', *, *, #5287, .T. ) ;
#3555 = VECTOR ( 'NONE', #986, 1000.000000000000000 ) ;
#3556 = LINE ( 'NONE', #4698, #6962 ) ;
#3557 = LINE ( 'NONE', #5952, #7712 ) ;
#3558 = ORIENTED_EDGE ( 'NONE', *, *, #926, .F. ) ;
#3559 = LINE ( 'NONE', #73, #6195 ) ;
#3560 = ORIENTED_EDGE ( 'NONE', *, *, #5389, .F. ) ;
#3561 = VECTOR ( 'NONE', #1699, 1000.000000000000000 ) ;
#3562 = LINE ( 'NONE', #2897, #3807 ) ;
#3563 = DIRECTION ( 'NONE',  ( -0.2588190451025146888, 0.9659258262890699775, 0.000000000000000000 ) ) ;
#3564 = ADVANCED_FACE ( 'NONE', ( #4691 ), #1747, .F. ) ;
#3565 = CARTESIAN_POINT ( 'NONE',  ( -93.49999999998966871, 160.0000000000000000, -1.686845108039675320E-11 ) ) ;
#3566 = VECTOR ( 'NONE', #2901, 999.9999999999998863 ) ;
#3567 = CARTESIAN_POINT ( 'NONE',  ( 93.49999999999998579, -3.000000000000000000, -3.243932900076624849E-14 ) ) ;
#3568 = PLANE ( 'NONE',  #2834 ) ;
#3569 = EDGE_LOOP ( 'NONE', ( #6058, #694, #5306 ) ) ;
#3570 = VERTEX_POINT ( 'NONE', #1163 ) ;
#3571 = DIRECTION ( 'NONE',  ( 0.000000000000000000, 0.000000000000000000, 1.000000000000000000 ) ) ;
#3572 = EDGE_CURVE ( 'NONE', #1058, #5557, #5940, .T. ) ;
#3573 = CIRCLE ( 'NONE', #2320, 1.799999999999996048 ) ;
#3574 = CARTESIAN_POINT ( 'NONE',  ( -86.70000000000000284, 4.000000000000003553, 105.7499999999998295 ) ) ;
#3575 = EDGE_LOOP ( 'NONE', ( #3827, #408, #6605, #3436 ) ) ;
#3576 = DIRECTION ( 'NONE',  ( 0.000000000000000000, 0.000000000000000000, 1.000000000000000000 ) ) ;
#3577 = ORIENTED_EDGE ( 'NONE', *, *, #5726, .F. ) ;
#3578 = VECTOR ( 'NONE', #3736, 999.9999999999998863 ) ;
#3579 = VERTEX_POINT ( 'NONE', #1200 ) ;
#3580 = CARTESIAN_POINT ( 'NONE',  ( 0.000000000000000000, 160.0000000000000000, 57.05000000000013216 ) ) ;
#3581 = CARTESIAN_POINT ( 'NONE',  ( -89.50000000000008527, 0.000000000000000000, -5.750000000000022204 ) ) ;
#3582 = DIRECTION ( 'NONE',  ( 1.000000000000000000, 1.246507886929438799E-16, 0.000000000000000000 ) ) ;
#3583 = EDGE_LOOP ( 'NONE', ( #913, #1349, #2750, #7567 ) ) ;
#3584 = DIRECTION ( 'NONE',  ( -0.5999999999999862110, 0.000000000000000000, 0.8000000000000103695 ) ) ;
#3585 = FACE_OUTER_BOUND ( 'NONE', #5166, .T. ) ;
#3586 = VECTOR ( 'NONE', #624, 1000.000000000000000 ) ;
#3587 = VERTEX_POINT ( 'NONE', #7749 ) ;
#3588 = ADVANCED_FACE ( 'NONE', ( #4773 ), #3589, .F. ) ;
#3589 = CYLINDRICAL_SURFACE ( 'NONE', #1588, 1.700000000000021050 ) ;
#3590 = VECTOR ( 'NONE', #229, 1000.000000000000000 ) ;
#3591 = CARTESIAN_POINT ( 'NONE',  ( 4.059252933785062171E-12, 160.0000000000000000, 48.74999999999204192 ) ) ;
#3592 = EDGE_LOOP ( 'NONE', ( #1292, #6932, #5134, #6212 ) ) ;
#3593 = CARTESIAN_POINT ( 'NONE',  ( -21.08804408221986648, -5.650524381782620509, 5.749999999999727329 ) ) ;
#3594 = CARTESIAN_POINT ( 'NONE',  ( 5.776695960860370960, 9.999999999999998224, 105.7499999999998295 ) ) ;
#3595 = EDGE_LOOP ( 'NONE', ( #2941, #5595, #393, #2065 ) ) ;
#3596 = VECTOR ( 'NONE', #5309, 1000.000000000000000 ) ;
#3597 = DIRECTION ( 'NONE',  ( -0.000000000000000000, -1.000000000000000000, -0.000000000000000000 ) ) ;
#3598 = EDGE_CURVE ( 'NONE', #7109, #5589, #22, .T. ) ;
#3599 = DIRECTION ( 'NONE',  ( 0.2588190451025145777, -0.9659258262890699775, 0.000000000000000000 ) ) ;
#3600 = VERTEX_POINT ( 'NONE', #4409 ) ;
#3601 = EDGE_CURVE ( 'NONE', #2102, #4031, #3037, .T. ) ;
#3602 = LINE ( 'NONE', #5293, #5817 ) ;
#3603 = ORIENTED_EDGE ( 'NONE', *, *, #2707, .T. ) ;
#3604 = CIRCLE ( 'NONE', #3345, 1.700000000000021050 ) ;
#3605 = LINE ( 'NONE', #7763, #1800 ) ;
#3606 = PLANE ( 'NONE',  #1607 ) ;
#3607 = DIRECTION ( 'NONE',  ( 0.000000000000000000, 1.000000000000000000, -0.000000000000000000 ) ) ;
#3608 = VECTOR ( 'NONE', #5422, 1000.000000000000000 ) ;
#3609 = DIRECTION ( 'NONE',  ( 0.000000000000000000, 0.000000000000000000, 1.000000000000000000 ) ) ;
#3610 = FACE_OUTER_BOUND ( 'NONE', #2369, .T. ) ;
#3611 = EDGE_LOOP ( 'NONE', ( #6169, #249, #5262, #3056 ) ) ;
#3612 = ADVANCED_FACE ( 'NONE', ( #5435, #735, #6145 ), #1361, .T. ) ;
#3613 = VERTEX_POINT ( 'NONE', #4260 ) ;
#3614 = DIRECTION ( 'NONE',  ( -0.000000000000000000, -1.000000000000000000, 0.000000000000000000 ) ) ;
#3615 = VECTOR ( 'NONE', #3276, 999.9999999999998863 ) ;
#3616 = CIRCLE ( 'NONE', #4245, 4.000000000000193623 ) ;
#3617 = FACE_BOUND ( 'NONE', #5565, .T. ) ;
#3618 = ORIENTED_EDGE ( 'NONE', *, *, #474, .T. ) ;
#3619 = VECTOR ( 'NONE', #842, 1000.000000000000114 ) ;
#3620 = DIRECTION ( 'NONE',  ( 0.000000000000000000, 0.000000000000000000, 1.000000000000000000 ) ) ;
#3621 = ORIENTED_EDGE ( 'NONE', *, *, #5677, .T. ) ;
#3622 = CIRCLE ( 'NONE', #1379, 5.000000000000000888 ) ;
#3623 = EDGE_CURVE ( 'NONE', #1796, #5433, #6980, .T. ) ;
#3624 = ORIENTED_EDGE ( 'NONE', *, *, #6712, .F. ) ;
#3625 = DIRECTION ( 'NONE',  ( -0.000000000000000000, -1.000000000000000000, 0.000000000000000000 ) ) ;
#3626 = DIRECTION ( 'NONE',  ( -1.000000000000000000, 0.000000000000000000, 0.000000000000000000 ) ) ;
#3627 = ORIENTED_EDGE ( 'NONE', *, *, #3759, .T. ) ;
#3628 = CARTESIAN_POINT ( 'NONE',  ( -96.50000000000000000, -8.000000000000000000, 78.94999999999998863 ) ) ;
#3629 = CIRCLE ( 'NONE', #5516, 1.799999999999996048 ) ;
#3630 = DIRECTION ( 'NONE',  ( 1.000000000000000000, -0.000000000000000000, 0.000000000000000000 ) ) ;
#3631 = ORIENTED_EDGE ( 'NONE', *, *, #6910, .T. ) ;
#3632 = ORIENTED_EDGE ( 'NONE', *, *, #990, .T. ) ;
#3633 = FACE_OUTER_BOUND ( 'NONE', #5049, .T. ) ;
#3634 = PLANE ( 'NONE',  #3441 ) ;
#3635 = ORIENTED_EDGE ( 'NONE', *, *, #3572, .F. ) ;
#3636 = DIRECTION ( 'NONE',  ( 0.000000000000000000, 0.000000000000000000, 1.000000000000000000 ) ) ;
#3637 = LINE ( 'NONE', #6694, #3993 ) ;
#3638 = ADVANCED_FACE ( 'NONE', ( #1428 ), #7319, .F. ) ;
#3639 = ORIENTED_EDGE ( 'NONE', *, *, #6910, .F. ) ;
#3640 = LINE ( 'NONE', #3676, #7702 ) ;
#3641 = LINE ( 'NONE', #579, #1832 ) ;
#3642 = VERTEX_POINT ( 'NONE', #219 ) ;
#3643 = DIRECTION ( 'NONE',  ( -3.469446951953609751E-16, 0.000000000000000000, -1.000000000000000000 ) ) ;
#3644 = EDGE_LOOP ( 'NONE', ( #5604, #3244, #4548, #4761 ) ) ;
#3645 = DIRECTION ( 'NONE',  ( 1.000000000000000000, 1.246507886929438799E-16, 0.000000000000000000 ) ) ;
#3646 = CARTESIAN_POINT ( 'NONE',  ( -86.70000000000000284, -3.200000000000000178, 54.24999999999534595 ) ) ;
#3647 = LINE ( 'NONE', #4867, #5491 ) ;
#3648 = EDGE_CURVE ( 'NONE', #3035, #6389, #5095, .T. ) ;
#3649 = EDGE_CURVE ( 'NONE', #932, #2495, #4966, .T. ) ;
#3650 = DIRECTION ( 'NONE',  ( -0.9659258262890700886, -0.2588190451025144112, 0.000000000000000000 ) ) ;
#3651 = EDGE_CURVE ( 'NONE', #2871, #3600, #6103, .T. ) ;
#3652 = DIRECTION ( 'NONE',  ( -0.2588190451025147998, 0.9659258262890699775, 0.000000000000000000 ) ) ;
#3653 = ORIENTED_EDGE ( 'NONE', *, *, #5473, .T. ) ;
#3654 = ORIENTED_EDGE ( 'NONE', *, *, #567, .T. ) ;
#3655 = ADVANCED_FACE ( 'NONE', ( #4335 ), #4927, .T. ) ;
#3657 = EDGE_CURVE ( 'NONE', #4208, #4936, #2217, .T. ) ;
#3656 = DIRECTION ( 'NONE',  ( 1.000000000000000000, 1.246507886929443236E-16, 0.000000000000000000 ) ) ;
#3658 = CARTESIAN_POINT ( 'NONE',  ( 5.776695960860446455, 9.999999999999998224, 2.749999999999727329 ) ) ;
#3659 = ORIENTED_EDGE ( 'NONE', *, *, #3017, .T. ) ;
#3660 = ORIENTED_EDGE ( 'NONE', *, *, #2604, .T. ) ;
#3661 = DIRECTION ( 'NONE',  ( 0.000000000000000000, 0.000000000000000000, -1.000000000000000000 ) ) ;
#3662 = CARTESIAN_POINT ( 'NONE',  ( -93.49999999999990052, 0.000000000000000000, -2.750000000000018652 ) ) ;
#3663 = VERTEX_POINT ( 'NONE', #3669 ) ;
#3664 = FACE_OUTER_BOUND ( 'NONE', #846, .T. ) ;
#3666 = EDGE_CURVE ( 'NONE', #4503, #2736, #4719, .T. ) ;
#3665 = DIRECTION ( 'NONE',  ( -0.000000000000000000, -1.000000000000000000, 0.000000000000000000 ) ) ;
#3667 = ORIENTED_EDGE ( 'NONE', *, *, #206, .T. ) ;
#3668 = ORIENTED_EDGE ( 'NONE', *, *, #6670, .T. ) ;
#3669 = CARTESIAN_POINT ( 'NONE',  ( 78.24602858956613716, 10.00000000000000888, 2.749999999999727329 ) ) ;
#3670 = DIRECTION ( 'NONE',  ( 4.024558464266189304E-14, -0.000000000000000000, 1.000000000000000000 ) ) ;
#3671 = EDGE_LOOP ( 'NONE', ( #4468, #1609, #2209, #3668 ) ) ;
#3672 = DIRECTION ( 'NONE',  ( -1.000000000000000000, 0.000000000000000000, 0.000000000000000000 ) ) ;
#3674 = ADVANCED_FACE ( 'NONE', ( #5555 ), #3709, .T. ) ;
#3673 = CARTESIAN_POINT ( 'NONE',  ( 96.50000000000000000, -24.12451549659737893, -9.750000000000019540 ) ) ;
#3675 = VERTEX_POINT ( 'NONE', #5477 ) ;
#3676 = CARTESIAN_POINT ( 'NONE',  ( -6.349087922075072314E-14, 160.0000000000000000, 45.74999999999974420 ) ) ;
#3677 = CARTESIAN_POINT ( 'NONE',  ( -96.50000000000000000, -8.000000000000000000, -8.050000000000194333 ) ) ;
#3678 = EDGE_LOOP ( 'NONE', ( #3834, #1278, #2447, #3792 ) ) ;
#3679 = FACE_OUTER_BOUND ( 'NONE', #7089, .T. ) ;
#3680 = ORIENTED_EDGE ( 'NONE', *, *, #6412, .F. ) ;
#3681 = CARTESIAN_POINT ( 'NONE',  ( -93.49999999999971578, 0.000000000000000000, 48.74999999998425437 ) ) ;
#3682 = FACE_BOUND ( 'NONE', #4842, .T. ) ;
#3683 = CARTESIAN_POINT ( 'NONE',  ( 86.69999999999997442, 156.0000000000000284, 57.24999999999243983 ) ) ;
#3684 = AXIS2_PLACEMENT_3D ( 'NONE', #4937, #3250, #2582 ) ;
#3685 = DIRECTION ( 'NONE',  ( -0.000000000000000000, -1.000000000000000000, 0.000000000000000000 ) ) ;
#3686 = LINE ( 'NONE', #2315, #5472 ) ;
#3687 = ORIENTED_EDGE ( 'NONE', *, *, #2076, .F. ) ;
#3688 = VECTOR ( 'NONE', #3334, 1000.000000000000000 ) ;
#3689 = ORIENTED_EDGE ( 'NONE', *, *, #1110, .F. ) ;
#3690 = EDGE_CURVE ( 'NONE', #2654, #1015, #1983, .T. ) ;
#3691 = CARTESIAN_POINT ( 'NONE',  ( -4.059252933785062171E-12, -3.200000000000000178, 48.74999999999204192 ) ) ;
#3692 = EDGE_CURVE ( 'NONE', #1421, #670, #3078, .T. ) ;
#3693 = DIRECTION ( 'NONE',  ( 1.000000000000000000, 0.000000000000000000, -4.024558464266189304E-14 ) ) ;
#3694 = VECTOR ( 'NONE', #473, 1000.000000000000000 ) ;
#3695 = DIRECTION ( 'NONE',  ( 0.2588190451025145222, -0.9659258262890699775, 0.000000000000000000 ) ) ;
#3696 = VERTEX_POINT ( 'NONE', #102 ) ;
#3697 = ORIENTED_EDGE ( 'NONE', *, *, #3690, .F. ) ;
#3698 = EDGE_CURVE ( 'NONE', #5092, #2871, #2496, .T. ) ;
#3699 = LINE ( 'NONE', #3883, #7362 ) ;
#3700 = EDGE_CURVE ( 'NONE', #1043, #3258, #1396, .T. ) ;
#3701 = AXIS2_PLACEMENT_3D ( 'NONE', #6738, #6697, #6112 ) ;
#3702 = DIRECTION ( 'NONE',  ( 0.2588190451025145222, -0.9659258262890699775, 0.000000000000000000 ) ) ;
#3703 = ORIENTED_EDGE ( 'NONE', *, *, #2340, .F. ) ;
#3704 = LINE ( 'NONE', #3033, #755 ) ;
#3705 = DIRECTION ( 'NONE',  ( 0.000000000000000000, 0.000000000000000000, 1.000000000000000000 ) ) ;
#3706 = ORIENTED_EDGE ( 'NONE', *, *, #743, .F. ) ;
#3707 = AXIS2_PLACEMENT_3D ( 'NONE', #4203, #2992, #5971 ) ;
#3708 = ORIENTED_EDGE ( 'NONE', *, *, #251, .T. ) ;
#3709 = PLANE ( 'NONE',  #4216 ) ;
#3710 = CARTESIAN_POINT ( 'NONE',  ( 93.49999999999174349, 0.000000000000000000, -1.686845108039723788E-11 ) ) ;
#3711 = ORIENTED_EDGE ( 'NONE', *, *, #1876, .T. ) ;
#3712 = VECTOR ( 'NONE', #6983, 1000.000000000000000 ) ;
#3713 = CARTESIAN_POINT ( 'NONE',  ( 96.50000000000000000, 0.000000000000000000, -9.750000000000019540 ) ) ;
#3714 = CARTESIAN_POINT ( 'NONE',  ( 96.50000000000000000, -8.000000000000000000, -9.750000000000019540 ) ) ;
#3715 = ORIENTED_EDGE ( 'NONE', *, *, #6777, .F. ) ;
#3716 = VECTOR ( 'NONE', #6842, 1000.000000000000000 ) ;
#3717 = CARTESIAN_POINT ( 'NONE',  ( 1.140404673924322588E-13, 149.9999999999999716, 2.749999999999727329 ) ) ;
#3718 = CARTESIAN_POINT ( 'NONE',  ( 0.000000000000000000, 166.2000000000000171, 45.94999999999987494 ) ) ;
#3719 = ORIENTED_EDGE ( 'NONE', *, *, #6432, .T. ) ;
#3720 = EDGE_CURVE ( 'NONE', #962, #3283, #808, .T. ) ;
#3721 = CARTESIAN_POINT ( 'NONE',  ( -56.33987486374443421, 9.999999999999992895, 2.749999999999727329 ) ) ;
#3722 = ORIENTED_EDGE ( 'NONE', *, *, #1392, .T. ) ;
#3723 = DIRECTION ( 'NONE',  ( 1.982541115402064617E-16, 1.000000000000000000, 0.000000000000000000 ) ) ;
#3724 = LINE ( 'NONE', #5494, #4487 ) ;
#3725 = VECTOR ( 'NONE', #1493, 999.9999999999998863 ) ;
#3726 = CARTESIAN_POINT ( 'NONE',  ( 86.69999999999997442, 156.0000000000000284, 105.7499999999998295 ) ) ;
#3727 = LINE ( 'NONE', #3841, #3061 ) ;
#3728 = CARTESIAN_POINT ( 'NONE',  ( 0.000000000000000000, 160.0000000000000000, 5.749999999999980460 ) ) ;
#3729 = ORIENTED_EDGE ( 'NONE', *, *, #399, .T. ) ;
#3730 = VECTOR ( 'NONE', #646, 1000.000000000000000 ) ;
#3731 = ORIENTED_EDGE ( 'NONE', *, *, #2019, .F. ) ;
#3732 = CIRCLE ( 'NONE', #7621, 2.000000000000001776 ) ;
#3733 = CARTESIAN_POINT ( 'NONE',  ( -56.33987486374443421, 9.999999999999992895, 2.749999999999727329 ) ) ;
#3734 = AXIS2_PLACEMENT_3D ( 'NONE', #2785, #2121, #1570 ) ;
#3735 = EDGE_CURVE ( 'NONE', #2668, #2256, #6887, .T. ) ;
#3736 = DIRECTION ( 'NONE',  ( 0.2588190451025144667, -0.9659258262890700886, 0.000000000000000000 ) ) ;
#3737 = VERTEX_POINT ( 'NONE', #5198 ) ;
#3738 = EDGE_LOOP ( 'NONE', ( #5302, #940, #2912, #5673 ) ) ;
#3739 = CARTESIAN_POINT ( 'NONE',  ( -2.493015773858885802E-14, 150.0000000000000284, 105.7499999999998295 ) ) ;
#3740 = CIRCLE ( 'NONE', #3362, 1.799999999999996048 ) ;
#3741 = AXIS2_PLACEMENT_3D ( 'NONE', #6084, #3614, #3143 ) ;
#3742 = DIRECTION ( 'NONE',  ( 0.000000000000000000, 0.000000000000000000, 1.000000000000000000 ) ) ;
#3743 = DIRECTION ( 'NONE',  ( 1.000000000000000000, 1.982541115402065110E-16, -0.000000000000000000 ) ) ;
#3744 = DIRECTION ( 'NONE',  ( 2.775557561562893323E-15, 0.000000000000000000, -1.000000000000000000 ) ) ;
#3745 = CARTESIAN_POINT ( 'NONE',  ( -30.74730234511069682, -8.238714832807765731, 54.24999999999594280 ) ) ;
#3746 = EDGE_CURVE ( 'NONE', #2714, #2261, #4445, .T. ) ;
#3747 = VECTOR ( 'NONE', #1693, 1000.000000000000000 ) ;
#3748 = EDGE_LOOP ( 'NONE', ( #6819, #4047, #2345, #428 ) ) ;
#3749 = AXIS2_PLACEMENT_3D ( 'NONE', #6192, #2148, #1485 ) ;
#3750 = ORIENTED_EDGE ( 'NONE', *, *, #5533, .T. ) ;
#3751 = EDGE_CURVE ( 'NONE', #712, #3758, #7588, .T. ) ;
#3752 = DIRECTION ( 'NONE',  ( 0.000000000000000000, 0.000000000000000000, 1.000000000000000000 ) ) ;
#3753 = DIRECTION ( 'NONE',  ( 0.2588190451025145222, -0.9659258262890699775, 0.000000000000000000 ) ) ;
#3754 = VERTEX_POINT ( 'NONE', #847 ) ;
#3755 = CIRCLE ( 'NONE', #3499, 5.000000000000004441 ) ;
#3756 = DIRECTION ( 'NONE',  ( 0.000000000000000000, 0.000000000000000000, 1.000000000000000000 ) ) ;
#3757 = LINE ( 'NONE', #4264, #2492 ) ;
#3758 = VERTEX_POINT ( 'NONE', #5120 ) ;
#3759 = EDGE_CURVE ( 'NONE', #5045, #5589, #6256, .T. ) ;
#3760 = DIRECTION ( 'NONE',  ( -1.000000000000000000, 0.000000000000000000, -8.326672684688666480E-14 ) ) ;
#3761 = CARTESIAN_POINT ( 'NONE',  ( 90.29999999999998295, 160.0000000000000284, 57.24999999999229061 ) ) ;
#3762 = ORIENTED_EDGE ( 'NONE', *, *, #149, .F. ) ;
#3763 = CARTESIAN_POINT ( 'NONE',  ( 20.02761804100821053, 150.0000000000000284, 105.7499999999998295 ) ) ;
#3764 = EDGE_LOOP ( 'NONE', ( #5963, #1024, #3689, #5651 ) ) ;
#3765 = CARTESIAN_POINT ( 'NONE',  ( -2.493015773858885802E-14, 150.0000000000000284, 108.7499999999996874 ) ) ;
#3766 = DIRECTION ( 'NONE',  ( 1.000000000000000000, 0.000000000000000000, 0.000000000000000000 ) ) ;
#3767 = CARTESIAN_POINT ( 'NONE',  ( 1.509209424099814347E-13, -8.000000000000000000, 108.7499999999995310 ) ) ;
#3768 = EDGE_CURVE ( 'NONE', #1046, #7451, #409, .T. ) ;
#3769 = DIRECTION ( 'NONE',  ( 0.2588190451025145222, -0.9659258262890699775, 0.000000000000000000 ) ) ;
#3770 = CARTESIAN_POINT ( 'NONE',  ( 0.000000000000000000, 160.0000000000000000, 0.000000000000000000 ) ) ;
#3771 = EDGE_LOOP ( 'NONE', ( #1425, #4947, #6318, #2329 ) ) ;
#3772 = ORIENTED_EDGE ( 'NONE', *, *, #7723, .F. ) ;
#3773 = CARTESIAN_POINT ( 'NONE',  ( -93.49999999999998579, -3.000000000000000000, -3.243932900076621062E-14 ) ) ;
#3774 = DIRECTION ( 'NONE',  ( -0.000000000000000000, -0.000000000000000000, 1.000000000000000000 ) ) ;
#3775 = EDGE_CURVE ( 'NONE', #3080, #3318, #6479, .T. ) ;
#3776 = CARTESIAN_POINT ( 'NONE',  ( 83.49999999999992895, 29.02894480630958540, 108.7499999999996874 ) ) ;
#3777 = ORIENTED_EDGE ( 'NONE', *, *, #5693, .F. ) ;
#3778 = VERTEX_POINT ( 'NONE', #7513 ) ;
#3779 = DIRECTION ( 'NONE',  ( 0.000000000000000000, 0.000000000000000000, 1.000000000000000000 ) ) ;
#3780 = CARTESIAN_POINT ( 'NONE',  ( 94.82305507246857701, 25.40776103051916479, 5.749999999999727329 ) ) ;
#3781 = EDGE_CURVE ( 'NONE', #5410, #5231, #2214, .T. ) ;
#3782 = DIRECTION ( 'NONE',  ( -0.9659258262890699775, -0.2588190451025145222, 0.000000000000000000 ) ) ;
#3783 = LINE ( 'NONE', #322, #4247 ) ;
#3784 = VERTEX_POINT ( 'NONE', #2680 ) ;
#3785 = ORIENTED_EDGE ( 'NONE', *, *, #4697, .F. ) ;
#3786 = CARTESIAN_POINT ( 'NONE',  ( -1.246507886929442940E-15, 9.999999999999998224, 108.7499999999996874 ) ) ;
#3787 = CARTESIAN_POINT ( 'NONE',  ( -2.493015773858876967E-14, 149.9999999999999716, 54.24999999999594280 ) ) ;
#3788 = VERTEX_POINT ( 'NONE', #4529 ) ;
#3789 = ADVANCED_FACE ( 'NONE', ( #7465 ), #1626, .T. ) ;
#3790 = DIRECTION ( 'NONE',  ( 1.982541115402064617E-16, 1.000000000000000000, 0.000000000000000000 ) ) ;
#3791 = LINE ( 'NONE', #3199, #7497 ) ;
#3792 = ORIENTED_EDGE ( 'NONE', *, *, #5038, .T. ) ;
#3793 = CARTESIAN_POINT ( 'NONE',  ( -4.059252933785062171E-12, 160.0000000000000000, 48.74999999999204192 ) ) ;
#3794 = CARTESIAN_POINT ( 'NONE',  ( -42.08895278359668879, 150.0000000000000284, 105.7499999999998295 ) ) ;
#3795 = EDGE_LOOP ( 'NONE', ( #6853, #2806, #3624, #4609 ) ) ;
#3796 = CARTESIAN_POINT ( 'NONE',  ( 93.50000000000001421, 2.000000000000000000, 61.83257569495554407 ) ) ;
#3797 = ORIENTED_EDGE ( 'NONE', *, *, #1908, .T. ) ;
#3798 = ADVANCED_FACE ( 'NONE', ( #5161 ), #3935, .T. ) ;
#3799 = ORIENTED_EDGE ( 'NONE', *, *, #1460, .T. ) ;
#3800 = PLANE ( 'NONE',  #3749 ) ;
#3801 = DIRECTION ( 'NONE',  ( 0.000000000000000000, 0.000000000000000000, 1.000000000000000000 ) ) ;
#3802 = DIRECTION ( 'NONE',  ( 0.000000000000000000, 0.000000000000000000, 1.000000000000000000 ) ) ;
#3803 = DIRECTION ( 'NONE',  ( 0.000000000000000000, 1.000000000000000000, -0.000000000000000000 ) ) ;
#3804 = ORIENTED_EDGE ( 'NONE', *, *, #7433, .F. ) ;
#3805 = ORIENTED_EDGE ( 'NONE', *, *, #244, .T. ) ;
#3806 = EDGE_CURVE ( 'NONE', #6350, #6214, #5857, .T. ) ;
#3807 = VECTOR ( 'NONE', #1062, 1000.000000000000000 ) ;
#3808 = PLANE ( 'NONE',  #4237 ) ;
#3809 = PLANE ( 'NONE',  #1378 ) ;
#3810 = CIRCLE ( 'NONE', #2926, 2.000000000000001776 ) ;
#3811 = CARTESIAN_POINT ( 'NONE',  ( -0.6779055671934145488, 150.0000000000000284, 105.7499999999998295 ) ) ;
#3812 = VERTEX_POINT ( 'NONE', #6216 ) ;
#3813 = EDGE_LOOP ( 'NONE', ( #760, #2811, #651, #3905 ) ) ;
#3814 = EDGE_CURVE ( 'NONE', #5464, #2566, #6328, .T. ) ;
#3815 = LINE ( 'NONE', #6763, #5114 ) ;
#3816 = VECTOR ( 'NONE', #2843, 1000.000000000000000 ) ;
#3817 = CARTESIAN_POINT ( 'NONE',  ( -40.40656060800127136, -10.82690528383291095, 2.749999999999727329 ) ) ;
#3818 = VERTEX_POINT ( 'NONE', #5663 ) ;
#3819 = ORIENTED_EDGE ( 'NONE', *, *, #6970, .T. ) ;
#3820 = AXIS2_PLACEMENT_3D ( 'NONE', #4120, #1299, #4944 ) ;
#3821 = DIRECTION ( 'NONE',  ( 0.000000000000000000, 0.000000000000000000, 1.000000000000000000 ) ) ;
#3822 = DIRECTION ( 'NONE',  ( -1.000000000000000000, 0.000000000000000000, 0.000000000000000000 ) ) ;
#3823 = ORIENTED_EDGE ( 'NONE', *, *, #7623, .T. ) ;
#3824 = CARTESIAN_POINT ( 'NONE',  ( 104.4823133353592368, 27.99595148154435975, 105.7499999999998295 ) ) ;
#3825 = DIRECTION ( 'NONE',  ( 1.000000000000000000, 0.000000000000000000, 0.000000000000000000 ) ) ;
#3826 = CIRCLE ( 'NONE', #5213, 1.699999999999998401 ) ;
#3827 = ORIENTED_EDGE ( 'NONE', *, *, #5654, .T. ) ;
#3828 = EDGE_CURVE ( 'NONE', #2558, #4164, #5634, .T. ) ;
#3829 = CARTESIAN_POINT ( 'NONE',  ( -42.08895278359671721, 149.9999999999999716, 57.24999999999594280 ) ) ;
#3830 = DIRECTION ( 'NONE',  ( 8.673617379884035472E-17, -1.000000000000000000, 0.000000000000000000 ) ) ;
#3831 = VERTEX_POINT ( 'NONE', #3344 ) ;
#3832 = AXIS2_PLACEMENT_3D ( 'NONE', #4752, #669, #2 ) ;
#3833 = CARTESIAN_POINT ( 'NONE',  ( -1.769527556438548865, -0.4741434797323148542, 105.7499999999998295 ) ) ;
#3834 = ORIENTED_EDGE ( 'NONE', *, *, #7723, .T. ) ;
#3835 = ORIENTED_EDGE ( 'NONE', *, *, #1528, .T. ) ;
#3836 = CARTESIAN_POINT ( 'NONE',  ( -99.49999999999990052, 155.0000000000000000, -1.864827736675008304E-14 ) ) ;
#3837 = CARTESIAN_POINT ( 'NONE',  ( 103.4999999999998721, 2.000000000000000000, 5.749999999999980460 ) ) ;
#3838 = AXIS2_PLACEMENT_3D ( 'NONE', #4345, #6813, #4418 ) ;
#3839 = EDGE_CURVE ( 'NONE', #6803, #1046, #5743, .T. ) ;
#3840 = ADVANCED_FACE ( 'NONE', ( #2764 ), #2170, .T. ) ;
#3841 = CARTESIAN_POINT ( 'NONE',  ( -8.347489366399717192E-12, -3.000000000000000000, 100.2499999999919424 ) ) ;
#3842 = CARTESIAN_POINT ( 'NONE',  ( -1.246507886929442940E-15, 9.999999999999998224, 105.7499999999998295 ) ) ;
#3843 = ORIENTED_EDGE ( 'NONE', *, *, #4559, .F. ) ;
#3844 = ORIENTED_EDGE ( 'NONE', *, *, #1654, .T. ) ;
#3845 = CIRCLE ( 'NONE', #2962, 1.799999999999996048 ) ;
#3846 = DIRECTION ( 'NONE',  ( 0.000000000000000000, 0.000000000000000000, 1.000000000000000000 ) ) ;
#3847 = CARTESIAN_POINT ( 'NONE',  ( -95.49999999999945999, -3.200000000000000178, 54.24999999999993605 ) ) ;
#3848 = EDGE_CURVE ( 'NONE', #6144, #1058, #1585, .T. ) ;
#3849 = CARTESIAN_POINT ( 'NONE',  ( 94.82305507246857701, 25.40776103051916479, 2.749999999999727329 ) ) ;
#3850 = ORIENTED_EDGE ( 'NONE', *, *, #152, .F. ) ;
#3851 = ORIENTED_EDGE ( 'NONE', *, *, #4077, .F. ) ;
#3852 = LINE ( 'NONE', #2249, #2481 ) ;
#3853 = AXIS2_PLACEMENT_3D ( 'NONE', #6880, #282, #5658 ) ;
#3854 = CARTESIAN_POINT ( 'NONE',  ( 103.5000000000000142, 2.000000000000001776, 97.24999999999978684 ) ) ;
#3855 = EDGE_LOOP ( 'NONE', ( #5196, #5745 ) ) ;
#3856 = EDGE_CURVE ( 'NONE', #7624, #7132, #2052, .T. ) ;
#3857 = AXIS2_PLACEMENT_3D ( 'NONE', #1722, #3490, #3451 ) ;
#3858 = VERTEX_POINT ( 'NONE', #6482 ) ;
#3859 = VECTOR ( 'NONE', #5805, 1000.000000000000000 ) ;
#3860 = DIRECTION ( 'NONE',  ( -1.982541115402065110E-16, 1.000000000000000000, 0.000000000000000000 ) ) ;
#3861 = CARTESIAN_POINT ( 'NONE',  ( -56.33987486374457632, 9.999999999999992895, 54.24999999999594280 ) ) ;
#3862 = ORIENTED_EDGE ( 'NONE', *, *, #7151, .F. ) ;
#3863 = CARTESIAN_POINT ( 'NONE',  ( 83.49999999999992895, -1.655421831360722636E-14, 108.7499999999996874 ) ) ;
#3864 = CIRCLE ( 'NONE', #992, 1.699999999999998401 ) ;
#3865 = VECTOR ( 'NONE', #270, 1000.000000000000000 ) ;
#3866 = DIRECTION ( 'NONE',  ( 1.246507886929438799E-16, -1.000000000000000000, 0.000000000000000000 ) ) ;
#3867 = ORIENTED_EDGE ( 'NONE', *, *, #3144, .T. ) ;
#3868 = LINE ( 'NONE', #6263, #446 ) ;
#3869 = VECTOR ( 'NONE', #3972, 999.9999999999998863 ) ;
#3870 = CARTESIAN_POINT ( 'NONE',  ( 1.377241172440915905E-13, 9.999999999999998224, 5.749999999999727329 ) ) ;
#3871 = EDGE_LOOP ( 'NONE', ( #2667, #7715, #3184, #1696 ) ) ;
#3872 = AXIS2_PLACEMENT_3D ( 'NONE', #3963, #5515, #2530 ) ;
#3873 = CARTESIAN_POINT ( 'NONE',  ( -62.79447639179830531, 150.0000000000000284, 105.7499999999998295 ) ) ;
#3874 = EDGE_LOOP ( 'NONE', ( #490, #2907, #7168, #11 ) ) ;
#3875 = ORIENTED_EDGE ( 'NONE', *, *, #7397, .F. ) ;
#3876 = LINE ( 'NONE', #2108, #1366 ) ;
#3877 = EDGE_CURVE ( 'NONE', #512, #7392, #7079, .T. ) ;
#3878 = PLANE ( 'NONE',  #5245 ) ;
#3879 = VECTOR ( 'NONE', #6758, 1000.000000000000000 ) ;
#3880 = LINE ( 'NONE', #3369, #941 ) ;
#3881 = LINE ( 'NONE', #983, #576 ) ;
#3882 = VERTEX_POINT ( 'NONE', #1121 ) ;
#3883 = CARTESIAN_POINT ( 'NONE',  ( -83.49999999999994316, -1.655421831360723267E-14, 57.24999999999594280 ) ) ;
#3884 = VERTEX_POINT ( 'NONE', #7119 ) ;
#3885 = FACE_OUTER_BOUND ( 'NONE', #1971, .T. ) ;
#3886 = EDGE_CURVE ( 'NONE', #6187, #6886, #488, .T. ) ;
#3887 = CARTESIAN_POINT ( 'NONE',  ( -103.4999999999998295, 0.000000000000000000, 43.74999999999990052 ) ) ;
#3888 = EDGE_CURVE ( 'NONE', #4122, #169, #7193, .T. ) ;
#3889 = CARTESIAN_POINT ( 'NONE',  ( 86.69999999999997442, 160.0000000000000284, 5.749999999999980460 ) ) ;
#3890 = PLANE ( 'NONE',  #6589 ) ;
#3891 = EDGE_LOOP ( 'NONE', ( #7645, #7666, #6099, #5301 ) ) ;
#3892 = ORIENTED_EDGE ( 'NONE', *, *, #1417, .T. ) ;
#3893 = CARTESIAN_POINT ( 'NONE',  ( 16.12945776496125561, 10.00000000000000000, 2.749999999999727329 ) ) ;
#3894 = ADVANCED_FACE ( 'NONE', ( #6406 ), #6524, .T. ) ;
#3895 = EDGE_CURVE ( 'NONE', #1076, #2495, #4166, .T. ) ;
#3896 = LINE ( 'NONE', #2086, #5506 ) ;
#3897 = ORIENTED_EDGE ( 'NONE', *, *, #5377, .T. ) ;
#3898 = VERTEX_POINT ( 'NONE', #3426 ) ;
#3899 = CARTESIAN_POINT ( 'NONE',  ( -83.49999999999994316, -1.655421831360723267E-14, 54.24999999999594280 ) ) ;
#3900 = LINE ( 'NONE', #5699, #53 ) ;
#3901 = ORIENTED_EDGE ( 'NONE', *, *, #6513, .F. ) ;
#3902 = ADVANCED_FACE ( 'NONE', ( #7660 ), #5899, .T. ) ;
#3903 = CARTESIAN_POINT ( 'NONE',  ( -2.493015773858885802E-14, 150.0000000000000284, 105.7499999999998295 ) ) ;
#3904 = LINE ( 'NONE', #4970, #7003 ) ;
#3905 = ORIENTED_EDGE ( 'NONE', *, *, #5776, .T. ) ;
#3906 = DIRECTION ( 'NONE',  ( 0.2588190451025146888, -0.9659258262890699775, 0.000000000000000000 ) ) ;
#3907 = DIRECTION ( 'NONE',  ( 0.000000000000000000, 0.000000000000000000, 1.000000000000000000 ) ) ;
#3908 = ORIENTED_EDGE ( 'NONE', *, *, #2685, .F. ) ;
#3909 = FACE_OUTER_BOUND ( 'NONE', #5785, .T. ) ;
#3910 = ORIENTED_EDGE ( 'NONE', *, *, #6188, .T. ) ;
#3911 = EDGE_CURVE ( 'NONE', #1765, #6073, #2288, .T. ) ;
#3912 = ORIENTED_EDGE ( 'NONE', *, *, #6961, .F. ) ;
#3913 = FACE_OUTER_BOUND ( 'NONE', #3428, .T. ) ;
#3914 = LINE ( 'NONE', #825, #7738 ) ;
#3915 = FACE_OUTER_BOUND ( 'NONE', #5695, .T. ) ;
#3916 = DIRECTION ( 'NONE',  ( -0.000000000000000000, 1.000000000000000000, -0.000000000000000000 ) ) ;
#3917 = ORIENTED_EDGE ( 'NONE', *, *, #4020, .F. ) ;
#3918 = CARTESIAN_POINT ( 'NONE',  ( 0.000000000000000000, 0.000000000000000000, 95.24999999999977263 ) ) ;
#3919 = ORIENTED_EDGE ( 'NONE', *, *, #5413, .F. ) ;
#3920 = CARTESIAN_POINT ( 'NONE',  ( -2.493015773858876967E-14, 149.9999999999999716, 57.24999999999594280 ) ) ;
#3921 = CARTESIAN_POINT ( 'NONE',  ( -73.14723819589916332, 149.9999999999999716, 57.24999999999594280 ) ) ;
#3922 = FACE_BOUND ( 'NONE', #6091, .T. ) ;
#3923 = LINE ( 'NONE', #5152, #4188 ) ;
#3924 = EDGE_CURVE ( 'NONE', #1294, #3216, #7628, .T. ) ;
#3925 = PRESENTATION_STYLE_ASSIGNMENT (( #6914 ) ) ;
#3926 = ORIENTED_EDGE ( 'NONE', *, *, #4589, .T. ) ;
#3927 = VECTOR ( 'NONE', #4785, 1000.000000000000000 ) ;
#3928 = ORIENTED_EDGE ( 'NONE', *, *, #2025, .F. ) ;
#3929 = LINE ( 'NONE', #2164, #2228 ) ;
#3930 = FACE_OUTER_BOUND ( 'NONE', #7254, .T. ) ;
#3931 = VECTOR ( 'NONE', #191, 1000.000000000000000 ) ;
#3932 = EDGE_LOOP ( 'NONE', ( #1527, #662, #6236, #5568 ) ) ;
#3933 = EDGE_CURVE ( 'NONE', #2119, #3784, #2327, .T. ) ;
#3934 = ORIENTED_EDGE ( 'NONE', *, *, #641, .T. ) ;
#3935 = PLANE ( 'NONE',  #1846 ) ;
#3936 = AXIS2_PLACEMENT_3D ( 'NONE', #1285, #3670, #1985 ) ;
#3937 = LINE ( 'NONE', #3861, #3434 ) ;
#3938 = VERTEX_POINT ( 'NONE', #2409 ) ;
#3939 = PLANE ( 'NONE',  #5632 ) ;
#3940 = CARTESIAN_POINT ( 'NONE',  ( 83.49999999999995737, 144.9400439610005265, 105.7499999999998295 ) ) ;
#3941 = ORIENTED_EDGE ( 'NONE', *, *, #2379, .T. ) ;
#3942 = VECTOR ( 'NONE', #3609, 1000.000000000000000 ) ;
#3943 = VECTOR ( 'NONE', #6585, 1000.000000000000000 ) ;
#3944 = ADVANCED_FACE ( 'NONE', ( #4133 ), #4650, .F. ) ;
#3945 = CARTESIAN_POINT ( 'NONE',  ( 0.000000000000000000, 0.000000000000000000, -5.750000000000018652 ) ) ;
#3946 = DIRECTION ( 'NONE',  ( 0.000000000000000000, 0.000000000000000000, 1.000000000000000000 ) ) ;
#3947 = EDGE_LOOP ( 'NONE', ( #3182, #3706, #4383, #5636 ) ) ;
#3948 = LINE ( 'NONE', #457, #6061 ) ;
#3949 = ORIENTED_EDGE ( 'NONE', *, *, #2250, .F. ) ;
#3950 = DIRECTION ( 'NONE',  ( 0.000000000000000000, 0.000000000000000000, -1.000000000000000000 ) ) ;
#3951 = DIRECTION ( 'NONE',  ( -0.9659258262890699775, -0.2588190451025145222, 0.000000000000000000 ) ) ;
#3952 = CARTESIAN_POINT ( 'NONE',  ( 96.50000000000000000, -8.000000000000000000, 75.55000000000003979 ) ) ;
#3953 = EDGE_CURVE ( 'NONE', #1934, #3737, #4722, .T. ) ;
#3954 = AXIS2_PLACEMENT_3D ( 'NONE', #7117, #6678, #3576 ) ;
#3955 = FACE_OUTER_BOUND ( 'NONE', #4421, .T. ) ;
#3956 = FACE_OUTER_BOUND ( 'NONE', #4255, .T. ) ;
#3957 = ORIENTED_EDGE ( 'NONE', *, *, #6638, .T. ) ;
#3958 = CARTESIAN_POINT ( 'NONE',  ( 67.89326678546534310, 10.00000000000000888, 5.749999999999727329 ) ) ;
#3959 = EDGE_LOOP ( 'NONE', ( #519, #2200, #984, #996 ) ) ;
#3960 = CARTESIAN_POINT ( 'NONE',  ( -59.72507713378272598, -16.00328618588319429, 105.7499999999998295 ) ) ;
#3961 = CYLINDRICAL_SURFACE ( 'NONE', #5119, 2.000000000000001776 ) ;
#3962 = VECTOR ( 'NONE', #6739, 1000.000000000000000 ) ;
#3963 = CARTESIAN_POINT ( 'NONE',  ( -6.071532165918784441E-14, 2.000000000000000000, 43.74999999999973710 ) ) ;
#3964 =( NAMED_UNIT ( * ) SI_UNIT ( $, .STERADIAN. ) SOLID_ANGLE_UNIT ( ) );
#3965 = CARTESIAN_POINT ( 'NONE',  ( 20.02761804100821053, 150.0000000000000284, 108.7499999999996874 ) ) ;
#3966 = CARTESIAN_POINT ( 'NONE',  ( 90.30000000000001137, 1.648900314533744604E-14, 105.7499999999998295 ) ) ;
#3967 = VERTEX_POINT ( 'NONE', #5394 ) ;
#3968 = AXIS2_PLACEMENT_3D ( 'NONE', #3547, #1666, #4061 ) ;
#3969 = ORIENTED_EDGE ( 'NONE', *, *, #2628, .F. ) ;
#3970 = DIRECTION ( 'NONE',  ( -0.5999999999999806599, 0.000000000000000000, 0.8000000000000144773 ) ) ;
#3971 = EDGE_CURVE ( 'NONE', #1198, #2304, #3539, .T. ) ;
#3972 = DIRECTION ( 'NONE',  ( 0.2588190451025144112, -0.9659258262890700886, 0.000000000000000000 ) ) ;
#3973 = VECTOR ( 'NONE', #1310, 1000.000000000000000 ) ;
#3974 = ORIENTED_EDGE ( 'NONE', *, *, #2960, .T. ) ;
#3975 = ORIENTED_EDGE ( 'NONE', *, *, #5044, .T. ) ;
#3976 = DIRECTION ( 'NONE',  ( 0.000000000000000000, 1.000000000000000000, 0.000000000000000000 ) ) ;
#3977 = VECTOR ( 'NONE', #5, 1000.000000000000000 ) ;
#3978 = PLANE ( 'NONE',  #6949 ) ;
#3979 = EDGE_LOOP ( 'NONE', ( #3338, #7515 ) ) ;
#3980 = CARTESIAN_POINT ( 'NONE',  ( 75.50453854668701581, 20.23138012846883171, 54.24999999999594280 ) ) ;
#3981 = EDGE_CURVE ( 'NONE', #1864, #4148, #2841, .T. ) ;
#3982 = LINE ( 'NONE', #452, #6749 ) ;
#3983 = VECTOR ( 'NONE', #4982, 999.9999999999998863 ) ;
#3984 = VERTEX_POINT ( 'NONE', #5239 ) ;
#3985 = VECTOR ( 'NONE', #2350, 1000.000000000000000 ) ;
#3986 = EDGE_CURVE ( 'NONE', #1414, #402, #7737, .T. ) ;
#3987 = DIRECTION ( 'NONE',  ( 1.000000000000000000, 0.000000000000000000, 0.000000000000000000 ) ) ;
#3988 = LINE ( 'NONE', #6378, #4343 ) ;
#3989 = EDGE_LOOP ( 'NONE', ( #7428, #1690, #1357, #4764 ) ) ;
#3990 = CARTESIAN_POINT ( 'NONE',  ( -1.246507886929438602E-15, 9.999999999999998224, 57.24999999999594280 ) ) ;
#3991 = VERTEX_POINT ( 'NONE', #4765 ) ;
#3992 = DIRECTION ( 'NONE',  ( 0.000000000000000000, 0.000000000000000000, -1.000000000000000000 ) ) ;
#3993 = VECTOR ( 'NONE', #619, 1000.000000000000000 ) ;
#3994 = VECTOR ( 'NONE', #64, 1000.000000000000000 ) ;
#3995 = CARTESIAN_POINT ( 'NONE',  ( -99.49999999999884892, 160.0000000000000000, 101.0000000000000284 ) ) ;
#3996 = ADVANCED_FACE ( 'NONE', ( #7159 ), #1078, .T. ) ;
#3997 = EDGE_CURVE ( 'NONE', #6944, #6710, #1190, .T. ) ;
#3998 = LINE ( 'NONE', #3481, #2105 ) ;
#3999 = VECTOR ( 'NONE', #1505, 1000.000000000000000 ) ;
#4000 = AXIS2_PLACEMENT_3D ( 'NONE', #4256, #648, #3584 ) ;
#4001 = FACE_OUTER_BOUND ( 'NONE', #1233, .T. ) ;
#4002 = CARTESIAN_POINT ( 'NONE',  ( 103.5000000000000142, 160.0000000000000000, 57.25000000000010658 ) ) ;
#4003 = ORIENTED_EDGE ( 'NONE', *, *, #5257, .F. ) ;
#4004 = CARTESIAN_POINT ( 'NONE',  ( 36.83498137316279752, 10.00000000000000533, 105.7499999999998295 ) ) ;
#4005 = ORIENTED_EDGE ( 'NONE', *, *, #2401, .T. ) ;
#4006 = DIRECTION ( 'NONE',  ( 1.000000000000000000, 1.662010515905918563E-16, 0.000000000000000000 ) ) ;
#4007 = DIRECTION ( 'NONE',  ( 0.9659258262890698665, 0.2588190451025146888, -0.000000000000000000 ) ) ;
#4008 = EDGE_CURVE ( 'NONE', #2422, #5972, #2704, .T. ) ;
#4009 = FACE_OUTER_BOUND ( 'NONE', #7698, .T. ) ;
#4010 = VERTEX_POINT ( 'NONE', #6646 ) ;
#4011 = CARTESIAN_POINT ( 'NONE',  ( 9.674856236907391605, 150.0000000000000284, 105.7499999999998295 ) ) ;
#4012 = CARTESIAN_POINT ( 'NONE',  ( 71.79142706151239395, 149.9999999999999716, 5.749999999999727329 ) ) ;
#4013 = ORIENTED_EDGE ( 'NONE', *, *, #398, .F. ) ;
#4014 = ORIENTED_EDGE ( 'NONE', *, *, #6759, .F. ) ;
#4015 = DIRECTION ( 'NONE',  ( -0.9659258262890699775, -0.2588190451025145777, 0.000000000000000000 ) ) ;
#4016 = EDGE_CURVE ( 'NONE', #7195, #6302, #6867, .T. ) ;
#4017 = CARTESIAN_POINT ( 'NONE',  ( 95.50000000000054001, -3.000000000000000000, 48.74999999999999289 ) ) ;
#4018 = ORIENTED_EDGE ( 'NONE', *, *, #5606, .T. ) ;
#4019 = ORIENTED_EDGE ( 'NONE', *, *, #4067, .T. ) ;
#4020 = EDGE_CURVE ( 'NONE', #182, #2692, #3066, .T. ) ;
#4021 = DIRECTION ( 'NONE',  ( 1.000000000000000000, 1.246507886929438799E-16, 0.000000000000000000 ) ) ;
#4022 = CARTESIAN_POINT ( 'NONE',  ( -83.49999999999994316, 9.999999999999987566, 57.24999999999594280 ) ) ;
#4023 = ORIENTED_EDGE ( 'NONE', *, *, #3394, .F. ) ;
#4024 = DIRECTION ( 'NONE',  ( 0.000000000000000000, 0.000000000000000000, 1.000000000000000000 ) ) ;
#4025 = FACE_OUTER_BOUND ( 'NONE', #2627, .T. ) ;
#4026 = ORIENTED_EDGE ( 'NONE', *, *, #5282, .F. ) ;
#4027 = ADVANCED_FACE ( 'NONE', ( #1276 ), #4325, .T. ) ;
#4028 = DIRECTION ( 'NONE',  ( 1.000000000000000000, -0.000000000000000000, 4.024558464266189304E-14 ) ) ;
#4029 = ORIENTED_EDGE ( 'NONE', *, *, #4598, .F. ) ;
#4030 = DIRECTION ( 'NONE',  ( -1.000000000000000000, 0.000000000000000000, 0.000000000000000000 ) ) ;
#4031 = VERTEX_POINT ( 'NONE', #3290 ) ;
#4032 = CARTESIAN_POINT ( 'NONE',  ( -86.70000000000000284, 156.0000000000000000, 2.749999999999978240 ) ) ;
#4033 = CARTESIAN_POINT ( 'NONE',  ( 0.000000000000000000, 166.2000000000000171, 57.05000000000013216 ) ) ;
#4034 = LINE ( 'NONE', #501, #2858 ) ;
#4035 = CARTESIAN_POINT ( 'NONE',  ( 36.86750549512435526, 9.878618324368254378, 2.749999999999727329 ) ) ;
#4036 = ADVANCED_FACE ( 'NONE', ( #49 ), #4286, .F. ) ;
#4037 = CARTESIAN_POINT ( 'NONE',  ( -103.5000000000000142, 2.000000000000001776, 97.24999999999978684 ) ) ;
#4038 = VERTEX_POINT ( 'NONE', #1814 ) ;
#4039 = DIRECTION ( 'NONE',  ( 0.000000000000000000, 0.000000000000000000, -1.000000000000000000 ) ) ;
#4040 = EDGE_LOOP ( 'NONE', ( #3487, #7595, #6083, #5546, #5242, #7360, #6348, #5758, #5035, #5532, #713, #3949 ) ) ;
#4041 = CARTESIAN_POINT ( 'NONE',  ( 93.50000000000000000, 0.000000000000000000, 59.24999999999970868 ) ) ;
#4042 = DIRECTION ( 'NONE',  ( 0.000000000000000000, 0.000000000000000000, 1.000000000000000000 ) ) ;
#4043 = DIRECTION ( 'NONE',  ( 0.000000000000000000, 0.000000000000000000, 1.000000000000000000 ) ) ;
#4044 = DIRECTION ( 'NONE',  ( -0.000000000000000000, -0.000000000000000000, 1.000000000000000000 ) ) ;
#4045 = FACE_OUTER_BOUND ( 'NONE', #161, .T. ) ;
#4046 = EDGE_LOOP ( 'NONE', ( #2838, #2204, #2234, #4531 ) ) ;
#4047 = ORIENTED_EDGE ( 'NONE', *, *, #1840, .F. ) ;
#4048 = LINE ( 'NONE', #6552, #7491 ) ;
#4049 = DIRECTION ( 'NONE',  ( -1.000000000000000000, 0.000000000000000000, 0.000000000000000000 ) ) ;
#4050 = ORIENTED_EDGE ( 'NONE', *, *, #4354, .F. ) ;
#4051 = ORIENTED_EDGE ( 'NONE', *, *, #7464, .T. ) ;
#4052 = EDGE_CURVE ( 'NONE', #857, #6803, #4840, .T. ) ;
#4053 = DIRECTION ( 'NONE',  ( -1.000000000000000000, 0.000000000000000000, 0.000000000000000000 ) ) ;
#4054 = FACE_BOUND ( 'NONE', #6287, .T. ) ;
#4055 = VERTEX_POINT ( 'NONE', #5681 ) ;
#4056 = AXIS2_PLACEMENT_3D ( 'NONE', #1667, #417, #7638 ) ;
#4057 = DIRECTION ( 'NONE',  ( 1.246507886929438799E-16, -1.000000000000000000, 0.000000000000000000 ) ) ;
#4058 = DIRECTION ( 'NONE',  ( -1.000000000000000000, 0.000000000000000000, 0.000000000000000000 ) ) ;
#4059 = ORIENTED_EDGE ( 'NONE', *, *, #4393, .T. ) ;
#4060 = VECTOR ( 'NONE', #4141, 1000.000000000000000 ) ;
#4061 = DIRECTION ( 'NONE',  ( 1.000000000000000000, 1.246507886929443483E-16, 0.000000000000000000 ) ) ;
#4062 = CARTESIAN_POINT ( 'NONE',  ( -101.2999999999998977, 166.2000000000000171, 57.05000000000013216 ) ) ;
#4063 = ORIENTED_EDGE ( 'NONE', *, *, #3322, .T. ) ;
#4064 = LINE ( 'NONE', #6418, #5625 ) ;
#4065 = DIRECTION ( 'NONE',  ( -0.2588190451025145777, 0.9659258262890699775, 0.000000000000000000 ) ) ;
#4066 = VECTOR ( 'NONE', #5177, 999.9999999999998863 ) ;
#4067 = EDGE_CURVE ( 'NONE', #6032, #1234, #1896, .T. ) ;
#4068 = LINE ( 'NONE', #2301, #199 ) ;
#4069 = CARTESIAN_POINT ( 'NONE',  ( -42.08895278359657510, 149.9999999999999716, 2.749999999999727329 ) ) ;
#4070 = ORIENTED_EDGE ( 'NONE', *, *, #702, .F. ) ;
#4071 = AXIS2_PLACEMENT_3D ( 'NONE', #6503, #5258, #2270 ) ;
#4072 = LINE ( 'NONE', #3918, #5437 ) ;
#4073 = ORIENTED_EDGE ( 'NONE', *, *, #198, .T. ) ;
#4074 = CARTESIAN_POINT ( 'NONE',  ( 86.70000000000000284, 1.583163424917781255E-14, 105.7499999999998295 ) ) ;
#4075 = CARTESIAN_POINT ( 'NONE',  ( 88.50000000000000000, 4.000000000000024869, 5.749999999999980460 ) ) ;
#4076 = CARTESIAN_POINT ( 'NONE',  ( -100.5000000000000000, -8.000000000000000000, -9.750000000000015987 ) ) ;
#4077 = EDGE_CURVE ( 'NONE', #6792, #5557, #1350, .T. ) ;
#4078 = EDGE_CURVE ( 'NONE', #3812, #1466, #2485, .T. ) ;
#4079 = PRESENTATION_LAYER_ASSIGNMENT (  '', '', ( #7459 ) ) ;
#4080 = DIRECTION ( 'NONE',  ( 0.000000000000000000, 1.000000000000000000, -0.000000000000000000 ) ) ;
#4081 = LINE ( 'NONE', #6471, #6333 ) ;
#4082 = EDGE_LOOP ( 'NONE', ( #6648, #7521, #5401, #655 ) ) ;
#4083 = ORIENTED_EDGE ( 'NONE', *, *, #4124, .F. ) ;
#4084 = AXIS2_PLACEMENT_3D ( 'NONE', #3406, #307, #6941 ) ;
#4085 = LINE ( 'NONE', #2835, #2855 ) ;
#4087 = EDGE_CURVE ( 'NONE', #1234, #4744, #3699, .T. ) ;
#4086 = CARTESIAN_POINT ( 'NONE',  ( -52.44171458769752547, 149.9999999999999716, 54.24999999999594280 ) ) ;
#4088 = ORIENTED_EDGE ( 'NONE', *, *, #6467, .T. ) ;
#4089 = AXIS2_PLACEMENT_3D ( 'NONE', #3842, #5649, #273 ) ;
#4090 = VERTEX_POINT ( 'NONE', #170 ) ;
#4091 = DIRECTION ( 'NONE',  ( 1.000000000000000000, -0.000000000000000000, 0.000000000000000000 ) ) ;
#4092 = FACE_BOUND ( 'NONE', #1459, .T. ) ;
#4093 = ORIENTED_EDGE ( 'NONE', *, *, #2511, .F. ) ;
#4094 = VECTOR ( 'NONE', #2691, 1000.000000000000000 ) ;
#4095 = DIRECTION ( 'NONE',  ( 0.2588190451025144667, -0.9659258262890700886, 0.000000000000000000 ) ) ;
#4097 = EDGE_CURVE ( 'NONE', #3343, #2559, #2444, .T. ) ;
#4096 = DIRECTION ( 'NONE',  ( -4.024558464266189304E-14, 0.000000000000000000, -1.000000000000000000 ) ) ;
#4098 = VERTEX_POINT ( 'NONE', #6092 ) ;
#4099 = VECTOR ( 'NONE', #1508, 1000.000000000000000 ) ;
#4100 = DIRECTION ( 'NONE',  ( 0.000000000000000000, 0.000000000000000000, -1.000000000000000000 ) ) ;
#4101 = CARTESIAN_POINT ( 'NONE',  ( 0.000000000000000000, -3.200000000000000178, -5.750000000000018652 ) ) ;
#4102 = ORIENTED_EDGE ( 'NONE', *, *, #5447, .F. ) ;
#4103 = DIRECTION ( 'NONE',  ( -0.9659258262890699775, -0.2588190451025145222, 0.000000000000000000 ) ) ;
#4104 = VECTOR ( 'NONE', #4584, 1000.000000000000000 ) ;
#4105 = AXIS2_PLACEMENT_3D ( 'NONE', #1816, #1637, #4207 ) ;
#4106 = CARTESIAN_POINT ( 'NONE',  ( -0.6779055671933044147, 149.9999999999999716, 2.749999999999727329 ) ) ;
#4107 = FACE_OUTER_BOUND ( 'NONE', #5622, .T. ) ;
#4108 = AXIS2_PLACEMENT_3D ( 'NONE', #5910, #5289, #4065 ) ;
#4109 = CARTESIAN_POINT ( 'NONE',  ( -1.317522480004321778E-12, -3.000000000000000000, 54.24999999999744915 ) ) ;
#4110 = VERTEX_POINT ( 'NONE', #6053 ) ;
#4111 = AXIS2_PLACEMENT_3D ( 'NONE', #7419, #2041, #6277 ) ;
#4112 = DIRECTION ( 'NONE',  ( -1.000000000000000000, 0.000000000000000000, -3.469446951953606300E-16 ) ) ;
#4113 = VERTEX_POINT ( 'NONE', #906 ) ;
#4114 = EDGE_CURVE ( 'NONE', #2539, #2518, #592, .T. ) ;
#4115 = PLANE ( 'NONE',  #5324 ) ;
#4116 = LINE ( 'NONE', #2898, #3859 ) ;
#4117 = CARTESIAN_POINT ( 'NONE',  ( -25.28158945144214798, 9.999999999999994671, 54.24999999999594280 ) ) ;
#4118 = AXIS2_PLACEMENT_3D ( 'NONE', #4281, #1184, #8 ) ;
#4119 = AXIS2_PLACEMENT_3D ( 'NONE', #3713, #618, #7754 ) ;
#4120 = CARTESIAN_POINT ( 'NONE',  ( -1.246507886929442940E-15, 9.999999999999998224, 105.7499999999998295 ) ) ;
#4121 = PLANE ( 'NONE',  #3832 ) ;
#4122 = VERTEX_POINT ( 'NONE', #3109 ) ;
#4123 = ORIENTED_EDGE ( 'NONE', *, *, #4853, .T. ) ;
#4124 = EDGE_CURVE ( 'NONE', #6157, #333, #7275, .T. ) ;
#4125 = AXIS2_PLACEMENT_3D ( 'NONE', #1044, #5824, #1547 ) ;
#4126 = DIRECTION ( 'NONE',  ( 1.000000000000000000, 1.662010515905918563E-16, 0.000000000000000000 ) ) ;
#4127 = EDGE_CURVE ( 'NONE', #1517, #671, #2526, .T. ) ;
#4128 = DIRECTION ( 'NONE',  ( -0.9659258262890699775, -0.2588190451025145777, 0.000000000000000000 ) ) ;
#4129 = ORIENTED_EDGE ( 'NONE', *, *, #4414, .T. ) ;
#4130 = PLANE ( 'NONE',  #1084 ) ;
#4131 = VERTEX_POINT ( 'NONE', #766 ) ;
#4132 = ADVANCED_FACE ( 'NONE', ( #5060 ), #7450, .F. ) ;
#4133 = FACE_OUTER_BOUND ( 'NONE', #4644, .T. ) ;
#4134 = LINE ( 'NONE', #4723, #2681 ) ;
#4135 = VERTEX_POINT ( 'NONE', #3030 ) ;
#4136 = CARTESIAN_POINT ( 'NONE',  ( -1.246507886929442940E-15, 9.999999999999998224, 105.7499999999998295 ) ) ;
#4137 = CARTESIAN_POINT ( 'NONE',  ( -52.44171458769748995, 150.0000000000000284, 105.7499999999998295 ) ) ;
#4138 = ORIENTED_EDGE ( 'NONE', *, *, #6420, .F. ) ;
#4139 = CARTESIAN_POINT ( 'NONE',  ( 83.50000000000063949, 0.000000000000000000, 2.749999999999727329 ) ) ;
#4140 = ADVANCED_FACE ( 'NONE', ( #1854 ), #2812, .T. ) ;
#4141 = DIRECTION ( 'NONE',  ( 1.000000000000000000, 1.662010515905923740E-16, 0.000000000000000000 ) ) ;
#4142 = ORIENTED_EDGE ( 'NONE', *, *, #4952, .T. ) ;
#4143 = FACE_OUTER_BOUND ( 'NONE', #4332, .T. ) ;
#4144 = CARTESIAN_POINT ( 'NONE',  ( 93.49999999999988631, 0.000000000000000000, 4.325243866768833637E-13 ) ) ;
#4145 = ORIENTED_EDGE ( 'NONE', *, *, #2019, .T. ) ;
#4146 = FACE_BOUND ( 'NONE', #2964, .T. ) ;
#4147 = LINE ( 'NONE', #4109, #709 ) ;
#4148 = VERTEX_POINT ( 'NONE', #7602 ) ;
#4149 = EDGE_CURVE ( 'NONE', #5583, #2885, #5485, .T. ) ;
#4150 = FACE_OUTER_BOUND ( 'NONE', #7060, .T. ) ;
#4151 = ORIENTED_EDGE ( 'NONE', *, *, #2685, .T. ) ;
#4152 = CARTESIAN_POINT ( 'NONE',  ( 7.889730706452168896, 2.114046971292835586, 105.7499999999998295 ) ) ;
#4153 = PLANE ( 'NONE',  #4869 ) ;
#4154 = DIRECTION ( 'NONE',  ( 1.000000000000000000, 0.000000000000000000, 0.000000000000000000 ) ) ;
#4155 = CARTESIAN_POINT ( 'NONE',  ( 93.49999999999991473, 0.000000000000000000, -5.750000000000018652 ) ) ;
#4156 = CARTESIAN_POINT ( 'NONE',  ( 5.776695960860446455, 9.999999999999998224, 2.749999999999727329 ) ) ;
#4157 = ORIENTED_EDGE ( 'NONE', *, *, #5965, .F. ) ;
#4158 = ORIENTED_EDGE ( 'NONE', *, *, #5842, .F. ) ;
#4159 = LINE ( 'NONE', #7688, #5492 ) ;
#4160 = DIRECTION ( 'NONE',  ( 0.000000000000000000, 0.000000000000000000, 1.000000000000000000 ) ) ;
#4161 = EDGE_CURVE ( 'NONE', #2904, #5884, #1593, .T. ) ;
#4162 = EDGE_LOOP ( 'NONE', ( #3805, #5942, #5225, #6365 ) ) ;
#4163 = LINE ( 'NONE', #5391, #5082 ) ;
#4164 = VERTEX_POINT ( 'NONE', #7559 ) ;
#4165 = ORIENTED_EDGE ( 'NONE', *, *, #4510, .F. ) ;
#4166 = LINE ( 'NONE', #5275, #1969 ) ;
#4167 = CARTESIAN_POINT ( 'NONE',  ( 83.49999999999992895, -1.655421831360722636E-14, 105.7499999999998295 ) ) ;
#4168 = DIRECTION ( 'NONE',  ( 0.2588190451025145222, -0.9659258262890699775, 0.000000000000000000 ) ) ;
#4169 = VERTEX_POINT ( 'NONE', #6020 ) ;
#4170 = DIRECTION ( 'NONE',  ( -0.9659258262890699775, -0.2588190451025145777, 0.000000000000000000 ) ) ;
#4171 = CARTESIAN_POINT ( 'NONE',  ( -56.33987486374457632, 9.999999999999992895, 54.24999999999594280 ) ) ;
#4172 = EDGE_CURVE ( 'NONE', #2797, #793, #4767, .T. ) ;
#4173 = VERTEX_POINT ( 'NONE', #3400 ) ;
#4174 = EDGE_CURVE ( 'NONE', #5873, #4428, #2226, .T. ) ;
#4175 = PLANE ( 'NONE',  #3968 ) ;
#4176 = AXIS2_PLACEMENT_3D ( 'NONE', #2156, #3743, #988 ) ;
#4177 = LINE ( 'NONE', #1825, #6826 ) ;
#4178 = ORIENTED_EDGE ( 'NONE', *, *, #6309, .F. ) ;
#4179 = CARTESIAN_POINT ( 'NONE',  ( -0.6779055671934434146, 149.9999999999999716, 57.24999999999594280 ) ) ;
#4180 = FACE_OUTER_BOUND ( 'NONE', #2387, .T. ) ;
#4181 = ORIENTED_EDGE ( 'NONE', *, *, #3494, .T. ) ;
#4182 = VECTOR ( 'NONE', #4547, 1000.000000000000000 ) ;
#4183 = DIRECTION ( 'NONE',  ( 0.000000000000000000, 0.000000000000000000, 1.000000000000000000 ) ) ;
#4184 = CARTESIAN_POINT ( 'NONE',  ( -96.50000000000000000, -8.000000000000000000, -11.44999999999984475 ) ) ;
#4185 = ORIENTED_EDGE ( 'NONE', *, *, #3814, .F. ) ;
#4186 = LINE ( 'NONE', #1141, #6436 ) ;
#4187 = ORIENTED_EDGE ( 'NONE', *, *, #2969, .F. ) ;
#4188 = VECTOR ( 'NONE', #2160, 1000.000000000000000 ) ;
#4189 = CARTESIAN_POINT ( 'NONE',  ( -93.49999999999945999, 160.0000000000000000, 48.74999999999982947 ) ) ;
#4190 = DIRECTION ( 'NONE',  ( -1.000000000000000000, 0.000000000000000000, 0.000000000000000000 ) ) ;
#4191 = DIRECTION ( 'NONE',  ( -1.000000000000000000, 0.000000000000000000, 0.000000000000000000 ) ) ;
#4192 = EDGE_CURVE ( 'NONE', #517, #6625, #1225, .T. ) ;
#4193 = AXIS2_PLACEMENT_3D ( 'NONE', #2828, #5226, #7616 ) ;
#4194 = DIRECTION ( 'NONE',  ( 0.2588190451025145222, -0.9659258262890699775, 0.000000000000000000 ) ) ;
#4195 = VECTOR ( 'NONE', #2820, 1000.000000000000000 ) ;
#4196 = CARTESIAN_POINT ( 'NONE',  ( -11.03066737129413610, 149.9999999999999716, 2.749999999999727329 ) ) ;
#4197 = ORIENTED_EDGE ( 'NONE', *, *, #6800, .T. ) ;
#4198 = ORIENTED_EDGE ( 'NONE', *, *, #2185, .F. ) ;
#4199 = DIRECTION ( 'NONE',  ( 0.000000000000000000, 1.000000000000000000, -0.000000000000000000 ) ) ;
#4200 = CIRCLE ( 'NONE', #5833, 1.799999999999996048 ) ;
#4201 = FACE_OUTER_BOUND ( 'NONE', #7044, .T. ) ;
#4202 = VERTEX_POINT ( 'NONE', #2184 ) ;
#4203 = CARTESIAN_POINT ( 'NONE',  ( 99.49999999999991473, 155.0000000000000000, -1.864827736675067626E-14 ) ) ;
#4204 = ORIENTED_EDGE ( 'NONE', *, *, #386, .T. ) ;
#4205 = ORIENTED_EDGE ( 'NONE', *, *, #4424, .T. ) ;
#4206 = DIRECTION ( 'NONE',  ( 0.2588190451025151329, -0.9659258262890698665, 0.000000000000000000 ) ) ;
#4207 = DIRECTION ( 'NONE',  ( 0.000000000000000000, 0.000000000000000000, 1.000000000000000000 ) ) ;
#4208 = VERTEX_POINT ( 'NONE', #4624 ) ;
#4209 = EDGE_CURVE ( 'NONE', #3884, #5073, #3541, .T. ) ;
#4210 = CARTESIAN_POINT ( 'NONE',  ( 78.24602858956600926, 10.00000000000000888, 54.24999999999594280 ) ) ;
#4211 = LINE ( 'NONE', #6608, #1251 ) ;
#4212 = VECTOR ( 'NONE', #241, 1000.000000000000000 ) ;
#4213 = ORIENTED_EDGE ( 'NONE', *, *, #5193, .T. ) ;
#4214 = VERTEX_POINT ( 'NONE', #6342 ) ;
#4215 = DIRECTION ( 'NONE',  ( 0.000000000000000000, 0.000000000000000000, 1.000000000000000000 ) ) ;
#4216 = AXIS2_PLACEMENT_3D ( 'NONE', #6729, #2534, #2571 ) ;
#4217 = CARTESIAN_POINT ( 'NONE',  ( -100.4999999999999858, 0.000000000000000000, -9.750000000000015987 ) ) ;
#4218 = VERTEX_POINT ( 'NONE', #7524 ) ;
#4219 = ADVANCED_FACE ( 'NONE', ( #4541 ), #976, .F. ) ;
#4220 = EDGE_CURVE ( 'NONE', #6753, #1914, #7194, .T. ) ;
#4221 = FACE_OUTER_BOUND ( 'NONE', #7577, .T. ) ;
#4222 = CARTESIAN_POINT ( 'NONE',  ( 101.2999999999998977, 160.0000000000000000, 0.000000000000000000 ) ) ;
#4223 = EDGE_CURVE ( 'NONE', #2102, #3118, #6611, .T. ) ;
#4224 = ORIENTED_EDGE ( 'NONE', *, *, #1615, .T. ) ;
#4225 = CARTESIAN_POINT ( 'NONE',  ( -99.49999999999990052, 155.0000000000000000, 1.999999999999977573 ) ) ;
#4226 = CARTESIAN_POINT ( 'NONE',  ( -90.29999999999999716, 4.000000000000003553, 54.24999999999532463 ) ) ;
#4227 = ORIENTED_EDGE ( 'NONE', *, *, #5637, .T. ) ;
#4228 = CARTESIAN_POINT ( 'NONE',  ( -73.14723819589910647, 150.0000000000000284, 108.7499999999996874 ) ) ;
#4229 = ORIENTED_EDGE ( 'NONE', *, *, #632, .T. ) ;
#4230 = EDGE_CURVE ( 'NONE', #6358, #3898, #5353, .T. ) ;
#4231 = ADVANCED_FACE ( 'NONE', ( #5759 ), #6977, .F. ) ;
#4232 = VECTOR ( 'NONE', #1311, 1000.000000000000000 ) ;
#4233 = DIRECTION ( 'NONE',  ( 0.000000000000000000, 0.000000000000000000, 1.000000000000000000 ) ) ;
#4234 = LINE ( 'NONE', #4273, #7005 ) ;
#4235 = CARTESIAN_POINT ( 'NONE',  ( 30.38037984510902234, 150.0000000000000284, 108.7499999999996874 ) ) ;
#4236 = VECTOR ( 'NONE', #5647, 999.9999999999998863 ) ;
#4237 = AXIS2_PLACEMENT_3D ( 'NONE', #245, #5614, #1530 ) ;
#4238 = CARTESIAN_POINT ( 'NONE',  ( 71.79142706151225184, 149.9999999999999716, 54.24999999999594280 ) ) ;
#4239 = CARTESIAN_POINT ( 'NONE',  ( -50.06581887089203065, -13.41509573485805262, 105.7499999999998295 ) ) ;
#4240 = EDGE_LOOP ( 'NONE', ( #3264, #1269, #2801, #7191 ) ) ;
#4241 = ORIENTED_EDGE ( 'NONE', *, *, #4578, .T. ) ;
#4242 = EDGE_CURVE ( 'NONE', #4038, #7109, #1193, .T. ) ;
#4243 = DIRECTION ( 'NONE',  ( 0.000000000000000000, 1.000000000000000000, -0.000000000000000000 ) ) ;
#4244 = AXIS2_PLACEMENT_3D ( 'NONE', #3350, #2883, #7634 ) ;
#4245 = AXIS2_PLACEMENT_3D ( 'NONE', #1090, #1640, #3518 ) ;
#4246 = DIRECTION ( 'NONE',  ( 0.000000000000000000, 0.000000000000000000, 1.000000000000000000 ) ) ;
#4247 = VECTOR ( 'NONE', #7357, 1000.000000000000000 ) ;
#4248 = FACE_OUTER_BOUND ( 'NONE', #5490, .T. ) ;
#4249 = EDGE_LOOP ( 'NONE', ( #7440, #6282, #772, #1403 ) ) ;
#4250 = VECTOR ( 'NONE', #7163, 1000.000000000000000 ) ;
#4251 = ORIENTED_EDGE ( 'NONE', *, *, #3003, .T. ) ;
#4252 = CARTESIAN_POINT ( 'NONE',  ( 0.000000000000000000, -3.200000000000000178, -2.750000000000018652 ) ) ;
#4253 = ADVANCED_FACE ( 'NONE', ( #6382 ), #7741, .F. ) ;
#4254 = CARTESIAN_POINT ( 'NONE',  ( 78.24602858956605189, 10.00000000000001066, 105.7499999999998295 ) ) ;
#4255 = EDGE_LOOP ( 'NONE', ( #5150, #6335, #1912, #3232 ) ) ;
#4256 = CARTESIAN_POINT ( 'NONE',  ( -69.00000000000163425, -24.12451549659737893, -51.74999999999934630 ) ) ;
#4257 = PLANE ( 'NONE',  #7263 ) ;
#4258 = ORIENTED_EDGE ( 'NONE', *, *, #5999, .T. ) ;
#4259 = VERTEX_POINT ( 'NONE', #4032 ) ;
#4260 = CARTESIAN_POINT ( 'NONE',  ( 99.49999999999991473, 155.0000000000000000, 1.999999999999977573 ) ) ;
#4261 = CARTESIAN_POINT ( 'NONE',  ( 1.377241172440915905E-13, 9.999999999999998224, 2.749999999999727329 ) ) ;
#4262 = ORIENTED_EDGE ( 'NONE', *, *, #496, .F. ) ;
#4263 = CARTESIAN_POINT ( 'NONE',  ( 1.140404673924322588E-13, 149.9999999999999716, 2.749999999999727329 ) ) ;
#4264 = CARTESIAN_POINT ( 'NONE',  ( -95.49999999999992895, -3.200000000000000178, -2.750000000000018652 ) ) ;
#4265 = ORIENTED_EDGE ( 'NONE', *, *, #5271, .F. ) ;
#4266 = EDGE_CURVE ( 'NONE', #3028, #274, #419, .T. ) ;
#4267 = PLANE ( 'NONE',  #7212 ) ;
#4268 = CARTESIAN_POINT ( 'NONE',  ( 9.674856236907512397, 149.9999999999999716, 5.749999999999727329 ) ) ;
#4269 = ORIENTED_EDGE ( 'NONE', *, *, #4709, .T. ) ;
#4270 = DIRECTION ( 'NONE',  ( -0.9659258262890699775, -0.2588190451025145222, 0.000000000000000000 ) ) ;
#4271 = ORIENTED_EDGE ( 'NONE', *, *, #3953, .T. ) ;
#4272 = PLANE ( 'NONE',  #2802 ) ;
#4273 = CARTESIAN_POINT ( 'NONE',  ( 90.29999999999996874, 156.0000000000000284, -5.750000000000018652 ) ) ;
#4274 = LINE ( 'NONE', #2587, #3983 ) ;
#4275 = EDGE_CURVE ( 'NONE', #4514, #5354, #5932, .T. ) ;
#4276 = CARTESIAN_POINT ( 'NONE',  ( -83.49999999999981526, 9.999999999999987566, 2.749999999999727329 ) ) ;
#4277 = LINE ( 'NONE', #6671, #4594 ) ;
#4278 = EDGE_LOOP ( 'NONE', ( #7285, #2404, #799, #2651 ) ) ;
#4279 = ORIENTED_EDGE ( 'NONE', *, *, #293, .F. ) ;
#4280 = LINE ( 'NONE', #4950, #356 ) ;
#4281 = CARTESIAN_POINT ( 'NONE',  ( 85.16379680957786036, 22.81957057949398759, 2.749999999999727329 ) ) ;
#4282 = ADVANCED_FACE ( 'NONE', ( #6094 ), #3150, .F. ) ;
#4283 = CARTESIAN_POINT ( 'NONE',  ( -96.50000000000000000, -24.12451549659737893, -9.750000000000019540 ) ) ;
#4284 = ORIENTED_EDGE ( 'NONE', *, *, #2365, .T. ) ;
#4285 = EDGE_LOOP ( 'NONE', ( #1542, #1434, #370, #933 ) ) ;
#4286 = PLANE ( 'NONE',  #2968 ) ;
#4287 = CARTESIAN_POINT ( 'NONE',  ( -1.246507886929442940E-15, 9.999999999999998224, 105.7499999999998295 ) ) ;
#4288 = DIRECTION ( 'NONE',  ( 0.000000000000000000, 0.000000000000000000, 1.000000000000000000 ) ) ;
#4289 = CARTESIAN_POINT ( 'NONE',  ( -86.70000000000000284, 156.0000000000000000, 5.749999999999976907 ) ) ;
#4290 = CARTESIAN_POINT ( 'NONE',  ( 99.50000000000099476, 155.0000000000000000, 103.0000000000000426 ) ) ;
#4291 = VERTEX_POINT ( 'NONE', #6138 ) ;
#4292 = ADVANCED_FACE ( 'NONE', ( #2013 ), #1422, .F. ) ;
#4293 = ORIENTED_EDGE ( 'NONE', *, *, #3460, .T. ) ;
#4294 = DIRECTION ( 'NONE',  ( 0.000000000000000000, 1.000000000000000000, -0.000000000000000000 ) ) ;
#4295 = CARTESIAN_POINT ( 'NONE',  ( 9.674856236907373841, 149.9999999999999716, 57.24999999999594280 ) ) ;
#4296 = EDGE_LOOP ( 'NONE', ( #6450, #6292, #4102, #773 ) ) ;
#4297 = FACE_OUTER_BOUND ( 'NONE', #1180, .T. ) ;
#4298 = DIRECTION ( 'NONE',  ( 0.000000000000000000, 0.000000000000000000, 1.000000000000000000 ) ) ;
#4299 = ORIENTED_EDGE ( 'NONE', *, *, #6668, .F. ) ;
#4300 = CARTESIAN_POINT ( 'NONE',  ( -90.30000000000001137, -3.200000000000000178, 54.24999999999525357 ) ) ;
#4301 = PLANE ( 'NONE',  #456 ) ;
#4302 = ORIENTED_EDGE ( 'NONE', *, *, #3450, .F. ) ;
#4303 = CARTESIAN_POINT ( 'NONE',  ( -66.69263666784542011, 9.999999999999991118, 54.24999999999594280 ) ) ;
#4304 = ORIENTED_EDGE ( 'NONE', *, *, #1022, .T. ) ;
#4305 = CARTESIAN_POINT ( 'NONE',  ( 103.4999999999999005, 0.000000000000000000, -5.750000000000018652 ) ) ;
#4306 = CARTESIAN_POINT ( 'NONE',  ( -96.50000000000000000, -8.000000000000000000, 77.25000000000005684 ) ) ;
#4307 = EDGE_CURVE ( 'NONE', #1165, #1466, #135, .T. ) ;
#4308 = CARTESIAN_POINT ( 'NONE',  ( 26.48221956906199637, 10.00000000000000178, 105.7499999999998295 ) ) ;
#4309 = AXIS2_PLACEMENT_3D ( 'NONE', #4579, #7053, #6933 ) ;
#4310 = CARTESIAN_POINT ( 'NONE',  ( 26.48221956906199637, 10.00000000000000178, 105.7499999999998295 ) ) ;
#4311 = CARTESIAN_POINT ( 'NONE',  ( 2.384550890077553030E-12, 0.000000000000000000, 59.24999999999592859 ) ) ;
#4312 = ORIENTED_EDGE ( 'NONE', *, *, #6835, .T. ) ;
#4313 = VECTOR ( 'NONE', #849, 1000.000000000000000 ) ;
#4314 = ORIENTED_EDGE ( 'NONE', *, *, #5015, .F. ) ;
#4315 = CARTESIAN_POINT ( 'NONE',  ( 93.50000000000000000, -3.000000000000000000, 41.16742430504402961 ) ) ;
#4316 = EDGE_CURVE ( 'NONE', #3818, #4570, #3815, .T. ) ;
#4317 = EDGE_CURVE ( 'NONE', #611, #1294, #4327, .T. ) ;
#4318 = CARTESIAN_POINT ( 'NONE',  ( -66.69263666784527800, 9.999999999999991118, 2.749999999999727329 ) ) ;
#4319 = VECTOR ( 'NONE', #5773, 1000.000000000000000 ) ;
#4320 = VECTOR ( 'NONE', #4349, 1000.000000000000000 ) ;
#4321 = EDGE_CURVE ( 'NONE', #1717, #607, #6799, .T. ) ;
#4322 = DIRECTION ( 'NONE',  ( 1.246507886929438799E-16, -1.000000000000000000, 0.000000000000000000 ) ) ;
#4323 = ORIENTED_EDGE ( 'NONE', *, *, #631, .T. ) ;
#4324 = ORIENTED_EDGE ( 'NONE', *, *, #7765, .F. ) ;
#4325 = CYLINDRICAL_SURFACE ( 'NONE', #7611, 4.000000000000005329 ) ;
#4326 = VECTOR ( 'NONE', #5047, 1000.000000000000000 ) ;
#4327 = LINE ( 'NONE', #4287, #3730 ) ;
#4328 = DIRECTION ( 'NONE',  ( -0.2588190451025146888, 0.9659258262890699775, 0.000000000000000000 ) ) ;
#4329 = EDGE_CURVE ( 'NONE', #5972, #4668, #723, .T. ) ;
#4330 = PLANE ( 'NONE',  #7375 ) ;
#4331 = CARTESIAN_POINT ( 'NONE',  ( 40.73314164920983416, 150.0000000000000284, 105.7499999999998295 ) ) ;
#4332 = EDGE_LOOP ( 'NONE', ( #7329, #4279, #6001, #922 ) ) ;
#4333 = AXIS2_PLACEMENT_3D ( 'NONE', #6760, #4322, #2640 ) ;
#4334 = ORIENTED_EDGE ( 'NONE', *, *, #1034, .F. ) ;
#4335 = FACE_OUTER_BOUND ( 'NONE', #2253, .T. ) ;
#4336 = CARTESIAN_POINT ( 'NONE',  ( -50.06581887089203065, -13.41509573485805262, 108.7499999999996874 ) ) ;
#4337 = VERTEX_POINT ( 'NONE', #2603 ) ;
#4338 = EDGE_CURVE ( 'NONE', #2454, #3342, #6682, .T. ) ;
#4339 = AXIS2_PLACEMENT_3D ( 'NONE', #30, #2424, #4819 ) ;
#4340 = LINE ( 'NONE', #3310, #5756 ) ;
#4341 = CARTESIAN_POINT ( 'NONE',  ( 16.12945776496111705, 10.00000000000000000, 54.24999999999594280 ) ) ;
#4342 = ORIENTED_EDGE ( 'NONE', *, *, #2357, .F. ) ;
#4343 = VECTOR ( 'NONE', #1014, 1000.000000000000000 ) ;
#4344 = FACE_OUTER_BOUND ( 'NONE', #6515, .T. ) ;
#4345 = CARTESIAN_POINT ( 'NONE',  ( 90.30000000000001137, 1.648900314533744604E-14, -5.750000000000018652 ) ) ;
#4346 = ORIENTED_EDGE ( 'NONE', *, *, #79, .T. ) ;
#4347 = CARTESIAN_POINT ( 'NONE',  ( -95.49999999999945999, -3.000000000000000000, -0.000000000000000000 ) ) ;
#4348 = ORIENTED_EDGE ( 'NONE', *, *, #3383, .F. ) ;
#4349 = DIRECTION ( 'NONE',  ( 0.000000000000000000, 0.000000000000000000, 1.000000000000000000 ) ) ;
#4350 = FACE_BOUND ( 'NONE', #1142, .T. ) ;
#4351 = VECTOR ( 'NONE', #6923, 1000.000000000000000 ) ;
#4352 = CARTESIAN_POINT ( 'NONE',  ( 96.50000000000000000, 0.000000000000000000, -8.050000000000020250 ) ) ;
#4353 = CARTESIAN_POINT ( 'NONE',  ( 93.50000000000054001, 0.000000000000000000, 48.74999999999982947 ) ) ;
#4354 = EDGE_CURVE ( 'NONE', #2016, #7195, #1897, .T. ) ;
#4355 = DIRECTION ( 'NONE',  ( 1.000000000000000000, 1.662010515905918563E-16, 0.000000000000000000 ) ) ;
#4356 = VERTEX_POINT ( 'NONE', #683 ) ;
#4357 = AXIS2_PLACEMENT_3D ( 'NONE', #5585, #767, #2528 ) ;
#4358 = ORIENTED_EDGE ( 'NONE', *, *, #3886, .F. ) ;
#4359 = DIRECTION ( 'NONE',  ( -1.000000000000000000, 0.000000000000000000, 1.484255380514914930E-16 ) ) ;
#4360 = AXIS2_PLACEMENT_3D ( 'NONE', #5376, #2278, #6468 ) ;
#4361 = LINE ( 'NONE', #1385, #622 ) ;
#4362 = AXIS2_PLACEMENT_3D ( 'NONE', #1028, #3449, #5334 ) ;
#4363 = ADVANCED_FACE ( 'NONE', ( #1352 ), #5429, .T. ) ;
#4364 = PLANE ( 'NONE',  #4333 ) ;
#4365 = EDGE_LOOP ( 'NONE', ( #7099, #2678, #7341, #3238 ) ) ;
#4366 = ORIENTED_EDGE ( 'NONE', *, *, #4997, .F. ) ;
#4367 = AXIS2_PLACEMENT_3D ( 'NONE', #7604, #533, #1752 ) ;
#4368 = AXIS2_PLACEMENT_3D ( 'NONE', #1019, #4103, #4733 ) ;
#4369 = CARTESIAN_POINT ( 'NONE',  ( 99.49999999999991473, 155.0000000000000000, -1.864827736675067626E-14 ) ) ;
#4370 = CARTESIAN_POINT ( 'NONE',  ( 36.83498137316279752, 10.00000000000000533, 105.7499999999998295 ) ) ;
#4371 = DIRECTION ( 'NONE',  ( -1.000000000000000000, 0.000000000000000000, 0.000000000000000000 ) ) ;
#4372 = CARTESIAN_POINT ( 'NONE',  ( 67.89326678546520100, 10.00000000000000888, 54.24999999999594280 ) ) ;
#4373 = CIRCLE ( 'NONE', #4879, 1.999999999999996225 ) ;
#4374 = ORIENTED_EDGE ( 'NONE', *, *, #5389, .T. ) ;
#4375 = AXIS2_PLACEMENT_3D ( 'NONE', #1159, #4170, #5470 ) ;
#4376 = EDGE_CURVE ( 'NONE', #2818, #4704, #51, .T. ) ;
#4377 = ORIENTED_EDGE ( 'NONE', *, *, #600, .T. ) ;
#4378 = CARTESIAN_POINT ( 'NONE',  ( 8.347489366399717192E-12, 160.0000000000000000, 100.2499999999919424 ) ) ;
#4379 = CARTESIAN_POINT ( 'NONE',  ( -93.50000000000002842, 2.000000000000001776, 97.24999999999978684 ) ) ;
#4380 = ORIENTED_EDGE ( 'NONE', *, *, #4172, .F. ) ;
#4381 = DIRECTION ( 'NONE',  ( 0.000000000000000000, 0.000000000000000000, 1.000000000000000000 ) ) ;
#4382 = CARTESIAN_POINT ( 'NONE',  ( -1.246507886929442940E-15, 9.999999999999998224, 105.7499999999998295 ) ) ;
#4383 = ORIENTED_EDGE ( 'NONE', *, *, #5853, .T. ) ;
#4384 = EDGE_CURVE ( 'NONE', #4994, #2818, #171, .T. ) ;
#4385 = CARTESIAN_POINT ( 'NONE',  ( 88.50000000000000000, 4.000000000000024869, -5.750000000000018652 ) ) ;
#4386 = CARTESIAN_POINT ( 'NONE',  ( 36.83498137316279752, 10.00000000000000533, 108.7499999999996874 ) ) ;
#4387 = ORIENTED_EDGE ( 'NONE', *, *, #7490, .T. ) ;
#4388 = LINE ( 'NONE', #749, #6564 ) ;
#4389 = ORIENTED_EDGE ( 'NONE', *, *, #6538, .T. ) ;
#4390 = VERTEX_POINT ( 'NONE', #2561 ) ;
#4391 = DIRECTION ( 'NONE',  ( 0.000000000000000000, 0.000000000000000000, 1.000000000000000000 ) ) ;
#4392 = LINE ( 'NONE', #343, #1482 ) ;
#4393 = EDGE_CURVE ( 'NONE', #2016, #4214, #5512, .T. ) ;
#4394 = CARTESIAN_POINT ( 'NONE',  ( -95.49999999999945999, -3.000000000000000000, 54.24999999999993605 ) ) ;
#4395 = LINE ( 'NONE', #3215, #5711 ) ;
#4396 = ORIENTED_EDGE ( 'NONE', *, *, #5279, .T. ) ;
#4397 = ORIENTED_EDGE ( 'NONE', *, *, #5193, .F. ) ;
#4398 = LINE ( 'NONE', #6793, #348 ) ;
#4399 = LINE ( 'NONE', #6794, #4508 ) ;
#4400 = VERTEX_POINT ( 'NONE', #3662 ) ;
#4401 = DIRECTION ( 'NONE',  ( 0.2588190451025144667, -0.9659258262890700886, 0.000000000000000000 ) ) ;
#4402 = ORIENTED_EDGE ( 'NONE', *, *, #3433, .F. ) ;
#4403 = ORIENTED_EDGE ( 'NONE', *, *, #1791, .F. ) ;
#4404 = CARTESIAN_POINT ( 'NONE',  ( -83.49999999999982947, 72.72593389687250465, 2.749999999999727329 ) ) ;
#4405 = EDGE_CURVE ( 'NONE', #886, #1198, #7353, .T. ) ;
#4406 = DIRECTION ( 'NONE',  ( 1.000000000000000000, 0.000000000000000000, 8.326672684688667742E-14 ) ) ;
#4407 = EDGE_LOOP ( 'NONE', ( #5392, #6208, #7396, #3070 ) ) ;
#4408 = ORIENTED_EDGE ( 'NONE', *, *, #7078, .F. ) ;
#4409 = CARTESIAN_POINT ( 'NONE',  ( -93.50000000000002842, 160.0000000000000000, 97.24999999999978684 ) ) ;
#4410 = PLANE ( 'NONE',  #2815 ) ;
#4411 = ORIENTED_EDGE ( 'NONE', *, *, #672, .T. ) ;
#4412 = CARTESIAN_POINT ( 'NONE',  ( -52.44171458769738337, 149.9999999999999716, 5.749999999999727329 ) ) ;
#4413 = EDGE_CURVE ( 'NONE', #4173, #58, #4841, .T. ) ;
#4414 = EDGE_CURVE ( 'NONE', #1089, #3101, #1857, .T. ) ;
#4415 = DIRECTION ( 'NONE',  ( 0.000000000000000000, 0.000000000000000000, 1.000000000000000000 ) ) ;
#4416 = ORIENTED_EDGE ( 'NONE', *, *, #6587, .F. ) ;
#4417 = FACE_OUTER_BOUND ( 'NONE', #5315, .T. ) ;
#4418 = DIRECTION ( 'NONE',  ( 1.826024711554534653E-16, -1.000000000000000000, 0.000000000000000000 ) ) ;
#4419 = ORIENTED_EDGE ( 'NONE', *, *, #5159, .F. ) ;
#4420 = DIRECTION ( 'NONE',  ( -2.775557561562879124E-15, 0.000000000000000000, 1.000000000000000000 ) ) ;
#4421 = EDGE_LOOP ( 'NONE', ( #5281, #3407, #5373, #5640 ) ) ;
#4422 = ORIENTED_EDGE ( 'NONE', *, *, #1750, .F. ) ;
#4423 = LINE ( 'NONE', #901, #4742 ) ;
#4424 = EDGE_CURVE ( 'NONE', #3613, #6462, #4611, .T. ) ;
#4425 = CARTESIAN_POINT ( 'NONE',  ( -90.30000000000001137, 4.000000000000003553, 105.7499999999998295 ) ) ;
#4426 = LINE ( 'NONE', #2589, #2060 ) ;
#4427 = FACE_BOUND ( 'NONE', #4938, .T. ) ;
#4428 = VERTEX_POINT ( 'NONE', #212 ) ;
#4429 = ORIENTED_EDGE ( 'NONE', *, *, #1427, .F. ) ;
#4430 = VECTOR ( 'NONE', #6189, 999.9999999999998863 ) ;
#4431 = FACE_OUTER_BOUND ( 'NONE', #7174, .T. ) ;
#4432 = EDGE_CURVE ( 'NONE', #6848, #932, #2487, .T. ) ;
#4433 = LINE ( 'NONE', #6830, #5385 ) ;
#4434 = AXIS2_PLACEMENT_3D ( 'NONE', #3196, #7321, #221 ) ;
#4435 = LINE ( 'NONE', #6168, #1205 ) ;
#4436 = ORIENTED_EDGE ( 'NONE', *, *, #4534, .T. ) ;
#4437 = ORIENTED_EDGE ( 'NONE', *, *, #2884, .F. ) ;
#4438 = DIRECTION ( 'NONE',  ( 0.2588190451025145222, -0.9659258262890699775, 0.000000000000000000 ) ) ;
#4439 = VECTOR ( 'NONE', #7067, 999.9999999999998863 ) ;
#4440 = DIRECTION ( 'NONE',  ( 0.2588190451025144112, -0.9659258262890700886, 0.000000000000000000 ) ) ;
#4441 = ORIENTED_EDGE ( 'NONE', *, *, #3720, .F. ) ;
#4442 = ORIENTED_EDGE ( 'NONE', *, *, #4689, .T. ) ;
#4443 = AXIS2_PLACEMENT_3D ( 'NONE', #2710, #4553, #7036 ) ;
#4444 = EDGE_CURVE ( 'NONE', #4704, #5051, #5626, .T. ) ;
#4445 = LINE ( 'NONE', #1006, #6110 ) ;
#4446 = CARTESIAN_POINT ( 'NONE',  ( -90.30000000000001137, 4.000000000000003553, 108.7499999999996874 ) ) ;
#4447 = ORIENTED_EDGE ( 'NONE', *, *, #2173, .T. ) ;
#4448 = FACE_OUTER_BOUND ( 'NONE', #4082, .T. ) ;
#4449 = DIRECTION ( 'NONE',  ( -2.523234146875356096E-15, 0.000000000000000000, 1.000000000000000000 ) ) ;
#4450 = AXIS2_PLACEMENT_3D ( 'NONE', #2506, #6184, #6811 ) ;
#4451 = ORIENTED_EDGE ( 'NONE', *, *, #1437, .T. ) ;
#4452 = LINE ( 'NONE', #6851, #2067 ) ;
#4453 = EDGE_CURVE ( 'NONE', #7372, #2183, #2207, .T. ) ;
#4454 = CARTESIAN_POINT ( 'NONE',  ( 57.54050498136451353, 10.00000000000000533, 2.749999999999727329 ) ) ;
#4455 = ORIENTED_EDGE ( 'NONE', *, *, #3115, .T. ) ;
#4456 = EDGE_CURVE ( 'NONE', #1414, #637, #3299, .T. ) ;
#4457 = VECTOR ( 'NONE', #7272, 1000.000000000000000 ) ;
#4458 = LINE ( 'NONE', #4347, #2432 ) ;
#4459 = ORIENTED_EDGE ( 'NONE', *, *, #1303, .T. ) ;
#4460 = ORIENTED_EDGE ( 'NONE', *, *, #5139, .F. ) ;
#4462 = ADVANCED_FACE ( 'NONE', ( #915 ), #5690, .T. ) ;
#4461 = CYLINDRICAL_SURFACE ( 'NONE', #3241, 1.999999999999996225 ) ;
#4463 = CARTESIAN_POINT ( 'NONE',  ( -99.49999999999884892, 155.0000000000000000, 103.0000000000000426 ) ) ;
#4464 = VECTOR ( 'NONE', #5912, 1000.000000000000000 ) ;
#4465 = CARTESIAN_POINT ( 'NONE',  ( -2.493015773858876967E-14, 149.9999999999999716, 54.24999999999594280 ) ) ;
#4466 = ADVANCED_FACE ( 'NONE', ( #3267 ), #6997, .T. ) ;
#4467 = DIRECTION ( 'NONE',  ( 0.000000000000000000, 0.000000000000000000, 1.000000000000000000 ) ) ;
#4468 = ORIENTED_EDGE ( 'NONE', *, *, #6251, .T. ) ;
#4469 = EDGE_CURVE ( 'NONE', #7423, #2545, #6837, .T. ) ;
#4470 = CARTESIAN_POINT ( 'NONE',  ( 85.16379680957777509, 22.81957057949400891, 108.7499999999996874 ) ) ;
#4471 = VERTEX_POINT ( 'NONE', #2047 ) ;
#4472 = AXIS2_PLACEMENT_3D ( 'NONE', #5085, #6337, #6972 ) ;
#4473 = CARTESIAN_POINT ( 'NONE',  ( -2.493015773858876967E-14, 149.9999999999999716, 54.24999999999594280 ) ) ;
#4474 = CARTESIAN_POINT ( 'NONE',  ( -88.50000000000000000, 4.000000000000003553, -5.750000000000018652 ) ) ;
#4475 = AXIS2_PLACEMENT_3D ( 'NONE', #6560, #1775, #3465 ) ;
#4476 = DIRECTION ( 'NONE',  ( 1.000000000000000000, 1.662010515905918563E-16, 0.000000000000000000 ) ) ;
#4477 = ORIENTED_EDGE ( 'NONE', *, *, #7198, .F. ) ;
#4478 = EDGE_CURVE ( 'NONE', #4110, #4901, #6210, .T. ) ;
#4479 = EDGE_LOOP ( 'NONE', ( #3917, #5332, #4618, #776 ) ) ;
#4480 = DIRECTION ( 'NONE',  ( -0.000000000000000000, -1.000000000000000000, 0.000000000000000000 ) ) ;
#4481 = VECTOR ( 'NONE', #1884, 1000.000000000000000 ) ;
#4482 = VECTOR ( 'NONE', #514, 1000.000000000000000 ) ;
#4483 = DIRECTION ( 'NONE',  ( 4.024558464266176682E-14, 0.000000000000000000, -1.000000000000000000 ) ) ;
#4484 = EDGE_LOOP ( 'NONE', ( #732, #7662, #6416, #4387 ) ) ;
#4485 = VECTOR ( 'NONE', #1367, 1000.000000000000000 ) ;
#4486 = ORIENTED_EDGE ( 'NONE', *, *, #1227, .F. ) ;
#4487 = VECTOR ( 'NONE', #6586, 1000.000000000000000 ) ;
#4488 = EDGE_CURVE ( 'NONE', #2830, #6414, #3604, .T. ) ;
#4489 = DIRECTION ( 'NONE',  ( 1.000000000000000000, 1.662010515905923986E-16, 0.000000000000000000 ) ) ;
#4490 = CARTESIAN_POINT ( 'NONE',  ( 104.4823133353592510, 27.99595148154426028, 2.749999999999727329 ) ) ;
#4491 = ORIENTED_EDGE ( 'NONE', *, *, #6587, .T. ) ;
#4492 = DIRECTION ( 'NONE',  ( -1.000000000000000000, 0.000000000000000000, -1.804112415015894777E-13 ) ) ;
#4493 = VECTOR ( 'NONE', #6182, 1000.000000000000000 ) ;
#4494 = CIRCLE ( 'NONE', #5371, 1.700000000000021050 ) ;
#4495 = CARTESIAN_POINT ( 'NONE',  ( -88.50000000000000000, 4.000000000000003553, 105.7499999999998295 ) ) ;
#4496 = ORIENTED_EDGE ( 'NONE', *, *, #3520, .T. ) ;
#4497 = DIRECTION ( 'NONE',  ( -1.826024711554534653E-16, 1.000000000000000000, -4.434707108786396060E-30 ) ) ;
#4498 = VECTOR ( 'NONE', #5000, 1000.000000000000000 ) ;
#4499 = DIRECTION ( 'NONE',  ( 0.000000000000000000, 1.000000000000000000, -0.000000000000000000 ) ) ;
#4500 = ORIENTED_EDGE ( 'NONE', *, *, #5943, .F. ) ;
#4501 = AXIS2_PLACEMENT_3D ( 'NONE', #1987, #4381, #6846 ) ;
#4502 = DIRECTION ( 'NONE',  ( 0.000000000000000000, 0.000000000000000000, 1.000000000000000000 ) ) ;
#4503 = VERTEX_POINT ( 'NONE', #404 ) ;
#4504 = EDGE_LOOP ( 'NONE', ( #780, #2647, #2995, #4088 ) ) ;
#4505 = DIRECTION ( 'NONE',  ( -0.000000000000000000, -1.000000000000000000, -0.000000000000000000 ) ) ;
#4506 = CARTESIAN_POINT ( 'NONE',  ( -90.30000000000001137, 0.000000000000000000, -5.750000000000018652 ) ) ;
#4507 = EDGE_CURVE ( 'NONE', #7573, #5051, #7460, .T. ) ;
#4508 = VECTOR ( 'NONE', #207, 999.9999999999998863 ) ;
#4509 = CARTESIAN_POINT ( 'NONE',  ( -95.49999999999992895, 160.0000000000000000, -2.750000000000018652 ) ) ;
#4510 = EDGE_CURVE ( 'NONE', #3788, #6229, #5156, .T. ) ;
#4511 = DIRECTION ( 'NONE',  ( -0.000000000000000000, -1.000000000000000000, -0.000000000000000000 ) ) ;
#4512 = ORIENTED_EDGE ( 'NONE', *, *, #4220, .F. ) ;
#4513 = PLANE ( 'NONE',  #1551 ) ;
#4514 = VERTEX_POINT ( 'NONE', #1504 ) ;
#4515 = LINE ( 'NONE', #1390, #5948 ) ;
#4516 = CARTESIAN_POINT ( 'NONE',  ( -96.50000000000000000, -8.000000000000000000, 77.25000000000005684 ) ) ;
#4517 = FACE_BOUND ( 'NONE', #4504, .T. ) ;
#4518 = EDGE_CURVE ( 'NONE', #6672, #7546, #6285, .T. ) ;
#4519 = EDGE_CURVE ( 'NONE', #611, #5781, #2130, .T. ) ;
#4520 = DIRECTION ( 'NONE',  ( 0.000000000000000000, 0.000000000000000000, 1.000000000000000000 ) ) ;
#4521 = SURFACE_SIDE_STYLE ('',( #2870 ) ) ;
#4522 = ORIENTED_EDGE ( 'NONE', *, *, #2258, .T. ) ;
#4523 = ORIENTED_EDGE ( 'NONE', *, *, #4808, .T. ) ;
#4524 = CARTESIAN_POINT ( 'NONE',  ( -83.49999999999991473, -1.655421831360722005E-14, 105.7499999999998295 ) ) ;
#4526 = ADVANCED_FACE ( 'NONE', ( #6917 ), #1538, .T. ) ;
#4525 = CARTESIAN_POINT ( 'NONE',  ( -62.79447639179830531, 150.0000000000000284, 108.7499999999996874 ) ) ;
#4527 = ORIENTED_EDGE ( 'NONE', *, *, #891, .F. ) ;
#4528 = ORIENTED_EDGE ( 'NONE', *, *, #5326, .T. ) ;
#4529 = CARTESIAN_POINT ( 'NONE',  ( 97.69999999999994600, 166.2000000000000171, 57.05000000000013216 ) ) ;
#4530 = PLANE ( 'NONE',  #2188 ) ;
#4531 = ORIENTED_EDGE ( 'NONE', *, *, #7765, .T. ) ;
#4532 = CARTESIAN_POINT ( 'NONE',  ( 83.49999999999995737, 106.3030109094370061, 105.7499999999998295 ) ) ;
#4534 = EDGE_CURVE ( 'NONE', #458, #6246, #5192, .T. ) ;
#4533 = CARTESIAN_POINT ( 'NONE',  ( -95.49999999999994316, -3.000000000000000000, -2.409688610265963800E-13 ) ) ;
#4535 = ORIENTED_EDGE ( 'NONE', *, *, #2788, .T. ) ;
#4536 = DIRECTION ( 'NONE',  ( 1.000000000000000000, 0.000000000000000000, 0.000000000000000000 ) ) ;
#4537 = DIRECTION ( 'NONE',  ( -1.000000000000000000, 0.000000000000000000, -1.387778780781444689E-15 ) ) ;
#4538 = VERTEX_POINT ( 'NONE', #3384 ) ;
#4539 = CARTESIAN_POINT ( 'NONE',  ( -0.6779055671933044147, 149.9999999999999716, 2.749999999999727329 ) ) ;
#4540 = ORIENTED_EDGE ( 'NONE', *, *, #7711, .F. ) ;
#4541 = FACE_OUTER_BOUND ( 'NONE', #1484, .T. ) ;
#4542 = CARTESIAN_POINT ( 'NONE',  ( -31.73619097949586987, 150.0000000000000284, 105.7499999999998295 ) ) ;
#4543 = LINE ( 'NONE', #7526, #5734 ) ;
#4544 = DIRECTION ( 'NONE',  ( -1.000000000000000000, 0.000000000000000000, -8.326672684688666480E-14 ) ) ;
#4545 = CARTESIAN_POINT ( 'NONE',  ( 47.18774317726361289, 10.00000000000000533, 105.7499999999998295 ) ) ;
#4546 = ORIENTED_EDGE ( 'NONE', *, *, #7544, .F. ) ;
#4547 = DIRECTION ( 'NONE',  ( 1.000000000000000000, 1.662010515905918563E-16, 0.000000000000000000 ) ) ;
#4548 = ORIENTED_EDGE ( 'NONE', *, *, #50, .F. ) ;
#4549 = EDGE_CURVE ( 'NONE', #477, #1046, #3929, .T. ) ;
#4550 = DIRECTION ( 'NONE',  ( -0.000000000000000000, -1.000000000000000000, -0.000000000000000000 ) ) ;
#4551 = DIRECTION ( 'NONE',  ( 2.428612866367527723E-14, -0.000000000000000000, -1.000000000000000000 ) ) ;
#4552 = FACE_BOUND ( 'NONE', #2484, .T. ) ;
#4553 = DIRECTION ( 'NONE',  ( -0.9659258262890698665, -0.2588190451025147998, 0.000000000000000000 ) ) ;
#4554 = DIRECTION ( 'NONE',  ( -0.000000000000000000, -1.000000000000000000, -0.000000000000000000 ) ) ;
#4555 = EDGE_LOOP ( 'NONE', ( #5926, #482, #1749, #110, #7359, #944, #1657, #4204, #4442, #6877, #1186 ) ) ;
#4556 = AXIS2_PLACEMENT_3D ( 'NONE', #1882, #6038, #5493 ) ;
#4557 = ORIENTED_EDGE ( 'NONE', *, *, #4078, .F. ) ;
#4558 = EDGE_CURVE ( 'NONE', #5366, #5354, #4604, .T. ) ;
#4559 = EDGE_CURVE ( 'NONE', #2827, #6953, #253, .T. ) ;
#4560 = CARTESIAN_POINT ( 'NONE',  ( 56.18602202090561093, 15.05499922641854660, 54.24999999999594280 ) ) ;
#4561 = EDGE_CURVE ( 'NONE', #2304, #2225, #3852, .T. ) ;
#4562 = DIRECTION ( 'NONE',  ( 1.000000000000000000, -0.000000000000000000, 3.469446951953606300E-16 ) ) ;
#4563 = VECTOR ( 'NONE', #5757, 1000.000000000000000 ) ;
#4564 = EDGE_LOOP ( 'NONE', ( #5308, #7192, #5674, #4591 ) ) ;
#4565 = ORIENTED_EDGE ( 'NONE', *, *, #6421, .T. ) ;
#4566 = CARTESIAN_POINT ( 'NONE',  ( -2.493015773858885802E-14, 150.0000000000000284, 105.7499999999998295 ) ) ;
#4567 = EDGE_CURVE ( 'NONE', #1584, #7292, #4048, .T. ) ;
#4568 = VECTOR ( 'NONE', #7661, 1000.000000000000000 ) ;
#4569 = DIRECTION ( 'NONE',  ( 0.2588190451025144112, -0.9659258262890700886, 0.000000000000000000 ) ) ;
#4570 = VERTEX_POINT ( 'NONE', #4793 ) ;
#4571 = CARTESIAN_POINT ( 'NONE',  ( -103.4999999999998721, 2.000000000000001776, 7.749999999999980460 ) ) ;
#4572 = DIRECTION ( 'NONE',  ( 1.000000000000000000, -0.000000000000000000, 2.523234146875356096E-15 ) ) ;
#4573 = ORIENTED_EDGE ( 'NONE', *, *, #1487, .F. ) ;
#4574 = AXIS2_PLACEMENT_3D ( 'NONE', #124, #4870, #3802 ) ;
#4575 = CARTESIAN_POINT ( 'NONE',  ( -88.50000000000000000, 156.0000000000000000, 2.749999999999981792 ) ) ;
#4576 = CARTESIAN_POINT ( 'NONE',  ( 104.4823133353592510, 27.99595148154426028, 5.749999999999727329 ) ) ;
#4577 = EDGE_LOOP ( 'NONE', ( #3750, #5660, #3517, #6984 ) ) ;
#4578 = EDGE_CURVE ( 'NONE', #5997, #7624, #1072, .T. ) ;
#4579 = CARTESIAN_POINT ( 'NONE',  ( 85.16379680957771825, 22.81957057949398759, 54.24999999999594280 ) ) ;
#4580 = ORIENTED_EDGE ( 'NONE', *, *, #682, .T. ) ;
#4581 = CARTESIAN_POINT ( 'NONE',  ( 96.50000000000000000, 0.000000000000000000, -9.750000000000019540 ) ) ;
#4582 = VECTOR ( 'NONE', #1404, 1000.000000000000000 ) ;
#4583 = DIRECTION ( 'NONE',  ( -0.000000000000000000, -1.000000000000000000, -0.000000000000000000 ) ) ;
#4584 = DIRECTION ( 'NONE',  ( -0.000000000000000000, -1.000000000000000000, -0.000000000000000000 ) ) ;
#4585 = AXIS2_PLACEMENT_3D ( 'NONE', #912, #3296, #7421 ) ;
#4586 = PLANE ( 'NONE',  #3200 ) ;
#4587 = CARTESIAN_POINT ( 'NONE',  ( -86.70000000000000284, 0.000000000000000000, 108.7499999999996874 ) ) ;
#4588 = EDGE_LOOP ( 'NONE', ( #3680, #4623, #3390, #3175 ) ) ;
#4589 = EDGE_CURVE ( 'NONE', #2454, #6480, #6438, .T. ) ;
#4590 = FACE_OUTER_BOUND ( 'NONE', #5274, .T. ) ;
#4591 = ORIENTED_EDGE ( 'NONE', *, *, #5993, .T. ) ;
#4592 = LINE ( 'NONE', #6988, #6704 ) ;
#4593 = CARTESIAN_POINT ( 'NONE',  ( -31.73619097949589829, 149.9999999999999716, 54.24999999999594280 ) ) ;
#4594 = VECTOR ( 'NONE', #1300, 1000.000000000000000 ) ;
#4595 = CARTESIAN_POINT ( 'NONE',  ( 86.70000000000000284, 4.000000000000023981, 5.749999999999976907 ) ) ;
#4596 = SHAPE_DEFINITION_REPRESENTATION ( #6547, #5893 ) ;
#4597 = ORIENTED_EDGE ( 'NONE', *, *, #6421, .F. ) ;
#4598 = EDGE_CURVE ( 'NONE', #7591, #368, #4085, .T. ) ;
#4599 = DIRECTION ( 'NONE',  ( 0.000000000000000000, 0.000000000000000000, 1.000000000000000000 ) ) ;
#4600 = DIRECTION ( 'NONE',  ( 0.2588190451025145222, -0.9659258262890699775, 0.000000000000000000 ) ) ;
#4601 = ORIENTED_EDGE ( 'NONE', *, *, #7383, .T. ) ;
#4602 = AXIS2_PLACEMENT_3D ( 'NONE', #653, #1284, #6653 ) ;
#4603 = EDGE_LOOP ( 'NONE', ( #1930, #6226, #3269, #7325 ) ) ;
#4604 = LINE ( 'NONE', #4560, #2723 ) ;
#4605 = FACE_OUTER_BOUND ( 'NONE', #7493, .T. ) ;
#4606 = VECTOR ( 'NONE', #6681, 1000.000000000000000 ) ;
#4607 = EDGE_CURVE ( 'NONE', #4471, #3858, #1150, .T. ) ;
#4608 = ORIENTED_EDGE ( 'NONE', *, *, #6290, .F. ) ;
#4609 = ORIENTED_EDGE ( 'NONE', *, *, #168, .F. ) ;
#4610 = CARTESIAN_POINT ( 'NONE',  ( 88.49999999999997158, 156.0000000000000284, 105.7499999999998295 ) ) ;
#4611 = CIRCLE ( 'NONE', #1476, 1.999999999999996225 ) ;
#4612 = FACE_BOUND ( 'NONE', #4285, .T. ) ;
#4613 = EDGE_LOOP ( 'NONE', ( #6301, #6045, #2134, #5160 ) ) ;
#4614 = CARTESIAN_POINT ( 'NONE',  ( -59.72507713378266914, -16.00328618588321206, 5.749999999999727329 ) ) ;
#4615 = DIRECTION ( 'NONE',  ( 0.000000000000000000, 1.000000000000000000, -0.000000000000000000 ) ) ;
#4616 = ADVANCED_FACE ( 'NONE', ( #1111 ), #6517, .F. ) ;
#4617 = VECTOR ( 'NONE', #433, 1000.000000000000000 ) ;
#4618 = ORIENTED_EDGE ( 'NONE', *, *, #926, .T. ) ;
#4619 = VECTOR ( 'NONE', #312, 1000.000000000000000 ) ;
#4620 = FACE_OUTER_BOUND ( 'NONE', #5777, .T. ) ;
#4621 = ORIENTED_EDGE ( 'NONE', *, *, #7355, .T. ) ;
#4622 = CARTESIAN_POINT ( 'NONE',  ( 0.000000000000000000, 0.000000000000000000, -5.750000000000018652 ) ) ;
#4623 = ORIENTED_EDGE ( 'NONE', *, *, #3361, .F. ) ;
#4624 = CARTESIAN_POINT ( 'NONE',  ( -103.4999999999998153, 0.000000000000000000, 59.25000000000009237 ) ) ;
#4625 = VECTOR ( 'NONE', #1474, 1000.000000000000000 ) ;
#4626 = VECTOR ( 'NONE', #5714, 1000.000000000000000 ) ;
#4627 = CARTESIAN_POINT ( 'NONE',  ( -90.29999999999999716, 4.000000000000003553, 5.749999999999980460 ) ) ;
#4628 = FACE_OUTER_BOUND ( 'NONE', #172, .T. ) ;
#4629 = EDGE_CURVE ( 'NONE', #536, #3101, #4715, .T. ) ;
#4630 = CIRCLE ( 'NONE', #6130, 2.000000000000001776 ) ;
#4631 = VECTOR ( 'NONE', #5558, 1000.000000000000000 ) ;
#4632 = DIRECTION ( 'NONE',  ( 0.2588190451025145222, -0.9659258262890699775, 0.000000000000000000 ) ) ;
#4633 = DIRECTION ( 'NONE',  ( -7.421276902574568488E-17, 0.000000000000000000, 1.000000000000000000 ) ) ;
#4634 = ORIENTED_EDGE ( 'NONE', *, *, #4519, .T. ) ;
#4635 = CARTESIAN_POINT ( 'NONE',  ( -96.50000000000000000, -10.00000000000000000, 75.55000000000011084 ) ) ;
#4636 = ORIENTED_EDGE ( 'NONE', *, *, #7244, .F. ) ;
#4637 = DIRECTION ( 'NONE',  ( 1.000000000000000000, 1.246507886929438799E-16, 0.000000000000000000 ) ) ;
#4638 = FACE_OUTER_BOUND ( 'NONE', #4916, .T. ) ;
#4639 = DIRECTION ( 'NONE',  ( 0.2588190451025145777, -0.9659258262890699775, 0.000000000000000000 ) ) ;
#4640 = APPLICATION_PROTOCOL_DEFINITION ( 'draft international standard', 'automotive_design', 1998, #7726 ) ;
#4641 = ADVANCED_FACE ( 'NONE', ( #7152 ), #4678, .T. ) ;
#4642 = LINE ( 'NONE', #1650, #5323 ) ;
#4643 = CARTESIAN_POINT ( 'NONE',  ( -97.69999999999994600, 166.2000000000000171, 45.94999999999987494 ) ) ;
#4644 = EDGE_LOOP ( 'NONE', ( #5068, #2195, #900, #6774 ) ) ;
#4645 = EDGE_LOOP ( 'NONE', ( #6965, #4293, #4265, #2821 ) ) ;
#4646 = DIRECTION ( 'NONE',  ( -1.804112415015914972E-13, 0.000000000000000000, -1.000000000000000000 ) ) ;
#4647 = DIRECTION ( 'NONE',  ( -0.000000000000000000, 1.000000000000000000, -0.000000000000000000 ) ) ;
#4648 = ORIENTED_EDGE ( 'NONE', *, *, #6788, .F. ) ;
#4649 = VERTEX_POINT ( 'NONE', #5303 ) ;
#4650 = PLANE ( 'NONE',  #7482 ) ;
#4651 = FACE_OUTER_BOUND ( 'NONE', #3381, .T. ) ;
#4652 = ORIENTED_EDGE ( 'NONE', *, *, #2499, .T. ) ;
#4653 = EDGE_CURVE ( 'NONE', #5553, #4768, #549, .T. ) ;
#4654 = DIRECTION ( 'NONE',  ( 1.000000000000000000, 1.982541115402064617E-16, -0.000000000000000000 ) ) ;
#4655 = DIRECTION ( 'NONE',  ( 0.000000000000000000, 0.000000000000000000, 1.000000000000000000 ) ) ;
#4656 = ORIENTED_EDGE ( 'NONE', *, *, #4747, .T. ) ;
#4657 = DIRECTION ( 'NONE',  ( 0.000000000000000000, 0.000000000000000000, -1.000000000000000000 ) ) ;
#4658 = PLANE ( 'NONE',  #4056 ) ;
#4659 = ORIENTED_EDGE ( 'NONE', *, *, #3415, .T. ) ;
#4660 = ADVANCED_FACE ( 'NONE', ( #7656 ), #7073, .T. ) ;
#4661 = EDGE_CURVE ( 'NONE', #1327, #4055, #2943, .T. ) ;
#4662 = LINE ( 'NONE', #4033, #867 ) ;
#4663 = CARTESIAN_POINT ( 'NONE',  ( -96.50000000000000000, 0.000000000000000000, 75.55000000000011084 ) ) ;
#4664 = PLANE ( 'NONE',  #4071 ) ;
#4665 = CARTESIAN_POINT ( 'NONE',  ( 9.674856236907391605, 150.0000000000000284, 105.7499999999998295 ) ) ;
#4666 = VERTEX_POINT ( 'NONE', #6475 ) ;
#4667 = CARTESIAN_POINT ( 'NONE',  ( 95.49999999999995737, -3.000000000000000000, -2.750000000000018652 ) ) ;
#4668 = VERTEX_POINT ( 'NONE', #1767 ) ;
#4669 = EDGE_CURVE ( 'NONE', #3291, #729, #4159, .T. ) ;
#4670 = DIRECTION ( 'NONE',  ( 1.000000000000000000, 0.000000000000000000, -0.000000000000000000 ) ) ;
#4671 = CARTESIAN_POINT ( 'NONE',  ( -11.42878581932929194, -3.062333930757471734, 54.24999999999594280 ) ) ;
#4672 = DIRECTION ( 'NONE',  ( 0.000000000000000000, 0.000000000000000000, 1.000000000000000000 ) ) ;
#4673 = LINE ( 'NONE', #1687, #822 ) ;
#4674 = CARTESIAN_POINT ( 'NONE',  ( -2.493015773858885802E-14, 150.0000000000000284, 108.7499999999996874 ) ) ;
#4675 = ORIENTED_EDGE ( 'NONE', *, *, #1770, .F. ) ;
#4676 = EDGE_LOOP ( 'NONE', ( #6175, #2465, #7658, #6736 ) ) ;
#4677 = ADVANCED_FACE ( 'NONE', ( #7185 ), #7112, .T. ) ;
#4678 = PLANE ( 'NONE',  #101 ) ;
#4679 = CARTESIAN_POINT ( 'NONE',  ( 20.02761804100831355, 149.9999999999999716, 2.749999999999727329 ) ) ;
#4680 = VERTEX_POINT ( 'NONE', #7729 ) ;
#4681 = VERTEX_POINT ( 'NONE', #5815 ) ;
#4682 = DIRECTION ( 'NONE',  ( 0.2588190451025150218, -0.9659258262890698665, 0.000000000000000000 ) ) ;
#4683 = FACE_BOUND ( 'NONE', #1945, .T. ) ;
#4684 = VERTEX_POINT ( 'NONE', #440 ) ;
#4685 = VECTOR ( 'NONE', #1025, 1000.000000000000000 ) ;
#4686 = PLANE ( 'NONE',  #4125 ) ;
#4687 = DIRECTION ( 'NONE',  ( 0.5999999999999191536, 0.000000000000000000, 0.8000000000000606626 ) ) ;
#4688 = EDGE_LOOP ( 'NONE', ( #5793, #7031, #28, #7545 ) ) ;
#4689 = EDGE_CURVE ( 'NONE', #325, #6652, #4757, .T. ) ;
#4690 = VECTOR ( 'NONE', #4692, 1000.000000000000000 ) ;
#4691 = FACE_OUTER_BOUND ( 'NONE', #2636, .T. ) ;
#4692 = DIRECTION ( 'NONE',  ( 0.000000000000000000, 0.000000000000000000, 1.000000000000000000 ) ) ;
#4693 = ORIENTED_EDGE ( 'NONE', *, *, #6150, .F. ) ;
#4694 = CARTESIAN_POINT ( 'NONE',  ( 101.2999999999998977, 166.2000000000000171, 45.94999999999987494 ) ) ;
#4695 = DIRECTION ( 'NONE',  ( 0.000000000000000000, 0.000000000000000000, 1.000000000000000000 ) ) ;
#4696 = CIRCLE ( 'NONE', #2312, 1.999999999999996225 ) ;
#4697 = EDGE_CURVE ( 'NONE', #5449, #117, #3458, .T. ) ;
#4698 = CARTESIAN_POINT ( 'NONE',  ( -1.246507886929438602E-15, 9.999999999999998224, 57.24999999999594280 ) ) ;
#4699 = LINE ( 'NONE', #6624, #6594 ) ;
#4700 = ORIENTED_EDGE ( 'NONE', *, *, #7058, .T. ) ;
#4701 = VECTOR ( 'NONE', #6336, 999.9999999999998863 ) ;
#4702 = EDGE_CURVE ( 'NONE', #1394, #4113, #1655, .T. ) ;
#4703 = DIRECTION ( 'NONE',  ( 0.000000000000000000, 0.000000000000000000, 1.000000000000000000 ) ) ;
#4704 = VERTEX_POINT ( 'NONE', #6640 ) ;
#4705 = DIRECTION ( 'NONE',  ( 1.000000000000000000, 0.000000000000000000, 1.387778780781444689E-15 ) ) ;
#4706 = DIRECTION ( 'NONE',  ( 0.000000000000000000, 0.000000000000000000, -1.000000000000000000 ) ) ;
#4707 = DIRECTION ( 'NONE',  ( 0.000000000000000000, 0.000000000000000000, 1.000000000000000000 ) ) ;
#4708 = MECHANICAL_DESIGN_GEOMETRIC_PRESENTATION_REPRESENTATION (  '', ( #7459 ), #1827 ) ;
#4709 = EDGE_CURVE ( 'NONE', #6568, #58, #1890, .T. ) ;
#4710 = PLANE ( 'NONE',  #3820 ) ;
#4711 = DIRECTION ( 'NONE',  ( 0.2588190451025145222, -0.9659258262890699775, 0.000000000000000000 ) ) ;
#4712 = ORIENTED_EDGE ( 'NONE', *, *, #6901, .F. ) ;
#4713 = ORIENTED_EDGE ( 'NONE', *, *, #2450, .F. ) ;
#4714 = AXIS2_PLACEMENT_3D ( 'NONE', #3325, #4859, #2464 ) ;
#4715 = LINE ( 'NONE', #478, #1354 ) ;
#4716 = CARTESIAN_POINT ( 'NONE',  ( 103.4999999999999005, -8.000000000000000000, -5.750000000000018652 ) ) ;
#4717 = ORIENTED_EDGE ( 'NONE', *, *, #3828, .T. ) ;
#4718 = ADVANCED_FACE ( 'NONE', ( #6165 ), #2521, .F. ) ;
#4719 = CIRCLE ( 'NONE', #6098, 2.000000000000001776 ) ;
#4720 = DIRECTION ( 'NONE',  ( 0.000000000000000000, 0.000000000000000000, 1.000000000000000000 ) ) ;
#4721 = ORIENTED_EDGE ( 'NONE', *, *, #50, .T. ) ;
#4722 = LINE ( 'NONE', #1156, #725 ) ;
#4723 = CARTESIAN_POINT ( 'NONE',  ( -35.63435125554294558, 9.999999999999991118, 54.24999999999594280 ) ) ;
#4724 = ORIENTED_EDGE ( 'NONE', *, *, #6981, .F. ) ;
#4725 = VECTOR ( 'NONE', #134, 1000.000000000000000 ) ;
#4726 = DIRECTION ( 'NONE',  ( 0.000000000000000000, 1.000000000000000000, -0.000000000000000000 ) ) ;
#4727 = PLANE ( 'NONE',  #5739 ) ;
#4728 = ORIENTED_EDGE ( 'NONE', *, *, #2056, .F. ) ;
#4729 = EDGE_CURVE ( 'NONE', #5987, #5408, #1966, .T. ) ;
#4730 = CARTESIAN_POINT ( 'NONE',  ( 0.000000000000000000, 166.2000000000000171, 0.000000000000000000 ) ) ;
#4731 = CARTESIAN_POINT ( 'NONE',  ( -99.49999999999884892, 155.0000000000000000, 101.0000000000000284 ) ) ;
#4732 = ORIENTED_EDGE ( 'NONE', *, *, #4316, .F. ) ;
#4733 = DIRECTION ( 'NONE',  ( 0.2588190451025145222, -0.9659258262890699775, 0.000000000000000000 ) ) ;
#4734 = CIRCLE ( 'NONE', #7487, 2.000000000000001776 ) ;
#4735 = VECTOR ( 'NONE', #6545, 999.9999999999998863 ) ;
#4736 = DIRECTION ( 'NONE',  ( 1.000000000000000000, -0.000000000000000000, 0.000000000000000000 ) ) ;
#4737 = ORIENTED_EDGE ( 'NONE', *, *, #769, .T. ) ;
#4738 = FACE_OUTER_BOUND ( 'NONE', #4968, .T. ) ;
#4739 = AXIS2_PLACEMENT_3D ( 'NONE', #1663, #4615, #494 ) ;
#4740 = DIRECTION ( 'NONE',  ( 1.387778780781448831E-15, -0.000000000000000000, -1.000000000000000000 ) ) ;
#4741 = VERTEX_POINT ( 'NONE', #41 ) ;
#4742 = VECTOR ( 'NONE', #196, 1000.000000000000000 ) ;
#4743 = CARTESIAN_POINT ( 'NONE',  ( 1.377241172440915905E-13, 9.999999999999998224, 5.749999999999727329 ) ) ;
#4744 = VERTEX_POINT ( 'NONE', #795 ) ;
#4745 = LINE ( 'NONE', #1647, #5563 ) ;
#4746 = DIRECTION ( 'NONE',  ( 1.662010515905918563E-16, -1.000000000000000000, 0.000000000000000000 ) ) ;
#4747 = EDGE_CURVE ( 'NONE', #4010, #3464, #761, .T. ) ;
#4748 = CYLINDRICAL_SURFACE ( 'NONE', #4360, 1.799999999999996048 ) ;
#4749 = VECTOR ( 'NONE', #3693, 1000.000000000000000 ) ;
#4750 = VECTOR ( 'NONE', #2697, 999.9999999999998863 ) ;
#4751 = CARTESIAN_POINT ( 'NONE',  ( 69.00000000000983391, -8.000000000000000000, -51.74999999999648281 ) ) ;
#4752 = CARTESIAN_POINT ( 'NONE',  ( -2.493015773858885802E-14, 150.0000000000000284, 105.7499999999998295 ) ) ;
#4753 = VERTEX_POINT ( 'NONE', #85 ) ;
#4754 = ORIENTED_EDGE ( 'NONE', *, *, #215, .F. ) ;
#4755 = VECTOR ( 'NONE', #2670, 1000.000000000000000 ) ;
#4756 = CIRCLE ( 'NONE', #6634, 2.000000000000001776 ) ;
#4757 = LINE ( 'NONE', #5232, #596 ) ;
#4758 = EDGE_CURVE ( 'NONE', #4684, #1895, #6618, .T. ) ;
#4759 = EDGE_CURVE ( 'NONE', #1782, #6253, #204, .T. ) ;
#4760 = FACE_OUTER_BOUND ( 'NONE', #2475, .T. ) ;
#4761 = ORIENTED_EDGE ( 'NONE', *, *, #7317, .T. ) ;
#4762 = LINE ( 'NONE', #6521, #5465 ) ;
#4763 = ORIENTED_EDGE ( 'NONE', *, *, #4891, .T. ) ;
#4764 = ORIENTED_EDGE ( 'NONE', *, *, #3504, .T. ) ;
#4765 = CARTESIAN_POINT ( 'NONE',  ( -95.49999999999995737, 160.0000000000000000, 2.749999999999981348 ) ) ;
#4766 = DIRECTION ( 'NONE',  ( 0.2588190451025145777, -0.9659258262890699775, 0.000000000000000000 ) ) ;
#4767 = LINE ( 'NONE', #2411, #5234 ) ;
#4768 = VERTEX_POINT ( 'NONE', #7343 ) ;
#4769 = ADVANCED_FACE ( 'NONE', ( #638 ), #2594, .F. ) ;
#4770 = DIRECTION ( 'NONE',  ( -0.000000000000000000, -1.000000000000000000, 0.000000000000000000 ) ) ;
#4771 = DIRECTION ( 'NONE',  ( 1.000000000000000000, 1.662010515905918563E-16, 0.000000000000000000 ) ) ;
#4772 = ORIENTED_EDGE ( 'NONE', *, *, #3848, .F. ) ;
#4773 = FACE_OUTER_BOUND ( 'NONE', #3611, .T. ) ;
#4774 = DIRECTION ( 'NONE',  ( 1.000000000000000000, 0.000000000000000000, -8.326672684688666480E-14 ) ) ;
#4775 = ORIENTED_EDGE ( 'NONE', *, *, #4702, .F. ) ;
#4776 = ADVANCED_FACE ( 'NONE', ( #1228 ), #6013, .F. ) ;
#4777 = DIRECTION ( 'NONE',  ( 0.2588190451025145222, -0.9659258262890699775, 0.000000000000000000 ) ) ;
#4778 = DIRECTION ( 'NONE',  ( -0.000000000000000000, -1.000000000000000000, 0.000000000000000000 ) ) ;
#4779 = ORIENTED_EDGE ( 'NONE', *, *, #4899, .T. ) ;
#4780 = DIRECTION ( 'NONE',  ( 1.000000000000000000, 1.662010515905923740E-16, 0.000000000000000000 ) ) ;
#4781 = DIRECTION ( 'NONE',  ( 1.000000000000000000, 1.246507886929438799E-16, 0.000000000000000000 ) ) ;
#4782 = ORIENTED_EDGE ( 'NONE', *, *, #7453, .T. ) ;
#4783 = LINE ( 'NONE', #2306, #7320 ) ;
#4784 = VERTEX_POINT ( 'NONE', #3023 ) ;
#4785 = DIRECTION ( 'NONE',  ( -1.000000000000000000, 0.000000000000000000, 0.000000000000000000 ) ) ;
#4786 = LINE ( 'NONE', #1798, #2868 ) ;
#4787 = LINE ( 'NONE', #2311, #4617 ) ;
#4788 = CARTESIAN_POINT ( 'NONE',  ( -11.42878581932923510, -3.062333930757457079, 105.7499999999998295 ) ) ;
#4789 = EDGE_CURVE ( 'NONE', #6886, #2903, #4833, .T. ) ;
#4790 = FACE_OUTER_BOUND ( 'NONE', #3039, .T. ) ;
#4791 = ORIENTED_EDGE ( 'NONE', *, *, #5159, .T. ) ;
#4792 = VERTEX_POINT ( 'NONE', #3059 ) ;
#4793 = CARTESIAN_POINT ( 'NONE',  ( -93.50000000000000000, 0.000000000000000000, 59.24999999999969447 ) ) ;
#4794 = CARTESIAN_POINT ( 'NONE',  ( 2.304059720792229585E-12, 160.0000000000000000, 57.24999999999592859 ) ) ;
#4795 = ORIENTED_EDGE ( 'NONE', *, *, #7687, .T. ) ;
#4796 = ADVANCED_FACE ( 'NONE', ( #5459 ), #3102, .T. ) ;
#4797 = LINE ( 'NONE', #2947, #6968 ) ;
#4798 = VERTEX_POINT ( 'NONE', #7270 ) ;
#4799 = ORIENTED_EDGE ( 'NONE', *, *, #7635, .F. ) ;
#4800 = CARTESIAN_POINT ( 'NONE',  ( 0.000000000000000000, 166.2000000000000171, 57.05000000000013216 ) ) ;
#4801 = EDGE_CURVE ( 'NONE', #4784, #2904, #4280, .T. ) ;
#4802 = DIRECTION ( 'NONE',  ( -0.000000000000000000, -1.000000000000000000, 0.000000000000000000 ) ) ;
#4803 = EDGE_LOOP ( 'NONE', ( #4512, #6806, #4073, #7471 ) ) ;
#4804 = PLANE ( 'NONE',  #4000 ) ;
#4805 = CARTESIAN_POINT ( 'NONE',  ( -31.73619097949575973, 149.9999999999999716, 5.749999999999727329 ) ) ;
#4806 = ORIENTED_EDGE ( 'NONE', *, *, #2605, .T. ) ;
#4807 = ORIENTED_EDGE ( 'NONE', *, *, #2922, .F. ) ;
#4808 = EDGE_CURVE ( 'NONE', #5557, #6052, #7304, .T. ) ;
#4809 = DIRECTION ( 'NONE',  ( -4.024558464266189304E-14, 0.000000000000000000, -1.000000000000000000 ) ) ;
#4810 = VECTOR ( 'NONE', #1174, 1000.000000000000000 ) ;
#4811 = CARTESIAN_POINT ( 'NONE',  ( 103.4999999999998721, 2.000000000000001776, 5.749999999999980460 ) ) ;
#4812 = ORIENTED_EDGE ( 'NONE', *, *, #7107, .T. ) ;
#4813 = CARTESIAN_POINT ( 'NONE',  ( -93.50000000000000000, 2.000000000000001776, 45.74999999999988631 ) ) ;
#4814 = DIRECTION ( 'NONE',  ( 1.662010515905918563E-16, -1.000000000000000000, 0.000000000000000000 ) ) ;
#4815 = ORIENTED_EDGE ( 'NONE', *, *, #5400, .T. ) ;
#4816 = AXIS2_PLACEMENT_3D ( 'NONE', #1954, #820, #6227 ) ;
#4817 = EDGE_CURVE ( 'NONE', #7223, #4901, #164, .T. ) ;
#4818 = DIRECTION ( 'NONE',  ( 1.000000000000000000, 1.662010515905918563E-16, 0.000000000000000000 ) ) ;
#4819 = DIRECTION ( 'NONE',  ( -0.2588190451025146888, 0.9659258262890698665, 0.000000000000000000 ) ) ;
#4820 = ORIENTED_EDGE ( 'NONE', *, *, #4558, .T. ) ;
#4821 = DIRECTION ( 'NONE',  ( 0.000000000000000000, 0.000000000000000000, 1.000000000000000000 ) ) ;
#4822 = ORIENTED_EDGE ( 'NONE', *, *, #486, .T. ) ;
#4823 = CIRCLE ( 'NONE', #5939, 1.799999999999996048 ) ;
#4824 = DIRECTION ( 'NONE',  ( 1.000000000000000000, -1.982541115402064617E-16, 0.000000000000000000 ) ) ;
#4825 = LINE ( 'NONE', #1883, #2106 ) ;
#4826 = DIRECTION ( 'NONE',  ( 1.000000000000000000, 0.000000000000000000, -1.387778780781444492E-15 ) ) ;
#4827 = ADVANCED_FACE ( 'NONE', ( #3885 ), #2077, .T. ) ;
#4828 = VECTOR ( 'NONE', #6357, 999.9999999999998863 ) ;
#4829 = DIRECTION ( 'NONE',  ( 3.382710778154773834E-15, -1.000000000000000000, 0.000000000000000000 ) ) ;
#4830 = PLANE ( 'NONE',  #5836 ) ;
#4831 = ORIENTED_EDGE ( 'NONE', *, *, #3698, .T. ) ;
#4832 = ORIENTED_EDGE ( 'NONE', *, *, #5523, .T. ) ;
#4833 = LINE ( 'NONE', #7225, #5363 ) ;
#4834 = VECTOR ( 'NONE', #895, 1000.000000000000000 ) ;
#4835 = CARTESIAN_POINT ( 'NONE',  ( 57.54050498136442826, 10.00000000000000533, 105.7499999999998295 ) ) ;
#4836 = DIRECTION ( 'NONE',  ( 1.000000000000000000, 1.662010515905923986E-16, 0.000000000000000000 ) ) ;
#4837 = VERTEX_POINT ( 'NONE', #2157 ) ;
#4838 = AXIS2_PLACEMENT_3D ( 'NONE', #2474, #3055, #4871 ) ;
#4839 = ORIENTED_EDGE ( 'NONE', *, *, #6817, .T. ) ;
#4840 = LINE ( 'NONE', #6720, #7110 ) ;
#4841 = LINE ( 'NONE', #1389, #6118 ) ;
#4842 = EDGE_LOOP ( 'NONE', ( #887, #5393, #4806 ) ) ;
#4843 = FACE_OUTER_BOUND ( 'NONE', #6399, .T. ) ;
#4844 = ADVANCED_FACE ( 'NONE', ( #6829 ), #3961, .F. ) ;
#4845 = FACE_OUTER_BOUND ( 'NONE', #5956, .T. ) ;
#4846 = ORIENTED_EDGE ( 'NONE', *, *, #1938, .F. ) ;
#4847 = ORIENTED_EDGE ( 'NONE', *, *, #3459, .T. ) ;
#4848 = DIRECTION ( 'NONE',  ( 1.000000000000000000, -0.000000000000000000, -3.515706244646358664E-13 ) ) ;
#4849 = VECTOR ( 'NONE', #497, 1000.000000000000000 ) ;
#4850 = CARTESIAN_POINT ( 'NONE',  ( 86.70000000000000284, 4.000000000000023981, -5.750000000000018652 ) ) ;
#4851 = VERTEX_POINT ( 'NONE', #908 ) ;
#4852 = CARTESIAN_POINT ( 'NONE',  ( -14.92882764734117806, 9.999999999999998224, 2.749999999999727329 ) ) ;
#4853 = EDGE_CURVE ( 'NONE', #458, #2422, #5684, .T. ) ;
#4854 = EDGE_CURVE ( 'NONE', #5832, #397, #5025, .T. ) ;
#4855 = CARTESIAN_POINT ( 'NONE',  ( -42.08895278359671721, 149.9999999999999716, 54.24999999999594280 ) ) ;
#4856 = ORIENTED_EDGE ( 'NONE', *, *, #7623, .F. ) ;
#4857 = VECTOR ( 'NONE', #2996, 1000.000000000000000 ) ;
#4858 = CARTESIAN_POINT ( 'NONE',  ( -69.00000000000163425, -8.000000000000000000, -51.74999999999934630 ) ) ;
#4859 = DIRECTION ( 'NONE',  ( 0.000000000000000000, 1.000000000000000000, -0.000000000000000000 ) ) ;
#4860 = EDGE_LOOP ( 'NONE', ( #2985, #4979, #6516, #1510 ) ) ;
#4861 = CARTESIAN_POINT ( 'NONE',  ( -40.40656060800127136, -10.82690528383291095, 5.749999999999727329 ) ) ;
#4862 = ORIENTED_EDGE ( 'NONE', *, *, #4854, .F. ) ;
#4863 = VECTOR ( 'NONE', #5778, 1000.000000000000000 ) ;
#4864 = CARTESIAN_POINT ( 'NONE',  ( 30.38037984510902234, 150.0000000000000284, 105.7499999999998295 ) ) ;
#4865 = CARTESIAN_POINT ( 'NONE',  ( 0.000000000000000000, -3.200000000000000178, 2.749999999999981348 ) ) ;
#4866 = EDGE_CURVE ( 'NONE', #3696, #6802, #989, .T. ) ;
#4867 = CARTESIAN_POINT ( 'NONE',  ( 27.20824723223351782, 7.290427873343113596, 54.24999999999594280 ) ) ;
#4868 = VECTOR ( 'NONE', #3286, 1000.000000000000000 ) ;
#4869 = AXIS2_PLACEMENT_3D ( 'NONE', #2935, #4746, #1175 ) ;
#4870 = DIRECTION ( 'NONE',  ( 1.000000000000000000, -0.000000000000000000, -1.387778780781449225E-15 ) ) ;
#4871 = DIRECTION ( 'NONE',  ( 1.826024711554534406E-16, -1.000000000000000000, 0.000000000000000000 ) ) ;
#4872 = ORIENTED_EDGE ( 'NONE', *, *, #6, .F. ) ;
#4873 = ORIENTED_EDGE ( 'NONE', *, *, #4192, .T. ) ;
#4874 = DIRECTION ( 'NONE',  ( 0.9659258262890698665, 0.2588190451025147443, -0.000000000000000000 ) ) ;
#4875 = VECTOR ( 'NONE', #5877, 1000.000000000000000 ) ;
#4876 = AXIS2_PLACEMENT_3D ( 'NONE', #6499, #5834, #7023 ) ;
#4877 = ADVANCED_FACE ( 'NONE', ( #4431 ), #3376, .F. ) ;
#4878 = LINE ( 'NONE', #3026, #6501 ) ;
#4879 = AXIS2_PLACEMENT_3D ( 'NONE', #6023, #6685, #1937 ) ;
#4880 = DIRECTION ( 'NONE',  ( 1.000000000000000000, 1.662010515905918563E-16, 0.000000000000000000 ) ) ;
#4881 = ORIENTED_EDGE ( 'NONE', *, *, #3806, .T. ) ;
#4882 = AXIS2_PLACEMENT_3D ( 'NONE', #2175, #4654, #1125 ) ;
#4883 = ORIENTED_EDGE ( 'NONE', *, *, #1603, .F. ) ;
#4884 = CARTESIAN_POINT ( 'NONE',  ( 75.50453854668708686, 20.23138012846886369, 108.7499999999996874 ) ) ;
#4885 = CARTESIAN_POINT ( 'NONE',  ( -62.79447639179820584, 149.9999999999999716, 2.749999999999727329 ) ) ;
#4886 = ORIENTED_EDGE ( 'NONE', *, *, #3075, .T. ) ;
#4887 = DIRECTION ( 'NONE',  ( 1.000000000000000000, 0.000000000000000000, 0.000000000000000000 ) ) ;
#4888 = CARTESIAN_POINT ( 'NONE',  ( -52.44171458769752547, 149.9999999999999716, 54.24999999999594280 ) ) ;
#4889 = ORIENTED_EDGE ( 'NONE', *, *, #1829, .T. ) ;
#4890 = ORIENTED_EDGE ( 'NONE', *, *, #3137, .F. ) ;
#4891 = EDGE_CURVE ( 'NONE', #6495, #5929, #6745, .T. ) ;
#4892 = DIRECTION ( 'NONE',  ( 0.000000000000000000, 1.000000000000000000, -0.000000000000000000 ) ) ;
#4893 = PLANE ( 'NONE',  #4434 ) ;
#4894 = EDGE_LOOP ( 'NONE', ( #5582, #1301, #6411, #4459 ) ) ;
#4895 = PLANE ( 'NONE',  #2113 ) ;
#4896 = DIRECTION ( 'NONE',  ( -1.000000000000000000, 0.000000000000000000, -2.413528314402514287E-15 ) ) ;
#4897 = ORIENTED_EDGE ( 'NONE', *, *, #363, .T. ) ;
#4898 = CARTESIAN_POINT ( 'NONE',  ( -103.4999999999998721, 0.000000000000000000, 7.749999999999980460 ) ) ;
#4899 = EDGE_CURVE ( 'NONE', #6032, #163, #4398, .T. ) ;
#4900 = DIRECTION ( 'NONE',  ( 1.000000000000000000, -0.000000000000000000, 1.387778780781448831E-15 ) ) ;
#4901 = VERTEX_POINT ( 'NONE', #5652 ) ;
#4902 = EDGE_CURVE ( 'NONE', #6325, #380, #1416, .T. ) ;
#4903 = CARTESIAN_POINT ( 'NONE',  ( 46.52676375801497244, 12.46680877539342092, 108.7499999999996874 ) ) ;
#4904 = VERTEX_POINT ( 'NONE', #3921 ) ;
#4905 = CARTESIAN_POINT ( 'NONE',  ( 1.377241172440915905E-13, 9.999999999999998224, 5.749999999999727329 ) ) ;
#4906 = DIRECTION ( 'NONE',  ( -0.9659258262890698665, -0.2588190451025147998, 0.000000000000000000 ) ) ;
#4907 = DIRECTION ( 'NONE',  ( 0.000000000000000000, 1.000000000000000000, -0.000000000000000000 ) ) ;
#4908 = LINE ( 'NONE', #4310, #5691 ) ;
#4909 = DIRECTION ( 'NONE',  ( 1.662010515905918563E-16, -1.000000000000000000, 0.000000000000000000 ) ) ;
#4910 = ORIENTED_EDGE ( 'NONE', *, *, #2452, .F. ) ;
#4911 = ADVANCED_FACE ( 'NONE', ( #7452 ), #3808, .F. ) ;
#4912 = ORIENTED_EDGE ( 'NONE', *, *, #5523, .F. ) ;
#4913 = DIRECTION ( 'NONE',  ( -0.000000000000000000, -0.000000000000000000, 1.000000000000000000 ) ) ;
#4914 = DIRECTION ( 'NONE',  ( 1.000000000000000000, 0.000000000000000000, 0.000000000000000000 ) ) ;
#4915 = CARTESIAN_POINT ( 'NONE',  ( -54.52000000000156632, -8.000000000000000000, 40.88999999999969504 ) ) ;
#4916 = EDGE_LOOP ( 'NONE', ( #1955, #7050, #3064, #2989 ) ) ;
#4917 = ADVANCED_FACE ( 'NONE', ( #2637 ), #6239, .T. ) ;
#4918 = VERTEX_POINT ( 'NONE', #6203 ) ;
#4919 = DIRECTION ( 'NONE',  ( 1.000000000000000000, 1.662010515905923740E-16, 0.000000000000000000 ) ) ;
#4920 = DIRECTION ( 'NONE',  ( 0.000000000000000000, 0.000000000000000000, 1.000000000000000000 ) ) ;
#4921 = ORIENTED_EDGE ( 'NONE', *, *, #5248, .F. ) ;
#4922 = LINE ( 'NONE', #3378, #7264 ) ;
#4923 = DIRECTION ( 'NONE',  ( 0.000000000000000000, 0.000000000000000000, -1.000000000000000000 ) ) ;
#4924 = VERTEX_POINT ( 'NONE', #6313 ) ;
#4925 = VERTEX_POINT ( 'NONE', #5725 ) ;
#4926 = EDGE_CURVE ( 'NONE', #3984, #4666, #833, .T. ) ;
#4927 = PLANE ( 'NONE',  #4602 ) ;
#4928 = CARTESIAN_POINT ( 'NONE',  ( -95.49999999999995737, -3.000000000000000000, 2.749999999999981348 ) ) ;
#4929 = ORIENTED_EDGE ( 'NONE', *, *, #3424, .T. ) ;
#4930 = FACE_OUTER_BOUND ( 'NONE', #3644, .T. ) ;
#4931 = LINE ( 'NONE', #852, #1488 ) ;
#4932 = EDGE_CURVE ( 'NONE', #1753, #5775, #2669, .T. ) ;
#4933 = ORIENTED_EDGE ( 'NONE', *, *, #2025, .T. ) ;
#4934 = DIRECTION ( 'NONE',  ( 1.662010515905918563E-16, -1.000000000000000000, 0.000000000000000000 ) ) ;
#4935 = DIRECTION ( 'NONE',  ( 0.5999999999999862110, 0.000000000000000000, 0.8000000000000103695 ) ) ;
#4936 = VERTEX_POINT ( 'NONE', #2752 ) ;
#4937 = CARTESIAN_POINT ( 'NONE',  ( 86.70000000000000284, 1.583163424917781255E-14, -5.750000000000018652 ) ) ;
#4938 = EDGE_LOOP ( 'NONE', ( #7054, #4023, #7156 ) ) ;
#4939 = LINE ( 'NONE', #6703, #1942 ) ;
#4940 = DIRECTION ( 'NONE',  ( 0.000000000000000000, 1.000000000000000000, 0.000000000000000000 ) ) ;
#4941 = LINE ( 'NONE', #6632, #1723 ) ;
#4942 = AXIS2_PLACEMENT_3D ( 'NONE', #7441, #6783, #3207 ) ;
#4943 = EDGE_CURVE ( 'NONE', #7223, #3099, #1237, .T. ) ;
#4944 = DIRECTION ( 'NONE',  ( 1.000000000000000000, 1.246507886929443483E-16, 0.000000000000000000 ) ) ;
#4945 = ADVANCED_FACE ( 'NONE', ( #6353 ), #7680, .F. ) ;
#4946 = FACE_BOUND ( 'NONE', #5772, .T. ) ;
#4947 = ORIENTED_EDGE ( 'NONE', *, *, #6251, .F. ) ;
#4948 = AXIS2_PLACEMENT_3D ( 'NONE', #5784, #410, #2800 ) ;
#4949 = ORIENTED_EDGE ( 'NONE', *, *, #6477, .T. ) ;
#4950 = CARTESIAN_POINT ( 'NONE',  ( -90.29999999999999716, 156.0000000000000000, -5.750000000000018652 ) ) ;
#4952 = EDGE_CURVE ( 'NONE', #4925, #5688, #6429, .T. ) ;
#4951 = DIRECTION ( 'NONE',  ( 0.000000000000000000, 0.000000000000000000, 1.000000000000000000 ) ) ;
#4953 = VECTOR ( 'NONE', #5574, 1000.000000000000000 ) ;
#4954 = AXIS2_PLACEMENT_3D ( 'NONE', #6002, #349, #4039 ) ;
#4955 = CARTESIAN_POINT ( 'NONE',  ( 47.18774317726370526, 10.00000000000000533, 2.749999999999727329 ) ) ;
#4956 = ORIENTED_EDGE ( 'NONE', *, *, #5436, .T. ) ;
#4957 = ORIENTED_EDGE ( 'NONE', *, *, #251, .F. ) ;
#4958 = DIRECTION ( 'NONE',  ( 0.000000000000000000, 0.000000000000000000, 1.000000000000000000 ) ) ;
#4959 = FACE_OUTER_BOUND ( 'NONE', #6319, .T. ) ;
#4960 = DIRECTION ( 'NONE',  ( -0.000000000000000000, -1.000000000000000000, -0.000000000000000000 ) ) ;
#4962 = EDGE_CURVE ( 'NONE', #2419, #397, #5296, .T. ) ;
#4961 = CARTESIAN_POINT ( 'NONE',  ( 97.69999999999994600, 166.2000000000000171, 0.000000000000000000 ) ) ;
#4963 = ORIENTED_EDGE ( 'NONE', *, *, #2112, .T. ) ;
#4964 = VECTOR ( 'NONE', #6875, 1000.000000000000000 ) ;
#4965 = VERTEX_POINT ( 'NONE', #3489 ) ;
#4966 = LINE ( 'NONE', #691, #5970 ) ;
#4967 = CARTESIAN_POINT ( 'NONE',  ( -1.246507886929442940E-15, 9.999999999999998224, 105.7499999999998295 ) ) ;
#4968 = EDGE_LOOP ( 'NONE', ( #1727, #3538, #90, #1070 ) ) ;
#4969 = LINE ( 'NONE', #6181, #493 ) ;
#4971 = EDGE_CURVE ( 'NONE', #255, #1383, #7145, .T. ) ;
#4970 = CARTESIAN_POINT ( 'NONE',  ( 0.000000000000000000, 166.2000000000000171, 45.94999999999987494 ) ) ;
#4972 = EDGE_LOOP ( 'NONE', ( #652, #2460, #476, #1587 ) ) ;
#4973 = VECTOR ( 'NONE', #2961, 999.9999999999998863 ) ;
#4974 = CARTESIAN_POINT ( 'NONE',  ( -103.5000000000000142, 160.0000000000000000, 0.000000000000000000 ) ) ;
#4975 = DIRECTION ( 'NONE',  ( 1.662010515905923986E-16, -1.000000000000000000, 0.000000000000000000 ) ) ;
#4976 = ORIENTED_EDGE ( 'NONE', *, *, #1888, .F. ) ;
#4977 = DIRECTION ( 'NONE',  ( 0.000000000000000000, 0.000000000000000000, 1.000000000000000000 ) ) ;
#4978 = VERTEX_POINT ( 'NONE', #5183 ) ;
#4979 = ORIENTED_EDGE ( 'NONE', *, *, #1122, .F. ) ;
#4980 = CARTESIAN_POINT ( 'NONE',  ( -92.50000000000000000, -24.12451549659737893, -9.750000000000023093 ) ) ;
#4981 = VECTOR ( 'NONE', #7694, 1000.000000000000000 ) ;
#4982 = DIRECTION ( 'NONE',  ( 0.2588190451025145222, -0.9659258262890699775, 0.000000000000000000 ) ) ;
#4983 = CARTESIAN_POINT ( 'NONE',  ( 88.50000000000000000, 4.000000000000024869, 2.749999999999981792 ) ) ;
#4984 = FACE_OUTER_BOUND ( 'NONE', #2434, .T. ) ;
#4985 = ORIENTED_EDGE ( 'NONE', *, *, #7716, .T. ) ;
#4986 = VECTOR ( 'NONE', #2998, 999.9999999999998863 ) ;
#4987 = VERTEX_POINT ( 'NONE', #1063 ) ;
#4988 = EDGE_CURVE ( 'NONE', #7728, #6073, #2981, .T. ) ;
#4989 = VECTOR ( 'NONE', #4907, 1000.000000000000000 ) ;
#4990 = LINE ( 'NONE', #5618, #3879 ) ;
#4991 = VECTOR ( 'NONE', #6595, 1000.000000000000000 ) ;
#4992 = DIRECTION ( 'NONE',  ( -0.9659258262890700886, -0.2588190451025144667, 0.000000000000000000 ) ) ;
#4993 = VERTEX_POINT ( 'NONE', #5886 ) ;
#4994 = VERTEX_POINT ( 'NONE', #7033 ) ;
#4995 = EDGE_CURVE ( 'NONE', #3484, #7728, #509, .T. ) ;
#4996 = CIRCLE ( 'NONE', #5117, 1.799999999999996048 ) ;
#4997 = EDGE_CURVE ( 'NONE', #644, #6265, #7571, .T. ) ;
#4998 = VECTOR ( 'NONE', #6656, 1000.000000000000000 ) ;
#4999 = CARTESIAN_POINT ( 'NONE',  ( 7.889730706452248832, 2.114046971292819599, 2.749999999999727329 ) ) ;
#5000 = DIRECTION ( 'NONE',  ( 1.000000000000000000, -0.000000000000000000, 0.000000000000000000 ) ) ;
#5001 = VECTOR ( 'NONE', #6174, 1000.000000000000000 ) ;
#5002 = ORIENTED_EDGE ( 'NONE', *, *, #3981, .F. ) ;
#5003 = AXIS2_PLACEMENT_3D ( 'NONE', #3903, #260, #7366 ) ;
#5004 = EDGE_LOOP ( 'NONE', ( #6905, #945, #643, #4436 ) ) ;
#5005 = CARTESIAN_POINT ( 'NONE',  ( 0.000000000000000000, 0.000000000000000000, 0.000000000000000000 ) ) ;
#5006 = FACE_OUTER_BOUND ( 'NONE', #1240, .T. ) ;
#5007 = ORIENTED_EDGE ( 'NONE', *, *, #2925, .T. ) ;
#5008 = VECTOR ( 'NONE', #5461, 1000.000000000000000 ) ;
#5009 = DIRECTION ( 'NONE',  ( 0.000000000000000000, 0.000000000000000000, 1.000000000000000000 ) ) ;
#5010 = DIRECTION ( 'NONE',  ( -1.000000000000000000, 0.000000000000000000, 0.000000000000000000 ) ) ;
#5011 = VERTEX_POINT ( 'NONE', #7720 ) ;
#5012 = DIRECTION ( 'NONE',  ( 1.000000000000000000, 0.000000000000000000, 0.000000000000000000 ) ) ;
#5013 = CARTESIAN_POINT ( 'NONE',  ( 47.18774317726361289, 10.00000000000000533, 108.7499999999996874 ) ) ;
#5014 = ORIENTED_EDGE ( 'NONE', *, *, #7041, .T. ) ;
#5015 = EDGE_CURVE ( 'NONE', #6602, #1717, #1648, .T. ) ;
#5016 = CYLINDRICAL_SURFACE ( 'NONE', #4942, 1.799999999999996048 ) ;
#5017 = ORIENTED_EDGE ( 'NONE', *, *, #2401, .F. ) ;
#5018 = ORIENTED_EDGE ( 'NONE', *, *, #6626, .T. ) ;
#5019 = DIRECTION ( 'NONE',  ( -1.000000000000000000, 0.000000000000000000, -2.413528314402514287E-15 ) ) ;
#5020 = LINE ( 'NONE', #3366, #1358 ) ;
#5021 = CARTESIAN_POINT ( 'NONE',  ( 27.20824723223351782, 7.290427873343113596, 57.24999999999594280 ) ) ;
#5022 = CARTESIAN_POINT ( 'NONE',  ( -90.29999999999999716, 156.0000000000000000, 5.749999999999976907 ) ) ;
#5023 = ORIENTED_EDGE ( 'NONE', *, *, #692, .F. ) ;
#5024 = ORIENTED_EDGE ( 'NONE', *, *, #1840, .T. ) ;
#5025 = LINE ( 'NONE', #2007, #6123 ) ;
#5026 = DIRECTION ( 'NONE',  ( 1.000000000000000000, 1.662010515905918563E-16, 0.000000000000000000 ) ) ;
#5027 = ORIENTED_EDGE ( 'NONE', *, *, #2891, .F. ) ;
#5028 = EDGE_CURVE ( 'NONE', #2518, #2539, #7739, .T. ) ;
#5029 = DIRECTION ( 'NONE',  ( 0.000000000000000000, 1.000000000000000000, 0.000000000000000000 ) ) ;
#5030 = ORIENTED_EDGE ( 'NONE', *, *, #728, .F. ) ;
#5031 = ORIENTED_EDGE ( 'NONE', *, *, #6622, .F. ) ;
#5032 = CARTESIAN_POINT ( 'NONE',  ( -40.40656060800135663, -10.82690528383290030, 105.7499999999998295 ) ) ;
#5033 = CARTESIAN_POINT ( 'NONE',  ( -86.70000000000000284, 4.000000000000003553, 54.24999999999533884 ) ) ;
#5034 = ADVANCED_FACE ( 'NONE', ( #2276 ), #1681, .F. ) ;
#5035 = ORIENTED_EDGE ( 'NONE', *, *, #6918, .F. ) ;
#5036 = EDGE_CURVE ( 'NONE', #2714, #1790, #431, .T. ) ;
#5037 = EDGE_LOOP ( 'NONE', ( #5078, #1901, #5350 ) ) ;
#5038 = EDGE_CURVE ( 'NONE', #7123, #4680, #470, .T. ) ;
#5039 = CARTESIAN_POINT ( 'NONE',  ( -96.50000000000000000, -8.000000000000000000, -9.750000000000019540 ) ) ;
#5040 = PLANE ( 'NONE',  #6068 ) ;
#5041 = ORIENTED_EDGE ( 'NONE', *, *, #5400, .F. ) ;
#5042 = CARTESIAN_POINT ( 'NONE',  ( -90.30000000000001137, 160.0000000000000000, 5.749999999999980460 ) ) ;
#5043 = CARTESIAN_POINT ( 'NONE',  ( -90.29999999999999716, 156.0000000000000000, 54.24999999999532463 ) ) ;
#5044 = EDGE_CURVE ( 'NONE', #2974, #1194, #3412, .T. ) ;
#5045 = VERTEX_POINT ( 'NONE', #1760 ) ;
#5046 = EDGE_CURVE ( 'NONE', #7318, #5801, #4116, .T. ) ;
#5047 = DIRECTION ( 'NONE',  ( -0.000000000000000000, -1.000000000000000000, -0.000000000000000000 ) ) ;
#5048 = LINE ( 'NONE', #7439, #462 ) ;
#5049 = EDGE_LOOP ( 'NONE', ( #4621, #930, #2293, #5311 ) ) ;
#5050 = CARTESIAN_POINT ( 'NONE',  ( -35.63435125554287453, 9.999999999999994671, 105.7499999999998295 ) ) ;
#5051 = VERTEX_POINT ( 'NONE', #3527 ) ;
#5052 = EDGE_LOOP ( 'NONE', ( #4205, #6883, #3257, #4342 ) ) ;
#5053 = DIRECTION ( 'NONE',  ( 0.000000000000000000, 0.000000000000000000, 1.000000000000000000 ) ) ;
#5054 = LINE ( 'NONE', #980, #2609 ) ;
#5055 = UNCERTAINTY_MEASURE_WITH_UNIT (LENGTH_MEASURE( 1.000000000000000082E-05 ), #5730, 'distance_accuracy_value', 'NONE');
#5056 = EDGE_CURVE ( 'NONE', #6944, #5922, #6989, .T. ) ;
#5057 = FACE_OUTER_BOUND ( 'NONE', #4479, .T. ) ;
#5058 = FACE_BOUND ( 'NONE', #226, .T. ) ;
#5059 = ORIENTED_EDGE ( 'NONE', *, *, #377, .F. ) ;
#5060 = FACE_OUTER_BOUND ( 'NONE', #6155, .T. ) ;
#5061 = ORIENTED_EDGE ( 'NONE', *, *, #875, .F. ) ;
#5062 = AXIS2_PLACEMENT_3D ( 'NONE', #626, #4270, #7676 ) ;
#5063 = CARTESIAN_POINT ( 'NONE',  ( 95.50000000000054001, -3.200000000000000178, 54.24999999999976552 ) ) ;
#5064 = CARTESIAN_POINT ( 'NONE',  ( -2.493015773858885802E-14, 150.0000000000000284, 108.7499999999996874 ) ) ;
#5065 = ADVANCED_FACE ( 'NONE', ( #6394 ), #4153, .T. ) ;
#5066 = VECTOR ( 'NONE', #3822, 1000.000000000000000 ) ;
#5067 = LINE ( 'NONE', #837, #4964 ) ;
#5068 = ORIENTED_EDGE ( 'NONE', *, *, #5983, .T. ) ;
#5069 = ORIENTED_EDGE ( 'NONE', *, *, #1400, .T. ) ;
#5070 = DIRECTION ( 'NONE',  ( -0.9659258262890699775, -0.2588190451025145222, 0.000000000000000000 ) ) ;
#5071 = VECTOR ( 'NONE', #3287, 1000.000000000000000 ) ;
#5072 = CARTESIAN_POINT ( 'NONE',  ( -25.28158945144200942, 9.999999999999994671, 2.749999999999727329 ) ) ;
#5073 = VERTEX_POINT ( 'NONE', #5222 ) ;
#5074 = VERTEX_POINT ( 'NONE', #7613 ) ;
#5075 = VECTOR ( 'NONE', #1754, 1000.000000000000000 ) ;
#5076 = CARTESIAN_POINT ( 'NONE',  ( 1.377241172440915905E-13, 9.999999999999998224, 5.749999999999727329 ) ) ;
#5077 = DIRECTION ( 'NONE',  ( 0.2588190451025145777, -0.9659258262890699775, 0.000000000000000000 ) ) ;
#5078 = ORIENTED_EDGE ( 'NONE', *, *, #756, .T. ) ;
#5079 = ADVANCED_FACE ( 'NONE', ( #4638 ), #3606, .T. ) ;
#5080 = DIRECTION ( 'NONE',  ( 1.000000000000000000, -0.000000000000000000, -4.024558464266189304E-14 ) ) ;
#5081 = LINE ( 'NONE', #4533, #5995 ) ;
#5082 = VECTOR ( 'NONE', #2405, 1000.000000000000000 ) ;
#5083 = ORIENTED_EDGE ( 'NONE', *, *, #3649, .F. ) ;
#5084 = LINE ( 'NONE', #1477, #6452 ) ;
#5085 = CARTESIAN_POINT ( 'NONE',  ( -88.50000000000000000, 156.0000000000000000, 105.7499999999998295 ) ) ;
#5086 = ORIENTED_EDGE ( 'NONE', *, *, #4995, .T. ) ;
#5087 = AXIS2_PLACEMENT_3D ( 'NONE', #3770, #3803, #4467 ) ;
#5088 = LINE ( 'NONE', #7477, #2300 ) ;
#5089 = EDGE_LOOP ( 'NONE', ( #1658, #3558, #1887, #6245 ) ) ;
#5090 = EDGE_CURVE ( 'NONE', #637, #1071, #6666, .T. ) ;
#5091 = EDGE_CURVE ( 'NONE', #33, #4337, #6705, .T. ) ;
#5092 = VERTEX_POINT ( 'NONE', #6003 ) ;
#5093 = LINE ( 'NONE', #3170, #3865 ) ;
#5094 = DIRECTION ( 'NONE',  ( 1.000000000000000000, 1.662010515905918563E-16, 0.000000000000000000 ) ) ;
#5095 = CIRCLE ( 'NONE', #1092, 1.799999999999996048 ) ;
#5096 = CARTESIAN_POINT ( 'NONE',  ( 85.16379680957786036, 22.81957057949398759, 2.749999999999727329 ) ) ;
#5097 = CARTESIAN_POINT ( 'NONE',  ( 95.50000000000054001, 160.0000000000000000, 0.000000000000000000 ) ) ;
#5098 = ORIENTED_EDGE ( 'NONE', *, *, #7259, .T. ) ;
#5099 = CARTESIAN_POINT ( 'NONE',  ( -96.50000000000000000, -24.12451549659737893, -9.750000000000019540 ) ) ;
#5100 = ORIENTED_EDGE ( 'NONE', *, *, #4902, .T. ) ;
#5101 = EDGE_CURVE ( 'NONE', #3788, #6134, #707, .T. ) ;
#5102 = CIRCLE ( 'NONE', #3469, 2.000000000000001776 ) ;
#5103 = DIRECTION ( 'NONE',  ( 1.000000000000000000, 1.246507886929438799E-16, 0.000000000000000000 ) ) ;
#5104 = DIRECTION ( 'NONE',  ( -1.000000000000000000, 0.000000000000000000, -0.000000000000000000 ) ) ;
#5105 = APPLICATION_PROTOCOL_DEFINITION ( 'draft international standard', 'automotive_design', 1998, #365 ) ;
#5106 = VECTOR ( 'NONE', #722, 999.9999999999998863 ) ;
#5107 = PLANE ( 'NONE',  #1185 ) ;
#5108 = CARTESIAN_POINT ( 'NONE',  ( 83.49999999999995737, 144.9400439610005265, 108.7499999999996874 ) ) ;
#5109 = ORIENTED_EDGE ( 'NONE', *, *, #6817, .F. ) ;
#5110 = ORIENTED_EDGE ( 'NONE', *, *, #391, .T. ) ;
#5111 = EDGE_CURVE ( 'NONE', #6389, #5425, #7179, .T. ) ;
#5112 = DIRECTION ( 'NONE',  ( 0.000000000000000000, 0.000000000000000000, 1.000000000000000000 ) ) ;
#5113 = VECTOR ( 'NONE', #574, 1000.000000000000000 ) ;
#5114 = VECTOR ( 'NONE', #7311, 1000.000000000000000 ) ;
#5115 = CARTESIAN_POINT ( 'NONE',  ( -1.246507886929438602E-15, 9.999999999999998224, 54.24999999999594280 ) ) ;
#5116 = ORIENTED_EDGE ( 'NONE', *, *, #168, .T. ) ;
#5117 = AXIS2_PLACEMENT_3D ( 'NONE', #4495, #893, #3825 ) ;
#5118 = ORIENTED_EDGE ( 'NONE', *, *, #3735, .F. ) ;
#5119 = AXIS2_PLACEMENT_3D ( 'NONE', #3292, #7495, #395 ) ;
#5120 = CARTESIAN_POINT ( 'NONE',  ( -103.5000000000000142, 160.0000000000000000, 45.74999999999990052 ) ) ;
#5121 = LINE ( 'NONE', #1157, #1061 ) ;
#5122 = EDGE_LOOP ( 'NONE', ( #4957, #3532, #3151, #3168 ) ) ;
#5123 = CARTESIAN_POINT ( 'NONE',  ( 71.79142706151229447, 150.0000000000000284, 105.7499999999998295 ) ) ;
#5124 = VECTOR ( 'NONE', #5399, 1000.000000000000000 ) ;
#5125 = VECTOR ( 'NONE', #6269, 1000.000000000000000 ) ;
#5126 = LINE ( 'NONE', #7403, #1365 ) ;
#5127 = EDGE_LOOP ( 'NONE', ( #4142, #7239, #3091 ) ) ;
#5128 = EDGE_CURVE ( 'NONE', #6692, #2725, #7261, .T. ) ;
#5129 = CARTESIAN_POINT ( 'NONE',  ( 93.50000000000000000, 160.0000000000000000, 45.74999999999987210 ) ) ;
#5130 = CARTESIAN_POINT ( 'NONE',  ( -90.30000000000001137, 156.0000000000000000, 108.7499999999996874 ) ) ;
#5131 = ORIENTED_EDGE ( 'NONE', *, *, #2365, .F. ) ;
#5132 = VECTOR ( 'NONE', #2616, 1000.000000000000000 ) ;
#5133 = CARTESIAN_POINT ( 'NONE',  ( 103.4999999999996447, 0.000000000000000000, 95.24999999999977263 ) ) ;
#5134 = ORIENTED_EDGE ( 'NONE', *, *, #4866, .F. ) ;
#5135 = DIRECTION ( 'NONE',  ( 0.000000000000000000, 1.000000000000000000, 0.000000000000000000 ) ) ;
#5136 = DIRECTION ( 'NONE',  ( 0.000000000000000000, 1.000000000000000000, -0.000000000000000000 ) ) ;
#5137 = DIRECTION ( 'NONE',  ( 0.000000000000000000, 1.000000000000000000, -0.000000000000000000 ) ) ;
#5138 = EDGE_CURVE ( 'NONE', #5929, #6495, #6872, .T. ) ;
#5139 = EDGE_CURVE ( 'NONE', #6187, #3120, #3724, .T. ) ;
#5140 = PLANE ( 'NONE',  #66 ) ;
#5141 = CARTESIAN_POINT ( 'NONE',  ( -92.50000000000000000, -8.000000000000000000, -9.750000000000023093 ) ) ;
#5142 = ORIENTED_EDGE ( 'NONE', *, *, #5381, .F. ) ;
#5143 = ADVANCED_FACE ( 'NONE', ( #76 ), #6631, .T. ) ;
#5144 = LINE ( 'NONE', #2154, #4182 ) ;
#5145 = ORIENTED_EDGE ( 'NONE', *, *, #3895, .F. ) ;
#5146 = CARTESIAN_POINT ( 'NONE',  ( 83.50000000000063949, 106.3030109094346329, 5.749999999999727329 ) ) ;
#5147 = CARTESIAN_POINT ( 'NONE',  ( -88.50000000000000000, 4.000000000000003553, 54.24999999999529621 ) ) ;
#5148 = FACE_OUTER_BOUND ( 'NONE', #530, .T. ) ;
#5149 =( NAMED_UNIT ( * ) PLANE_ANGLE_UNIT ( ) SI_UNIT ( $, .RADIAN. ) );
#5150 = ORIENTED_EDGE ( 'NONE', *, *, #432, .F. ) ;
#5151 = ADVANCED_FACE ( 'NONE', ( #4350, #3682, #6747, #1839, #2977, #3136, #5535, #5375, #3093, #5415, #5452, #35, #3050 ), #2430, .F. ) ;
#5152 = CARTESIAN_POINT ( 'NONE',  ( -42.08895278359671721, 149.9999999999999716, 54.24999999999594280 ) ) ;
#5153 =( NAMED_UNIT ( * ) PLANE_ANGLE_UNIT ( ) SI_UNIT ( $, .RADIAN. ) );
#5154 = ORIENTED_EDGE ( 'NONE', *, *, #743, .T. ) ;
#5155 = ORIENTED_EDGE ( 'NONE', *, *, #5271, .T. ) ;
#5156 = LINE ( 'NONE', #2085, #979 ) ;
#5157 = CARTESIAN_POINT ( 'NONE',  ( -1.246507886929438602E-15, 9.999999999999998224, 57.24999999999594280 ) ) ;
#5158 = ORIENTED_EDGE ( 'NONE', *, *, #3068, .F. ) ;
#5159 = EDGE_CURVE ( 'NONE', #3318, #2552, #4825, .T. ) ;
#5160 = ORIENTED_EDGE ( 'NONE', *, *, #2267, .T. ) ;
#5161 = FACE_OUTER_BOUND ( 'NONE', #2916, .T. ) ;
#5162 = DIRECTION ( 'NONE',  ( -4.024558464266189304E-14, 0.000000000000000000, -1.000000000000000000 ) ) ;
#5163 = ORIENTED_EDGE ( 'NONE', *, *, #5561, .T. ) ;
#5164 = CARTESIAN_POINT ( 'NONE',  ( -93.50000000000002842, 0.000000000000000000, 97.24999999999978684 ) ) ;
#5165 = PLANE ( 'NONE',  #7625 ) ;
#5166 = EDGE_LOOP ( 'NONE', ( #2789, #1479, #382, #5738 ) ) ;
#5167 = EDGE_CURVE ( 'NONE', #6652, #4010, #6131, .T. ) ;
#5168 = CARTESIAN_POINT ( 'NONE',  ( -99.49999999999990052, 155.0000000000000000, -2.000000000000014655 ) ) ;
#5169 = DIRECTION ( 'NONE',  ( 0.000000000000000000, 0.000000000000000000, 1.000000000000000000 ) ) ;
#5170 = ORIENTED_EDGE ( 'NONE', *, *, #5898, .F. ) ;
#5171 = PLANE ( 'NONE',  #4309 ) ;
#5172 = ORIENTED_EDGE ( 'NONE', *, *, #911, .T. ) ;
#5173 = DIRECTION ( 'NONE',  ( 1.000000000000000000, -0.000000000000000000, 0.000000000000000000 ) ) ;
#5174 = CARTESIAN_POINT ( 'NONE',  ( -86.70000000000000284, 156.0000000000000000, 105.7499999999998295 ) ) ;
#5175 = EDGE_CURVE ( 'NONE', #6258, #5818, #4234, .T. ) ;
#5176 = CYLINDRICAL_SURFACE ( 'NONE', #3233, 1.999999999999996225 ) ;
#5177 = DIRECTION ( 'NONE',  ( 0.2588190451025145777, -0.9659258262890699775, 0.000000000000000000 ) ) ;
#5178 = LINE ( 'NONE', #4665, #6845 ) ;
#5179 = EDGE_LOOP ( 'NONE', ( #2493, #6180, #3799, #1259 ) ) ;
#5180 = CARTESIAN_POINT ( 'NONE',  ( 0.000000000000000000, 2.000000000000001776, 7.749999999999980460 ) ) ;
#5181 = VERTEX_POINT ( 'NONE', #1376 ) ;
#5182 = PLANE ( 'NONE',  #6322 ) ;
#5183 = CARTESIAN_POINT ( 'NONE',  ( -99.49999999999884892, 155.0000000000000000, 105.0000000000000426 ) ) ;
#5184 = EDGE_CURVE ( 'NONE', #7223, #3505, #156, .T. ) ;
#5185 = FACE_BOUND ( 'NONE', #5210, .T. ) ;
#5186 = ORIENTED_EDGE ( 'NONE', *, *, #4087, .F. ) ;
#5187 = FACE_BOUND ( 'NONE', #3979, .T. ) ;
#5188 = DIRECTION ( 'NONE',  ( 0.2588190451025145222, -0.9659258262890699775, 0.000000000000000000 ) ) ;
#5189 = ORIENTED_EDGE ( 'NONE', *, *, #4789, .F. ) ;
#5190 = VECTOR ( 'NONE', #3645, 1000.000000000000000 ) ;
#5191 = ORIENTED_EDGE ( 'NONE', *, *, #2284, .F. ) ;
#5192 = LINE ( 'NONE', #882, #7369 ) ;
#5193 = EDGE_CURVE ( 'NONE', #5464, #6052, #4786, .T. ) ;
#5194 = DIRECTION ( 'NONE',  ( 0.000000000000000000, 0.000000000000000000, 1.000000000000000000 ) ) ;
#5195 = VECTOR ( 'NONE', #5644, 1000.000000000000000 ) ;
#5196 = ORIENTED_EDGE ( 'NONE', *, *, #4424, .F. ) ;
#5197 = EDGE_LOOP ( 'NONE', ( #556, #3912, #1439, #2205, #6443, #5158, #5446, #52, #679, #5007, #880, #7211 ) ) ;
#5198 = CARTESIAN_POINT ( 'NONE',  ( -93.49999999999990052, 160.0000000000000000, -2.750000000000018652 ) ) ;
#5199 = CARTESIAN_POINT ( 'NONE',  ( 7.889730706452168896, 2.114046971292835586, 108.7499999999996874 ) ) ;
#5200 = ORIENTED_EDGE ( 'NONE', *, *, #2512, .F. ) ;
#5201 = EDGE_CURVE ( 'NONE', #7591, #333, #5093, .T. ) ;
#5202 = CARTESIAN_POINT ( 'NONE',  ( 93.49999999999990052, 0.000000000000000000, -2.750000000000018652 ) ) ;
#5203 = DIRECTION ( 'NONE',  ( -0.9659258262890699775, -0.2588190451025145222, 0.000000000000000000 ) ) ;
#5204 = EDGE_LOOP ( 'NONE', ( #6629, #6798, #1546, #759 ) ) ;
#5205 = VECTOR ( 'NONE', #7147, 1000.000000000000000 ) ;
#5206 = VECTOR ( 'NONE', #5103, 1000.000000000000000 ) ;
#5207 = CARTESIAN_POINT ( 'NONE',  ( 93.49999999999998579, -3.000000000000000000, 41.16742430504402961 ) ) ;
#5208 = ORIENTED_EDGE ( 'NONE', *, *, #3666, .T. ) ;
#5209 = DIRECTION ( 'NONE',  ( -0.000000000000000000, 1.000000000000000000, -0.000000000000000000 ) ) ;
#5210 = EDGE_LOOP ( 'NONE', ( #4862, #6127, #3708, #5722 ) ) ;
#5211 = CARTESIAN_POINT ( 'NONE',  ( -86.70000000000000284, 0.000000000000000000, 105.7499999999998295 ) ) ;
#5212 = EDGE_CURVE ( 'NONE', #6740, #2220, #7412, .T. ) ;
#5213 = AXIS2_PLACEMENT_3D ( 'NONE', #2343, #1257, #6460 ) ;
#5214 = DIRECTION ( 'NONE',  ( -0.2588190451025145777, 0.9659258262890699775, 0.000000000000000000 ) ) ;
#5215 = CARTESIAN_POINT ( 'NONE',  ( 40.73314164920983416, 150.0000000000000284, 105.7499999999998295 ) ) ;
#5216 = DIRECTION ( 'NONE',  ( 0.000000000000000000, 0.000000000000000000, -1.000000000000000000 ) ) ;
#5217 = FACE_OUTER_BOUND ( 'NONE', #6537, .T. ) ;
#5218 = EDGE_LOOP ( 'NONE', ( #1553, #5017, #1950, #6055, #5662, #6896, #3129, #7675, #4271, #6143, #4213, #7418 ) ) ;
#5219 = DIRECTION ( 'NONE',  ( 1.246507886929438799E-16, -1.000000000000000000, 0.000000000000000000 ) ) ;
#5220 = ORIENTED_EDGE ( 'NONE', *, *, #252, .F. ) ;
#5221 = LINE ( 'NONE', #5958, #6939 ) ;
#5222 = CARTESIAN_POINT ( 'NONE',  ( -95.49999999999945999, 160.0000000000000000, 48.74999999999999289 ) ) ;
#5223 = VECTOR ( 'NONE', #904, 1000.000000000000000 ) ;
#5224 = CARTESIAN_POINT ( 'NONE',  ( 61.43866525741156437, 149.9999999999999716, 2.749999999999727329 ) ) ;
#5225 = ORIENTED_EDGE ( 'NONE', *, *, #3017, .F. ) ;
#5226 = DIRECTION ( 'NONE',  ( 2.428612866367527723E-14, -0.000000000000000000, -1.000000000000000000 ) ) ;
#5227 = ADVANCED_FACE ( 'NONE', ( #3913 ), #4461, .F. ) ;
#5228 = DIRECTION ( 'NONE',  ( 0.000000000000000000, 0.000000000000000000, 1.000000000000000000 ) ) ;
#5229 = ORIENTED_EDGE ( 'NONE', *, *, #1140, .T. ) ;
#5230 = AXIS2_PLACEMENT_3D ( 'NONE', #3356, #2143, #4537 ) ;
#5231 = VERTEX_POINT ( 'NONE', #1558 ) ;
#5232 = CARTESIAN_POINT ( 'NONE',  ( -93.50000000000825651, 0.000000000000000000, 1.686845108040029457E-11 ) ) ;
#5233 = DIRECTION ( 'NONE',  ( -1.982541115402065110E-16, 1.000000000000000000, 0.000000000000000000 ) ) ;
#5234 = VECTOR ( 'NONE', #4168, 999.9999999999998863 ) ;
#5235 = EDGE_LOOP ( 'NONE', ( #6026, #6958, #3048, #4652 ) ) ;
#5236 = ADVANCED_FACE ( 'NONE', ( #6303 ), #5646, .T. ) ;
#5237 = EDGE_LOOP ( 'NONE', ( #7489, #1881, #6797, #285 ) ) ;
#5238 = EDGE_CURVE ( 'NONE', #1394, #4681, #5605, .T. ) ;
#5239 = CARTESIAN_POINT ( 'NONE',  ( -73.14723819589902121, 149.9999999999999716, 2.749999999999727329 ) ) ;
#5240 = VECTOR ( 'NONE', #841, 1000.000000000000000 ) ;
#5241 = FACE_BOUND ( 'NONE', #339, .T. ) ;
#5242 = ORIENTED_EDGE ( 'NONE', *, *, #3494, .F. ) ;
#5243 = CARTESIAN_POINT ( 'NONE',  ( 90.29999999999996874, 156.0000000000000284, 57.24999999999226219 ) ) ;
#5244 = FACE_BOUND ( 'NONE', #2436, .T. ) ;
#5245 = AXIS2_PLACEMENT_3D ( 'NONE', #4506, #6859, #1522 ) ;
#5246 = EDGE_LOOP ( 'NONE', ( #5613, #1862, #2488, #2012 ) ) ;
#5247 = AXIS2_PLACEMENT_3D ( 'NONE', #4516, #1455, #3846 ) ;
#5248 = EDGE_CURVE ( 'NONE', #3120, #2903, #7443, .T. ) ;
#5249 = FACE_OUTER_BOUND ( 'NONE', #2694, .T. ) ;
#5250 = CARTESIAN_POINT ( 'NONE',  ( 93.49999999999964473, 2.000000000000000000, 43.74999999999987210 ) ) ;
#5251 = EDGE_LOOP ( 'NONE', ( #6593, #6610, #2748, #5938 ) ) ;
#5252 = CIRCLE ( 'NONE', #6247, 1.799999999999996048 ) ;
#5253 = LINE ( 'NONE', #6343, #5741 ) ;
#5254 = CARTESIAN_POINT ( 'NONE',  ( 61.43866525741148621, 150.0000000000000284, 105.7499999999998295 ) ) ;
#5255 = VECTOR ( 'NONE', #5694, 1000.000000000000000 ) ;
#5256 = AXIS2_PLACEMENT_3D ( 'NONE', #173, #6173, #313 ) ;
#5257 = EDGE_CURVE ( 'NONE', #3009, #5341, #7378, .T. ) ;
#5258 = DIRECTION ( 'NONE',  ( -2.428612866367527723E-14, 0.000000000000000000, 1.000000000000000000 ) ) ;
#5259 = CARTESIAN_POINT ( 'NONE',  ( -2.935152121352671574E-12, 160.0000000000000000, 105.7499999999970157 ) ) ;
#5260 = VERTEX_POINT ( 'NONE', #2000 ) ;
#5261 = LINE ( 'NONE', #6985, #1924 ) ;
#5262 = ORIENTED_EDGE ( 'NONE', *, *, #5742, .T. ) ;
#5263 = FACE_OUTER_BOUND ( 'NONE', #1244, .T. ) ;
#5264 = DIRECTION ( 'NONE',  ( 0.000000000000000000, 1.000000000000000000, -0.000000000000000000 ) ) ;
#5265 = FACE_OUTER_BOUND ( 'NONE', #5839, .T. ) ;
#5266 = DIRECTION ( 'NONE',  ( 0.000000000000000000, 1.000000000000000000, 0.000000000000000000 ) ) ;
#5267 = LINE ( 'NONE', #2203, #453 ) ;
#5268 = ORIENTED_EDGE ( 'NONE', *, *, #2173, .F. ) ;
#5269 = EDGE_LOOP ( 'NONE', ( #7639, #7558, #6584, #2107 ) ) ;
#5270 = CARTESIAN_POINT ( 'NONE',  ( -2.493015773858876967E-14, 149.9999999999999716, 57.24999999999594280 ) ) ;
#5271 = EDGE_CURVE ( 'NONE', #6625, #517, #4494, .T. ) ;
#5272 = FACE_OUTER_BOUND ( 'NONE', #1387, .T. ) ;
#5273 = ORIENTED_EDGE ( 'NONE', *, *, #5514, .T. ) ;
#5274 = EDGE_LOOP ( 'NONE', ( #6163, #6952, #6934, #2324 ) ) ;
#5275 = CARTESIAN_POINT ( 'NONE',  ( -1.246507886929442940E-15, 9.999999999999998224, 108.7499999999996874 ) ) ;
#5276 = CARTESIAN_POINT ( 'NONE',  ( -83.49999999999981526, -1.655421831360723267E-14, 2.749999999999727329 ) ) ;
#5277 = VERTEX_POINT ( 'NONE', #2068 ) ;
#5278 = DIRECTION ( 'NONE',  ( 0.000000000000000000, 1.000000000000000000, -0.000000000000000000 ) ) ;
#5279 = EDGE_CURVE ( 'NONE', #6170, #6341, #236, .T. ) ;
#5280 = CARTESIAN_POINT ( 'NONE',  ( -88.50000000000000000, 4.000000000000003553, 5.749999999999980460 ) ) ;
#5281 = ORIENTED_EDGE ( 'NONE', *, *, #5091, .T. ) ;
#5282 = EDGE_CURVE ( 'NONE', #798, #7274, #487, .T. ) ;
#5283 = CARTESIAN_POINT ( 'NONE',  ( 7.889730706452109388, 2.114046971292819599, 54.24999999999594280 ) ) ;
#5284 = PLANE ( 'NONE',  #685 ) ;
#5285 = ORIENTED_EDGE ( 'NONE', *, *, #6873, .F. ) ;
#5286 = CARTESIAN_POINT ( 'NONE',  ( -14.92882764734131662, 9.999999999999998224, 57.24999999999594280 ) ) ;
#5287 = EDGE_CURVE ( 'NONE', #4356, #1033, #4423, .T. ) ;
#5288 = EDGE_CURVE ( 'NONE', #3002, #5978, #6786, .T. ) ;
#5289 = DIRECTION ( 'NONE',  ( 0.9659258262890699775, 0.2588190451025145777, -0.000000000000000000 ) ) ;
#5290 = DIRECTION ( 'NONE',  ( 1.000000000000000000, 1.246507886929443236E-16, 0.000000000000000000 ) ) ;
#5291 = DIRECTION ( 'NONE',  ( -0.000000000000000000, -1.000000000000000000, -0.000000000000000000 ) ) ;
#5292 = EDGE_LOOP ( 'NONE', ( #5973, #232, #6768, #6011 ) ) ;
#5293 = CARTESIAN_POINT ( 'NONE',  ( 101.2999999999998977, 166.2000000000000171, 0.000000000000000000 ) ) ;
#5294 = VERTEX_POINT ( 'NONE', #1410 ) ;
#5295 = DIRECTION ( 'NONE',  ( 1.000000000000000000, 1.246507886929438799E-16, 0.000000000000000000 ) ) ;
#5296 = LINE ( 'NONE', #2824, #4735 ) ;
#5297 = EDGE_CURVE ( 'NONE', #7597, #1986, #1489, .T. ) ;
#5298 = DIRECTION ( 'NONE',  ( -0.9659258262890699775, -0.2588190451025145222, 0.000000000000000000 ) ) ;
#5299 = CARTESIAN_POINT ( 'NONE',  ( 104.4823133353591089, 27.99595148154426028, 54.24999999999594280 ) ) ;
#5300 = CARTESIAN_POINT ( 'NONE',  ( 7.889730706452248832, 2.114046971292819599, 5.749999999999727329 ) ) ;
#5301 = ORIENTED_EDGE ( 'NONE', *, *, #1938, .T. ) ;
#5302 = ORIENTED_EDGE ( 'NONE', *, *, #3144, .F. ) ;
#5303 = CARTESIAN_POINT ( 'NONE',  ( 90.29999999999999716, 4.000000000000024869, 57.24999999999240430 ) ) ;
#5304 = EDGE_CURVE ( 'NONE', #5668, #2119, #5675, .T. ) ;
#5305 = DIRECTION ( 'NONE',  ( 0.000000000000000000, 0.000000000000000000, 1.000000000000000000 ) ) ;
#5306 = ORIENTED_EDGE ( 'NONE', *, *, #7434, .T. ) ;
#5307 = LINE ( 'NONE', #295, #4834 ) ;
#5308 = ORIENTED_EDGE ( 'NONE', *, *, #6315, .F. ) ;
#5309 = DIRECTION ( 'NONE',  ( -1.000000000000000000, 0.000000000000000000, -4.024558464266189304E-14 ) ) ;
#5310 = FACE_BOUND ( 'NONE', #1026, .T. ) ;
#5311 = ORIENTED_EDGE ( 'NONE', *, *, #3348, .T. ) ;
#5312 = VECTOR ( 'NONE', #2031, 999.9999999999998863 ) ;
#5313 = CARTESIAN_POINT ( 'NONE',  ( 94.82305507246847753, 25.40776103051914703, 105.7499999999998295 ) ) ;
#5314 = DIRECTION ( 'NONE',  ( 4.024558464266189304E-14, -0.000000000000000000, 1.000000000000000000 ) ) ;
#5315 = EDGE_LOOP ( 'NONE', ( #3410, #4656, #3234, #144 ) ) ;
#5316 = VECTOR ( 'NONE', #6300, 1000.000000000000000 ) ;
#5317 = ADVANCED_FACE ( 'NONE', ( #6857 ), #3800, .T. ) ;
#5318 = CARTESIAN_POINT ( 'NONE',  ( 93.50000000000000000, 2.000000000000000000, 59.24999999999970868 ) ) ;
#5319 = LINE ( 'NONE', #1088, #4690 ) ;
#5320 = ORIENTED_EDGE ( 'NONE', *, *, #7703, .F. ) ;
#5321 = CARTESIAN_POINT ( 'NONE',  ( 1.140404673924322588E-13, 149.9999999999999716, 2.749999999999727329 ) ) ;
#5322 = DIRECTION ( 'NONE',  ( 0.2588190451025145222, -0.9659258262890699775, 0.000000000000000000 ) ) ;
#5323 = VECTOR ( 'NONE', #4044, 1000.000000000000000 ) ;
#5324 = AXIS2_PLACEMENT_3D ( 'NONE', #508, #3448, #4670 ) ;
#5325 = FACE_BOUND ( 'NONE', #3583, .T. ) ;
#5326 = EDGE_CURVE ( 'NONE', #5849, #4741, #3876, .T. ) ;
#5327 = FACE_OUTER_BOUND ( 'NONE', #5469, .T. ) ;
#5328 = ORIENTED_EDGE ( 'NONE', *, *, #4414, .F. ) ;
#5329 = EDGE_CURVE ( 'NONE', #5354, #2225, #2662, .T. ) ;
#5330 = VECTOR ( 'NONE', #1328, 1000.000000000000000 ) ;
#5331 = DIRECTION ( 'NONE',  ( 0.2588190451025145222, -0.9659258262890699775, 0.000000000000000000 ) ) ;
#5332 = ORIENTED_EDGE ( 'NONE', *, *, #6835, .F. ) ;
#5333 = LINE ( 'NONE', #7032, #175 ) ;
#5334 = DIRECTION ( 'NONE',  ( 0.000000000000000000, 0.000000000000000000, 1.000000000000000000 ) ) ;
#5335 = DIRECTION ( 'NONE',  ( 0.000000000000000000, 1.000000000000000000, 0.000000000000000000 ) ) ;
#5336 = VECTOR ( 'NONE', #5228, 1000.000000000000000 ) ;
#5337 = CARTESIAN_POINT ( 'NONE',  ( 56.18602202090575304, 15.05499922641854660, 2.749999999999727329 ) ) ;
#5338 = LINE ( 'NONE', #4239, #5705 ) ;
#5339 = VERTEX_POINT ( 'NONE', #1521 ) ;
#5340 = ADVANCED_FACE ( 'NONE', ( #6230 ), #934, .F. ) ;
#5341 = VERTEX_POINT ( 'NONE', #2889 ) ;
#5342 = CIRCLE ( 'NONE', #4714, 1.699999999999824984 ) ;
#5343 = CARTESIAN_POINT ( 'NONE',  ( 93.49999999999988631, 160.0000000000000000, 4.325243866768833637E-13 ) ) ;
#5344 = DIRECTION ( 'NONE',  ( 0.2588190451025145222, -0.9659258262890699775, 0.000000000000000000 ) ) ;
#5345 = EDGE_LOOP ( 'NONE', ( #3715, #2467, #2137, #4284 ) ) ;
#5346 = VECTOR ( 'NONE', #379, 1000.000000000000000 ) ;
#5347 = CARTESIAN_POINT ( 'NONE',  ( -2.493015773858876967E-14, 149.9999999999999716, 57.24999999999594280 ) ) ;
#5348 = ORIENTED_EDGE ( 'NONE', *, *, #5628, .F. ) ;
#5349 = EDGE_CURVE ( 'NONE', #4131, #3118, #1710, .T. ) ;
#5350 = ORIENTED_EDGE ( 'NONE', *, *, #7635, .T. ) ;
#5351 = DIRECTION ( 'NONE',  ( 0.000000000000000000, -0.000000000000000000, 1.000000000000000000 ) ) ;
#5352 = FACE_OUTER_BOUND ( 'NONE', #6770, .T. ) ;
#5353 = LINE ( 'NONE', #6935, #4986 ) ;
#5354 = VERTEX_POINT ( 'NONE', #1135 ) ;
#5355 = DIRECTION ( 'NONE',  ( -1.000000000000000000, 0.000000000000000000, 0.000000000000000000 ) ) ;
#5356 = PLANE ( 'NONE',  #1992 ) ;
#5357 = ORIENTED_EDGE ( 'NONE', *, *, #7716, .F. ) ;
#5358 = DIRECTION ( 'NONE',  ( 0.000000000000000000, 0.000000000000000000, -1.000000000000000000 ) ) ;
#5359 = LINE ( 'NONE', #4850, #7445 ) ;
#5360 = ORIENTED_EDGE ( 'NONE', *, *, #5693, .T. ) ;
#5361 = CARTESIAN_POINT ( 'NONE',  ( 90.30000000000001137, 4.000000000000024869, 105.7499999999998295 ) ) ;
#5362 = VECTOR ( 'NONE', #5335, 1000.000000000000000 ) ;
#5363 = VECTOR ( 'NONE', #1343, 1000.000000000000000 ) ;
#5364 = FACE_OUTER_BOUND ( 'NONE', #6581, .T. ) ;
#5365 = EDGE_CURVE ( 'NONE', #7451, #5814, #2813, .T. ) ;
#5366 = VERTEX_POINT ( 'NONE', #3401 ) ;
#5367 = CARTESIAN_POINT ( 'NONE',  ( -99.49999999999884892, 155.0000000000000000, 103.0000000000000426 ) ) ;
#5368 = VECTOR ( 'NONE', #6536, 1000.000000000000000 ) ;
#5369 = CARTESIAN_POINT ( 'NONE',  ( -86.70000000000000284, 4.000000000000003553, 108.7499999999996874 ) ) ;
#5370 = ORIENTED_EDGE ( 'NONE', *, *, #1603, .T. ) ;
#5371 = AXIS2_PLACEMENT_3D ( 'NONE', #5569, #302, #341 ) ;
#5372 = CARTESIAN_POINT ( 'NONE',  ( -83.49999999999991473, 9.999999999999987566, 105.7499999999998295 ) ) ;
#5373 = ORIENTED_EDGE ( 'NONE', *, *, #4952, .F. ) ;
#5374 = CARTESIAN_POINT ( 'NONE',  ( 40.73314164920981284, 149.9999999999999716, 57.24999999999594280 ) ) ;
#5375 = FACE_BOUND ( 'NONE', #6190, .T. ) ;
#5376 = CARTESIAN_POINT ( 'NONE',  ( -88.50000000000000000, 156.0000000000000000, -5.750000000000018652 ) ) ;
#5377 = EDGE_CURVE ( 'NONE', #7162, #6176, #6978, .T. ) ;
#5378 = AXIS2_PLACEMENT_3D ( 'NONE', #2414, #1197, #564 ) ;
#5379 = VECTOR ( 'NONE', #2490, 1000.000000000000000 ) ;
#5380 = LINE ( 'NONE', #5417, #5205 ) ;
#5381 = EDGE_CURVE ( 'NONE', #3326, #670, #2923, .T. ) ;
#5382 = PLANE ( 'NONE',  #4838 ) ;
#5383 = ORIENTED_EDGE ( 'NONE', *, *, #6523, .T. ) ;
#5384 = ORIENTED_EDGE ( 'NONE', *, *, #2746, .T. ) ;
#5385 = VECTOR ( 'NONE', #6871, 1000.000000000000000 ) ;
#5386 = DIRECTION ( 'NONE',  ( 0.2588190451025145777, -0.9659258262890699775, 0.000000000000000000 ) ) ;
#5387 = EDGE_CURVE ( 'NONE', #4131, #3587, #3616, .T. ) ;
#5389 = EDGE_CURVE ( 'NONE', #4924, #2225, #5253, .T. ) ;
#5388 = LINE ( 'NONE', #2945, #2377 ) ;
#5390 = EDGE_LOOP ( 'NONE', ( #590, #4093, #4003, #7142 ) ) ;
#5391 = CARTESIAN_POINT ( 'NONE',  ( 103.4999999999998863, 160.0000000000000000, 2.498001805406599187E-13 ) ) ;
#5392 = ORIENTED_EDGE ( 'NONE', *, *, #3024, .F. ) ;
#5393 = ORIENTED_EDGE ( 'NONE', *, *, #6767, .F. ) ;
#5394 = CARTESIAN_POINT ( 'NONE',  ( -93.49999999999945999, 160.0000000000000000, 48.74999999999982947 ) ) ;
#5395 = FACE_BOUND ( 'NONE', #5671, .T. ) ;
#5396 = DIRECTION ( 'NONE',  ( 6.938893903907228378E-15, 0.000000000000000000, 1.000000000000000000 ) ) ;
#5397 = ORIENTED_EDGE ( 'NONE', *, *, #1440, .T. ) ;
#5398 = LINE ( 'NONE', #1279, #5748 ) ;
#5400 = EDGE_CURVE ( 'NONE', #4918, #154, #4662, .T. ) ;
#5399 = DIRECTION ( 'NONE',  ( 1.000000000000000000, 1.662010515905918563E-16, 0.000000000000000000 ) ) ;
#5401 = ORIENTED_EDGE ( 'NONE', *, *, #7687, .F. ) ;
#5402 = CARTESIAN_POINT ( 'NONE',  ( -103.4999999999997726, 2.000000000000001776, 95.24999999999977263 ) ) ;
#5403 = DIRECTION ( 'NONE',  ( 0.000000000000000000, 0.000000000000000000, 1.000000000000000000 ) ) ;
#5404 = ORIENTED_EDGE ( 'NONE', *, *, #1297, .F. ) ;
#5405 = CARTESIAN_POINT ( 'NONE',  ( -1.246507886929438602E-15, 9.999999999999998224, 54.24999999999594280 ) ) ;
#5407 = ADVANCED_FACE ( 'NONE', ( #460 ), #7055, .T. ) ;
#5406 = CARTESIAN_POINT ( 'NONE',  ( 51.08590345331061400, 149.9999999999999716, 54.24999999999594280 ) ) ;
#5408 = VERTEX_POINT ( 'NONE', #2186 ) ;
#5409 = FACE_BOUND ( 'NONE', #5004, .T. ) ;
#5410 = VERTEX_POINT ( 'NONE', #3478 ) ;
#5411 = LINE ( 'NONE', #4743, #429 ) ;
#5412 = VERTEX_POINT ( 'NONE', #1600 ) ;
#5413 = EDGE_CURVE ( 'NONE', #627, #4356, #3439, .T. ) ;
#5414 = LINE ( 'NONE', #1956, #4320 ) ;
#5415 = FACE_BOUND ( 'NONE', #5127, .T. ) ;
#5416 = DIRECTION ( 'NONE',  ( 2.775557561562892929E-15, 0.000000000000000000, 1.000000000000000000 ) ) ;
#5417 = CARTESIAN_POINT ( 'NONE',  ( -4.576065843240458619, 9.999999999999998224, 105.7499999999998295 ) ) ;
#5418 = LINE ( 'NONE', #5300, #1456 ) ;
#5419 = EDGE_LOOP ( 'NONE', ( #2153, #2844, #4455, #1576 ) ) ;
#5420 = ORIENTED_EDGE ( 'NONE', *, *, #1216, .T. ) ;
#5421 = EDGE_CURVE ( 'NONE', #611, #5260, #384, .T. ) ;
#5422 = DIRECTION ( 'NONE',  ( 1.000000000000000000, -0.000000000000000000, -7.421276902574575884E-17 ) ) ;
#5423 = PLANE ( 'NONE',  #6890 ) ;
#5424 = CARTESIAN_POINT ( 'NONE',  ( -103.4999999999997726, 0.000000000000000000, 95.24999999999977263 ) ) ;
#5425 = VERTEX_POINT ( 'NONE', #4627 ) ;
#5426 = ORIENTED_EDGE ( 'NONE', *, *, #4488, .F. ) ;
#5427 = EDGE_CURVE ( 'NONE', #4208, #2477, #4064, .T. ) ;
#5428 = CARTESIAN_POINT ( 'NONE',  ( 40.73314164920981284, 149.9999999999999716, 54.24999999999594280 ) ) ;
#5429 = PLANE ( 'NONE',  #4357 ) ;
#5430 = ORIENTED_EDGE ( 'NONE', *, *, #7365, .F. ) ;
#5431 = CARTESIAN_POINT ( 'NONE',  ( 1.140404673924322588E-13, 149.9999999999999716, 2.749999999999727329 ) ) ;
#5432 = DIRECTION ( 'NONE',  ( 1.000000000000000000, 1.246507886929438799E-16, 0.000000000000000000 ) ) ;
#5433 = VERTEX_POINT ( 'NONE', #3995 ) ;
#5434 = ORIENTED_EDGE ( 'NONE', *, *, #3351, .F. ) ;
#5435 = FACE_OUTER_BOUND ( 'NONE', #4040, .T. ) ;
#5436 = EDGE_CURVE ( 'NONE', #5540, #2552, #7747, .T. ) ;
#5437 = VECTOR ( 'NONE', #6463, 1000.000000000000000 ) ;
#5438 = CYLINDRICAL_SURFACE ( 'NONE', #2439, 1.799999999999996048 ) ;
#5439 = VERTEX_POINT ( 'NONE', #5286 ) ;
#5440 = FACE_OUTER_BOUND ( 'NONE', #1442, .T. ) ;
#5441 = DIRECTION ( 'NONE',  ( 1.000000000000000000, 1.662010515905923740E-16, 0.000000000000000000 ) ) ;
#5442 = ORIENTED_EDGE ( 'NONE', *, *, #3534, .T. ) ;
#5443 = AXIS2_PLACEMENT_3D ( 'NONE', #6526, #1777, #2373 ) ;
#5444 = CARTESIAN_POINT ( 'NONE',  ( 36.83498137316288989, 10.00000000000000355, 2.749999999999727329 ) ) ;
#5445 = CARTESIAN_POINT ( 'NONE',  ( 100.5000000000001137, 0.000000000000000000, -9.750000000000715872 ) ) ;
#5446 = ORIENTED_EDGE ( 'NONE', *, *, #3383, .T. ) ;
#5447 = EDGE_CURVE ( 'NONE', #6740, #6743, #6457, .T. ) ;
#5448 = DIRECTION ( 'NONE',  ( -1.826024711554534406E-16, 1.000000000000000000, 0.000000000000000000 ) ) ;
#5449 = VERTEX_POINT ( 'NONE', #5174 ) ;
#5450 = VECTOR ( 'NONE', #6751, 1000.000000000000000 ) ;
#5451 = FACE_OUTER_BOUND ( 'NONE', #3575, .T. ) ;
#5452 = FACE_BOUND ( 'NONE', #3891, .T. ) ;
#5453 = DIRECTION ( 'NONE',  ( -0.9659258262890699775, -0.2588190451025145222, 0.000000000000000000 ) ) ;
#5454 = VECTOR ( 'NONE', #3044, 1000.000000000000000 ) ;
#5455 = CARTESIAN_POINT ( 'NONE',  ( -2.493015773858885802E-14, 150.0000000000000284, 105.7499999999998295 ) ) ;
#5456 = CARTESIAN_POINT ( 'NONE',  ( 96.50000000000000000, -8.000000000000000000, 78.95000000000007390 ) ) ;
#5457 = EDGE_LOOP ( 'NONE', ( #7553, #7654, #968, #5897 ) ) ;
#5458 = VERTEX_POINT ( 'NONE', #4694 ) ;
#5459 = FACE_OUTER_BOUND ( 'NONE', #4972, .T. ) ;
#5460 = VECTOR ( 'NONE', #2142, 1000.000000000000000 ) ;
#5461 = DIRECTION ( 'NONE',  ( 0.2588190451025146888, -0.9659258262890699775, 0.000000000000000000 ) ) ;
#5462 = ADVANCED_FACE ( 'NONE', ( #7091 ), #6385, .F. ) ;
#5463 = DIRECTION ( 'NONE',  ( 0.000000000000000000, 0.000000000000000000, 1.000000000000000000 ) ) ;
#5464 = VERTEX_POINT ( 'NONE', #7560 ) ;
#5465 = VECTOR ( 'NONE', #5463, 1000.000000000000000 ) ;
#5466 = VERTEX_POINT ( 'NONE', #420 ) ;
#5467 = DIRECTION ( 'NONE',  ( 0.000000000000000000, 0.000000000000000000, 1.000000000000000000 ) ) ;
#5468 = CARTESIAN_POINT ( 'NONE',  ( 9.674856236907373841, 149.9999999999999716, 54.24999999999594280 ) ) ;
#5469 = EDGE_LOOP ( 'NONE', ( #5002, #7267, #6089, #2083 ) ) ;
#5470 = DIRECTION ( 'NONE',  ( 0.2588190451025145777, -0.9659258262890699775, 0.000000000000000000 ) ) ;
#5471 = CARTESIAN_POINT ( 'NONE',  ( -86.70000000000000284, 0.000000000000000000, -5.750000000000018652 ) ) ;
#5472 = VECTOR ( 'NONE', #4711, 999.9999999999998863 ) ;
#5473 = EDGE_CURVE ( 'NONE', #671, #1421, #5795, .T. ) ;
#5474 = ORIENTED_EDGE ( 'NONE', *, *, #6670, .F. ) ;
#5475 = ADVANCED_FACE ( 'NONE', ( #1166 ), #6107, .F. ) ;
#5476 = ORIENTED_EDGE ( 'NONE', *, *, #2112, .F. ) ;
#5477 = CARTESIAN_POINT ( 'NONE',  ( -14.92882764734117806, 9.999999999999998224, 5.749999999999727329 ) ) ;
#5478 = AXIS2_PLACEMENT_3D ( 'NONE', #4139, #2381, #5358 ) ;
#5479 = CARTESIAN_POINT ( 'NONE',  ( 104.4823133353592368, 27.99595148154435975, 105.7499999999998295 ) ) ;
#5480 = ORIENTED_EDGE ( 'NONE', *, *, #2302, .T. ) ;
#5481 = CYLINDRICAL_SURFACE ( 'NONE', #7381, 2.000000000000001776 ) ;
#5482 = CARTESIAN_POINT ( 'NONE',  ( 93.50000000000000000, 2.000000000000001776, 57.24999999999970157 ) ) ;
#5483 = ORIENTED_EDGE ( 'NONE', *, *, #3416, .F. ) ;
#5484 = ADVANCED_FACE ( 'NONE', ( #4221 ), #5481, .F. ) ;
#5485 = CIRCLE ( 'NONE', #3341, 2.000000000000000000 ) ;
#5486 = DIRECTION ( 'NONE',  ( 1.000000000000000000, 0.000000000000000000, 1.387778780781444492E-15 ) ) ;
#5487 = CARTESIAN_POINT ( 'NONE',  ( 93.49999999996582289, 160.0000000000000000, -3.287185338743143879E-11 ) ) ;
#5488 = ORIENTED_EDGE ( 'NONE', *, *, #3176, .T. ) ;
#5489 = DIRECTION ( 'NONE',  ( 0.000000000000000000, 0.000000000000000000, -1.000000000000000000 ) ) ;
#5490 = EDGE_LOOP ( 'NONE', ( #4648, #7238, #3336, #4312 ) ) ;
#5491 = VECTOR ( 'NONE', #7262, 999.9999999999998863 ) ;
#5492 = VECTOR ( 'NONE', #2319, 1000.000000000000000 ) ;
#5493 = DIRECTION ( 'NONE',  ( 1.804112415015906894E-13, 0.000000000000000000, 1.000000000000000000 ) ) ;
#5494 = CARTESIAN_POINT ( 'NONE',  ( -97.69999999999994600, 160.0000000000000000, -0.000000000000000000 ) ) ;
#5495 = CARTESIAN_POINT ( 'NONE',  ( -25.28158945144200942, 9.999999999999994671, 5.749999999999727329 ) ) ;
#5496 = ADVANCED_FACE ( 'NONE', ( #4930 ), #3550, .F. ) ;
#5497 = VECTOR ( 'NONE', #5441, 1000.000000000000000 ) ;
#5498 = AXIS2_PLACEMENT_3D ( 'NONE', #4865, #6120, #3766 ) ;
#5499 = CARTESIAN_POINT ( 'NONE',  ( 7.889730706452109388, 2.114046971292819599, 54.24999999999594280 ) ) ;
#5500 = LINE ( 'NONE', #1491, #958 ) ;
#5501 = VERTEX_POINT ( 'NONE', #4813 ) ;
#5502 = ORIENTED_EDGE ( 'NONE', *, *, #5860, .T. ) ;
#5503 = DIRECTION ( 'NONE',  ( -0.2588190451025147443, 0.9659258262890698665, 0.000000000000000000 ) ) ;
#5504 = VECTOR ( 'NONE', #656, 1000.000000000000000 ) ;
#5505 = LINE ( 'NONE', #4794, #4749 ) ;
#5506 = VECTOR ( 'NONE', #3230, 1000.000000000000000 ) ;
#5507 = DIRECTION ( 'NONE',  ( 0.000000000000000000, 1.000000000000000000, -0.000000000000000000 ) ) ;
#5508 = ORIENTED_EDGE ( 'NONE', *, *, #2461, .T. ) ;
#5509 = AXIS2_PLACEMENT_3D ( 'NONE', #2198, #7535, #5104 ) ;
#5510 = ORIENTED_EDGE ( 'NONE', *, *, #891, .T. ) ;
#5511 = DIRECTION ( 'NONE',  ( 0.000000000000000000, 1.000000000000000000, 0.000000000000000000 ) ) ;
#5512 = LINE ( 'NONE', #4885, #227 ) ;
#5513 = CARTESIAN_POINT ( 'NONE',  ( 0.000000000000000000, 160.0000000000000000, 108.7499999999996874 ) ) ;
#5514 = EDGE_CURVE ( 'NONE', #6778, #3675, #6065, .T. ) ;
#5515 = DIRECTION ( 'NONE',  ( -1.000000000000000000, 0.000000000000000000, -1.387778780781444689E-15 ) ) ;
#5516 = AXIS2_PLACEMENT_3D ( 'NONE', #6278, #6167, #3145 ) ;
#5517 = PLANE ( 'NONE',  #2622 ) ;
#5518 = EDGE_LOOP ( 'NONE', ( #2831, #67, #2297, #7077 ) ) ;
#5519 = ORIENTED_EDGE ( 'NONE', *, *, #4995, .F. ) ;
#5520 = CARTESIAN_POINT ( 'NONE',  ( 93.49999999999930367, 2.000000000000000000, 95.24999999999975842 ) ) ;
#5521 = CARTESIAN_POINT ( 'NONE',  ( -56.33987486374451947, 9.999999999999991118, 108.7499999999996874 ) ) ;
#5522 = ORIENTED_EDGE ( 'NONE', *, *, #5904, .T. ) ;
#5523 = EDGE_CURVE ( 'NONE', #729, #250, #2537, .T. ) ;
#5524 = CARTESIAN_POINT ( 'NONE',  ( 103.5000000000000142, 160.0000000000000000, 108.7499999999996874 ) ) ;
#5525 = CARTESIAN_POINT ( 'NONE',  ( -90.29999999999999716, 4.000000000000003553, 57.24999999999956657 ) ) ;
#5526 = EDGE_CURVE ( 'NONE', #7123, #6688, #1253, .T. ) ;
#5527 = VERTEX_POINT ( 'NONE', #5524 ) ;
#5528 = DIRECTION ( 'NONE',  ( 1.000000000000000000, 1.662010515905918563E-16, 0.000000000000000000 ) ) ;
#5529 = PLANE ( 'NONE',  #7094 ) ;
#5530 = ORIENTED_EDGE ( 'NONE', *, *, #2787, .F. ) ;
#5531 = PLANE ( 'NONE',  #4816 ) ;
#5532 = ORIENTED_EDGE ( 'NONE', *, *, #2386, .T. ) ;
#5533 = EDGE_CURVE ( 'NONE', #5260, #3216, #3041, .T. ) ;
#5534 = LINE ( 'NONE', #155, #3927 ) ;
#5535 = FACE_BOUND ( 'NONE', #3497, .T. ) ;
#5536 = DIRECTION ( 'NONE',  ( 1.000000000000000000, 1.662010515905918563E-16, 0.000000000000000000 ) ) ;
#5537 = LINE ( 'NONE', #1960, #7581 ) ;
#5538 = FACE_OUTER_BOUND ( 'NONE', #6199, .T. ) ;
#5539 = EDGE_LOOP ( 'NONE', ( #4910, #2026, #1852, #3892 ) ) ;
#5540 = VERTEX_POINT ( 'NONE', #1324 ) ;
#5541 = ADVANCED_FACE ( 'NONE', ( #4143 ), #695, .T. ) ;
#5542 = DIRECTION ( 'NONE',  ( 0.000000000000000000, 1.000000000000000000, 0.000000000000000000 ) ) ;
#5543 = LINE ( 'NONE', #5064, #7017 ) ;
#5544 = LINE ( 'NONE', #7456, #3578 ) ;
#5545 = ORIENTED_EDGE ( 'NONE', *, *, #6828, .F. ) ;
#5546 = ORIENTED_EDGE ( 'NONE', *, *, #5703, .T. ) ;
#5547 = DIRECTION ( 'NONE',  ( 0.000000000000000000, 1.000000000000000000, 0.000000000000000000 ) ) ;
#5548 = EDGE_CURVE ( 'NONE', #4214, #6302, #1206, .T. ) ;
#5549 = CARTESIAN_POINT ( 'NONE',  ( 1.377241172440915905E-13, 9.999999999999998224, 2.749999999999727329 ) ) ;
#5550 = DIRECTION ( 'NONE',  ( -1.000000000000000000, 0.000000000000000000, 0.000000000000000000 ) ) ;
#5551 = FACE_BOUND ( 'NONE', #5204, .T. ) ;
#5552 = CARTESIAN_POINT ( 'NONE',  ( -66.69263666784542011, 9.999999999999991118, 57.24999999999594280 ) ) ;
#5553 = VERTEX_POINT ( 'NONE', #5361 ) ;
#5554 = ORIENTED_EDGE ( 'NONE', *, *, #4172, .T. ) ;
#5555 = FACE_OUTER_BOUND ( 'NONE', #4613, .T. ) ;
#5556 = CARTESIAN_POINT ( 'NONE',  ( 0.000000000000000000, 0.000000000000000000, -2.750000000000018652 ) ) ;
#5557 = VERTEX_POINT ( 'NONE', #738 ) ;
#5558 = DIRECTION ( 'NONE',  ( -3.515706244646358664E-13, 0.000000000000000000, -1.000000000000000000 ) ) ;
#5559 = PLANE ( 'NONE',  #2241 ) ;
#5560 = ORIENTED_EDGE ( 'NONE', *, *, #581, .T. ) ;
#5561 = EDGE_CURVE ( 'NONE', #6381, #2592, #6627, .T. ) ;
#5562 = LINE ( 'NONE', #5444, #6707 ) ;
#5563 = VECTOR ( 'NONE', #3411, 999.9999999999998863 ) ;
#5564 = CARTESIAN_POINT ( 'NONE',  ( -54.52000000000156632, -24.12451549659737893, 40.88999999999969504 ) ) ;
#5565 = EDGE_LOOP ( 'NONE', ( #853, #4302 ) ) ;
#5566 = DIRECTION ( 'NONE',  ( 0.000000000000000000, 0.000000000000000000, 1.000000000000000000 ) ) ;
#5567 = ORIENTED_EDGE ( 'NONE', *, *, #7748, .F. ) ;
#5568 = ORIENTED_EDGE ( 'NONE', *, *, #6451, .T. ) ;
#5569 = CARTESIAN_POINT ( 'NONE',  ( 96.50000000000000000, 0.000000000000000000, 77.25000000000005684 ) ) ;
#5570 = DIRECTION ( 'NONE',  ( -0.2588190451025145777, 0.9659258262890699775, 0.000000000000000000 ) ) ;
#5571 = VECTOR ( 'NONE', #6742, 1000.000000000000000 ) ;
#5572 = ADVANCED_FACE ( 'NONE', ( #1287 ), #2420, .F. ) ;
#5573 = EDGE_CURVE ( 'NONE', #259, #7392, #7169, .T. ) ;
#5574 = DIRECTION ( 'NONE',  ( -1.826024711554534653E-16, 1.000000000000000000, -0.000000000000000000 ) ) ;
#5575 = FACE_OUTER_BOUND ( 'NONE', #5197, .T. ) ;
#5576 = ORIENTED_EDGE ( 'NONE', *, *, #6919, .F. ) ;
#5577 = AXIS2_PLACEMENT_3D ( 'NONE', #1627, #5162, #289 ) ;
#5578 = EDGE_LOOP ( 'NONE', ( #2075, #1231, #1095, #4059 ) ) ;
#5579 = AXIS2_PLACEMENT_3D ( 'NONE', #5299, #3650, #7682 ) ;
#5580 = CLOSED_SHELL ( 'NONE', ( #4219, #6185, #4945, #68, #4844, #2440, #7345, #6401, #6612, #1065, #5934, #5151, #2027, #2876, #1208, #7016, #1974, #7589, #7158, #7126, #937, #3612, #1132, #1973, #4036, #2664, #6040, #6779, #4776, #1338, #6080, #2110, #3655, #7093, #541, #7012, #1266, #4677, #3408, #284, #6100, #3243, #7579, #4282, #6111, #1401, #6124, #3944, #2861, #4917, #2133, #2099, #6959, #2117, #407, #4616, #3054, #4718, #5227, #6476, #7051, #6276, #4292, #3363, #515, #4462, #441, #5707, #5340, #5484, #6087, #2211, #7289, #730, #25, #5808, #4231, #6520, #4253, #5627, #2763, #4132, #3551, #1964, #5715, #1114, #17, #1573, #845, #1098, #2757, #1685, #4641, #3996, #3374, #2952, #3789, #7010, #2520, #3302, #2913, #1304, #3674, #3096, #1918, #2489, #287, #7733, #3840, #658, #639, #7527, #3192, #6047, #157, #1040, #5957, #4796, #1195, #1513, #6861, #5034, #3798, #5496, #5763, #6425, #178, #4827, #1926, #717, #6200, #5317, #3508, #4660, #7070, #6885, #3404, #2741, #459, #4466, #1265, #225, #620, #7, #1323, #6299, #1152, #1453, #5065, #5572, #6951, #2796, #3062, #1807, #4769, #5462, #6596, #1684, #777, #3201, #1848, #5590, #2596, #2158, #1162, #1638, #5541, #5475, #3902, #5407, #7114, #2262, #7670, #2851, #3164, #4140, #5798, #2648, #5143, #4911, #5236, #7348, #1967, #2842, #3564, #5079, #6771, #2615, #6064, #3638, #2778, #6355, #2393, #524, #5871, #1246, #7486, #3588, #2979, #47, #2836, #6015, #3514, #5944, #5615, #3894, #7474, #141, #3468, #5826, #2202, #3222, #185, #4877, #1204, #6149, #6442, #4363, #680, #966, #6215, #3265, #7678, #2805, #7143, #7587, #4526, #7000, #6769, #5882, #4027, #3281, #2352 ) ) ;
#5581 = CARTESIAN_POINT ( 'NONE',  ( 1.140404673924322588E-13, 149.9999999999999716, 2.749999999999727329 ) ) ;
#5582 = ORIENTED_EDGE ( 'NONE', *, *, #3394, .T. ) ;
#5583 = VERTEX_POINT ( 'NONE', #2458 ) ;
#5584 = AXIS2_PLACEMENT_3D ( 'NONE', #4283, #6600, #3620 ) ;
#5585 = CARTESIAN_POINT ( 'NONE',  ( 90.30000000000001137, 1.648900314533744604E-14, -5.750000000000018652 ) ) ;
#5586 = ORIENTED_EDGE ( 'NONE', *, *, #1528, .F. ) ;
#5587 = CARTESIAN_POINT ( 'NONE',  ( 27.20824723223357111, 7.290427873343127807, 105.7499999999998295 ) ) ;
#5588 = LINE ( 'NONE', #2607, #3246 ) ;
#5589 = VERTEX_POINT ( 'NONE', #4179 ) ;
#5590 = ADVANCED_FACE ( 'NONE', ( #5440 ), #1906, .F. ) ;
#5591 = VECTOR ( 'NONE', #279, 999.9999999999998863 ) ;
#5592 = ORIENTED_EDGE ( 'NONE', *, *, #3806, .F. ) ;
#5593 = CARTESIAN_POINT ( 'NONE',  ( -88.50000000000000000, 4.000000000000003553, 2.749999999999981792 ) ) ;
#5594 = PLANE ( 'NONE',  #7326 ) ;
#5595 = ORIENTED_EDGE ( 'NONE', *, *, #1460, .F. ) ;
#5596 = VECTOR ( 'NONE', #2817, 1000.000000000000000 ) ;
#5597 = DIRECTION ( 'NONE',  ( 0.000000000000000000, 0.000000000000000000, 1.000000000000000000 ) ) ;
#5598 = CARTESIAN_POINT ( 'NONE',  ( 82.14418886561308852, 150.0000000000000284, 105.7499999999998295 ) ) ;
#5599 = EDGE_LOOP ( 'NONE', ( #6481, #7230, #621, #897 ) ) ;
#5600 = DIRECTION ( 'NONE',  ( 1.000000000000000000, 1.246507886929443236E-16, 0.000000000000000000 ) ) ;
#5601 = EDGE_LOOP ( 'NONE', ( #4856, #5110, #2959, #4500 ) ) ;
#5602 = LINE ( 'NONE', #3721, #5571 ) ;
#5603 = ORIENTED_EDGE ( 'NONE', *, *, #1313, .T. ) ;
#5604 = ORIENTED_EDGE ( 'NONE', *, *, #7481, .T. ) ;
#5605 = LINE ( 'NONE', #788, #5875 ) ;
#5606 = EDGE_CURVE ( 'NONE', #7436, #4164, #1828, .T. ) ;
#5607 = AXIS2_PLACEMENT_3D ( 'NONE', #15, #4802, #2737 ) ;
#5608 = DIRECTION ( 'NONE',  ( 1.000000000000000000, -0.000000000000000000, -0.000000000000000000 ) ) ;
#5609 = CARTESIAN_POINT ( 'NONE',  ( -83.49999999999991473, -1.655421831360722005E-14, 108.7499999999996874 ) ) ;
#5610 = CARTESIAN_POINT ( 'NONE',  ( 0.000000000000000000, -3.000000000000000000, -2.750000000000018652 ) ) ;
#5611 = ORIENTED_EDGE ( 'NONE', *, *, #1498, .T. ) ;
#5612 = VECTOR ( 'NONE', #6249, 999.9999999999998863 ) ;
#5613 = ORIENTED_EDGE ( 'NONE', *, *, #2633, .T. ) ;
#5614 = DIRECTION ( 'NONE',  ( 1.246507886929438799E-16, -1.000000000000000000, 0.000000000000000000 ) ) ;
#5615 = ADVANCED_FACE ( 'NONE', ( #4297 ), #4895, .T. ) ;
#5616 = EDGE_CURVE ( 'NONE', #5841, #4768, #3119, .T. ) ;
#5617 = VECTOR ( 'NONE', #4672, 1000.000000000000000 ) ;
#5618 = CARTESIAN_POINT ( 'NONE',  ( -1.246507886929438602E-15, 9.999999999999998224, 54.24999999999594280 ) ) ;
#5619 = AXIS2_PLACEMENT_3D ( 'NONE', #2478, #4874, #5503 ) ;
#5620 = EDGE_CURVE ( 'NONE', #5425, #2904, #331, .T. ) ;
#5621 = DIRECTION ( 'NONE',  ( 1.000000000000000000, 1.246507886929438799E-16, 0.000000000000000000 ) ) ;
#5622 = EDGE_LOOP ( 'NONE', ( #1728, #3867, #5740, #4348 ) ) ;
#5623 = ORIENTED_EDGE ( 'NONE', *, *, #4697, .T. ) ;
#5624 = VECTOR ( 'NONE', #5322, 1000.000000000000000 ) ;
#5625 = VECTOR ( 'NONE', #5909, 1000.000000000000000 ) ;
#5626 = LINE ( 'NONE', #3893, #6237 ) ;
#5627 = ADVANCED_FACE ( 'NONE', ( #4448 ), #2023, .F. ) ;
#5628 = EDGE_CURVE ( 'NONE', #7292, #3283, #4340, .T. ) ;
#5629 = DIRECTION ( 'NONE',  ( -0.000000000000000000, -0.000000000000000000, 1.000000000000000000 ) ) ;
#5630 = AXIS2_PLACEMENT_3D ( 'NONE', #525, #5314, #649 ) ;
#5631 = ORIENTED_EDGE ( 'NONE', *, *, #6431, .T. ) ;
#5632 = AXIS2_PLACEMENT_3D ( 'NONE', #1009, #4057, #5902 ) ;
#5633 = ORIENTED_EDGE ( 'NONE', *, *, #6093, .F. ) ;
#5634 = LINE ( 'NONE', #288, #2091 ) ;
#5635 = CARTESIAN_POINT ( 'NONE',  ( 95.50000000000106581, -3.000000000000000000, 100.2499999999999005 ) ) ;
#5636 = ORIENTED_EDGE ( 'NONE', *, *, #6668, .T. ) ;
#5637 = EDGE_CURVE ( 'NONE', #1790, #325, #5701, .T. ) ;
#5638 = DIRECTION ( 'NONE',  ( 0.000000000000000000, 1.000000000000000000, 0.000000000000000000 ) ) ;
#5639 = DIRECTION ( 'NONE',  ( 1.000000000000000000, 1.662010515905918563E-16, 0.000000000000000000 ) ) ;
#5640 = ORIENTED_EDGE ( 'NONE', *, *, #340, .T. ) ;
#5641 = LINE ( 'NONE', #5168, #5460 ) ;
#5642 = DIRECTION ( 'NONE',  ( 0.000000000000000000, 0.000000000000000000, 1.000000000000000000 ) ) ;
#5643 = ORIENTED_EDGE ( 'NONE', *, *, #5561, .F. ) ;
#5644 = DIRECTION ( 'NONE',  ( 1.000000000000000000, -0.000000000000000000, 0.000000000000000000 ) ) ;
#5645 = ORIENTED_EDGE ( 'NONE', *, *, #634, .T. ) ;
#5646 = PLANE ( 'NONE',  #6248 ) ;
#5647 = DIRECTION ( 'NONE',  ( 0.2588190451025145222, -0.9659258262890699775, 0.000000000000000000 ) ) ;
#5648 = CARTESIAN_POINT ( 'NONE',  ( -99.49999999999884892, 160.0000000000000000, 105.0000000000000426 ) ) ;
#5649 = DIRECTION ( 'NONE',  ( 1.246507886929443483E-16, -1.000000000000000000, 0.000000000000000000 ) ) ;
#5650 = ORIENTED_EDGE ( 'NONE', *, *, #1013, .F. ) ;
#5651 = ORIENTED_EDGE ( 'NONE', *, *, #4384, .T. ) ;
#5652 = CARTESIAN_POINT ( 'NONE',  ( -86.70000000000000284, 4.000000000000003553, 57.24999999999953815 ) ) ;
#5653 = CARTESIAN_POINT ( 'NONE',  ( -93.49999999999947420, 0.000000000000000000, 100.2499999999841549 ) ) ;
#5654 = EDGE_CURVE ( 'NONE', #2559, #4055, #1432, .T. ) ;
#5655 = CARTESIAN_POINT ( 'NONE',  ( 88.49999999999997158, 156.0000000000000284, 2.749999999999981792 ) ) ;
#5656 = ORIENTED_EDGE ( 'NONE', *, *, #2716, .F. ) ;
#5657 = VERTEX_POINT ( 'NONE', #4412 ) ;
#5658 = DIRECTION ( 'NONE',  ( 0.000000000000000000, 0.000000000000000000, 1.000000000000000000 ) ) ;
#5659 = DIRECTION ( 'NONE',  ( 0.000000000000000000, 0.000000000000000000, 1.000000000000000000 ) ) ;
#5660 = ORIENTED_EDGE ( 'NONE', *, *, #3924, .F. ) ;
#5661 = EDGE_CURVE ( 'NONE', #5668, #3696, #183, .T. ) ;
#5662 = ORIENTED_EDGE ( 'NONE', *, *, #3768, .F. ) ;
#5663 = CARTESIAN_POINT ( 'NONE',  ( -93.50000000000001421, 0.000000000000000000, 95.24999999999977263 ) ) ;
#5664 = LINE ( 'NONE', #5199, #1435 ) ;
#5665 = EDGE_LOOP ( 'NONE', ( #4540, #792, #411, #3373 ) ) ;
#5666 = CARTESIAN_POINT ( 'NONE',  ( 0.000000000000000000, 0.000000000000000000, -5.750000000000018652 ) ) ;
#5667 = LINE ( 'NONE', #292, #1731 ) ;
#5668 = VERTEX_POINT ( 'NONE', #5123 ) ;
#5669 = CARTESIAN_POINT ( 'NONE',  ( -31.73619097949586987, 150.0000000000000284, 108.7499999999996874 ) ) ;
#5670 = CARTESIAN_POINT ( 'NONE',  ( -99.49999999999884892, 160.0000000000000000, 103.0000000000000426 ) ) ;
#5671 = EDGE_LOOP ( 'NONE', ( #1363, #3319, #1124, #1048 ) ) ;
#5672 = DIRECTION ( 'NONE',  ( 0.2588190451025145222, -0.9659258262890699775, 0.000000000000000000 ) ) ;
#5673 = ORIENTED_EDGE ( 'NONE', *, *, #674, .T. ) ;
#5674 = ORIENTED_EDGE ( 'NONE', *, *, #5167, .F. ) ;
#5675 = LINE ( 'NONE', #1445, #7255 ) ;
#5676 = DIRECTION ( 'NONE',  ( 0.000000000000000000, 0.000000000000000000, 1.000000000000000000 ) ) ;
#5677 = EDGE_CURVE ( 'NONE', #4400, #2566, #4969, .T. ) ;
#5678 = LINE ( 'NONE', #5096, #2689 ) ;
#5679 = CARTESIAN_POINT ( 'NONE',  ( 27.20824723223351782, 7.290427873343113596, 54.24999999999594280 ) ) ;
#5680 = ORIENTED_EDGE ( 'NONE', *, *, #2294, .T. ) ;
#5681 = CARTESIAN_POINT ( 'NONE',  ( 83.49999999999992895, 67.66597785787331532, 108.7499999999996874 ) ) ;
#5682 = EDGE_LOOP ( 'NONE', ( #6639, #4675, #7352, #7408 ) ) ;
#5683 = VECTOR ( 'NONE', #3643, 1000.000000000000000 ) ;
#5684 = LINE ( 'NONE', #4473, #2739 ) ;
#5685 = AXIS2_PLACEMENT_3D ( 'NONE', #2296, #3005, #7167 ) ;
#5686 = CARTESIAN_POINT ( 'NONE',  ( 78.24602858956605189, 10.00000000000001066, 108.7499999999996874 ) ) ;
#5687 = CARTESIAN_POINT ( 'NONE',  ( 99.50000000000099476, 160.0000000000000000, 105.0000000000000426 ) ) ;
#5688 = VERTEX_POINT ( 'NONE', #291 ) ;
#5689 = ORIENTED_EDGE ( 'NONE', *, *, #4114, .T. ) ;
#5690 = PLANE ( 'NONE',  #3853 ) ;
#5691 = VECTOR ( 'NONE', #7339, 1000.000000000000000 ) ;
#5692 = VECTOR ( 'NONE', #1375, 1000.000000000000000 ) ;
#5693 = EDGE_CURVE ( 'NONE', #4291, #4428, #3755, .T. ) ;
#5694 = DIRECTION ( 'NONE',  ( 0.000000000000000000, 0.000000000000000000, 1.000000000000000000 ) ) ;
#5695 = EDGE_LOOP ( 'NONE', ( #4557, #3132, #7288, #2946 ) ) ;
#5696 = ORIENTED_EDGE ( 'NONE', *, *, #3651, .T. ) ;
#5697 = AXIS2_PLACEMENT_3D ( 'NONE', #4385, #3203, #5012 ) ;
#5698 = DIRECTION ( 'NONE',  ( 1.000000000000000000, 1.982541115402065110E-16, -0.000000000000000000 ) ) ;
#5699 = CARTESIAN_POINT ( 'NONE',  ( 1.377241172440915905E-13, 9.999999999999998224, 2.749999999999727329 ) ) ;
#5700 = ORIENTED_EDGE ( 'NONE', *, *, #5421, .F. ) ;
#5701 = LINE ( 'NONE', #3198, #6884 ) ;
#5702 = EDGE_CURVE ( 'NONE', #4994, #7069, #1946, .T. ) ;
#5703 = EDGE_CURVE ( 'NONE', #1577, #350, #892, .T. ) ;
#5704 = CARTESIAN_POINT ( 'NONE',  ( 88.50000000000000000, 4.000000000000024869, 54.24999999999959499 ) ) ;
#5705 = VECTOR ( 'NONE', #3652, 999.9999999999998863 ) ;
#5706 = ORIENTED_EDGE ( 'NONE', *, *, #1665, .F. ) ;
#5707 = ADVANCED_FACE ( 'NONE', ( #6148 ), #223, .F. ) ;
#5708 = DIRECTION ( 'NONE',  ( 0.000000000000000000, 0.000000000000000000, 1.000000000000000000 ) ) ;
#5709 = DIRECTION ( 'NONE',  ( -0.9659258262890699775, -0.2588190451025145222, 0.000000000000000000 ) ) ;
#5710 = EDGE_LOOP ( 'NONE', ( #7401, #1772, #917, #6609 ) ) ;
#5711 = VECTOR ( 'NONE', #6081, 1000.000000000000000 ) ;
#5712 = DIRECTION ( 'NONE',  ( 1.000000000000000000, 1.246507886929443236E-16, 0.000000000000000000 ) ) ;
#5713 = ORIENTED_EDGE ( 'NONE', *, *, #329, .T. ) ;
#5714 = DIRECTION ( 'NONE',  ( -1.000000000000000000, 0.000000000000000000, 0.000000000000000000 ) ) ;
#5715 = ADVANCED_FACE ( 'NONE', ( #3239 ), #6775, .T. ) ;
#5716 = CARTESIAN_POINT ( 'NONE',  ( 103.4999999999999005, -3.200000000000000178, -5.750000000000018652 ) ) ;
#5717 = AXIS2_PLACEMENT_3D ( 'NONE', #2334, #2917, #7130 ) ;
#5718 = CARTESIAN_POINT ( 'NONE',  ( -21.38342917539494437, 149.9999999999999716, 2.749999999999727329 ) ) ;
#5719 = CARTESIAN_POINT ( 'NONE',  ( 103.5000000000000142, 160.0000000000000000, 97.24999999999978684 ) ) ;
#5720 = ORIENTED_EDGE ( 'NONE', *, *, #1054, .F. ) ;
#5721 = CYLINDRICAL_SURFACE ( 'NONE', #928, 2.000000000000000000 ) ;
#5722 = ORIENTED_EDGE ( 'NONE', *, *, #4962, .T. ) ;
#5723 = AXIS2_PLACEMENT_3D ( 'NONE', #2090, #1543, #4489 ) ;
#5724 = CARTESIAN_POINT ( 'NONE',  ( 96.50000000000000000, -10.00000000000000000, 77.25000000000005684 ) ) ;
#5725 = CARTESIAN_POINT ( 'NONE',  ( 83.50000000000063949, 106.3030109094346329, 2.749999999999727329 ) ) ;
#5726 = EDGE_CURVE ( 'NONE', #3462, #5074, #2652, .T. ) ;
#5727 = DIRECTION ( 'NONE',  ( 0.000000000000000000, 0.000000000000000000, 1.000000000000000000 ) ) ;
#5728 = AXIS2_PLACEMENT_3D ( 'NONE', #1691, #1036, #3421 ) ;
#5729 = FACE_BOUND ( 'NONE', #3476, .T. ) ;
#5730 =( LENGTH_UNIT ( ) NAMED_UNIT ( * ) SI_UNIT ( .MILLI., .METRE. ) );
#5731 = EDGE_LOOP ( 'NONE', ( #3660, #7008, #1994, #5059 ) ) ;
#5732 = VERTEX_POINT ( 'NONE', #2684 ) ;
#5733 = DIRECTION ( 'NONE',  ( 0.000000000000000000, 1.000000000000000000, 0.000000000000000000 ) ) ;
#5734 = VECTOR ( 'NONE', #6787, 1000.000000000000000 ) ;
#5735 = AXIS2_PLACEMENT_3D ( 'NONE', #4075, #4706, #7101 ) ;
#5736 = EDGE_CURVE ( 'NONE', #6802, #2692, #1399, .T. ) ;
#5737 = DIRECTION ( 'NONE',  ( 0.000000000000000000, 0.000000000000000000, 1.000000000000000000 ) ) ;
#5738 = ORIENTED_EDGE ( 'NONE', *, *, #483, .T. ) ;
#5739 = AXIS2_PLACEMENT_3D ( 'NONE', #1590, #5203, #2915 ) ;
#5740 = ORIENTED_EDGE ( 'NONE', *, *, #7663, .T. ) ;
#5741 = VECTOR ( 'NONE', #500, 1000.000000000000000 ) ;
#5742 = EDGE_CURVE ( 'NONE', #2830, #6625, #7432, .T. ) ;
#5743 = LINE ( 'NONE', #7547, #6104 ) ;
#5744 = CARTESIAN_POINT ( 'NONE',  ( -86.70000000000000284, 0.000000000000000000, -5.750000000000018652 ) ) ;
#5745 = ORIENTED_EDGE ( 'NONE', *, *, #990, .F. ) ;
#5746 = CARTESIAN_POINT ( 'NONE',  ( 5.776695960860370960, 9.999999999999998224, 108.7499999999996874 ) ) ;
#5747 = VECTOR ( 'NONE', #3656, 1000.000000000000000 ) ;
#5748 = VECTOR ( 'NONE', #5355, 1000.000000000000000 ) ;
#5749 = DIRECTION ( 'NONE',  ( -0.8000000000000606626, 0.000000000000000000, 0.5999999999999191536 ) ) ;
#5750 = ORIENTED_EDGE ( 'NONE', *, *, #4456, .F. ) ;
#5751 = FACE_OUTER_BOUND ( 'NONE', #3309, .T. ) ;
#5752 = EDGE_CURVE ( 'NONE', #2950, #4570, #4756, .T. ) ;
#5753 = AXIS2_PLACEMENT_3D ( 'NONE', #2522, #7305, #1927 ) ;
#5754 = CARTESIAN_POINT ( 'NONE',  ( 1.140404673924322588E-13, 149.9999999999999716, 2.749999999999727329 ) ) ;
#5755 = ORIENTED_EDGE ( 'NONE', *, *, #6926, .T. ) ;
#5756 = VECTOR ( 'NONE', #3275, 1000.000000000000000 ) ;
#5757 = DIRECTION ( 'NONE',  ( 0.000000000000000000, 1.000000000000000000, 0.000000000000000000 ) ) ;
#5758 = ORIENTED_EDGE ( 'NONE', *, *, #800, .F. ) ;
#5759 = FACE_OUTER_BOUND ( 'NONE', #6728, .T. ) ;
#5760 = DIRECTION ( 'NONE',  ( 1.000000000000000000, 1.662010515905918563E-16, 0.000000000000000000 ) ) ;
#5761 = DIRECTION ( 'NONE',  ( 0.000000000000000000, 0.000000000000000000, 1.000000000000000000 ) ) ;
#5762 = CARTESIAN_POINT ( 'NONE',  ( 30.38037984510913603, 149.9999999999999716, 5.749999999999727329 ) ) ;
#5763 = ADVANCED_FACE ( 'NONE', ( #6371 ), #6488, .T. ) ;
#5764 = LINE ( 'NONE', #7488, #3712 ) ;
#5765 = ORIENTED_EDGE ( 'NONE', *, *, #955, .T. ) ;
#5766 = EDGE_CURVE ( 'NONE', #1986, #7597, #6757, .T. ) ;
#5767 = LINE ( 'NONE', #4004, #543 ) ;
#5768 = ORIENTED_EDGE ( 'NONE', *, *, #5860, .F. ) ;
#5769 = PLANE ( 'NONE',  #4176 ) ;
#5770 = DIRECTION ( 'NONE',  ( 1.000000000000000000, 1.662010515905918563E-16, 0.000000000000000000 ) ) ;
#5771 = FACE_OUTER_BOUND ( 'NONE', #2265, .T. ) ;
#5772 = EDGE_LOOP ( 'NONE', ( #2614, #4921, #4460, #2683 ) ) ;
#5773 = DIRECTION ( 'NONE',  ( -1.000000000000000000, -0.000000000000000000, -7.421276902574575884E-17 ) ) ;
#5774 = CARTESIAN_POINT ( 'NONE',  ( 103.5000000000000142, -8.000000000000000000, -0.000000000000000000 ) ) ;
#5775 = VERTEX_POINT ( 'NONE', #7009 ) ;
#5776 = EDGE_CURVE ( 'NONE', #3663, #7392, #1630, .T. ) ;
#5777 = EDGE_LOOP ( 'NONE', ( #2840, #3554, #5530, #2584 ) ) ;
#5778 = DIRECTION ( 'NONE',  ( 0.000000000000000000, -1.000000000000000000, 0.000000000000000000 ) ) ;
#5779 = CARTESIAN_POINT ( 'NONE',  ( -83.49999999999981526, -1.655421831360723267E-14, 2.749999999999727329 ) ) ;
#5780 = ORIENTED_EDGE ( 'NONE', *, *, #7537, .F. ) ;
#5781 = VERTEX_POINT ( 'NONE', #7048 ) ;
#5782 = EDGE_CURVE ( 'NONE', #3696, #3784, #1081, .T. ) ;
#5783 = DIRECTION ( 'NONE',  ( -1.804112415015906894E-13, 0.000000000000000000, -1.000000000000000000 ) ) ;
#5784 = CARTESIAN_POINT ( 'NONE',  ( 0.000000000000000000, 160.0000000000000000, 97.24999999999978684 ) ) ;
#5785 = EDGE_LOOP ( 'NONE', ( #1774, #7742, #5061, #1481 ) ) ;
#5786 = FACE_OUTER_BOUND ( 'NONE', #4162, .T. ) ;
#5787 = LINE ( 'NONE', #2219, #866 ) ;
#5788 = EDGE_LOOP ( 'NONE', ( #5643, #3353 ) ) ;
#5789 = CYLINDRICAL_SURFACE ( 'NONE', #5584, 1.699999999999824984 ) ;
#5790 = DIRECTION ( 'NONE',  ( -0.000000000000000000, 1.000000000000000000, -0.000000000000000000 ) ) ;
#5791 = EDGE_LOOP ( 'NONE', ( #5370, #1109, #4799, #4019 ) ) ;
#5792 = LINE ( 'NONE', #3282, #2556 ) ;
#5793 = ORIENTED_EDGE ( 'NONE', *, *, #4817, .T. ) ;
#5794 = CARTESIAN_POINT ( 'NONE',  ( -1.246507886929438602E-15, 9.999999999999998224, 57.24999999999594280 ) ) ;
#5795 = LINE ( 'NONE', #7603, #612 ) ;
#5796 = PRODUCT ( '07-15powershelf', '07-15powershelf', '', ( #314 ) ) ;
#5797 = DIRECTION ( 'NONE',  ( 0.2588190451025145222, -0.9659258262890699775, 0.000000000000000000 ) ) ;
#5798 = ADVANCED_FACE ( 'NONE', ( #5786 ), #3939, .F. ) ;
#5799 = PLANE ( 'NONE',  #566 ) ;
#5800 = LINE ( 'NONE', #425, #5596 ) ;
#5801 = VERTEX_POINT ( 'NONE', #5243 ) ;
#5802 = DIRECTION ( 'NONE',  ( -0.000000000000000000, 1.000000000000000000, -0.000000000000000000 ) ) ;
#5803 = ORIENTED_EDGE ( 'NONE', *, *, #7536, .T. ) ;
#5804 = LINE ( 'NONE', #7719, #6305 ) ;
#5805 = DIRECTION ( 'NONE',  ( -0.000000000000000000, -0.000000000000000000, 1.000000000000000000 ) ) ;
#5806 = DIRECTION ( 'NONE',  ( 0.000000000000000000, 0.000000000000000000, 1.000000000000000000 ) ) ;
#5807 = EDGE_CURVE ( 'NONE', #2050, #7004, #6409, .T. ) ;
#5808 = ADVANCED_FACE ( 'NONE', ( #7083 ), #7550, .T. ) ;
#5809 = EDGE_LOOP ( 'NONE', ( #1715, #1909, #4304, #959 ) ) ;
#5810 = CARTESIAN_POINT ( 'NONE',  ( 85.16379680957777509, 22.81957057949400891, 105.7499999999998295 ) ) ;
#5811 = CARTESIAN_POINT ( 'NONE',  ( -21.08804408221986648, -5.650524381782620509, 2.749999999999727329 ) ) ;
#5812 = EDGE_LOOP ( 'NONE', ( #2104, #6379, #5522, #1281 ) ) ;
#5813 = VECTOR ( 'NONE', #6908, 1000.000000000000000 ) ;
#5814 = VERTEX_POINT ( 'NONE', #5202 ) ;
#5815 = CARTESIAN_POINT ( 'NONE',  ( 83.50000000000065370, 29.02894480630721574, 5.749999999999727329 ) ) ;
#5816 = LINE ( 'NONE', #2795, #3869 ) ;
#5817 = VECTOR ( 'NONE', #582, 1000.000000000000000 ) ;
#5818 = VERTEX_POINT ( 'NONE', #1589 ) ;
#5819 = ORIENTED_EDGE ( 'NONE', *, *, #3895, .T. ) ;
#5820 = CARTESIAN_POINT ( 'NONE',  ( 86.70000000000000284, 4.000000000000023981, -5.750000000000018652 ) ) ;
#5821 = CIRCLE ( 'NONE', #5685, 1.999999999999996225 ) ;
#5822 = FACE_BOUND ( 'NONE', #7171, .T. ) ;
#5823 = VERTEX_POINT ( 'NONE', #3470 ) ;
#5824 = DIRECTION ( 'NONE',  ( 1.000000000000000000, 1.826024711554534653E-16, 0.000000000000000000 ) ) ;
#5826 = ADVANCED_FACE ( 'NONE', ( #3511 ), #4686, .T. ) ;
#5825 = CARTESIAN_POINT ( 'NONE',  ( 103.4999999999998721, 160.0000000000000000, 5.749999999999980460 ) ) ;
#5827 = ORIENTED_EDGE ( 'NONE', *, *, #3220, .T. ) ;
#5828 = AXIS2_PLACEMENT_3D ( 'NONE', #6862, #2745, #2701 ) ;
#5829 = DIRECTION ( 'NONE',  ( 0.000000000000000000, 0.000000000000000000, 1.000000000000000000 ) ) ;
#5830 = VERTEX_POINT ( 'NONE', #5865 ) ;
#5831 = CARTESIAN_POINT ( 'NONE',  ( 94.82305507246843490, 25.40776103051916479, 57.24999999999594280 ) ) ;
#5832 = VERTEX_POINT ( 'NONE', #5746 ) ;
#5833 = AXIS2_PLACEMENT_3D ( 'NONE', #577, #1792, #2970 ) ;
#5834 = DIRECTION ( 'NONE',  ( -1.000000000000000000, 0.000000000000000000, 1.387778780781444689E-15 ) ) ;
#5835 = CARTESIAN_POINT ( 'NONE',  ( -93.50000000000000000, 0.000000000000000000, 45.74999999999988631 ) ) ;
#5836 = AXIS2_PLACEMENT_3D ( 'NONE', #7266, #1802, #6549 ) ;
#5837 = LINE ( 'NONE', #7172, #3452 ) ;
#5838 = LINE ( 'NONE', #2780, #5223 ) ;
#5839 = EDGE_LOOP ( 'NONE', ( #4546, #3357, #575, #5982 ) ) ;
#5840 = LINE ( 'NONE', #392, #1566 ) ;
#5841 = VERTEX_POINT ( 'NONE', #3391 ) ;
#5842 = EDGE_CURVE ( 'NONE', #6792, #186, #412, .T. ) ;
#5843 = DIRECTION ( 'NONE',  ( 0.2588190451025145777, -0.9659258262890699775, 0.000000000000000000 ) ) ;
#5844 = DIRECTION ( 'NONE',  ( -0.2588190451025146888, 0.9659258262890698665, 0.000000000000000000 ) ) ;
#5845 = VECTOR ( 'NONE', #3131, 1000.000000000000000 ) ;
#5846 = CARTESIAN_POINT ( 'NONE',  ( -95.49999999999994316, 160.0000000000000000, -2.409688610265963800E-13 ) ) ;
#5847 = DIRECTION ( 'NONE',  ( 8.673617379884035472E-17, -1.000000000000000000, 0.000000000000000000 ) ) ;
#5848 = FILL_AREA_STYLE_COLOUR ( '', #6714 ) ;
#5849 = VERTEX_POINT ( 'NONE', #2914 ) ;
#5850 = VECTOR ( 'NONE', #774, 999.9999999999998863 ) ;
#5851 = ORIENTED_EDGE ( 'NONE', *, *, #5238, .F. ) ;
#5852 = EDGE_CURVE ( 'NONE', #2129, #565, #617, .T. ) ;
#5853 = EDGE_CURVE ( 'NONE', #1194, #957, #2882, .T. ) ;
#5854 = CARTESIAN_POINT ( 'NONE',  ( 83.50000000000063949, 0.000000000000000000, 2.749999999999727329 ) ) ;
#5855 = EDGE_CURVE ( 'NONE', #3831, #607, #2218, .T. ) ;
#5856 = LINE ( 'NONE', #481, #6496 ) ;
#5857 = CIRCLE ( 'NONE', #6987, 1.799999999999996048 ) ;
#5858 = VERTEX_POINT ( 'NONE', #2291 ) ;
#5859 = ORIENTED_EDGE ( 'NONE', *, *, #4689, .F. ) ;
#5860 = EDGE_CURVE ( 'NONE', #4202, #2654, #3622, .T. ) ;
#5861 = CARTESIAN_POINT ( 'NONE',  ( -2.493015773858885802E-14, 150.0000000000000284, 105.7499999999998295 ) ) ;
#5862 = VECTOR ( 'NONE', #7394, 1000.000000000000000 ) ;
#5863 = CARTESIAN_POINT ( 'NONE',  ( -11.42878581932923510, -3.062333930757457079, 108.7499999999996874 ) ) ;
#5864 = ORIENTED_EDGE ( 'NONE', *, *, #6315, .T. ) ;
#5865 = CARTESIAN_POINT ( 'NONE',  ( -83.49999999999985789, 111.3629669484363092, 2.749999999999727329 ) ) ;
#5866 = FACE_OUTER_BOUND ( 'NONE', #3738, .T. ) ;
#5867 = AXIS2_PLACEMENT_3D ( 'NONE', #271, #5137, #385 ) ;
#5868 = ORIENTED_EDGE ( 'NONE', *, *, #3024, .T. ) ;
#5869 = VECTOR ( 'NONE', #1335, 1000.000000000000000 ) ;
#5870 = LINE ( 'NONE', #6570, #4849 ) ;
#5871 = ADVANCED_FACE ( 'NONE', ( #374 ), #6927, .T. ) ;
#5872 = CARTESIAN_POINT ( 'NONE',  ( -2.493015773858885802E-14, 150.0000000000000284, 105.7499999999998295 ) ) ;
#5873 = VERTEX_POINT ( 'NONE', #5164 ) ;
#5874 = VECTOR ( 'NONE', #422, 1000.000000000000000 ) ;
#5875 = VECTOR ( 'NONE', #2034, 1000.000000000000000 ) ;
#5876 = DIRECTION ( 'NONE',  ( 0.000000000000000000, 0.000000000000000000, 1.000000000000000000 ) ) ;
#5877 = DIRECTION ( 'NONE',  ( 0.000000000000000000, 0.000000000000000000, 1.000000000000000000 ) ) ;
#5878 = VECTOR ( 'NONE', #6528, 1000.000000000000000 ) ;
#5879 = FACE_BOUND ( 'NONE', #3569, .T. ) ;
#5880 = CARTESIAN_POINT ( 'NONE',  ( -88.50000000000000000, 156.0000000000000000, 54.24999999999529621 ) ) ;
#5881 = ORIENTED_EDGE ( 'NONE', *, *, #152, .T. ) ;
#5882 = ADVANCED_FACE ( 'NONE', ( #1899 ), #4804, .T. ) ;
#5883 = DIRECTION ( 'NONE',  ( -1.000000000000000000, 0.000000000000000000, 7.421276902574575884E-17 ) ) ;
#5884 = VERTEX_POINT ( 'NONE', #4289 ) ;
#5885 = CYLINDRICAL_SURFACE ( 'NONE', #7562, 1.799999999999996048 ) ;
#5886 = CARTESIAN_POINT ( 'NONE',  ( -95.49999999999893419, -3.000000000000000000, 100.2499999999999005 ) ) ;
#5887 = PLANE ( 'NONE',  #2232 ) ;
#5888 = CARTESIAN_POINT ( 'NONE',  ( 46.52676375801492981, 12.46680877539340493, 54.24999999999594280 ) ) ;
#5889 = DIRECTION ( 'NONE',  ( -1.000000000000000000, 0.000000000000000000, -2.413528314402514287E-15 ) ) ;
#5890 = VERTEX_POINT ( 'NONE', #4210 ) ;
#5891 = ORIENTED_EDGE ( 'NONE', *, *, #2036, .F. ) ;
#5892 = DIRECTION ( 'NONE',  ( -1.000000000000000000, 0.000000000000000000, 0.000000000000000000 ) ) ;
#5893 = ADVANCED_BREP_SHAPE_REPRESENTATION ( '07-15powershelf', ( #2731, #754 ), #7508 ) ;
#5894 = CARTESIAN_POINT ( 'NONE',  ( 67.89326678546534310, 10.00000000000000888, 2.749999999999727329 ) ) ;
#5895 = EDGE_CURVE ( 'NONE', #6558, #1327, #2956, .T. ) ;
#5896 = ORIENTED_EDGE ( 'NONE', *, *, #3814, .T. ) ;
#5897 = ORIENTED_EDGE ( 'NONE', *, *, #3981, .T. ) ;
#5898 = EDGE_CURVE ( 'NONE', #3984, #2016, #7279, .T. ) ;
#5899 = PLANE ( 'NONE',  #220 ) ;
#5900 = FACE_BOUND ( 'NONE', #1452, .T. ) ;
#5901 = EDGE_LOOP ( 'NONE', ( #5780, #1085, #4791, #3270 ) ) ;
#5902 = DIRECTION ( 'NONE',  ( 1.000000000000000000, 1.246507886929438799E-16, 0.000000000000000000 ) ) ;
#5903 = DIRECTION ( 'NONE',  ( 0.000000000000000000, 0.000000000000000000, 1.000000000000000000 ) ) ;
#5904 = EDGE_CURVE ( 'NONE', #2457, #4173, #7196, .T. ) ;
#5905 = ORIENTED_EDGE ( 'NONE', *, *, #2461, .F. ) ;
#5906 = CARTESIAN_POINT ( 'NONE',  ( -88.50000000000000000, 156.0000000000000000, 57.24999999999949551 ) ) ;
#5907 = CARTESIAN_POINT ( 'NONE',  ( 26.48221956906199637, 10.00000000000000178, 108.7499999999996874 ) ) ;
#5908 = ORIENTED_EDGE ( 'NONE', *, *, #4988, .F. ) ;
#5909 = DIRECTION ( 'NONE',  ( 1.206764157201257143E-15, 0.000000000000000000, 1.000000000000000000 ) ) ;
#5910 = CARTESIAN_POINT ( 'NONE',  ( -50.06581887089210170, -13.41509573485805973, 54.24999999999594280 ) ) ;
#5911 = CARTESIAN_POINT ( 'NONE',  ( 0.000000000000000000, 0.000000000000000000, 0.000000000000000000 ) ) ;
#5912 = DIRECTION ( 'NONE',  ( 1.206764157201257143E-15, 0.000000000000000000, 1.000000000000000000 ) ) ;
#5913 = ORIENTED_EDGE ( 'NONE', *, *, #6936, .F. ) ;
#5914 = DIRECTION ( 'NONE',  ( 0.000000000000000000, 0.000000000000000000, 1.000000000000000000 ) ) ;
#5915 = EDGE_LOOP ( 'NONE', ( #5950, #764, #3467 ) ) ;
#5916 = LINE ( 'NONE', #539, #6556 ) ;
#5917 = CARTESIAN_POINT ( 'NONE',  ( -52.44171458769748995, 150.0000000000000284, 105.7499999999998295 ) ) ;
#5918 = CARTESIAN_POINT ( 'NONE',  ( 103.4999999999999005, -3.200000000000000178, -5.750000000000018652 ) ) ;
#5919 = EDGE_CURVE ( 'NONE', #857, #1149, #5398, .T. ) ;
#5920 = LINE ( 'NONE', #4788, #4439 ) ;
#5921 = FACE_OUTER_BOUND ( 'NONE', #5809, .T. ) ;
#5922 = VERTEX_POINT ( 'NONE', #6096 ) ;
#5923 = ORIENTED_EDGE ( 'NONE', *, *, #4759, .T. ) ;
#5924 = CARTESIAN_POINT ( 'NONE',  ( 17.54898896934286157, 4.702237422317979032, 105.7499999999998295 ) ) ;
#5925 = DIRECTION ( 'NONE',  ( -1.000000000000000000, -0.000000000000000000, -2.775557561562893323E-15 ) ) ;
#5926 = ORIENTED_EDGE ( 'NONE', *, *, #3333, .T. ) ;
#5927 = AXIS2_PLACEMENT_3D ( 'NONE', #3960, #3186, #6764 ) ;
#5928 = CARTESIAN_POINT ( 'NONE',  ( -96.50000000000000000, 0.000000000000000000, 77.25000000000005684 ) ) ;
#5929 = VERTEX_POINT ( 'NONE', #3628 ) ;
#5930 = DIRECTION ( 'NONE',  ( 1.387778780781444689E-15, -0.000000000000000000, 1.000000000000000000 ) ) ;
#5931 = FACE_BOUND ( 'NONE', #6404, .T. ) ;
#5932 = LINE ( 'NONE', #2374, #5984 ) ;
#5933 = EDGE_LOOP ( 'NONE', ( #1616, #6435, #4314, #7282 ) ) ;
#5934 = ADVANCED_FACE ( 'NONE', ( #3543 ), #2448, .F. ) ;
#5935 = VECTOR ( 'NONE', #3398, 1000.000000000000000 ) ;
#5936 = LINE ( 'NONE', #4136, #5878 ) ;
#5937 = FACE_OUTER_BOUND ( 'NONE', #5601, .T. ) ;
#5938 = ORIENTED_EDGE ( 'NONE', *, *, #3924, .T. ) ;
#5939 = AXIS2_PLACEMENT_3D ( 'NONE', #921, #3427, #2682 ) ;
#5940 = LINE ( 'NONE', #568, #4973 ) ;
#5941 = CARTESIAN_POINT ( 'NONE',  ( -21.38342917539508292, 149.9999999999999716, 57.24999999999594280 ) ) ;
#5942 = ORIENTED_EDGE ( 'NONE', *, *, #4016, .F. ) ;
#5943 = EDGE_CURVE ( 'NONE', #7732, #5873, #3704, .T. ) ;
#5944 = ADVANCED_FACE ( 'NONE', ( #3664 ), #95, .T. ) ;
#5945 = DIRECTION ( 'NONE',  ( 1.000000000000000000, 1.662010515905918563E-16, 0.000000000000000000 ) ) ;
#5946 = DIRECTION ( 'NONE',  ( 0.000000000000000000, -1.000000000000000000, 0.000000000000000000 ) ) ;
#5947 = AXIS2_PLACEMENT_3D ( 'NONE', #5810, #6317, #1617 ) ;
#5948 = VECTOR ( 'NONE', #4550, 1000.000000000000000 ) ;
#5949 = EDGE_CURVE ( 'NONE', #3035, #3754, #6022, .T. ) ;
#5950 = ORIENTED_EDGE ( 'NONE', *, *, #7568, .T. ) ;
#5951 = FACE_BOUND ( 'NONE', #1853, .T. ) ;
#5952 = CARTESIAN_POINT ( 'NONE',  ( -103.4999999999998863, 160.0000000000000000, 5.749999999999980460 ) ) ;
#5953 = ORIENTED_EDGE ( 'NONE', *, *, #826, .T. ) ;
#5954 = VECTOR ( 'NONE', #4720, 1000.000000000000000 ) ;
#5955 = DIRECTION ( 'NONE',  ( 1.000000000000000000, -0.000000000000000000, 0.000000000000000000 ) ) ;
#5956 = EDGE_LOOP ( 'NONE', ( #3021, #1507, #636, #2894 ) ) ;
#5957 = ADVANCED_FACE ( 'NONE', ( #4843 ), #2330, .F. ) ;
#5958 = CARTESIAN_POINT ( 'NONE',  ( 46.52676375801497244, 12.46680877539342092, 105.7499999999998295 ) ) ;
#5959 = CARTESIAN_POINT ( 'NONE',  ( -96.50000000000000000, -10.00000000000000000, 77.25000000000005684 ) ) ;
#5960 = DIRECTION ( 'NONE',  ( -1.000000000000000000, 0.000000000000000000, -1.804112415015894777E-13 ) ) ;
#5961 = LINE ( 'NONE', #4751, #558 ) ;
#5962 = DIRECTION ( 'NONE',  ( -0.000000000000000000, -0.000000000000000000, 1.000000000000000000 ) ) ;
#5963 = ORIENTED_EDGE ( 'NONE', *, *, #4376, .T. ) ;
#5964 = EDGE_LOOP ( 'NONE', ( #286, #6275, #7019, #4732, #1694, #6816, #2140, #3667, #659, #1541, #3190 ) ) ;
#5965 = EDGE_CURVE ( 'NONE', #5466, #4768, #6565, .T. ) ;
#5966 = CIRCLE ( 'NONE', #1583, 2.000000000000000000 ) ;
#5967 = CARTESIAN_POINT ( 'NONE',  ( -90.30000000000001137, 0.000000000000000000, 105.7499999999998295 ) ) ;
#5968 = LINE ( 'NONE', #7113, #3377 ) ;
#5969 = VERTEX_POINT ( 'NONE', #1196 ) ;
#5970 = VECTOR ( 'NONE', #3821, 1000.000000000000000 ) ;
#5971 = DIRECTION ( 'NONE',  ( 0.000000000000000000, 0.000000000000000000, 1.000000000000000000 ) ) ;
#5972 = VERTEX_POINT ( 'NONE', #7743 ) ;
#5973 = ORIENTED_EDGE ( 'NONE', *, *, #2732, .T. ) ;
#5974 = DIRECTION ( 'NONE',  ( -0.9659258262890699775, -0.2588190451025145222, 0.000000000000000000 ) ) ;
#5975 = EDGE_CURVE ( 'NONE', #6246, #5972, #1818, .T. ) ;
#5976 = CARTESIAN_POINT ( 'NONE',  ( 83.50000000000065370, 29.02894480630721574, 2.749999999999727329 ) ) ;
#5977 = CARTESIAN_POINT ( 'NONE',  ( -96.50000000000000000, -24.12451549659737893, -9.750000000000019540 ) ) ;
#5978 = VERTEX_POINT ( 'NONE', #7236 ) ;
#5979 = AXIS2_PLACEMENT_3D ( 'NONE', #606, #3950, #3626 ) ;
#5980 = DIRECTION ( 'NONE',  ( -0.000000000000000000, -0.000000000000000000, 1.000000000000000000 ) ) ;
#5981 = LINE ( 'NONE', #3001, #6372 ) ;
#5982 = ORIENTED_EDGE ( 'NONE', *, *, #1468, .T. ) ;
#5983 = EDGE_CURVE ( 'NONE', #712, #5501, #563, .T. ) ;
#5984 = VECTOR ( 'NONE', #3582, 1000.000000000000000 ) ;
#5985 = CARTESIAN_POINT ( 'NONE',  ( 96.50000000000000000, -10.00000000000000000, 77.25000000000005684 ) ) ;
#5986 = CARTESIAN_POINT ( 'NONE',  ( 26.48221956906208163, 10.00000000000000178, 5.749999999999727329 ) ) ;
#5987 = VERTEX_POINT ( 'NONE', #7124 ) ;
#5988 = CARTESIAN_POINT ( 'NONE',  ( 75.50453854668714371, 20.23138012846883171, 5.749999999999727329 ) ) ;
#5989 = AXIS2_PLACEMENT_3D ( 'NONE', #3172, #3138, #708 ) ;
#5990 = VECTOR ( 'NONE', #7297, 999.9999999999998863 ) ;
#5991 = DIRECTION ( 'NONE',  ( 0.000000000000000000, 1.000000000000000000, 0.000000000000000000 ) ) ;
#5992 = EDGE_LOOP ( 'NONE', ( #2792, #7677, #4026, #3969 ) ) ;
#5993 = EDGE_CURVE ( 'NONE', #6652, #6973, #686, .T. ) ;
#5994 = DIRECTION ( 'NONE',  ( 0.000000000000000000, 1.000000000000000000, -0.000000000000000000 ) ) ;
#5995 = VECTOR ( 'NONE', #4449, 1000.000000000000000 ) ;
#5996 = CARTESIAN_POINT ( 'NONE',  ( 83.49999999999992895, -1.655421831360722636E-14, 105.7499999999998295 ) ) ;
#5997 = VERTEX_POINT ( 'NONE', #1743 ) ;
#5998 = VECTOR ( 'NONE', #2585, 1000.000000000000000 ) ;
#5999 = EDGE_CURVE ( 'NONE', #6743, #6953, #5936, .T. ) ;
#6000 = CARTESIAN_POINT ( 'NONE',  ( 96.50000000000000000, 0.000000000000000000, 75.55000000000003979 ) ) ;
#6001 = ORIENTED_EDGE ( 'NONE', *, *, #6807, .T. ) ;
#6002 = CARTESIAN_POINT ( 'NONE',  ( -93.50000000000001421, 2.000000000000000000, 92.66742430504395145 ) ) ;
#6003 = CARTESIAN_POINT ( 'NONE',  ( -95.49999999999893419, 160.0000000000000000, 100.2499999999999005 ) ) ;
#6004 = CARTESIAN_POINT ( 'NONE',  ( 95.50000000000106581, -3.000000000000000000, 105.7499999999996589 ) ) ;
#6005 = CIRCLE ( 'NONE', #2500, 4.999999999999997335 ) ;
#6006 = AXIS2_PLACEMENT_3D ( 'NONE', #726, #7699, #1780 ) ;
#6007 = EDGE_CURVE ( 'NONE', #6414, #2830, #1127, .T. ) ;
#6008 = DIRECTION ( 'NONE',  ( 0.000000000000000000, 0.000000000000000000, 1.000000000000000000 ) ) ;
#6009 = DIRECTION ( 'NONE',  ( -1.000000000000000000, 0.000000000000000000, -0.000000000000000000 ) ) ;
#6010 = ORIENTED_EDGE ( 'NONE', *, *, #7151, .T. ) ;
#6011 = ORIENTED_EDGE ( 'NONE', *, *, #7391, .T. ) ;
#6012 = VECTOR ( 'NONE', #796, 1000.000000000000000 ) ;
#6013 = PLANE ( 'NONE',  #604 ) ;
#6014 = LINE ( 'NONE', #3104, #745 ) ;
#6015 = ADVANCED_FACE ( 'NONE', ( #4009 ), #1978, .F. ) ;
#6016 = CARTESIAN_POINT ( 'NONE',  ( -95.49999999999995737, -3.200000000000000178, 2.749999999999981348 ) ) ;
#6017 = ORIENTED_EDGE ( 'NONE', *, *, #4275, .F. ) ;
#6018 = ORIENTED_EDGE ( 'NONE', *, *, #2788, .F. ) ;
#6019 = DIRECTION ( 'NONE',  ( 0.000000000000000000, 0.000000000000000000, 1.000000000000000000 ) ) ;
#6020 = CARTESIAN_POINT ( 'NONE',  ( -62.79447639179834795, 149.9999999999999716, 57.24999999999594280 ) ) ;
#6021 = ORIENTED_EDGE ( 'NONE', *, *, #198, .F. ) ;
#6022 = LINE ( 'NONE', #1315, #2370 ) ;
#6023 = CARTESIAN_POINT ( 'NONE',  ( -99.49999999999990052, 160.0000000000000000, -1.864827736675008304E-14 ) ) ;
#6024 = EDGE_LOOP ( 'NONE', ( #1004, #132, #2504, #1905 ) ) ;
#6025 = EDGE_CURVE ( 'NONE', #5074, #1582, #6765, .T. ) ;
#6026 = ORIENTED_EDGE ( 'NONE', *, *, #4507, .T. ) ;
#6027 = DIRECTION ( 'NONE',  ( 0.000000000000000000, 0.000000000000000000, -1.000000000000000000 ) ) ;
#6028 = LINE ( 'NONE', #7242, #1314 ) ;
#6029 = ORIENTED_EDGE ( 'NONE', *, *, #6, .T. ) ;
#6030 = DIRECTION ( 'NONE',  ( 0.2588190451025144667, -0.9659258262890700886, 0.000000000000000000 ) ) ;
#6031 = DIRECTION ( 'NONE',  ( 1.000000000000000000, -0.000000000000000000, 0.000000000000000000 ) ) ;
#6032 = VERTEX_POINT ( 'NONE', #2709 ) ;
#6033 = PLANE ( 'NONE',  #4450 ) ;
#6034 = PLANE ( 'NONE',  #839 ) ;
#6035 = EDGE_LOOP ( 'NONE', ( #4724, #256, #1999, #4389 ) ) ;
#6036 = CARTESIAN_POINT ( 'NONE',  ( 86.70000000000000284, 1.583163424917781255E-14, 105.7499999999998295 ) ) ;
#6037 = ORIENTED_EDGE ( 'NONE', *, *, #1639, .T. ) ;
#6038 = DIRECTION ( 'NONE',  ( -1.000000000000000000, 0.000000000000000000, 1.804112415015906894E-13 ) ) ;
#6039 = DIRECTION ( 'NONE',  ( 0.000000000000000000, 1.000000000000000000, -0.000000000000000000 ) ) ;
#6040 = ADVANCED_FACE ( 'NONE', ( #5771, #5551, #1391, #4552, #1936, #1612, #5185, #4517, #3922, #6354, #2159, #7572, #396 ), #6911, .F. ) ;
#6041 = LINE ( 'NONE', #667, #3352 ) ;
#6042 = FACE_OUTER_BOUND ( 'NONE', #2337, .T. ) ;
#6043 = FACE_OUTER_BOUND ( 'NONE', #7501, .T. ) ;
#6044 = ORIENTED_EDGE ( 'NONE', *, *, #3156, .F. ) ;
#6045 = ORIENTED_EDGE ( 'NONE', *, *, #6334, .F. ) ;
#6046 = CARTESIAN_POINT ( 'NONE',  ( 86.69999999999997442, 156.0000000000000284, -5.750000000000018652 ) ) ;
#6047 = ADVANCED_FACE ( 'NONE', ( #354 ), #7496, .F. ) ;
#6048 = EDGE_CURVE ( 'NONE', #4218, #6207, #6314, .T. ) ;
#6049 = PLANE ( 'NONE',  #4118 ) ;
#6050 = LINE ( 'NONE', #6088, #3081 ) ;
#6051 = ORIENTED_EDGE ( 'NONE', *, *, #6431, .F. ) ;
#6052 = VERTEX_POINT ( 'NONE', #3152 ) ;
#6053 = CARTESIAN_POINT ( 'NONE',  ( -86.70000000000000284, 156.0000000000000000, 57.24999999999939604 ) ) ;
#6054 = DIRECTION ( 'NONE',  ( 0.000000000000000000, 1.000000000000000000, 0.000000000000000000 ) ) ;
#6055 = ORIENTED_EDGE ( 'NONE', *, *, #3459, .F. ) ;
#6056 = DIRECTION ( 'NONE',  ( -0.000000000000000000, -1.000000000000000000, -0.000000000000000000 ) ) ;
#6057 = DIRECTION ( 'NONE',  ( 1.000000000000000000, 1.246507886929438799E-16, 0.000000000000000000 ) ) ;
#6058 = ORIENTED_EDGE ( 'NONE', *, *, #6324, .T. ) ;
#6059 = EDGE_LOOP ( 'NONE', ( #3777, #4713, #2018, #140 ) ) ;
#6060 = CARTESIAN_POINT ( 'NONE',  ( -93.49999999999994316, -3.000000000000000000, 10.33257569495582295 ) ) ;
#6061 = VECTOR ( 'NONE', #5712, 1000.000000000000000 ) ;
#6062 = CARTESIAN_POINT ( 'NONE',  ( -31.73619097949589829, 149.9999999999999716, 57.24999999999594280 ) ) ;
#6063 = VERTEX_POINT ( 'NONE', #1355 ) ;
#6064 = ADVANCED_FACE ( 'NONE', ( #5148 ), #6990, .F. ) ;
#6065 = LINE ( 'NONE', #4852, #3994 ) ;
#6066 = FACE_OUTER_BOUND ( 'NONE', #2051, .T. ) ;
#6067 = ORIENTED_EDGE ( 'NONE', *, *, #4469, .T. ) ;
#6068 = AXIS2_PLACEMENT_3D ( 'NONE', #1397, #6105, #6773 ) ;
#6069 = LINE ( 'NONE', #4858, #2453 ) ;
#6070 = CARTESIAN_POINT ( 'NONE',  ( 96.50000000000000000, -8.000000000000000000, -8.050000000000020250 ) ) ;
#6071 = ORIENTED_EDGE ( 'NONE', *, *, #2294, .F. ) ;
#6072 = CARTESIAN_POINT ( 'NONE',  ( -95.49999999999893419, -3.200000000000000178, 0.000000000000000000 ) ) ;
#6073 = VERTEX_POINT ( 'NONE', #4595 ) ;
#6074 = VECTOR ( 'NONE', #4194, 999.9999999999998863 ) ;
#6075 = DIRECTION ( 'NONE',  ( 1.000000000000000000, 1.246507886929438799E-16, 0.000000000000000000 ) ) ;
#6076 = CARTESIAN_POINT ( 'NONE',  ( -30.74730234511063287, -8.238714832807747968, 108.7499999999996874 ) ) ;
#6077 = CARTESIAN_POINT ( 'NONE',  ( 26.48221956906193952, 10.00000000000000178, 57.24999999999594280 ) ) ;
#6078 = CIRCLE ( 'NONE', #2695, 2.000000000000001776 ) ;
#6079 = CARTESIAN_POINT ( 'NONE',  ( 86.69999999999997442, 156.0000000000000284, 54.24999999999953815 ) ) ;
#6080 = ADVANCED_FACE ( 'NONE', ( #3114 ), #3332, .F. ) ;
#6081 = DIRECTION ( 'NONE',  ( -1.000000000000000000, 0.000000000000000000, 0.000000000000000000 ) ) ;
#6082 = ORIENTED_EDGE ( 'NONE', *, *, #6370, .F. ) ;
#6083 = ORIENTED_EDGE ( 'NONE', *, *, #6658, .T. ) ;
#6084 = CARTESIAN_POINT ( 'NONE',  ( 99.49999999999991473, 160.0000000000000000, -1.864827736675067626E-14 ) ) ;
#6085 = VECTOR ( 'NONE', #1347, 1000.000000000000000 ) ;
#6086 = CARTESIAN_POINT ( 'NONE',  ( 5.776695960860446455, 9.999999999999998224, 5.749999999999727329 ) ) ;
#6087 = ADVANCED_FACE ( 'NONE', ( #6947 ), #1571, .F. ) ;
#6088 = CARTESIAN_POINT ( 'NONE',  ( 103.5000000000000142, -3.200000000000000178, 108.7499999999996874 ) ) ;
#6089 = ORIENTED_EDGE ( 'NONE', *, *, #2527, .T. ) ;
#6090 = VECTOR ( 'NONE', #5642, 1000.000000000000000 ) ;
#6091 = EDGE_LOOP ( 'NONE', ( #5142, #1202, #1173, #1704 ) ) ;
#6092 = CARTESIAN_POINT ( 'NONE',  ( 61.43866525741156437, 149.9999999999999716, 2.749999999999727329 ) ) ;
#6093 = EDGE_CURVE ( 'NONE', #1492, #4031, #4922, .T. ) ;
#6094 = FACE_OUTER_BOUND ( 'NONE', #4555, .T. ) ;
#6095 = PLANE ( 'NONE',  #6577 ) ;
#6096 = CARTESIAN_POINT ( 'NONE',  ( -52.44171458769748995, 150.0000000000000284, 108.7499999999996874 ) ) ;
#6097 = LINE ( 'NONE', #1820, #2873 ) ;
#6098 = AXIS2_PLACEMENT_3D ( 'NONE', #5520, #4848, #142 ) ;
#6099 = ORIENTED_EDGE ( 'NONE', *, *, #6795, .F. ) ;
#6100 = ADVANCED_FACE ( 'NONE', ( #7313 ), #4330, .T. ) ;
#6101 = ORIENTED_EDGE ( 'NONE', *, *, #3598, .F. ) ;
#6102 = EDGE_CURVE ( 'NONE', #5074, #4503, #770, .T. ) ;
#6103 = LINE ( 'NONE', #1943, #6726 ) ;
#6104 = VECTOR ( 'NONE', #371, 1000.000000000000000 ) ;
#6105 = DIRECTION ( 'NONE',  ( -0.9659258262890699775, -0.2588190451025145777, 0.000000000000000000 ) ) ;
#6106 = ORIENTED_EDGE ( 'NONE', *, *, #5046, .T. ) ;
#6107 = PLANE ( 'NONE',  #1863 ) ;
#6108 = CARTESIAN_POINT ( 'NONE',  ( 6.071532165918786965E-14, 0.000000000000000000, 43.74999999999975131 ) ) ;
#6109 = EDGE_LOOP ( 'NONE', ( #7118, #3432, #1283, #3603 ) ) ;
#6110 = VECTOR ( 'NONE', #5783, 1000.000000000000000 ) ;
#6111 = ADVANCED_FACE ( 'NONE', ( #1799 ), #1029, .F. ) ;
#6112 = DIRECTION ( 'NONE',  ( 0.000000000000000000, 0.000000000000000000, 1.000000000000000000 ) ) ;
#6113 = FACE_OUTER_BOUND ( 'NONE', #2762, .T. ) ;
#6114 = ORIENTED_EDGE ( 'NONE', *, *, #4669, .T. ) ;
#6115 = CYLINDRICAL_SURFACE ( 'NONE', #43, 2.000000000000001776 ) ;
#6116 = EDGE_LOOP ( 'NONE', ( #2703, #821, #7422, #2532 ) ) ;
#6117 = VECTOR ( 'NONE', #4736, 1000.000000000000000 ) ;
#6118 = VECTOR ( 'NONE', #3779, 1000.000000000000000 ) ;
#6119 = CARTESIAN_POINT ( 'NONE',  ( 103.5000000000000142, 2.000000000000001776, 57.25000000000010658 ) ) ;
#6120 = DIRECTION ( 'NONE',  ( -0.000000000000000000, 0.000000000000000000, 1.000000000000000000 ) ) ;
#6121 = PLANE ( 'NONE',  #3103 ) ;
#6122 = AXIS2_PLACEMENT_3D ( 'NONE', #5704, #2727, #375 ) ;
#6123 = VECTOR ( 'NONE', #946, 1000.000000000000000 ) ;
#6124 = ADVANCED_FACE ( 'NONE', ( #2978 ), #7681, .F. ) ;
#6125 = DIRECTION ( 'NONE',  ( 1.000000000000000000, 1.246507886929438799E-16, 0.000000000000000000 ) ) ;
#6126 = FACE_BOUND ( 'NONE', #6035, .T. ) ;
#6127 = ORIENTED_EDGE ( 'NONE', *, *, #1282, .F. ) ;
#6128 = ORIENTED_EDGE ( 'NONE', *, *, #4242, .F. ) ;
#6129 = CARTESIAN_POINT ( 'NONE',  ( 83.50000000000049738, 0.000000000000000000, 57.24999999999594280 ) ) ;
#6130 = AXIS2_PLACEMENT_3D ( 'NONE', #4290, #3665, #7237 ) ;
#6131 = CIRCLE ( 'NONE', #2744, 4.999999999999997335 ) ;
#6132 = CARTESIAN_POINT ( 'NONE',  ( -83.49999999999992895, 150.0000000000000284, 108.7499999999996874 ) ) ;
#6133 = DIRECTION ( 'NONE',  ( 0.000000000000000000, -0.000000000000000000, -1.000000000000000000 ) ) ;
#6134 = VERTEX_POINT ( 'NONE', #7650 ) ;
#6135 = VECTOR ( 'NONE', #7469, 1000.000000000000000 ) ;
#6136 = ORIENTED_EDGE ( 'NONE', *, *, #7583, .T. ) ;
#6137 = DIRECTION ( 'NONE',  ( 1.000000000000000000, 1.662010515905923740E-16, 0.000000000000000000 ) ) ;
#6138 = CARTESIAN_POINT ( 'NONE',  ( 93.50000000000001421, -3.000000000000000000, 92.66742430504392303 ) ) ;
#6139 = DIRECTION ( 'NONE',  ( 0.2588190451025145777, -0.9659258262890699775, 0.000000000000000000 ) ) ;
#6140 = DIRECTION ( 'NONE',  ( -1.000000000000000000, 0.000000000000000000, -2.775557561562893323E-15 ) ) ;
#6141 = EDGE_CURVE ( 'NONE', #2050, #1043, #471, .T. ) ;
#6142 = CARTESIAN_POINT ( 'NONE',  ( 83.50000000000062528, 67.66597785787105579, 5.749999999999727329 ) ) ;
#6143 = ORIENTED_EDGE ( 'NONE', *, *, #215, .T. ) ;
#6144 = VERTEX_POINT ( 'NONE', #4076 ) ;
#6145 = FACE_BOUND ( 'NONE', #787, .T. ) ;
#6146 = CARTESIAN_POINT ( 'NONE',  ( 1.140404673924322588E-13, 149.9999999999999716, 2.749999999999727329 ) ) ;
#6147 = ORIENTED_EDGE ( 'NONE', *, *, #6193, .T. ) ;
#6148 = FACE_OUTER_BOUND ( 'NONE', #1831, .T. ) ;
#6149 = ADVANCED_FACE ( 'NONE', ( #7766 ), #4748, .F. ) ;
#6150 = EDGE_CURVE ( 'NONE', #6558, #4965, #4787, .T. ) ;
#6151 = CARTESIAN_POINT ( 'NONE',  ( 75.50453854668701581, 20.23138012846883171, 54.24999999999594280 ) ) ;
#6152 = ORIENTED_EDGE ( 'NONE', *, *, #4589, .F. ) ;
#6153 = CARTESIAN_POINT ( 'NONE',  ( 0.000000000000000000, -3.000000000000000000, 0.000000000000000000 ) ) ;
#6154 = DIRECTION ( 'NONE',  ( -1.826024711554534653E-16, 1.000000000000000000, 7.348943208846029037E-30 ) ) ;
#6155 = EDGE_LOOP ( 'NONE', ( #844, #311, #4881, #914 ) ) ;
#6156 = CARTESIAN_POINT ( 'NONE',  ( 20.02761804100831355, 149.9999999999999716, 5.749999999999727329 ) ) ;
#6157 = VERTEX_POINT ( 'NONE', #1682 ) ;
#6158 = DIRECTION ( 'NONE',  ( 0.000000000000000000, 0.000000000000000000, 1.000000000000000000 ) ) ;
#6159 = DIRECTION ( 'NONE',  ( 1.000000000000000000, 1.662010515905918563E-16, 0.000000000000000000 ) ) ;
#6160 = FACE_OUTER_BOUND ( 'NONE', #7655, .T. ) ;
#6161 = UNCERTAINTY_MEASURE_WITH_UNIT (LENGTH_MEASURE( 1.000000000000000082E-05 ), #7066, 'distance_accuracy_value', 'NONE');
#6162 = CARTESIAN_POINT ( 'NONE',  ( 1.377241172440915905E-13, 9.999999999999998224, 2.749999999999727329 ) ) ;
#6163 = ORIENTED_EDGE ( 'NONE', *, *, #5852, .F. ) ;
#6164 = ORIENTED_EDGE ( 'NONE', *, *, #3648, .F. ) ;
#6165 = FACE_OUTER_BOUND ( 'NONE', #6059, .T. ) ;
#6166 = EDGE_CURVE ( 'NONE', #2146, #2559, #3528, .T. ) ;
#6167 = DIRECTION ( 'NONE',  ( -0.000000000000000000, 0.000000000000000000, 1.000000000000000000 ) ) ;
#6168 = CARTESIAN_POINT ( 'NONE',  ( -103.5000000000000142, -3.200000000000000178, 108.7499999999996732 ) ) ;
#6169 = ORIENTED_EDGE ( 'NONE', *, *, #3460, .F. ) ;
#6170 = VERTEX_POINT ( 'NONE', #1145 ) ;
#6171 = CARTESIAN_POINT ( 'NONE',  ( 95.50000000000106581, -3.200000000000000178, 100.2499999999999005 ) ) ;
#6172 = CARTESIAN_POINT ( 'NONE',  ( 71.79142706151239395, 149.9999999999999716, 2.749999999999727329 ) ) ;
#6173 = DIRECTION ( 'NONE',  ( 1.000000000000000000, -0.000000000000000000, 0.000000000000000000 ) ) ;
#6174 = DIRECTION ( 'NONE',  ( 0.000000000000000000, 0.000000000000000000, 1.000000000000000000 ) ) ;
#6175 = ORIENTED_EDGE ( 'NONE', *, *, #6919, .T. ) ;
#6176 = VERTEX_POINT ( 'NONE', #7180 ) ;
#6177 = EDGE_CURVE ( 'NONE', #350, #6856, #7065, .T. ) ;
#6178 = DIRECTION ( 'NONE',  ( 1.000000000000000000, 1.246507886929443236E-16, 0.000000000000000000 ) ) ;
#6179 = LINE ( 'NONE', #2613, #1679 ) ;
#6180 = ORIENTED_EDGE ( 'NONE', *, *, #641, .F. ) ;
#6181 = CARTESIAN_POINT ( 'NONE',  ( -93.49999999999990052, 0.000000000000000000, -0.000000000000000000 ) ) ;
#6182 = DIRECTION ( 'NONE',  ( 0.000000000000000000, 0.000000000000000000, 1.000000000000000000 ) ) ;
#6183 = ORIENTED_EDGE ( 'NONE', *, *, #2302, .F. ) ;
#6184 = DIRECTION ( 'NONE',  ( 8.326672684688667742E-14, 0.000000000000000000, -1.000000000000000000 ) ) ;
#6185 = ADVANCED_FACE ( 'NONE', ( #542 ), #7722, .F. ) ;
#6186 = DIRECTION ( 'NONE',  ( 0.000000000000000000, 0.000000000000000000, 1.000000000000000000 ) ) ;
#6187 = VERTEX_POINT ( 'NONE', #587 ) ;
#6188 = EDGE_CURVE ( 'NONE', #4098, #1341, #1064, .T. ) ;
#6189 = DIRECTION ( 'NONE',  ( 0.2588190451025145222, -0.9659258262890699775, 0.000000000000000000 ) ) ;
#6190 = EDGE_LOOP ( 'NONE', ( #3659, #4050, #5170, #698 ) ) ;
#6191 = ORIENTED_EDGE ( 'NONE', *, *, #1346, .F. ) ;
#6193 = EDGE_CURVE ( 'NONE', #7082, #1914, #7103, .T. ) ;
#6192 = CARTESIAN_POINT ( 'NONE',  ( -2.493015773858876967E-14, 149.9999999999999716, 54.24999999999594280 ) ) ;
#6194 = CARTESIAN_POINT ( 'NONE',  ( -96.50000000000000000, -8.000000000000000000, 75.55000000000011084 ) ) ;
#6195 = VECTOR ( 'NONE', #663, 1000.000000000000000 ) ;
#6196 = LINE ( 'NONE', #3173, #4953 ) ;
#6197 = EDGE_CURVE ( 'NONE', #894, #2039, #479, .T. ) ;
#6198 = FACE_OUTER_BOUND ( 'NONE', #2809, .T. ) ;
#6199 = EDGE_LOOP ( 'NONE', ( #6408, #4377, #5827, #6839, #3043, #1625, #1962, #3134 ) ) ;
#6200 = ADVANCED_FACE ( 'NONE', ( #5265 ), #5887, .T. ) ;
#6201 = VECTOR ( 'NONE', #2869, 1000.000000000000000 ) ;
#6202 = ORIENTED_EDGE ( 'NONE', *, *, #1948, .T. ) ;
#6203 = CARTESIAN_POINT ( 'NONE',  ( -97.69999999999994600, 166.2000000000000171, 57.05000000000013216 ) ) ;
#6204 = FACE_OUTER_BOUND ( 'NONE', #6238, .T. ) ;
#6205 = AXIS2_PLACEMENT_3D ( 'NONE', #6346, #6271, #1604 ) ;
#6206 = LINE ( 'NONE', #3262, #6840 ) ;
#6207 = VERTEX_POINT ( 'NONE', #2351 ) ;
#6208 = ORIENTED_EDGE ( 'NONE', *, *, #2056, .T. ) ;
#6209 = AXIS2_PLACEMENT_3D ( 'NONE', #855, #3245, #7519 ) ;
#6210 = LINE ( 'NONE', #1463, #4863 ) ;
#6211 = LINE ( 'NONE', #6725, #1126 ) ;
#6212 = ORIENTED_EDGE ( 'NONE', *, *, #5782, .T. ) ;
#6213 = VECTOR ( 'NONE', #3530, 999.9999999999998863 ) ;
#6214 = VERTEX_POINT ( 'NONE', #7614 ) ;
#6215 = ADVANCED_FACE ( 'NONE', ( #2240 ), #7146, .F. ) ;
#6216 = CARTESIAN_POINT ( 'NONE',  ( 40.73314164920983416, 150.0000000000000284, 108.7499999999996874 ) ) ;
#6217 = LINE ( 'NONE', #1321, #7075 ) ;
#6218 = VERTEX_POINT ( 'NONE', #6430 ) ;
#6219 = VECTOR ( 'NONE', #4781, 1000.000000000000000 ) ;
#6220 = CARTESIAN_POINT ( 'NONE',  ( 2.384550890077553030E-12, 2.000000000000001776, 59.24999999999592859 ) ) ;
#6221 = CARTESIAN_POINT ( 'NONE',  ( 103.4999999999999005, 160.0000000000000000, -5.750000000000018652 ) ) ;
#6222 = ORIENTED_EDGE ( 'NONE', *, *, #6807, .F. ) ;
#6223 = VECTOR ( 'NONE', #4028, 1000.000000000000000 ) ;
#6224 = CARTESIAN_POINT ( 'NONE',  ( 36.83498137316275489, 10.00000000000000355, 54.24999999999594280 ) ) ;
#6225 = CARTESIAN_POINT ( 'NONE',  ( -88.50000000000000000, 156.0000000000000000, -5.750000000000018652 ) ) ;
#6226 = ORIENTED_EDGE ( 'NONE', *, *, #4230, .F. ) ;
#6227 = DIRECTION ( 'NONE',  ( 1.000000000000000000, 1.246507886929438799E-16, 0.000000000000000000 ) ) ;
#6228 = VERTEX_POINT ( 'NONE', #6546 ) ;
#6229 = VERTEX_POINT ( 'NONE', #2866 ) ;
#6230 = FACE_OUTER_BOUND ( 'NONE', #2510, .T. ) ;
#6231 = AXIS2_PLACEMENT_3D ( 'NONE', #7231, #3625, #2560 ) ;
#6232 = FACE_OUTER_BOUND ( 'NONE', #1097, .T. ) ;
#6233 = EDGE_CURVE ( 'NONE', #3991, #1934, #1176, .T. ) ;
#6234 = DIRECTION ( 'NONE',  ( 1.000000000000000000, 0.000000000000000000, 8.326672684688667742E-14 ) ) ;
#6235 = DIRECTION ( 'NONE',  ( 1.246507886929438799E-16, -1.000000000000000000, 0.000000000000000000 ) ) ;
#6236 = ORIENTED_EDGE ( 'NONE', *, *, #5999, .F. ) ;
#6237 = VECTOR ( 'NONE', #5112, 1000.000000000000000 ) ;
#6238 = EDGE_LOOP ( 'NONE', ( #7608, #7200, #1803, #6359 ) ) ;
#6239 = PLANE ( 'NONE',  #740 ) ;
#6240 = EDGE_CURVE ( 'NONE', #4681, #7268, #197, .T. ) ;
#6241 = VECTOR ( 'NONE', #1917, 1000.000000000000000 ) ;
#6242 = CARTESIAN_POINT ( 'NONE',  ( 90.29999999999999716, 4.000000000000024869, 5.749999999999976907 ) ) ;
#6243 = VECTOR ( 'NONE', #4243, 1000.000000000000000 ) ;
#6244 = DIRECTION ( 'NONE',  ( 0.000000000000000000, 1.000000000000000000, 0.000000000000000000 ) ) ;
#6245 = ORIENTED_EDGE ( 'NONE', *, *, #5661, .T. ) ;
#6246 = VERTEX_POINT ( 'NONE', #2548 ) ;
#6247 = AXIS2_PLACEMENT_3D ( 'NONE', #1702, #4096, #1128 ) ;
#6248 = AXIS2_PLACEMENT_3D ( 'NONE', #6937, #3951, #3285 ) ;
#6249 = DIRECTION ( 'NONE',  ( 0.2588190451025145222, -0.9659258262890699775, 0.000000000000000000 ) ) ;
#6251 = EDGE_CURVE ( 'NONE', #4471, #93, #4274, .T. ) ;
#6250 = LINE ( 'NONE', #3745, #7011 ) ;
#6252 = VECTOR ( 'NONE', #1115, 1000.000000000000000 ) ;
#6253 = VERTEX_POINT ( 'NONE', #3683 ) ;
#6254 = VECTOR ( 'NONE', #6448, 1000.000000000000000 ) ;
#6255 = ORIENTED_EDGE ( 'NONE', *, *, #2960, .F. ) ;
#6256 = LINE ( 'NONE', #888, #6351 ) ;
#6257 = LINE ( 'NONE', #7007, #7201 ) ;
#6258 = VERTEX_POINT ( 'NONE', #789 ) ;
#6259 = DIRECTION ( 'NONE',  ( -1.000000000000000000, 0.000000000000000000, 0.000000000000000000 ) ) ;
#6261 = EDGE_CURVE ( 'NONE', #4038, #644, #3647, .T. ) ;
#6260 = CARTESIAN_POINT ( 'NONE',  ( 1.377241172440915905E-13, 9.999999999999998224, 5.749999999999727329 ) ) ;
#6262 = ORIENTED_EDGE ( 'NONE', *, *, #6638, .F. ) ;
#6263 = CARTESIAN_POINT ( 'NONE',  ( -90.30000000000001137, 160.0000000000000000, 57.24999999999956657 ) ) ;
#6264 = DIRECTION ( 'NONE',  ( 1.000000000000000000, 1.246507886929438799E-16, 0.000000000000000000 ) ) ;
#6265 = VERTEX_POINT ( 'NONE', #6077 ) ;
#6266 = LINE ( 'NONE', #7373, #4430 ) ;
#6267 = ORIENTED_EDGE ( 'NONE', *, *, #2452, .T. ) ;
#6268 = ORIENTED_EDGE ( 'NONE', *, *, #4971, .T. ) ;
#6269 = DIRECTION ( 'NONE',  ( 0.000000000000000000, 0.000000000000000000, 1.000000000000000000 ) ) ;
#6270 = CYLINDRICAL_SURFACE ( 'NONE', #233, 1.799999999999996048 ) ;
#6271 = DIRECTION ( 'NONE',  ( 1.000000000000000000, 1.982541115402065110E-16, -0.000000000000000000 ) ) ;
#6272 = LINE ( 'NONE', #4587, #210 ) ;
#6273 = EDGE_LOOP ( 'NONE', ( #6405, #6136, #6899, #2646 ) ) ;
#6274 = DIRECTION ( 'NONE',  ( 1.000000000000000000, 0.000000000000000000, 0.000000000000000000 ) ) ;
#6275 = ORIENTED_EDGE ( 'NONE', *, *, #1450, .F. ) ;
#6276 = ADVANCED_FACE ( 'NONE', ( #7217 ), #2515, .T. ) ;
#6277 = DIRECTION ( 'NONE',  ( 0.2588190451025145222, -0.9659258262890699775, 0.000000000000000000 ) ) ;
#6278 = CARTESIAN_POINT ( 'NONE',  ( 88.50000000000000000, 4.000000000000024869, 105.7499999999998295 ) ) ;
#6279 = LINE ( 'NONE', #7652, #6201 ) ;
#6280 = CARTESIAN_POINT ( 'NONE',  ( -21.08804408222000504, -5.650524381782620509, 57.24999999999594280 ) ) ;
#6281 = ORIENTED_EDGE ( 'NONE', *, *, #4413, .F. ) ;
#6282 = ORIENTED_EDGE ( 'NONE', *, *, #2472, .F. ) ;
#6283 = EDGE_CURVE ( 'NONE', #7684, #5830, #77, .T. ) ;
#6284 = EDGE_CURVE ( 'NONE', #2580, #6558, #2471, .T. ) ;
#6285 = LINE ( 'NONE', #3228, #5240 ) ;
#6286 = CARTESIAN_POINT ( 'NONE',  ( 104.4823133353592510, 27.99595148154426028, 2.749999999999727329 ) ) ;
#6287 = EDGE_LOOP ( 'NONE', ( #133, #5706, #6427, #4396 ) ) ;
#6288 = ORIENTED_EDGE ( 'NONE', *, *, #7234, .T. ) ;
#6289 = CARTESIAN_POINT ( 'NONE',  ( 0.000000000000000000, 160.0000000000000000, -2.750000000000018652 ) ) ;
#6290 = EDGE_CURVE ( 'NONE', #2162, #4148, #7379, .T. ) ;
#6291 = FACE_BOUND ( 'NONE', #467, .T. ) ;
#6292 = ORIENTED_EDGE ( 'NONE', *, *, #6451, .F. ) ;
#6293 = DIRECTION ( 'NONE',  ( 0.000000000000000000, 0.000000000000000000, -1.000000000000000000 ) ) ;
#6294 = DIRECTION ( 'NONE',  ( 1.000000000000000000, -0.000000000000000000, 0.000000000000000000 ) ) ;
#6295 = ORIENTED_EDGE ( 'NONE', *, *, #4598, .T. ) ;
#6296 = FACE_OUTER_BOUND ( 'NONE', #5901, .T. ) ;
#6297 = LINE ( 'NONE', #896, #6223 ) ;
#6298 = ORIENTED_EDGE ( 'NONE', *, *, #4453, .T. ) ;
#6299 = ADVANCED_FACE ( 'NONE', ( #6667 ), #3095, .T. ) ;
#6300 = DIRECTION ( 'NONE',  ( 1.000000000000000000, 1.662010515905923740E-16, 0.000000000000000000 ) ) ;
#6301 = ORIENTED_EDGE ( 'NONE', *, *, #581, .F. ) ;
#6302 = VERTEX_POINT ( 'NONE', #5495 ) ;
#6303 = FACE_OUTER_BOUND ( 'NONE', #919, .T. ) ;
#6304 = DIRECTION ( 'NONE',  ( 0.000000000000000000, 0.000000000000000000, 1.000000000000000000 ) ) ;
#6305 = VECTOR ( 'NONE', #4006, 1000.000000000000000 ) ;
#6306 = PLANE ( 'NONE',  #2070 ) ;
#6307 = DIRECTION ( 'NONE',  ( 0.000000000000000000, 0.000000000000000000, 1.000000000000000000 ) ) ;
#6308 = ORIENTED_EDGE ( 'NONE', *, *, #4759, .F. ) ;
#6309 = EDGE_CURVE ( 'NONE', #3784, #2692, #4941, .T. ) ;
#6310 = CARTESIAN_POINT ( 'NONE',  ( -103.4999999999998295, 2.000000000000001776, 43.74999999999990052 ) ) ;
#6311 = EDGE_LOOP ( 'NONE', ( #269, #290, #3797, #3312 ) ) ;
#6312 = DIRECTION ( 'NONE',  ( 1.000000000000000000, 1.662010515905918563E-16, 0.000000000000000000 ) ) ;
#6313 = CARTESIAN_POINT ( 'NONE',  ( 20.02761804100817145, 149.9999999999999716, 57.24999999999594280 ) ) ;
#6314 = LINE ( 'NONE', #991, #2122 ) ;
#6315 = EDGE_CURVE ( 'NONE', #3464, #6973, #603, .T. ) ;
#6316 = VECTOR ( 'NONE', #3549, 1000.000000000000000 ) ;
#6317 = DIRECTION ( 'NONE',  ( -0.9659258262890699775, -0.2588190451025145777, 0.000000000000000000 ) ) ;
#6318 = ORIENTED_EDGE ( 'NONE', *, *, #4607, .T. ) ;
#6319 = EDGE_LOOP ( 'NONE', ( #5913, #1409, #4051, #3297 ) ) ;
#6320 = DIRECTION ( 'NONE',  ( 0.2588190451025145222, -0.9659258262890699775, 0.000000000000000000 ) ) ;
#6321 = VECTOR ( 'NONE', #437, 1000.000000000000000 ) ;
#6322 = AXIS2_PLACEMENT_3D ( 'NONE', #2196, #6544, #5295 ) ;
#6323 = PLANE ( 'NONE',  #1117 ) ;
#6324 = EDGE_CURVE ( 'NONE', #3289, #4173, #1958, .T. ) ;
#6325 = VERTEX_POINT ( 'NONE', #6004 ) ;
#6326 = ORIENTED_EDGE ( 'NONE', *, *, #6384, .T. ) ;
#6327 = VECTOR ( 'NONE', #4497, 1000.000000000000000 ) ;
#6328 = LINE ( 'NONE', #2135, #2599 ) ;
#6329 = FACE_OUTER_BOUND ( 'NONE', #4688, .T. ) ;
#6330 = ORIENTED_EDGE ( 'NONE', *, *, #1537, .F. ) ;
#6331 = CARTESIAN_POINT ( 'NONE',  ( -50.06581887089195959, -13.41509573485805973, 2.749999999999727329 ) ) ;
#6332 = LINE ( 'NONE', #813, #107 ) ;
#6333 = VECTOR ( 'NONE', #2244, 1000.000000000000000 ) ;
#6334 = EDGE_CURVE ( 'NONE', #3938, #1275, #7298, .T. ) ;
#6335 = ORIENTED_EDGE ( 'NONE', *, *, #5138, .F. ) ;
#6336 = DIRECTION ( 'NONE',  ( 0.2588190451025145777, -0.9659258262890699775, 0.000000000000000000 ) ) ;
#6337 = DIRECTION ( 'NONE',  ( -0.000000000000000000, 0.000000000000000000, 1.000000000000000000 ) ) ;
#6338 = ORIENTED_EDGE ( 'NONE', *, *, #377, .T. ) ;
#6339 = AXIS2_PLACEMENT_3D ( 'NONE', #1793, #6504, #3599 ) ;
#6340 = LINE ( 'NONE', #4622, #1055 ) ;
#6341 = VERTEX_POINT ( 'NONE', #4308 ) ;
#6342 = CARTESIAN_POINT ( 'NONE',  ( -62.79447639179820584, 149.9999999999999716, 5.749999999999727329 ) ) ;
#6343 = CARTESIAN_POINT ( 'NONE',  ( 56.18602202090561093, 15.05499922641854660, 57.24999999999594280 ) ) ;
#6344 = CARTESIAN_POINT ( 'NONE',  ( -2.493015773858876967E-14, 149.9999999999999716, 54.24999999999594280 ) ) ;
#6345 = VECTOR ( 'NONE', #3946, 1000.000000000000000 ) ;
#6346 = CARTESIAN_POINT ( 'NONE',  ( -83.49999999999981526, -1.655421831360723267E-14, 2.749999999999727329 ) ) ;
#6347 = CARTESIAN_POINT ( 'NONE',  ( -96.50000000000000000, -10.00000000000000000, 77.25000000000005684 ) ) ;
#6348 = ORIENTED_EDGE ( 'NONE', *, *, #3601, .T. ) ;
#6349 = FACE_OUTER_BOUND ( 'NONE', #3298, .T. ) ;
#6350 = VERTEX_POINT ( 'NONE', #3726 ) ;
#6351 = VECTOR ( 'NONE', #3306, 1000.000000000000000 ) ;
#6352 = LINE ( 'NONE', #7494, #5813 ) ;
#6353 = FACE_OUTER_BOUND ( 'NONE', #176, .T. ) ;
#6354 = FACE_BOUND ( 'NONE', #4603, .T. ) ;
#6355 = ADVANCED_FACE ( 'NONE', ( #6160 ), #6121, .F. ) ;
#6356 = AXIS2_PLACEMENT_3D ( 'NONE', #4581, #3360, #1018 ) ;
#6357 = DIRECTION ( 'NONE',  ( 0.2588190451025145222, -0.9659258262890699775, 0.000000000000000000 ) ) ;
#6358 = VERTEX_POINT ( 'NONE', #4235 ) ;
#6359 = ORIENTED_EDGE ( 'NONE', *, *, #5949, .F. ) ;
#6360 = DIRECTION ( 'NONE',  ( 0.000000000000000000, 1.000000000000000000, 0.000000000000000000 ) ) ;
#6361 = VECTOR ( 'NONE', #4826, 1000.000000000000000 ) ;
#6362 = CARTESIAN_POINT ( 'NONE',  ( 99.50000000000099476, 155.0000000000000000, 103.0000000000000426 ) ) ;
#6363 = ORIENTED_EDGE ( 'NONE', *, *, #1005, .T. ) ;
#6364 = CIRCLE ( 'NONE', #6122, 1.799999999999996048 ) ;
#6365 = ORIENTED_EDGE ( 'NONE', *, *, #7397, .T. ) ;
#6366 = VECTOR ( 'NONE', #7525, 1000.000000000000000 ) ;
#6367 = CARTESIAN_POINT ( 'NONE',  ( -83.49999999999981526, -1.655421831360723267E-14, 5.749999999999727329 ) ) ;
#6368 = CARTESIAN_POINT ( 'NONE',  ( 75.50453854668701581, 20.23138012846883171, 57.24999999999594280 ) ) ;
#6369 = ORIENTED_EDGE ( 'NONE', *, *, #3768, .T. ) ;
#6370 = EDGE_CURVE ( 'NONE', #186, #6784, #7337, .T. ) ;
#6371 = FACE_OUTER_BOUND ( 'NONE', #21, .T. ) ;
#6372 = VECTOR ( 'NONE', #19, 1000.000000000000000 ) ;
#6373 = AXIS2_PLACEMENT_3D ( 'NONE', #3980, #451, #4095 ) ;
#6374 = PLANE ( 'NONE',  #4244 ) ;
#6375 = ORIENTED_EDGE ( 'NONE', *, *, #5036, .T. ) ;
#6376 = CARTESIAN_POINT ( 'NONE',  ( -95.49999999999893419, -3.000000000000000000, -0.000000000000000000 ) ) ;
#6377 = PRODUCT_DEFINITION_FORMATION_WITH_SPECIFIED_SOURCE ( 'ANY', '', #5796, .NOT_KNOWN. ) ;
#6378 = CARTESIAN_POINT ( 'NONE',  ( 93.49999999999988631, 160.0000000000000000, 4.325243866768833637E-13 ) ) ;
#6379 = ORIENTED_EDGE ( 'NONE', *, *, #1629, .F. ) ;
#6380 = CARTESIAN_POINT ( 'NONE',  ( -93.49999999999998579, 2.000000000000001776, 43.74999999999988631 ) ) ;
#6381 = VERTEX_POINT ( 'NONE', #4352 ) ;
#6383 = EDGE_CURVE ( 'NONE', #6925, #3065, #6748, .T. ) ;
#6382 = FACE_OUTER_BOUND ( 'NONE', #1632, .T. ) ;
#6384 = EDGE_CURVE ( 'NONE', #3289, #6568, #6041, .T. ) ;
#6385 = PLANE ( 'NONE',  #4368 ) ;
#6386 = LINE ( 'NONE', #1020, #1613 ) ;
#6387 = DIRECTION ( 'NONE',  ( 0.2588190451025145222, -0.9659258262890699775, 0.000000000000000000 ) ) ;
#6388 = LINE ( 'NONE', #5259, #1210 ) ;
#6389 = VERTEX_POINT ( 'NONE', #6902 ) ;
#6390 = DIRECTION ( 'NONE',  ( 7.421276902574578349E-17, 0.000000000000000000, 1.000000000000000000 ) ) ;
#6391 = ORIENTED_EDGE ( 'NONE', *, *, #4230, .T. ) ;
#6392 = EDGE_CURVE ( 'NONE', #3758, #4538, #3914, .T. ) ;
#6393 = FACE_OUTER_BOUND ( 'NONE', #2498, .T. ) ;
#6394 = FACE_OUTER_BOUND ( 'NONE', #7199, .T. ) ;
#6395 = DIRECTION ( 'NONE',  ( 0.2588190451025145777, -0.9659258262890699775, 0.000000000000000000 ) ) ;
#6396 = ORIENTED_EDGE ( 'NONE', *, *, #5628, .T. ) ;
#6397 = CARTESIAN_POINT ( 'NONE',  ( 0.000000000000000000, 160.0000000000000000, 0.000000000000000000 ) ) ;
#6398 = FACE_OUTER_BOUND ( 'NONE', #2610, .T. ) ;
#6399 = EDGE_LOOP ( 'NONE', ( #3006, #5023, #7746, #7309 ) ) ;
#6400 = ORIENTED_EDGE ( 'NONE', *, *, #3348, .F. ) ;
#6401 = ADVANCED_FACE ( 'NONE', ( #6938 ), #5176, .F. ) ;
#6402 = CARTESIAN_POINT ( 'NONE',  ( 90.30000000000001137, 4.000000000000024869, 105.7499999999998295 ) ) ;
#6403 = LINE ( 'NONE', #2837, #7504 ) ;
#6404 = EDGE_LOOP ( 'NONE', ( #4897, #2366, #6651, #2756 ) ) ;
#6405 = ORIENTED_EDGE ( 'NONE', *, *, #2932, .T. ) ;
#6406 = FACE_OUTER_BOUND ( 'NONE', #1415, .T. ) ;
#6407 = CARTESIAN_POINT ( 'NONE',  ( -2.493015773858876967E-14, 149.9999999999999716, 54.24999999999594280 ) ) ;
#6408 = ORIENTED_EDGE ( 'NONE', *, *, #3183, .T. ) ;
#6409 = LINE ( 'NONE', #523, #3368 ) ;
#6410 = DIRECTION ( 'NONE',  ( 0.000000000000000000, 0.000000000000000000, 1.000000000000000000 ) ) ;
#6411 = ORIENTED_EDGE ( 'NONE', *, *, #7258, .F. ) ;
#6412 = EDGE_CURVE ( 'NONE', #274, #4122, #3732, .T. ) ;
#6413 = LINE ( 'NONE', #336, #6345 ) ;
#6414 = VERTEX_POINT ( 'NONE', #3952 ) ;
#6415 = LINE ( 'NONE', #4062, #1306 ) ;
#6416 = ORIENTED_EDGE ( 'NONE', *, *, #2268, .F. ) ;
#6417 = DIRECTION ( 'NONE',  ( 0.000000000000000000, 0.000000000000000000, 1.000000000000000000 ) ) ;
#6418 = CARTESIAN_POINT ( 'NONE',  ( -103.4999999999998863, 0.000000000000000000, 1.249000902703299593E-13 ) ) ;
#6419 = CARTESIAN_POINT ( 'NONE',  ( -101.2999999999998977, 166.2000000000000171, 45.94999999999987494 ) ) ;
#6420 = EDGE_CURVE ( 'NONE', #7518, #350, #7561, .T. ) ;
#6421 = EDGE_CURVE ( 'NONE', #1089, #6325, #2777, .T. ) ;
#6422 = CARTESIAN_POINT ( 'NONE',  ( 93.50000000000001421, -3.000000000000000000, 61.83257569495554407 ) ) ;
#6423 = LINE ( 'NONE', #5097, #1959 ) ;
#6424 = ORIENTED_EDGE ( 'NONE', *, *, #2213, .F. ) ;
#6425 = ADVANCED_FACE ( 'NONE', ( #865 ), #2069, .T. ) ;
#6426 = CARTESIAN_POINT ( 'NONE',  ( 16.12945776496117745, 10.00000000000000178, 105.7499999999998295 ) ) ;
#6427 = ORIENTED_EDGE ( 'NONE', *, *, #1022, .F. ) ;
#6428 = CARTESIAN_POINT ( 'NONE',  ( -86.70000000000000284, 156.0000000000000000, 108.7499999999996874 ) ) ;
#6429 = LINE ( 'NONE', #585, #2235 ) ;
#6430 = CARTESIAN_POINT ( 'NONE',  ( 101.2999999999998977, 160.0000000000000000, 57.05000000000013216 ) ) ;
#6431 = EDGE_CURVE ( 'NONE', #5366, #4924, #4392, .T. ) ;
#6432 = EDGE_CURVE ( 'NONE', #4978, #975, #4734, .T. ) ;
#6433 = PLANE ( 'NONE',  #4443 ) ;
#6434 = CARTESIAN_POINT ( 'NONE',  ( 103.4999999999998863, -3.200000000000000178, 2.498001805406599187E-13 ) ) ;
#6435 = ORIENTED_EDGE ( 'NONE', *, *, #4321, .F. ) ;
#6436 = VECTOR ( 'NONE', #3013, 1000.000000000000000 ) ;
#6437 = ORIENTED_EDGE ( 'NONE', *, *, #120, .T. ) ;
#6438 = LINE ( 'NONE', #5967, #7115 ) ;
#6439 = CARTESIAN_POINT ( 'NONE',  ( 99.50000000000099476, 155.0000000000000000, 105.0000000000000426 ) ) ;
#6440 = CIRCLE ( 'NONE', #3936, 1.799999999999996048 ) ;
#6441 = ORIENTED_EDGE ( 'NONE', *, *, #4558, .F. ) ;
#6442 = ADVANCED_FACE ( 'NONE', ( #902 ), #3878, .F. ) ;
#6443 = ORIENTED_EDGE ( 'NONE', *, *, #2166, .F. ) ;
#6444 = CARTESIAN_POINT ( 'NONE',  ( 36.86750549512435526, 9.878618324368254378, 2.749999999999727329 ) ) ;
#6445 = CIRCLE ( 'NONE', #7449, 1.799999999999996048 ) ;
#6446 = DIRECTION ( 'NONE',  ( 0.000000000000000000, 0.000000000000000000, 1.000000000000000000 ) ) ;
#6447 = ORIENTED_EDGE ( 'NONE', *, *, #4016, .T. ) ;
#6448 = DIRECTION ( 'NONE',  ( 0.000000000000000000, 0.000000000000000000, 1.000000000000000000 ) ) ;
#6449 = PLANE ( 'NONE',  #7745 ) ;
#6450 = ORIENTED_EDGE ( 'NONE', *, *, #1282, .T. ) ;
#6451 = EDGE_CURVE ( 'NONE', #6743, #5832, #5020, .T. ) ;
#6452 = VECTOR ( 'NONE', #3395, 999.9999999999998863 ) ;
#6453 = FACE_OUTER_BOUND ( 'NONE', #2406, .T. ) ;
#6454 = LINE ( 'NONE', #5872, #4060 ) ;
#6455 = ORIENTED_EDGE ( 'NONE', *, *, #1705, .F. ) ;
#6456 = VECTOR ( 'NONE', #7576, 1000.000000000000000 ) ;
#6457 = LINE ( 'NONE', #2298, #6750 ) ;
#6458 = LINE ( 'NONE', #7056, #5113 ) ;
#6459 = CIRCLE ( 'NONE', #7594, 1.799999999999996048 ) ;
#6460 = DIRECTION ( 'NONE',  ( 0.000000000000000000, 0.000000000000000000, 1.000000000000000000 ) ) ;
#6461 = CARTESIAN_POINT ( 'NONE',  ( -103.4999999999998863, 0.000000000000000000, 1.249000902703299593E-13 ) ) ;
#6462 = VERTEX_POINT ( 'NONE', #7413 ) ;
#6463 = DIRECTION ( 'NONE',  ( 1.000000000000000000, -0.000000000000000000, -0.000000000000000000 ) ) ;
#6464 = ORIENTED_EDGE ( 'NONE', *, *, #6912, .F. ) ;
#6465 = CARTESIAN_POINT ( 'NONE',  ( 82.14418886561308852, 150.0000000000000284, 108.7499999999996874 ) ) ;
#6466 = DIRECTION ( 'NONE',  ( 0.000000000000000000, 0.000000000000000000, 1.000000000000000000 ) ) ;
#6467 = EDGE_CURVE ( 'NONE', #7004, #3258, #3321, .T. ) ;
#6468 = DIRECTION ( 'NONE',  ( 1.000000000000000000, 0.000000000000000000, 0.000000000000000000 ) ) ;
#6469 = PRODUCT_RELATED_PRODUCT_CATEGORY ( 'part', '', ( #5796 ) ) ;
#6470 = DIRECTION ( 'NONE',  ( -0.9659258262890699775, -0.2588190451025145222, 0.000000000000000000 ) ) ;
#6471 = CARTESIAN_POINT ( 'NONE',  ( -86.70000000000000284, 156.0000000000000000, -5.750000000000018652 ) ) ;
#6472 = ORIENTED_EDGE ( 'NONE', *, *, #756, .F. ) ;
#6473 = CIRCLE ( 'NONE', #1342, 5.000000000000000888 ) ;
#6474 = ORIENTED_EDGE ( 'NONE', *, *, #2633, .F. ) ;
#6475 = CARTESIAN_POINT ( 'NONE',  ( -73.14723819589902121, 149.9999999999999716, 5.749999999999727329 ) ) ;
#6476 = ADVANCED_FACE ( 'NONE', ( #2663 ), #2742, .T. ) ;
#6477 = EDGE_CURVE ( 'NONE', #4978, #1796, #4543, .T. ) ;
#6478 = PLANE ( 'NONE',  #7632 ) ;
#6479 = CIRCLE ( 'NONE', #6606, 1.699999999999824984 ) ;
#6480 = VERTEX_POINT ( 'NONE', #4425 ) ;
#6481 = ORIENTED_EDGE ( 'NONE', *, *, #7598, .F. ) ;
#6482 = CARTESIAN_POINT ( 'NONE',  ( 61.43866525741142937, 149.9999999999999716, 57.24999999999594280 ) ) ;
#6483 = AXIS2_PLACEMENT_3D ( 'NONE', #1842, #1221, #5416 ) ;
#6484 = VECTOR ( 'NONE', #4199, 1000.000000000000000 ) ;
#6485 = DIRECTION ( 'NONE',  ( -2.775557561562888827E-14, 0.000000000000000000, 1.000000000000000000 ) ) ;
#6486 = ORIENTED_EDGE ( 'NONE', *, *, #1776, .T. ) ;
#6487 = EDGE_CURVE ( 'NONE', #5339, #957, #5054, .T. ) ;
#6488 = PLANE ( 'NONE',  #6373 ) ;
#6489 = LINE ( 'NONE', #3512, #2867 ) ;
#6490 = VECTOR ( 'NONE', #1989, 1000.000000000000000 ) ;
#6491 = ORIENTED_EDGE ( 'NONE', *, *, #2598, .F. ) ;
#6492 = VECTOR ( 'NONE', #7064, 999.9999999999998863 ) ;
#6493 = PLANE ( 'NONE',  #843 ) ;
#6494 = DIRECTION ( 'NONE',  ( 0.000000000000000000, 0.000000000000000000, 1.000000000000000000 ) ) ;
#6495 = VERTEX_POINT ( 'NONE', #6194 ) ;
#6496 = VECTOR ( 'NONE', #2875, 1000.000000000000000 ) ;
#6497 = VECTOR ( 'NONE', #3007, 1000.000000000000000 ) ;
#6498 = EDGE_CURVE ( 'NONE', #3009, #63, #1486, .T. ) ;
#6499 = CARTESIAN_POINT ( 'NONE',  ( 6.071532165918785703E-14, 2.000000000000001776, 43.74999999999975131 ) ) ;
#6500 = DIRECTION ( 'NONE',  ( 1.826024711554534653E-16, -1.000000000000000000, 0.000000000000000000 ) ) ;
#6501 = VECTOR ( 'NONE', #5925, 1000.000000000000000 ) ;
#6502 = AXIS2_PLACEMENT_3D ( 'NONE', #2376, #4770, #7356 ) ;
#6503 = CARTESIAN_POINT ( 'NONE',  ( -1.317522480004321778E-12, -3.200000000000000178, 54.24999999999744915 ) ) ;
#6504 = DIRECTION ( 'NONE',  ( -0.9659258262890699775, -0.2588190451025145777, 0.000000000000000000 ) ) ;
#6505 = ORIENTED_EDGE ( 'NONE', *, *, #2165, .T. ) ;
#6506 = DIRECTION ( 'NONE',  ( -0.9659258262890699775, -0.2588190451025145222, 0.000000000000000000 ) ) ;
#6507 = ORIENTED_EDGE ( 'NONE', *, *, #4478, .T. ) ;
#6508 = DIRECTION ( 'NONE',  ( -0.000000000000000000, -0.000000000000000000, 1.000000000000000000 ) ) ;
#6509 = DIRECTION ( 'NONE',  ( -0.000000000000000000, 1.000000000000000000, -0.000000000000000000 ) ) ;
#6510 = VECTOR ( 'NONE', #277, 1000.000000000000000 ) ;
#6511 = DIRECTION ( 'NONE',  ( 0.2588190451025145222, -0.9659258262890699775, 0.000000000000000000 ) ) ;
#6512 = DIRECTION ( 'NONE',  ( 1.000000000000000000, 1.662010515905923986E-16, 0.000000000000000000 ) ) ;
#6513 = EDGE_CURVE ( 'NONE', #1813, #1017, #3211, .T. ) ;
#6514 = FACE_OUTER_BOUND ( 'NONE', #1215, .T. ) ;
#6515 = EDGE_LOOP ( 'NONE', ( #2347, #4597, #1766, #4522 ) ) ;
#6516 = ORIENTED_EDGE ( 'NONE', *, *, #3025, .T. ) ;
#6517 = CYLINDRICAL_SURFACE ( 'NONE', #342, 5.000000000000000888 ) ;
#6518 = LINE ( 'NONE', #716, #5008 ) ;
#6519 = ORIENTED_EDGE ( 'NONE', *, *, #4997, .T. ) ;
#6520 = ADVANCED_FACE ( 'NONE', ( #6232 ), #6270, .F. ) ;
#6521 = CARTESIAN_POINT ( 'NONE',  ( 30.38037984510902234, 150.0000000000000284, 105.7499999999998295 ) ) ;
#6522 = ORIENTED_EDGE ( 'NONE', *, *, #38, .F. ) ;
#6523 = EDGE_CURVE ( 'NONE', #2245, #2661, #1136, .T. ) ;
#6524 = PLANE ( 'NONE',  #3224 ) ;
#6525 = EDGE_CURVE ( 'NONE', #1108, #4851, #4034, .T. ) ;
#6526 = CARTESIAN_POINT ( 'NONE',  ( -40.40656060800135663, -10.82690528383290030, 105.7499999999998295 ) ) ;
#6527 = EDGE_LOOP ( 'NONE', ( #3208, #5320, #3772, #6505 ) ) ;
#6528 = DIRECTION ( 'NONE',  ( 1.000000000000000000, 1.246507886929443236E-16, 0.000000000000000000 ) ) ;
#6529 = LINE ( 'NONE', #2847, #238 ) ;
#6530 = VERTEX_POINT ( 'NONE', #4663 ) ;
#6531 = EDGE_CURVE ( 'NONE', #4792, #2903, #461, .T. ) ;
#6532 = CARTESIAN_POINT ( 'NONE',  ( -97.69999999999994600, 166.2000000000000171, 0.000000000000000000 ) ) ;
#6533 = FACE_BOUND ( 'NONE', #1171, .T. ) ;
#6534 = ORIENTED_EDGE ( 'NONE', *, *, #2017, .T. ) ;
#6535 = CARTESIAN_POINT ( 'NONE',  ( 0.000000000000000000, 2.000000000000001776, 95.24999999999977263 ) ) ;
#6536 = DIRECTION ( 'NONE',  ( 4.625929269271485322E-15, 0.000000000000000000, -1.000000000000000000 ) ) ;
#6537 = EDGE_LOOP ( 'NONE', ( #1371, #1980, #82, #4573 ) ) ;
#6538 = EDGE_CURVE ( 'NONE', #5884, #3754, #7709, .T. ) ;
#6539 = DIRECTION ( 'NONE',  ( 0.000000000000000000, 0.000000000000000000, 1.000000000000000000 ) ) ;
#6540 = DIRECTION ( 'NONE',  ( -0.9659258262890699775, -0.2588190451025145222, 0.000000000000000000 ) ) ;
#6541 = ORIENTED_EDGE ( 'NONE', *, *, #4518, .T. ) ;
#6542 = PLANE ( 'NONE',  #6822 ) ;
#6543 = ORIENTED_EDGE ( 'NONE', *, *, #7175, .F. ) ;
#6544 = DIRECTION ( 'NONE',  ( 1.246507886929438799E-16, -1.000000000000000000, 0.000000000000000000 ) ) ;
#6545 = DIRECTION ( 'NONE',  ( 0.2588190451025145222, -0.9659258262890699775, 0.000000000000000000 ) ) ;
#6546 = CARTESIAN_POINT ( 'NONE',  ( -14.92882764734125800, 9.999999999999998224, 108.7499999999996874 ) ) ;
#6547 = PRODUCT_DEFINITION_SHAPE ( 'NONE', 'NONE',  #572 ) ;
#6548 = CARTESIAN_POINT ( 'NONE',  ( 103.5000000000000142, 160.0000000000000000, 97.24999999999978684 ) ) ;
#6549 = DIRECTION ( 'NONE',  ( 0.2588190451025145222, -0.9659258262890699775, 0.000000000000000000 ) ) ;
#6550 = ORIENTED_EDGE ( 'NONE', *, *, #5919, .T. ) ;
#6551 = EDGE_LOOP ( 'NONE', ( #5488, #4963, #2679, #7374 ) ) ;
#6552 = CARTESIAN_POINT ( 'NONE',  ( 1.140404673924322588E-13, 149.9999999999999716, 5.749999999999727329 ) ) ;
#6553 = EDGE_CURVE ( 'NONE', #4965, #4055, #6458, .T. ) ;
#6554 = CARTESIAN_POINT ( 'NONE',  ( -42.08895278359668879, 150.0000000000000284, 108.7499999999996874 ) ) ;
#6555 = ORIENTED_EDGE ( 'NONE', *, *, #2686, .F. ) ;
#6556 = VECTOR ( 'NONE', #2934, 1000.000000000000000 ) ;
#6557 = CARTESIAN_POINT ( 'NONE',  ( -2.493015773858885802E-14, 150.0000000000000284, 105.7499999999998295 ) ) ;
#6558 = VERTEX_POINT ( 'NONE', #5254 ) ;
#6559 = VERTEX_POINT ( 'NONE', #7641 ) ;
#6560 = CARTESIAN_POINT ( 'NONE',  ( -2.493015773858885802E-14, 150.0000000000000284, 105.7499999999998295 ) ) ;
#6561 = CARTESIAN_POINT ( 'NONE',  ( -99.49999999999884892, 155.0000000000000000, 101.0000000000000284 ) ) ;
#6562 = DIRECTION ( 'NONE',  ( 1.000000000000000000, 1.246507886929438799E-16, 0.000000000000000000 ) ) ;
#6563 = ORIENTED_EDGE ( 'NONE', *, *, #305, .F. ) ;
#6564 = VECTOR ( 'NONE', #153, 999.9999999999998863 ) ;
#6565 = LINE ( 'NONE', #608, #2753 ) ;
#6566 = EDGE_CURVE ( 'NONE', #4741, #3012, #6979, .T. ) ;
#6567 = DIRECTION ( 'NONE',  ( 1.000000000000000000, -0.000000000000000000, 0.000000000000000000 ) ) ;
#6568 = VERTEX_POINT ( 'NONE', #2814 ) ;
#6569 = AXIS2_PLACEMENT_3D ( 'NONE', #5479, #103, #1904 ) ;
#6570 = CARTESIAN_POINT ( 'NONE',  ( -93.49999999999992895, 0.000000000000000000, -1.297573160030653726E-13 ) ) ;
#6571 = DIRECTION ( 'NONE',  ( -0.000000000000000000, 1.000000000000000000, -0.000000000000000000 ) ) ;
#6572 = ORIENTED_EDGE ( 'NONE', *, *, #728, .T. ) ;
#6573 = DIRECTION ( 'NONE',  ( 1.000000000000000000, 1.246507886929438799E-16, 0.000000000000000000 ) ) ;
#6574 = EDGE_CURVE ( 'NONE', #2039, #2518, #2269, .T. ) ;
#6575 = PLANE ( 'NONE',  #610 ) ;
#6576 = VECTOR ( 'NONE', #2516, 1000.000000000000000 ) ;
#6577 = AXIS2_PLACEMENT_3D ( 'NONE', #394, #1569, #213 ) ;
#6578 = ORIENTED_EDGE ( 'NONE', *, *, #1083, .T. ) ;
#6579 = LINE ( 'NONE', #1211, #7086 ) ;
#6580 = CARTESIAN_POINT ( 'NONE',  ( -93.49999999999992895, -3.000000000000000000, -1.297573160030653726E-13 ) ) ;
#6581 = EDGE_LOOP ( 'NONE', ( #7601, #3455, #3897, #7136 ) ) ;
#6582 = VECTOR ( 'NONE', #7734, 1000.000000000000000 ) ;
#6583 = CARTESIAN_POINT ( 'NONE',  ( 78.24602858956600926, 10.00000000000000888, 54.24999999999594280 ) ) ;
#6584 = ORIENTED_EDGE ( 'NONE', *, *, #2015, .T. ) ;
#6585 = DIRECTION ( 'NONE',  ( -0.000000000000000000, -1.000000000000000000, -0.000000000000000000 ) ) ;
#6586 = DIRECTION ( 'NONE',  ( 0.000000000000000000, 0.000000000000000000, -1.000000000000000000 ) ) ;
#6587 = EDGE_CURVE ( 'NONE', #416, #4169, #2966, .T. ) ;
#6588 = DIRECTION ( 'NONE',  ( 1.982541115402064617E-16, 1.000000000000000000, 0.000000000000000000 ) ) ;
#6589 = AXIS2_PLACEMENT_3D ( 'NONE', #6796, #4992, #4401 ) ;
#6590 = CARTESIAN_POINT ( 'NONE',  ( -1.246507886929438602E-15, 9.999999999999998224, 57.24999999999594280 ) ) ;
#6591 = PLANE ( 'NONE',  #78 ) ;
#6592 = VERTEX_POINT ( 'NONE', #5215 ) ;
#6593 = ORIENTED_EDGE ( 'NONE', *, *, #7568, .F. ) ;
#6594 = VECTOR ( 'NONE', #504, 1000.000000000000000 ) ;
#6595 = DIRECTION ( 'NONE',  ( -3.469446951953606300E-16, 0.000000000000000000, 1.000000000000000000 ) ) ;
#6596 = ADVANCED_FACE ( 'NONE', ( #5364 ), #1670, .T. ) ;
#6597 = DIRECTION ( 'NONE',  ( 0.000000000000000000, 0.000000000000000000, 1.000000000000000000 ) ) ;
#6598 = ORIENTED_EDGE ( 'NONE', *, *, #4329, .T. ) ;
#6599 = AXIS2_PLACEMENT_3D ( 'NONE', #2455, #7241, #3752 ) ;
#6600 = DIRECTION ( 'NONE',  ( 0.000000000000000000, 1.000000000000000000, 0.000000000000000000 ) ) ;
#6601 = EDGE_LOOP ( 'NONE', ( #3303, #881, #905, #3513 ) ) ;
#6602 = VERTEX_POINT ( 'NONE', #3440 ) ;
#6603 = DIRECTION ( 'NONE',  ( 0.2588190451025145777, -0.9659258262890699775, 0.000000000000000000 ) ) ;
#6604 = DIRECTION ( 'NONE',  ( 1.000000000000000000, 1.662010515905918563E-16, 0.000000000000000000 ) ) ;
#6605 = ORIENTED_EDGE ( 'NONE', *, *, #1313, .F. ) ;
#6606 = AXIS2_PLACEMENT_3D ( 'NONE', #5039, #920, #3271 ) ;
#6607 = CARTESIAN_POINT ( 'NONE',  ( 83.50000000000049738, 0.000000000000000000, 54.24999999999594280 ) ) ;
#6608 = CARTESIAN_POINT ( 'NONE',  ( 0.000000000000000000, 160.0000000000000000, -5.750000000000018652 ) ) ;
#6609 = ORIENTED_EDGE ( 'NONE', *, *, #5046, .F. ) ;
#6610 = ORIENTED_EDGE ( 'NONE', *, *, #6800, .F. ) ;
#6611 = CIRCLE ( 'NONE', #6356, 4.000000000000193623 ) ;
#6612 = ADVANCED_FACE ( 'NONE', ( #4628 ), #2890, .F. ) ;
#6613 = CARTESIAN_POINT ( 'NONE',  ( 69.00000000000983391, 0.000000000000000000, -51.74999999999648281 ) ) ;
#6614 = FACE_OUTER_BOUND ( 'NONE', #6960, .T. ) ;
#6615 = ORIENTED_EDGE ( 'NONE', *, *, #6177, .F. ) ;
#6616 = DIRECTION ( 'NONE',  ( 1.246507886929438799E-16, -1.000000000000000000, 0.000000000000000000 ) ) ;
#6617 = VECTOR ( 'NONE', #3607, 1000.000000000000000 ) ;
#6618 = CIRCLE ( 'NONE', #3741, 1.999999999999996225 ) ;
#6619 = DIRECTION ( 'NONE',  ( 0.000000000000000000, 0.000000000000000000, -1.000000000000000000 ) ) ;
#6620 = ORIENTED_EDGE ( 'NONE', *, *, #1819, .T. ) ;
#6621 = LINE ( 'NONE', #2927, #6836 ) ;
#6622 = EDGE_CURVE ( 'NONE', #840, #7292, #7026, .T. ) ;
#6623 = VECTOR ( 'NONE', #1602, 1000.000000000000000 ) ;
#6624 = CARTESIAN_POINT ( 'NONE',  ( 1.140404673924322588E-13, 149.9999999999999716, 2.749999999999727329 ) ) ;
#6625 = VERTEX_POINT ( 'NONE', #2187 ) ;
#6626 = EDGE_CURVE ( 'NONE', #3579, #4681, #3998, .T. ) ;
#6627 = CIRCLE ( 'NONE', #4119, 1.699999999999998401 ) ;
#6628 = FACE_OUTER_BOUND ( 'NONE', #6311, .T. ) ;
#6629 = ORIENTED_EDGE ( 'NONE', *, *, #5654, .F. ) ;
#6630 = CARTESIAN_POINT ( 'NONE',  ( -14.92882764734125800, 9.999999999999998224, 105.7499999999998295 ) ) ;
#6631 = PLANE ( 'NONE',  #1113 ) ;
#6632 = CARTESIAN_POINT ( 'NONE',  ( 83.49999999999992895, -1.655421831360722636E-14, 108.7499999999996874 ) ) ;
#6633 = AXIS2_PLACEMENT_3D ( 'NONE', #7461, #2565, #4483 ) ;
#6634 = AXIS2_PLACEMENT_3D ( 'NONE', #2094, #4492, #6891 ) ;
#6635 = FACE_OUTER_BOUND ( 'NONE', #6601, .T. ) ;
#6636 = LINE ( 'NONE', #2983, #703 ) ;
#6637 = ORIENTED_EDGE ( 'NONE', *, *, #5548, .F. ) ;
#6638 = EDGE_CURVE ( 'NONE', #6258, #3484, #2299, .T. ) ;
#6639 = ORIENTED_EDGE ( 'NONE', *, *, #6141, .T. ) ;
#6640 = CARTESIAN_POINT ( 'NONE',  ( 16.12945776496125561, 10.00000000000000000, 2.749999999999727329 ) ) ;
#6641 = LINE ( 'NONE', #595, #7757 ) ;
#6642 = CARTESIAN_POINT ( 'NONE',  ( -45.98711305964371832, 9.999999999999984013, 108.7499999999996874 ) ) ;
#6643 = ORIENTED_EDGE ( 'NONE', *, *, #1894, .T. ) ;
#6644 = EDGE_CURVE ( 'NONE', #5858, #2256, #2924, .T. ) ;
#6645 = ORIENTED_EDGE ( 'NONE', *, *, #7481, .F. ) ;
#6646 = CARTESIAN_POINT ( 'NONE',  ( -93.49999999999998579, -3.000000000000000000, 41.16742430504404382 ) ) ;
#6647 = DIRECTION ( 'NONE',  ( -1.000000000000000000, 0.000000000000000000, 4.625929269271486111E-15 ) ) ;
#6648 = ORIENTED_EDGE ( 'NONE', *, *, #5616, .T. ) ;
#6649 = DIRECTION ( 'NONE',  ( 0.2588190451025145222, -0.9659258262890699775, 0.000000000000000000 ) ) ;
#6650 = DIRECTION ( 'NONE',  ( 1.246507886929438799E-16, -1.000000000000000000, 0.000000000000000000 ) ) ;
#6651 = ORIENTED_EDGE ( 'NONE', *, *, #2832, .F. ) ;
#6652 = VERTEX_POINT ( 'NONE', #5835 ) ;
#6653 = DIRECTION ( 'NONE',  ( 1.206764157201257143E-15, 0.000000000000000000, 1.000000000000000000 ) ) ;
#6654 = DIRECTION ( 'NONE',  ( 1.246507886929443483E-16, -1.000000000000000000, 0.000000000000000000 ) ) ;
#6655 = ORIENTED_EDGE ( 'NONE', *, *, #3351, .T. ) ;
#6656 = DIRECTION ( 'NONE',  ( 1.000000000000000000, 1.246507886929443236E-16, 0.000000000000000000 ) ) ;
#6657 = CARTESIAN_POINT ( 'NONE',  ( -31.73619097949586987, 150.0000000000000284, 105.7499999999998295 ) ) ;
#6658 = EDGE_CURVE ( 'NONE', #5814, #1577, #7135, .T. ) ;
#6659 = VERTEX_POINT ( 'NONE', #1167 ) ;
#6660 = CARTESIAN_POINT ( 'NONE',  ( -1.246507886929442940E-15, 9.999999999999998224, 105.7499999999998295 ) ) ;
#6661 = LINE ( 'NONE', #7407, #2462 ) ;
#6662 = ORIENTED_EDGE ( 'NONE', *, *, #7502, .F. ) ;
#6663 = CARTESIAN_POINT ( 'NONE',  ( 95.49999999999995737, -3.000000000000000000, 0.000000000000000000 ) ) ;
#6664 = ORIENTED_EDGE ( 'NONE', *, *, #5288, .T. ) ;
#6665 = LINE ( 'NONE', #6630, #2314 ) ;
#6666 = LINE ( 'NONE', #6076, #5990 ) ;
#6667 = FACE_OUTER_BOUND ( 'NONE', #5812, .T. ) ;
#6668 = EDGE_CURVE ( 'NONE', #957, #2725, #6386, .T. ) ;
#6669 = CARTESIAN_POINT ( 'NONE',  ( 88.49999999999997158, 156.0000000000000284, 5.749999999999980460 ) ) ;
#6670 = EDGE_CURVE ( 'NONE', #458, #4471, #109, .T. ) ;
#6671 = CARTESIAN_POINT ( 'NONE',  ( -83.49999999999991473, -1.655421831360722005E-14, 105.7499999999998295 ) ) ;
#6672 = VERTEX_POINT ( 'NONE', #5482 ) ;
#6673 = ORIENTED_EDGE ( 'NONE', *, *, #3040, .T. ) ;
#6674 = DIRECTION ( 'NONE',  ( 0.2588190451025145222, -0.9659258262890699775, 0.000000000000000000 ) ) ;
#6675 = EDGE_CURVE ( 'NONE', #5668, #7619, #1947, .T. ) ;
#6677 = EDGE_CURVE ( 'NONE', #6157, #5890, #2385, .T. ) ;
#6676 = LINE ( 'NONE', #2403, #1874 ) ;
#6678 = DIRECTION ( 'NONE',  ( 0.000000000000000000, 1.000000000000000000, -0.000000000000000000 ) ) ;
#6679 = EDGE_LOOP ( 'NONE', ( #7578, #538, #3523, #4063 ) ) ;
#6680 = ORIENTED_EDGE ( 'NONE', *, *, #1819, .F. ) ;
#6681 = DIRECTION ( 'NONE',  ( 0.000000000000000000, 0.000000000000000000, 1.000000000000000000 ) ) ;
#6682 = LINE ( 'NONE', #2446, #5862 ) ;
#6683 = LINE ( 'NONE', #3920, #2553 ) ;
#6684 = CARTESIAN_POINT ( 'NONE',  ( 0.000000000000000000, -3.200000000000000178, -5.750000000000018652 ) ) ;
#6686 = EDGE_CURVE ( 'NONE', #5969, #1934, #3757, .T. ) ;
#6685 = DIRECTION ( 'NONE',  ( 0.000000000000000000, 1.000000000000000000, -0.000000000000000000 ) ) ;
#6687 = ORIENTED_EDGE ( 'NONE', *, *, #4008, .T. ) ;
#6688 = VERTEX_POINT ( 'NONE', #4855 ) ;
#6689 = CARTESIAN_POINT ( 'NONE',  ( -99.49999999999884892, 160.0000000000000000, 103.0000000000000426 ) ) ;
#6690 = VECTOR ( 'NONE', #2346, 1000.000000000000000 ) ;
#6691 = LINE ( 'NONE', #3710, #3816 ) ;
#6692 = VERTEX_POINT ( 'NONE', #4341 ) ;
#6693 = DIRECTION ( 'NONE',  ( 0.000000000000000000, 0.000000000000000000, 1.000000000000000000 ) ) ;
#6694 = CARTESIAN_POINT ( 'NONE',  ( 1.140404673924322588E-13, 149.9999999999999716, 5.749999999999727329 ) ) ;
#6695 = ORIENTED_EDGE ( 'NONE', *, *, #7464, .F. ) ;
#6696 = AXIS2_PLACEMENT_3D ( 'NONE', #7203, #498, #2887 ) ;
#6697 = DIRECTION ( 'NONE',  ( 0.000000000000000000, 1.000000000000000000, -0.000000000000000000 ) ) ;
#6698 = DIRECTION ( 'NONE',  ( -2.775557561562890957E-15, 8.673617379884033500E-16, 1.000000000000000000 ) ) ;
#6699 = ORIENTED_EDGE ( 'NONE', *, *, #7598, .T. ) ;
#6700 = PLANE ( 'NONE',  #3684 ) ;
#6701 = ORIENTED_EDGE ( 'NONE', *, *, #7104, .T. ) ;
#6702 = VECTOR ( 'NONE', #511, 1000.000000000000000 ) ;
#6703 = CARTESIAN_POINT ( 'NONE',  ( -1.246507886929442940E-15, 9.999999999999998224, 108.7499999999996874 ) ) ;
#6704 = VECTOR ( 'NONE', #1610, 1000.000000000000000 ) ;
#6705 = LINE ( 'NONE', #3016, #2611 ) ;
#6706 = CARTESIAN_POINT ( 'NONE',  ( -2.493015773858885802E-14, 150.0000000000000284, 105.7499999999998295 ) ) ;
#6707 = VECTOR ( 'NONE', #1290, 1000.000000000000000 ) ;
#6708 = DIRECTION ( 'NONE',  ( -0.000000000000000000, -0.000000000000000000, 1.000000000000000000 ) ) ;
#6709 = DIRECTION ( 'NONE',  ( -1.000000000000000000, 0.000000000000000000, 4.024558464266189304E-14 ) ) ;
#6710 = VERTEX_POINT ( 'NONE', #7324 ) ;
#6711 = EDGE_LOOP ( 'NONE', ( #4346, #7762, #6472, #6673 ) ) ;
#6712 = EDGE_CURVE ( 'NONE', #4851, #4356, #1243, .T. ) ;
#6713 = DIRECTION ( 'NONE',  ( -0.9659258262890699775, -0.2588190451025145222, 0.000000000000000000 ) ) ;
#6714 = COLOUR_RGB ( '',0.7921568627450980005, 0.8196078431372548767, 0.9333333333333333481 ) ;
#6715 = DIRECTION ( 'NONE',  ( 1.000000000000000000, 1.662010515905923740E-16, 0.000000000000000000 ) ) ;
#6716 = LINE ( 'NONE', #1458, #6085 ) ;
#6717 = ORIENTED_EDGE ( 'NONE', *, *, #1238, .T. ) ;
#6718 = VECTOR ( 'NONE', #6709, 1000.000000000000000 ) ;
#6719 = ORIENTED_EDGE ( 'NONE', *, *, #3176, .F. ) ;
#6720 = CARTESIAN_POINT ( 'NONE',  ( 95.49999999999995737, -3.200000000000000178, 2.749999999999974243 ) ) ;
#6721 = EDGE_CURVE ( 'NONE', #7626, #4390, #7287, .T. ) ;
#6722 = CARTESIAN_POINT ( 'NONE',  ( -93.49999999999997158, 160.0000000000000000, 4.325243866768838181E-13 ) ) ;
#6723 = CARTESIAN_POINT ( 'NONE',  ( 83.50000000000051159, 29.02894480630721574, 57.24999999999594280 ) ) ;
#6724 = CARTESIAN_POINT ( 'NONE',  ( -2.699229728619899217E-13, 160.0000000000000000, 97.24999999999948841 ) ) ;
#6725 = CARTESIAN_POINT ( 'NONE',  ( -4.059252933785062171E-12, -3.000000000000000000, 48.74999999999204192 ) ) ;
#6726 = VECTOR ( 'NONE', #2612, 1000.000000000000000 ) ;
#6727 = ORIENTED_EDGE ( 'NONE', *, *, #59, .T. ) ;
#6728 = EDGE_LOOP ( 'NONE', ( #5868, #3785, #6543, #167 ) ) ;
#6729 = CARTESIAN_POINT ( 'NONE',  ( -83.49999999999991473, -1.655421831360722005E-14, 105.7499999999998295 ) ) ;
#6730 = EDGE_CURVE ( 'NONE', #298, #1076, #3161, .T. ) ;
#6731 = AXIS2_PLACEMENT_3D ( 'NONE', #645, #2074, #6274 ) ;
#6732 = CARTESIAN_POINT ( 'NONE',  ( 103.4999999999998721, 0.000000000000000000, 7.749999999999980460 ) ) ;
#6733 = ORIENTED_EDGE ( 'NONE', *, *, #4432, .T. ) ;
#6734 = DIRECTION ( 'NONE',  ( -0.000000000000000000, 0.000000000000000000, 1.000000000000000000 ) ) ;
#6735 = DIRECTION ( 'NONE',  ( 0.000000000000000000, 0.000000000000000000, 1.000000000000000000 ) ) ;
#6736 = ORIENTED_EDGE ( 'NONE', *, *, #293, .T. ) ;
#6737 = VECTOR ( 'NONE', #3742, 1000.000000000000000 ) ;
#6738 = CARTESIAN_POINT ( 'NONE',  ( 0.000000000000000000, -3.000000000000000000, 0.000000000000000000 ) ) ;
#6739 = DIRECTION ( 'NONE',  ( -1.000000000000000000, 0.000000000000000000, 0.000000000000000000 ) ) ;
#6740 = VERTEX_POINT ( 'NONE', #6657 ) ;
#6741 = EDGE_CURVE ( 'NONE', #6218, #3012, #7755, .T. ) ;
#6742 = DIRECTION ( 'NONE',  ( 0.000000000000000000, 0.000000000000000000, 1.000000000000000000 ) ) ;
#6743 = VERTEX_POINT ( 'NONE', #3594 ) ;
#6744 = VECTOR ( 'NONE', #1336, 1000.000000000000000 ) ;
#6745 = CIRCLE ( 'NONE', #5247, 1.699999999999937561 ) ;
#6746 = LINE ( 'NONE', #7260, #423 ) ;
#6747 = FACE_BOUND ( 'NONE', #5390, .T. ) ;
#6748 = LINE ( 'NONE', #1377, #7247 ) ;
#6749 = VECTOR ( 'NONE', #6410, 1000.000000000000000 ) ;
#6750 = VECTOR ( 'NONE', #1751, 999.9999999999998863 ) ;
#6751 = DIRECTION ( 'NONE',  ( -1.982541115402064617E-16, 1.000000000000000000, 0.000000000000000000 ) ) ;
#6752 = FACE_BOUND ( 'NONE', #7736, .T. ) ;
#6753 = VERTEX_POINT ( 'NONE', #2459 ) ;
#6754 = ORIENTED_EDGE ( 'NONE', *, *, #7058, .F. ) ;
#6755 = DIRECTION ( 'NONE',  ( 1.484255380514913698E-16, 0.000000000000000000, 1.000000000000000000 ) ) ;
#6756 = CIRCLE ( 'NONE', #5630, 1.799999999999996048 ) ;
#6757 = CIRCLE ( 'NONE', #123, 1.999999999999996225 ) ;
#6758 = DIRECTION ( 'NONE',  ( 1.000000000000000000, 1.246507886929438799E-16, 0.000000000000000000 ) ) ;
#6759 = EDGE_CURVE ( 'NONE', #3397, #3328, #3864, .T. ) ;
#6760 = CARTESIAN_POINT ( 'NONE',  ( 1.377241172440915905E-13, 9.999999999999998224, 2.749999999999727329 ) ) ;
#6761 = EDGE_LOOP ( 'NONE', ( #449, #2878, #7701, #6719 ) ) ;
#6762 = EDGE_LOOP ( 'NONE', ( #3022, #3423, #4976, #2533 ) ) ;
#6763 = CARTESIAN_POINT ( 'NONE',  ( -93.49999999999998579, 0.000000000000000000, -3.243932900076621062E-14 ) ) ;
#6764 = DIRECTION ( 'NONE',  ( 0.2588190451025146888, -0.9659258262890699775, 0.000000000000000000 ) ) ;
#6765 = LINE ( 'NONE', #2123, #7013 ) ;
#6766 = CARTESIAN_POINT ( 'NONE',  ( 90.29999999999996874, 156.0000000000000284, 54.24999999999962341 ) ) ;
#6767 = EDGE_CURVE ( 'NONE', #2641, #1717, #7248, .T. ) ;
#6768 = ORIENTED_EDGE ( 'NONE', *, *, #5038, .F. ) ;
#6769 = ADVANCED_FACE ( 'NONE', ( #7170 ), #1288, .F. ) ;
#6770 = EDGE_LOOP ( 'NONE', ( #4269, #6281, #7302, #6326 ) ) ;
#6771 = ADVANCED_FACE ( 'NONE', ( #6066 ), #696, .T. ) ;
#6772 = DIRECTION ( 'NONE',  ( 1.000000000000000000, 0.000000000000000000, -8.326672684688666480E-14 ) ) ;
#6773 = DIRECTION ( 'NONE',  ( 0.2588190451025145777, -0.9659258262890699775, 0.000000000000000000 ) ) ;
#6774 = ORIENTED_EDGE ( 'NONE', *, *, #3751, .F. ) ;
#6775 = PLANE ( 'NONE',  #5003 ) ;
#6776 = CARTESIAN_POINT ( 'NONE',  ( 47.18774317726370526, 10.00000000000000533, 5.749999999999727329 ) ) ;
#6777 = EDGE_CURVE ( 'NONE', #7069, #406, #3637, .T. ) ;
#6778 = VERTEX_POINT ( 'NONE', #1789 ) ;
#6779 = ADVANCED_FACE ( 'NONE', ( #4180 ), #6575, .F. ) ;
#6780 = LINE ( 'NONE', #4300, #7338 ) ;
#6781 = CARTESIAN_POINT ( 'NONE',  ( -83.49999999999995737, 72.72593389687250465, 54.24999999999594280 ) ) ;
#6782 = ORIENTED_EDGE ( 'NONE', *, *, #2357, .T. ) ;
#6783 = DIRECTION ( 'NONE',  ( 0.000000000000000000, 0.000000000000000000, 1.000000000000000000 ) ) ;
#6784 = VERTEX_POINT ( 'NONE', #741 ) ;
#6785 = VERTEX_POINT ( 'NONE', #5525 ) ;
#6786 = LINE ( 'NONE', #4980, #5998 ) ;
#6787 = DIRECTION ( 'NONE',  ( -0.000000000000000000, 1.000000000000000000, -0.000000000000000000 ) ) ;
#6788 = EDGE_CURVE ( 'NONE', #2119, #182, #1207, .T. ) ;
#6789 = DIRECTION ( 'NONE',  ( -1.000000000000000000, 0.000000000000000000, 0.000000000000000000 ) ) ;
#6790 = DIRECTION ( 'NONE',  ( 1.000000000000000000, 1.246507886929438799E-16, 0.000000000000000000 ) ) ;
#6791 = ORIENTED_EDGE ( 'NONE', *, *, #1791, .T. ) ;
#6792 = VERTEX_POINT ( 'NONE', #2538 ) ;
#6793 = CARTESIAN_POINT ( 'NONE',  ( -83.49999999999994316, -1.655421831360723267E-14, 54.24999999999594280 ) ) ;
#6794 = CARTESIAN_POINT ( 'NONE',  ( 56.18602202090566777, 15.05499922641856259, 105.7499999999998295 ) ) ;
#6795 = EDGE_CURVE ( 'NONE', #2169, #4098, #4931, .T. ) ;
#6796 = CARTESIAN_POINT ( 'NONE',  ( 75.50453854668714371, 20.23138012846883171, 2.749999999999727329 ) ) ;
#6797 = ORIENTED_EDGE ( 'NONE', *, *, #4052, .T. ) ;
#6798 = ORIENTED_EDGE ( 'NONE', *, *, #4097, .F. ) ;
#6799 = LINE ( 'NONE', #4404, #7240 ) ;
#6800 = EDGE_CURVE ( 'NONE', #5781, #6969, #1548, .T. ) ;
#6801 = DIRECTION ( 'NONE',  ( 0.2588190451025145222, -0.9659258262890699775, 0.000000000000000000 ) ) ;
#6802 = VERTEX_POINT ( 'NONE', #3940 ) ;
#6803 = VERTEX_POINT ( 'NONE', #7517 ) ;
#6804 = DIRECTION ( 'NONE',  ( 1.000000000000000000, 0.000000000000000000, 0.000000000000000000 ) ) ;
#6805 = DIRECTION ( 'NONE',  ( 1.000000000000000000, 0.000000000000000000, 0.000000000000000000 ) ) ;
#6806 = ORIENTED_EDGE ( 'NONE', *, *, #1591, .F. ) ;
#6807 = EDGE_CURVE ( 'NONE', #7669, #7436, #6332, .T. ) ;
#6808 = CARTESIAN_POINT ( 'NONE',  ( -31.73619097949575973, 149.9999999999999716, 2.749999999999727329 ) ) ;
#6809 = DIRECTION ( 'NONE',  ( 0.000000000000000000, 0.000000000000000000, -1.000000000000000000 ) ) ;
#6810 = EDGE_LOOP ( 'NONE', ( #1568, #5191, #6687, #6598 ) ) ;
#6811 = DIRECTION ( 'NONE',  ( -1.000000000000000000, 0.000000000000000000, -8.326672684688667742E-14 ) ) ;
#6812 = VECTOR ( 'NONE', #1480, 1000.000000000000000 ) ;
#6813 = DIRECTION ( 'NONE',  ( -1.000000000000000000, -1.826024711554534653E-16, 0.000000000000000000 ) ) ;
#6814 = ORIENTED_EDGE ( 'NONE', *, *, #827, .T. ) ;
#6815 = CARTESIAN_POINT ( 'NONE',  ( 5.776695960860307899, 9.999999999999998224, 57.24999999999594280 ) ) ;
#6816 = ORIENTED_EDGE ( 'NONE', *, *, #2604, .F. ) ;
#6817 = EDGE_CURVE ( 'NONE', #7509, #6480, #4996, .T. ) ;
#6818 = EDGE_CURVE ( 'NONE', #5969, #1149, #5081, .T. ) ;
#6819 = ORIENTED_EDGE ( 'NONE', *, *, #2043, .F. ) ;
#6820 = CARTESIAN_POINT ( 'NONE',  ( 0.000000000000000000, 160.0000000000000000, 45.94999999999987494 ) ) ;
#6821 = CARTESIAN_POINT ( 'NONE',  ( 65.84528028379648390, 17.64318967744369715, 2.749999999999727329 ) ) ;
#6822 = AXIS2_PLACEMENT_3D ( 'NONE', #6036, #1172, #5448 ) ;
#6823 = LINE ( 'NONE', #790, #2192 ) ;
#6824 = FACE_OUTER_BOUND ( 'NONE', #3444, .T. ) ;
#6825 = ORIENTED_EDGE ( 'NONE', *, *, #4729, .T. ) ;
#6826 = VECTOR ( 'NONE', #7088, 1000.000000000000000 ) ;
#6827 = EDGE_LOOP ( 'NONE', ( #2005, #1737, #3399, #151 ) ) ;
#6828 = EDGE_CURVE ( 'NONE', #6144, #3002, #1112, .T. ) ;
#6829 = FACE_OUTER_BOUND ( 'NONE', #5518, .T. ) ;
#6830 = CARTESIAN_POINT ( 'NONE',  ( 90.29999999999998295, 160.0000000000000284, 5.749999999999980460 ) ) ;
#6831 = CIRCLE ( 'NONE', #4193, 1.799999999999996048 ) ;
#6832 = CARTESIAN_POINT ( 'NONE',  ( -93.50000000000002842, 160.0000000000000000, 97.24999999999978684 ) ) ;
#6833 = ORIENTED_EDGE ( 'NONE', *, *, #3692, .F. ) ;
#6834 = ORIENTED_EDGE ( 'NONE', *, *, #1721, .F. ) ;
#6835 = EDGE_CURVE ( 'NONE', #7619, #182, #1512, .T. ) ;
#6836 = VECTOR ( 'NONE', #7095, 1000.000000000000000 ) ;
#6837 = LINE ( 'NONE', #1579, #472 ) ;
#6838 = DIRECTION ( 'NONE',  ( -1.000000000000000000, 0.000000000000000000, 0.000000000000000000 ) ) ;
#6839 = ORIENTED_EDGE ( 'NONE', *, *, #7198, .T. ) ;
#6840 = VECTOR ( 'NONE', #5621, 1000.000000000000000 ) ;
#6841 = ORIENTED_EDGE ( 'NONE', *, *, #6284, .F. ) ;
#6842 = DIRECTION ( 'NONE',  ( 1.000000000000000000, 1.246507886929438799E-16, 0.000000000000000000 ) ) ;
#6843 = PLANE ( 'NONE',  #5577 ) ;
#6844 = ORIENTED_EDGE ( 'NONE', *, *, #5365, .T. ) ;
#6845 = VECTOR ( 'NONE', #464, 1000.000000000000000 ) ;
#6846 = DIRECTION ( 'NONE',  ( 1.000000000000000000, 0.000000000000000000, 0.000000000000000000 ) ) ;
#6847 = LINE ( 'NONE', #1433, #3615 ) ;
#6848 = VERTEX_POINT ( 'NONE', #924 ) ;
#6849 = EDGE_CURVE ( 'NONE', #6170, #2050, #967, .T. ) ;
#6850 = VECTOR ( 'NONE', #6178, 1000.000000000000000 ) ;
#6851 = CARTESIAN_POINT ( 'NONE',  ( -95.49999999999893419, 160.0000000000000000, 0.000000000000000000 ) ) ;
#6852 = LINE ( 'NONE', #5754, #1220 ) ;
#6853 = ORIENTED_EDGE ( 'NONE', *, *, #786, .F. ) ;
#6854 = CARTESIAN_POINT ( 'NONE',  ( -103.4999999999998863, 160.0000000000000000, 1.249000902703299593E-13 ) ) ;
#6855 = ORIENTED_EDGE ( 'NONE', *, *, #4329, .F. ) ;
#6856 = VERTEX_POINT ( 'NONE', #6221 ) ;
#6857 = FACE_OUTER_BOUND ( 'NONE', #7706, .T. ) ;
#6858 = AXIS2_PLACEMENT_3D ( 'NONE', #5977, #7022, #6417 ) ;
#6859 = DIRECTION ( 'NONE',  ( -1.000000000000000000, 0.000000000000000000, -0.000000000000000000 ) ) ;
#6860 = EDGE_CURVE ( 'NONE', #1414, #4798, #6892, .T. ) ;
#6861 = ADVANCED_FACE ( 'NONE', ( #2575 ), #6928, .F. ) ;
#6862 = CARTESIAN_POINT ( 'NONE',  ( 114.1415715982499250, 30.58414193256952274, 105.7499999999998295 ) ) ;
#6863 = VECTOR ( 'NONE', #2936, 1000.000000000000000 ) ;
#6864 = CARTESIAN_POINT ( 'NONE',  ( 103.4999999999998721, 2.000000000000000000, 7.749999999999980460 ) ) ;
#6865 = VERTEX_POINT ( 'NONE', #6776 ) ;
#6866 = VECTOR ( 'NONE', #7620, 999.9999999999998863 ) ;
#6867 = LINE ( 'NONE', #681, #4606 ) ;
#6868 = ORIENTED_EDGE ( 'NONE', *, *, #6523, .F. ) ;
#6869 = CARTESIAN_POINT ( 'NONE',  ( -2.935152121352671574E-12, -3.000000000000000000, 105.7499999999970157 ) ) ;
#6870 = VECTOR ( 'NONE', #4639, 999.9999999999998863 ) ;
#6871 = DIRECTION ( 'NONE',  ( -1.826024711554534653E-16, 1.000000000000000000, 0.000000000000000000 ) ) ;
#6872 = CIRCLE ( 'NONE', #3485, 1.699999999999937561 ) ;
#6873 = EDGE_CURVE ( 'NONE', #5849, #5458, #3904, .T. ) ;
#6874 = LINE ( 'NONE', #1500, #1191 ) ;
#6875 = DIRECTION ( 'NONE',  ( 0.2588190451025145222, -0.9659258262890699775, 0.000000000000000000 ) ) ;
#6876 = ORIENTED_EDGE ( 'NONE', *, *, #1730, .T. ) ;
#6877 = ORIENTED_EDGE ( 'NONE', *, *, #5167, .T. ) ;
#6878 = VECTOR ( 'NONE', #1254, 1000.000000000000000 ) ;
#6879 = AXIS2_PLACEMENT_3D ( 'NONE', #5405, #1788, #2384 ) ;
#6880 = CARTESIAN_POINT ( 'NONE',  ( 0.000000000000000000, 155.0000000000000000, 0.000000000000000000 ) ) ;
#6881 = LINE ( 'NONE', #214, #2247 ) ;
#6882 = VECTOR ( 'NONE', #2760, 1000.000000000000000 ) ;
#6883 = ORIENTED_EDGE ( 'NONE', *, *, #883, .T. ) ;
#6884 = VECTOR ( 'NONE', #1473, 1000.000000000000000 ) ;
#6885 = ADVANCED_FACE ( 'NONE', ( #2024 ), #5559, .F. ) ;
#6886 = VERTEX_POINT ( 'NONE', #184 ) ;
#6887 = LINE ( 'NONE', #3388, #330 ) ;
#6888 = DIRECTION ( 'NONE',  ( -0.9659258262890700886, -0.2588190451025144112, 0.000000000000000000 ) ) ;
#6889 = ORIENTED_EDGE ( 'NONE', *, *, #4405, .T. ) ;
#6890 = AXIS2_PLACEMENT_3D ( 'NONE', #7226, #42, #4246 ) ;
#6891 = DIRECTION ( 'NONE',  ( -1.804112415015877864E-13, 0.000000000000000000, 1.000000000000000000 ) ) ;
#6892 = LINE ( 'NONE', #1402, #1861 ) ;
#6893 = ORIENTED_EDGE ( 'NONE', *, *, #2643, .T. ) ;
#6894 = CYLINDRICAL_SURFACE ( 'NONE', #2576, 2.000000000000000000 ) ;
#6895 = DIRECTION ( 'NONE',  ( -1.000000000000000000, 0.000000000000000000, 1.110223024625155404E-13 ) ) ;
#6896 = ORIENTED_EDGE ( 'NONE', *, *, #3839, .F. ) ;
#6897 = LINE ( 'NONE', #1518, #5316 ) ;
#6898 = VERTEX_POINT ( 'NONE', #5043 ) ;
#6899 = ORIENTED_EDGE ( 'NONE', *, *, #6102, .F. ) ;
#6900 = CARTESIAN_POINT ( 'NONE',  ( 57.54050498136437852, 10.00000000000000533, 54.24999999999594280 ) ) ;
#6901 = EDGE_CURVE ( 'NONE', #5997, #5011, #7435, .T. ) ;
#6902 = CARTESIAN_POINT ( 'NONE',  ( -90.29999999999999716, 4.000000000000003553, 2.749999999999978240 ) ) ;
#6903 = CARTESIAN_POINT ( 'NONE',  ( -93.50000000000000000, 0.000000000000000000, 57.24999999999968736 ) ) ;
#6904 = FACE_OUTER_BOUND ( 'NONE', #1153, .T. ) ;
#6905 = ORIENTED_EDGE ( 'NONE', *, *, #5975, .T. ) ;
#6906 = CARTESIAN_POINT ( 'NONE',  ( 3.055148551335105489E-15, 2.000000000000000000, 41.16742430504403671 ) ) ;
#6907 = ORIENTED_EDGE ( 'NONE', *, *, #2540, .F. ) ;
#6908 = DIRECTION ( 'NONE',  ( -0.000000000000000000, -0.000000000000000000, 1.000000000000000000 ) ) ;
#6909 = DIRECTION ( 'NONE',  ( 1.982541115402064617E-16, 1.000000000000000000, 0.000000000000000000 ) ) ;
#6910 = EDGE_CURVE ( 'NONE', #1108, #3202, #3791, .T. ) ;
#6911 = PLANE ( 'NONE',  #5509 ) ;
#6912 = EDGE_CURVE ( 'NONE', #6229, #4741, #5126, .T. ) ;
#6913 = FACE_OUTER_BOUND ( 'NONE', #4484, .T. ) ;
#6914 = SURFACE_STYLE_USAGE ( .BOTH. , #4521 ) ;
#6915 = ORIENTED_EDGE ( 'NONE', *, *, #3259, .T. ) ;
#6916 = EDGE_LOOP ( 'NONE', ( #6295, #7377, #684, #1050 ) ) ;
#6917 = FACE_OUTER_BOUND ( 'NONE', #3874, .T. ) ;
#6918 = EDGE_CURVE ( 'NONE', #5978, #1384, #6847, .T. ) ;
#6919 = EDGE_CURVE ( 'NONE', #3291, #6865, #5667, .T. ) ;
#6920 = LINE ( 'NONE', #5894, #3747 ) ;
#6921 = ORIENTED_EDGE ( 'NONE', *, *, #5297, .T. ) ;
#6922 = ORIENTED_EDGE ( 'NONE', *, *, #7208, .T. ) ;
#6923 = DIRECTION ( 'NONE',  ( -1.000000000000000000, 0.000000000000000000, 0.000000000000000000 ) ) ;
#6924 = FACE_BOUND ( 'NONE', #2536, .T. ) ;
#6925 = VERTEX_POINT ( 'NONE', #2095 ) ;
#6926 = EDGE_CURVE ( 'NONE', #2030, #5181, #6364, .T. ) ;
#6927 = PLANE ( 'NONE',  #1497 ) ;
#6928 = PLANE ( 'NONE',  #2617 ) ;
#6929 = VERTEX_POINT ( 'NONE', #5825 ) ;
#6930 = LINE ( 'NONE', #335, #4326 ) ;
#6931 = DIRECTION ( 'NONE',  ( 1.000000000000000000, 1.662010515905918563E-16, 0.000000000000000000 ) ) ;
#6932 = ORIENTED_EDGE ( 'NONE', *, *, #5736, .F. ) ;
#6933 = DIRECTION ( 'NONE',  ( 0.2588190451025145222, -0.9659258262890699775, 0.000000000000000000 ) ) ;
#6934 = ORIENTED_EDGE ( 'NONE', *, *, #4149, .F. ) ;
#6935 = CARTESIAN_POINT ( 'NONE',  ( 65.84528028379638442, 17.64318967744371491, 108.7499999999996874 ) ) ;
#6936 = EDGE_CURVE ( 'NONE', #5231, #5858, #413, .T. ) ;
#6937 = CARTESIAN_POINT ( 'NONE',  ( -40.40656060800127136, -10.82690528383291095, 2.749999999999727329 ) ) ;
#6938 = FACE_OUTER_BOUND ( 'NONE', #1878, .T. ) ;
#6939 = VECTOR ( 'NONE', #5843, 999.9999999999998863 ) ;
#6940 = LINE ( 'NONE', #1056, #4066 ) ;
#6941 = DIRECTION ( 'NONE',  ( 0.2588190451025145777, -0.9659258262890699775, 0.000000000000000000 ) ) ;
#6942 = EDGE_LOOP ( 'NONE', ( #5384, #555, #6330, #5476 ) ) ;
#6943 = LINE ( 'NONE', #1567, #3555 ) ;
#6944 = VERTEX_POINT ( 'NONE', #4137 ) ;
#6945 = LINE ( 'NONE', #3780, #2193 ) ;
#6946 = DIRECTION ( 'NONE',  ( 1.000000000000000000, 0.000000000000000000, 2.312964634635747946E-14 ) ) ;
#6947 = FACE_OUTER_BOUND ( 'NONE', #3795, .T. ) ;
#6948 = CARTESIAN_POINT ( 'NONE',  ( 0.000000000000000000, 0.000000000000000000, 0.000000000000000000 ) ) ;
#6949 = AXIS2_PLACEMENT_3D ( 'NONE', #6407, #1586, #1007 ) ;
#6950 = LINE ( 'NONE', #1574, #4828 ) ;
#6951 = ADVANCED_FACE ( 'NONE', ( #7014 ), #4727, .F. ) ;
#6952 = ORIENTED_EDGE ( 'NONE', *, *, #1217, .F. ) ;
#6953 = VERTEX_POINT ( 'NONE', #7049 ) ;
#6954 = DIRECTION ( 'NONE',  ( 0.2588190451025145222, -0.9659258262890699775, 0.000000000000000000 ) ) ;
#6955 = VECTOR ( 'NONE', #3453, 1000.000000000000000 ) ;
#6956 = VECTOR ( 'NONE', #118, 1000.000000000000000 ) ;
#6957 = LINE ( 'NONE', #4086, #616 ) ;
#6958 = ORIENTED_EDGE ( 'NONE', *, *, #4444, .F. ) ;
#6959 = ADVANCED_FACE ( 'NONE', ( #5866 ), #7593, .T. ) ;
#6960 = EDGE_LOOP ( 'NONE', ( #647, #6424, #6701, #6615 ) ) ;
#6961 = EDGE_CURVE ( 'NONE', #627, #3028, #3982, .T. ) ;
#6962 = VECTOR ( 'NONE', #1137, 1000.000000000000000 ) ;
#6963 = DIRECTION ( 'NONE',  ( 1.000000000000000000, 1.662010515905923986E-16, 0.000000000000000000 ) ) ;
#6964 = DIRECTION ( 'NONE',  ( 0.000000000000000000, 0.000000000000000000, 1.000000000000000000 ) ) ;
#6965 = ORIENTED_EDGE ( 'NONE', *, *, #4488, .T. ) ;
#6966 = DIRECTION ( 'NONE',  ( 1.000000000000000000, 1.662010515905918563E-16, 0.000000000000000000 ) ) ;
#6967 = FACE_BOUND ( 'NONE', #439, .T. ) ;
#6968 = VECTOR ( 'NONE', #719, 1000.000000000000000 ) ;
#6969 = VERTEX_POINT ( 'NONE', #1631 ) ;
#6970 = EDGE_CURVE ( 'NONE', #2797, #1584, #6529, .T. ) ;
#6971 = DIRECTION ( 'NONE',  ( -0.000000000000000000, 0.000000000000000000, 1.000000000000000000 ) ) ;
#6972 = DIRECTION ( 'NONE',  ( 1.000000000000000000, 0.000000000000000000, 0.000000000000000000 ) ) ;
#6973 = VERTEX_POINT ( 'NONE', #7665 ) ;
#6974 = AXIS2_PLACEMENT_3D ( 'NONE', #5996, #2389, #661 ) ;
#6975 = LINE ( 'NONE', #1049, #5935 ) ;
#6976 = ORIENTED_EDGE ( 'NONE', *, *, #4266, .T. ) ;
#6977 = PLANE ( 'NONE',  #3105 ) ;
#6978 = LINE ( 'NONE', #3365, #362 ) ;
#6979 = LINE ( 'NONE', #1711, #6117 ) ;
#6980 = CIRCLE ( 'NONE', #1465, 2.000000000000001776 ) ;
#6981 = EDGE_CURVE ( 'NONE', #5425, #3754, #3740, .T. ) ;
#6982 = CARTESIAN_POINT ( 'NONE',  ( 83.50000000000063949, 0.000000000000000000, 2.749999999999727329 ) ) ;
#6983 = DIRECTION ( 'NONE',  ( 1.000000000000000000, 1.246507886929438799E-16, 0.000000000000000000 ) ) ;
#6984 = ORIENTED_EDGE ( 'NONE', *, *, #5421, .T. ) ;
#6985 = CARTESIAN_POINT ( 'NONE',  ( 96.50000000000000000, -24.12451549659737893, -11.45000000000001705 ) ) ;
#6986 = ORIENTED_EDGE ( 'NONE', *, *, #4988, .T. ) ;
#6987 = AXIS2_PLACEMENT_3D ( 'NONE', #4610, #326, #2722 ) ;
#6988 = CARTESIAN_POINT ( 'NONE',  ( -93.49999999999990052, 160.0000000000000000, 0.000000000000000000 ) ) ;
#6989 = LINE ( 'NONE', #5917, #3985 ) ;
#6990 = PLANE ( 'NONE',  #3125 ) ;
#6991 = ORIENTED_EDGE ( 'NONE', *, *, #1591, .T. ) ;
#6992 = VECTOR ( 'NONE', #2674, 1000.000000000000000 ) ;
#6993 = CARTESIAN_POINT ( 'NONE',  ( -93.50000000000000000, -3.000000000000000000, 61.83257569495552985 ) ) ;
#6994 = LINE ( 'NONE', #4643, #2949 ) ;
#6995 = ORIENTED_EDGE ( 'NONE', *, *, #2942, .F. ) ;
#6996 = ORIENTED_EDGE ( 'NONE', *, *, #38, .T. ) ;
#6997 = PLANE ( 'NONE',  #1977 ) ;
#6998 = VECTOR ( 'NONE', #3254, 999.9999999999998863 ) ;
#6999 = VECTOR ( 'NONE', #1916, 1000.000000000000000 ) ;
#7000 = ADVANCED_FACE ( 'NONE', ( #4025 ), #1045, .F. ) ;
#7001 = CARTESIAN_POINT ( 'NONE',  ( -93.50000000000001421, 2.000000000000000000, 61.83257569495552985 ) ) ;
#7002 = ORIENTED_EDGE ( 'NONE', *, *, #6525, .F. ) ;
#7003 = VECTOR ( 'NONE', #6294, 1000.000000000000000 ) ;
#7004 = VERTEX_POINT ( 'NONE', #2176 ) ;
#7005 = VECTOR ( 'NONE', #666, 1000.000000000000000 ) ;
#7006 = DIRECTION ( 'NONE',  ( 0.000000000000000000, 0.000000000000000000, 1.000000000000000000 ) ) ;
#7007 = CARTESIAN_POINT ( 'NONE',  ( 0.000000000000000000, 0.000000000000000000, 7.749999999999980460 ) ) ;
#7008 = ORIENTED_EDGE ( 'NONE', *, *, #884, .T. ) ;
#7009 = CARTESIAN_POINT ( 'NONE',  ( 95.50000000000054001, 160.0000000000000000, 54.24999999999976552 ) ) ;
#7010 = ADVANCED_FACE ( 'NONE', ( #1082 ), #5165, .F. ) ;
#7011 = VECTOR ( 'NONE', #7507, 999.9999999999998863 ) ;
#7012 = ADVANCED_FACE ( 'NONE', ( #2768 ), #6449, .T. ) ;
#7013 = VECTOR ( 'NONE', #137, 1000.000000000000000 ) ;
#7014 = FACE_OUTER_BOUND ( 'NONE', #6916, .T. ) ;
#7015 = ORIENTED_EDGE ( 'NONE', *, *, #278, .F. ) ;
#7016 = ADVANCED_FACE ( 'NONE', ( #3392, #3471, #6967, #2260, #5244 ), #6374, .F. ) ;
#7017 = VECTOR ( 'NONE', #6715, 1000.000000000000000 ) ;
#7018 = FACE_OUTER_BOUND ( 'NONE', #3855, .T. ) ;
#7019 = ORIENTED_EDGE ( 'NONE', *, *, #5752, .T. ) ;
#7020 = CARTESIAN_POINT ( 'NONE',  ( 0.000000000000000000, 2.000000000000001776, 97.24999999999978684 ) ) ;
#7021 = ORIENTED_EDGE ( 'NONE', *, *, #106, .T. ) ;
#7022 = DIRECTION ( 'NONE',  ( 0.000000000000000000, 1.000000000000000000, 0.000000000000000000 ) ) ;
#7023 = DIRECTION ( 'NONE',  ( 1.387778780781445676E-15, 0.000000000000000000, 1.000000000000000000 ) ) ;
#7024 = EDGE_CURVE ( 'NONE', #2673, #4337, #5787, .T. ) ;
#7025 = EDGE_CURVE ( 'NONE', #4649, #6063, #5252, .T. ) ;
#7026 = LINE ( 'NONE', #4106, #4875 ) ;
#7027 = DIRECTION ( 'NONE',  ( 1.000000000000000000, -0.000000000000000000, 0.000000000000000000 ) ) ;
#7028 = PLANE ( 'NONE',  #1087 ) ;
#7029 = ORIENTED_EDGE ( 'NONE', *, *, #4067, .F. ) ;
#7030 = CARTESIAN_POINT ( 'NONE',  ( -62.79447639179834795, 149.9999999999999716, 54.24999999999594280 ) ) ;
#7031 = ORIENTED_EDGE ( 'NONE', *, *, #4478, .F. ) ;
#7032 = CARTESIAN_POINT ( 'NONE',  ( -93.49999999999893419, 160.0000000000000000, 100.2499999999997300 ) ) ;
#7033 = CARTESIAN_POINT ( 'NONE',  ( -31.73619097949575973, 149.9999999999999716, 2.749999999999727329 ) ) ;
#7034 = EDGE_CURVE ( 'NONE', #1592, #2545, #6489, .T. ) ;
#7035 = DIRECTION ( 'NONE',  ( -0.000000000000000000, -0.000000000000000000, 1.000000000000000000 ) ) ;
#7036 = DIRECTION ( 'NONE',  ( 0.2588190451025147998, -0.9659258262890698665, 0.000000000000000000 ) ) ;
#7037 = CARTESIAN_POINT ( 'NONE',  ( 93.50000000000054001, 160.0000000000000000, 48.74999999999982947 ) ) ;
#7038 = ORIENTED_EDGE ( 'NONE', *, *, #3416, .T. ) ;
#7039 = ORIENTED_EDGE ( 'NONE', *, *, #3997, .F. ) ;
#7040 = DIRECTION ( 'NONE',  ( 0.000000000000000000, 0.000000000000000000, 1.000000000000000000 ) ) ;
#7041 = EDGE_CURVE ( 'NONE', #5801, #6253, #6756, .T. ) ;
#7042 = DIRECTION ( 'NONE',  ( 0.000000000000000000, 0.000000000000000000, 1.000000000000000000 ) ) ;
#7043 = EDGE_LOOP ( 'NONE', ( #2629, #1902, #7021, #211 ) ) ;
#7044 = EDGE_LOOP ( 'NONE', ( #5859, #83, #1359, #2967 ) ) ;
#7045 = DIRECTION ( 'NONE',  ( 0.2588190451025145222, -0.9659258262890699775, 0.000000000000000000 ) ) ;
#7046 = CARTESIAN_POINT ( 'NONE',  ( 61.43866525741156437, 149.9999999999999716, 5.749999999999727329 ) ) ;
#7047 = EDGE_LOOP ( 'NONE', ( #2798, #3347, #2624, #2719 ) ) ;
#7048 = CARTESIAN_POINT ( 'NONE',  ( -83.49999999999992895, 72.72593389687270360, 105.7499999999998295 ) ) ;
#7049 = CARTESIAN_POINT ( 'NONE',  ( 16.12945776496117745, 10.00000000000000178, 105.7499999999998295 ) ) ;
#7050 = ORIENTED_EDGE ( 'NONE', *, *, #6188, .F. ) ;
#7051 = ADVANCED_FACE ( 'NONE', ( #3034 ), #2491, .F. ) ;
#7052 = FACE_OUTER_BOUND ( 'NONE', #6024, .T. ) ;
#7053 = DIRECTION ( 'NONE',  ( -0.9659258262890699775, -0.2588190451025145222, 0.000000000000000000 ) ) ;
#7054 = ORIENTED_EDGE ( 'NONE', *, *, #5091, .F. ) ;
#7055 = PLANE ( 'NONE',  #1372 ) ;
#7056 = CARTESIAN_POINT ( 'NONE',  ( 94.82305507246847753, 25.40776103051914703, 108.7499999999996874 ) ) ;
#7057 = CARTESIAN_POINT ( 'NONE',  ( 86.70000000000000284, 4.000000000000023981, 54.24999999999954525 ) ) ;
#7058 = EDGE_CURVE ( 'NONE', #2039, #894, #4630, .T. ) ;
#7059 = DIRECTION ( 'NONE',  ( 0.000000000000000000, 0.000000000000000000, -1.000000000000000000 ) ) ;
#7060 = EDGE_LOOP ( 'NONE', ( #7659, #1619, #507, #3058 ) ) ;
#7061 = CARTESIAN_POINT ( 'NONE',  ( -97.69999999999994600, 166.2000000000000171, 45.94999999999987494 ) ) ;
#7062 = ORIENTED_EDGE ( 'NONE', *, *, #5139, .T. ) ;
#7063 = CARTESIAN_POINT ( 'NONE',  ( -101.2999999999998977, 166.2000000000000171, 57.05000000000013216 ) ) ;
#7064 = DIRECTION ( 'NONE',  ( 0.2588190451025145222, -0.9659258262890699775, 0.000000000000000000 ) ) ;
#7065 = LINE ( 'NONE', #5918, #5362 ) ;
#7066 =( LENGTH_UNIT ( ) NAMED_UNIT ( * ) SI_UNIT ( .MILLI., .METRE. ) );
#7067 = DIRECTION ( 'NONE',  ( 0.2588190451025145777, -0.9659258262890699775, 0.000000000000000000 ) ) ;
#7068 = CARTESIAN_POINT ( 'NONE',  ( -45.98711305964378226, 10.00000000000000000, 54.24999999999594280 ) ) ;
#7069 = VERTEX_POINT ( 'NONE', #4805 ) ;
#7070 = ADVANCED_FACE ( 'NONE', ( #4845 ), #7164, .T. ) ;
#7071 = VECTOR ( 'NONE', #4030, 1000.000000000000000 ) ;
#7072 = ORIENTED_EDGE ( 'NONE', *, *, #421, .T. ) ;
#7073 = PLANE ( 'NONE',  #5728 ) ;
#7074 = DIRECTION ( 'NONE',  ( -0.000000000000000000, -1.000000000000000000, 0.000000000000000000 ) ) ;
#7075 = VECTOR ( 'NONE', #3753, 1000.000000000000000 ) ;
#7076 = ORIENTED_EDGE ( 'NONE', *, *, #1417, .F. ) ;
#7077 = ORIENTED_EDGE ( 'NONE', *, *, #6477, .F. ) ;
#7078 = EDGE_CURVE ( 'NONE', #3169, #7082, #6097, .T. ) ;
#7079 = LINE ( 'NONE', #1041, #2221 ) ;
#7080 = AXIS2_PLACEMENT_3D ( 'NONE', #5455, #1801, #6512 ) ;
#7081 = LINE ( 'NONE', #2953, #2053 ) ;
#7082 = VERTEX_POINT ( 'NONE', #1860 ) ;
#7083 = FACE_OUTER_BOUND ( 'NONE', #1931, .T. ) ;
#7084 = DIRECTION ( 'NONE',  ( 1.000000000000000000, 1.662010515905918563E-16, 0.000000000000000000 ) ) ;
#7085 = EDGE_LOOP ( 'NONE', ( #2290, #6754 ) ) ;
#7086 = VECTOR ( 'NONE', #3597, 1000.000000000000000 ) ;
#7087 = DIRECTION ( 'NONE',  ( 1.000000000000000000, -0.000000000000000000, -1.206764157201257143E-15 ) ) ;
#7088 = DIRECTION ( 'NONE',  ( 0.000000000000000000, 0.000000000000000000, 1.000000000000000000 ) ) ;
#7089 = EDGE_LOOP ( 'NONE', ( #1868, #6814, #7691, #1664 ) ) ;
#7090 = VECTOR ( 'NONE', #2080, 1000.000000000000000 ) ;
#7091 = FACE_OUTER_BOUND ( 'NONE', #2734, .T. ) ;
#7092 = CARTESIAN_POINT ( 'NONE',  ( -1.769527556438602378, -0.4741434797323291206, 57.24999999999594280 ) ) ;
#7093 = ADVANCED_FACE ( 'NONE', ( #1280 ), #4257, .T. ) ;
#7094 = AXIS2_PLACEMENT_3D ( 'NONE', #5564, #856, #4935 ) ;
#7095 = DIRECTION ( 'NONE',  ( 0.000000000000000000, 0.000000000000000000, 1.000000000000000000 ) ) ;
#7096 = PLANE ( 'NONE',  #6339 ) ;
#7097 = ORIENTED_EDGE ( 'NONE', *, *, #2595, .T. ) ;
#7098 = CARTESIAN_POINT ( 'NONE',  ( -83.49999999999982947, 72.72593389687250465, 5.749999999999727329 ) ) ;
#7099 = ORIENTED_EDGE ( 'NONE', *, *, #1000, .T. ) ;
#7100 = FACE_OUTER_BOUND ( 'NONE', #2371, .T. ) ;
#7101 = DIRECTION ( 'NONE',  ( -1.000000000000000000, 0.000000000000000000, 0.000000000000000000 ) ) ;
#7102 = VECTOR ( 'NONE', #2222, 999.9999999999998863 ) ;
#7103 = LINE ( 'NONE', #4117, #7120 ) ;
#7104 = EDGE_CURVE ( 'NONE', #3778, #6856, #4211, .T. ) ;
#7105 = EDGE_CURVE ( 'NONE', #6592, #3812, #55, .T. ) ;
#7106 = LINE ( 'NONE', #4238, #3942 ) ;
#7107 = EDGE_CURVE ( 'NONE', #3642, #445, #4373, .T. ) ;
#7108 = FACE_OUTER_BOUND ( 'NONE', #243, .T. ) ;
#7109 = VERTEX_POINT ( 'NONE', #138 ) ;
#7110 = VECTOR ( 'NONE', #5511, 1000.000000000000000 ) ;
#7111 = ORIENTED_EDGE ( 'NONE', *, *, #2716, .T. ) ;
#7112 = PLANE ( 'NONE',  #2348 ) ;
#7114 = ADVANCED_FACE ( 'NONE', ( #2449 ), #1781, .F. ) ;
#7113 = CARTESIAN_POINT ( 'NONE',  ( 65.84528028379634179, 17.64318967744369715, 54.24999999999594280 ) ) ;
#7115 = VECTOR ( 'NONE', #3533, 1000.000000000000000 ) ;
#7116 = ORIENTED_EDGE ( 'NONE', *, *, #2527, .F. ) ;
#7117 = CARTESIAN_POINT ( 'NONE',  ( -96.50000000000000000, 0.000000000000000000, -9.750000000000019540 ) ) ;
#7118 = ORIENTED_EDGE ( 'NONE', *, *, #5248, .T. ) ;
#7119 = CARTESIAN_POINT ( 'NONE',  ( -95.49999999999945999, -3.000000000000000000, 48.74999999999999289 ) ) ;
#7120 = VECTOR ( 'NONE', #4043, 1000.000000000000000 ) ;
#7121 = VECTOR ( 'NONE', #2794, 1000.000000000000000 ) ;
#7122 = PLANE ( 'NONE',  #7574 ) ;
#7123 = VERTEX_POINT ( 'NONE', #4888 ) ;
#7124 = CARTESIAN_POINT ( 'NONE',  ( -93.50000000000001421, -3.000000000000000000, 61.83257569495552985 ) ) ;
#7126 = ADVANCED_FACE ( 'NONE', ( #5937 ), #3072, .T. ) ;
#7125 = DIRECTION ( 'NONE',  ( 1.246507886929443483E-16, -1.000000000000000000, 0.000000000000000000 ) ) ;
#7127 = VECTOR ( 'NONE', #7551, 1000.000000000000000 ) ;
#7128 = ORIENTED_EDGE ( 'NONE', *, *, #6795, .T. ) ;
#7129 = AXIS2_PLACEMENT_3D ( 'NONE', #1806, #6713, #6674 ) ;
#7130 = DIRECTION ( 'NONE',  ( 1.000000000000000000, 1.246507886929438799E-16, 0.000000000000000000 ) ) ;
#7131 = CARTESIAN_POINT ( 'NONE',  ( -96.50000000000000000, -10.00000000000000000, 78.94999999999998863 ) ) ;
#7132 = VERTEX_POINT ( 'NONE', #3116 ) ;
#7133 = VECTOR ( 'NONE', #405, 1000.000000000000000 ) ;
#7134 = DIRECTION ( 'NONE',  ( -0.000000000000000000, -1.000000000000000000, 0.000000000000000000 ) ) ;
#7135 = LINE ( 'NONE', #4144, #5368 ) ;
#7136 = ORIENTED_EDGE ( 'NONE', *, *, #1333, .T. ) ;
#7137 = AXIS2_PLACEMENT_3D ( 'NONE', #6684, #2413, #4887 ) ;
#7138 = DIRECTION ( 'NONE',  ( 0.2588190451025145222, -0.9659258262890699775, 0.000000000000000000 ) ) ;
#7139 = CARTESIAN_POINT ( 'NONE',  ( 93.50000000000106581, 0.000000000000000000, 100.2499999999997300 ) ) ;
#7140 = ORIENTED_EDGE ( 'NONE', *, *, #1742, .F. ) ;
#7141 = DIRECTION ( 'NONE',  ( 1.000000000000000000, 1.246507886929438799E-16, 0.000000000000000000 ) ) ;
#7142 = ORIENTED_EDGE ( 'NONE', *, *, #6498, .T. ) ;
#7143 = ADVANCED_FACE ( 'NONE', ( #7280 ), #5517, .F. ) ;
#7144 = CARTESIAN_POINT ( 'NONE',  ( 103.4999999999997726, 0.000000000000000000, 43.74999999999988631 ) ) ;
#7145 = LINE ( 'NONE', #2310, #1360 ) ;
#7146 = CYLINDRICAL_SURFACE ( 'NONE', #1104, 1.799999999999996048 ) ;
#7147 = DIRECTION ( 'NONE',  ( 0.000000000000000000, 0.000000000000000000, 1.000000000000000000 ) ) ;
#7148 = LINE ( 'NONE', #3020, #7219 ) ;
#7149 = ORIENTED_EDGE ( 'NONE', *, *, #5288, .F. ) ;
#7150 = EDGE_LOOP ( 'NONE', ( #1678, #6922, #6298, #3, #6375, #4227, #1741, #688 ) ) ;
#7151 = EDGE_CURVE ( 'NONE', #4090, #416, #1160, .T. ) ;
#7152 = FACE_OUTER_BOUND ( 'NONE', #6116, .T. ) ;
#7153 = CARTESIAN_POINT ( 'NONE',  ( 96.50000000000000000, -24.12451549659737893, -9.750000000000019540 ) ) ;
#7154 = ORIENTED_EDGE ( 'NONE', *, *, #1665, .T. ) ;
#7155 = CARTESIAN_POINT ( 'NONE',  ( -103.5000000000000142, 2.000000000000001776, 45.74999999999990052 ) ) ;
#7156 = ORIENTED_EDGE ( 'NONE', *, *, #7024, .T. ) ;
#7157 = ORIENTED_EDGE ( 'NONE', *, *, #1227, .T. ) ;
#7158 = ADVANCED_FACE ( 'NONE', ( #97, #3585 ), #5356, .T. ) ;
#7159 = FACE_OUTER_BOUND ( 'NONE', #5122, .T. ) ;
#7160 = LINE ( 'NONE', #6561, #3187 ) ;
#7161 = CARTESIAN_POINT ( 'NONE',  ( 103.5000000000000142, 160.0000000000000000, 57.25000000000010658 ) ) ;
#7162 = VERTEX_POINT ( 'NONE', #4171 ) ;
#7163 = DIRECTION ( 'NONE',  ( 1.000000000000000000, 1.662010515905918563E-16, 0.000000000000000000 ) ) ;
#7164 = PLANE ( 'NONE',  #492 ) ;
#7165 = ORIENTED_EDGE ( 'NONE', *, *, #7711, .T. ) ;
#7166 = DIRECTION ( 'NONE',  ( -1.000000000000000000, 0.000000000000000000, 3.854941057726246262E-14 ) ) ;
#7167 = DIRECTION ( 'NONE',  ( 0.000000000000000000, 0.000000000000000000, 1.000000000000000000 ) ) ;
#7168 = ORIENTED_EDGE ( 'NONE', *, *, #3601, .F. ) ;
#7169 = LINE ( 'NONE', #5988, #3492 ) ;
#7170 = FACE_OUTER_BOUND ( 'NONE', #2033, .T. ) ;
#7171 = EDGE_LOOP ( 'NONE', ( #5586, #2274, #1817, #7411 ) ) ;
#7172 = CARTESIAN_POINT ( 'NONE',  ( 17.54898896934294328, 4.702237422317963045, 5.749999999999727329 ) ) ;
#7173 = DIRECTION ( 'NONE',  ( 0.2588190451025145222, -0.9659258262890699775, 0.000000000000000000 ) ) ;
#7174 = EDGE_LOOP ( 'NONE', ( #2443, #2281, #100, #862 ) ) ;
#7175 = EDGE_CURVE ( 'NONE', #7509, #5449, #5981, .T. ) ;
#7176 = DIRECTION ( 'NONE',  ( -1.982541115402064617E-16, 1.000000000000000000, 0.000000000000000000 ) ) ;
#7177 = ORIENTED_EDGE ( 'NONE', *, *, #1544, .F. ) ;
#7178 = CARTESIAN_POINT ( 'NONE',  ( -95.49999999999893419, -3.000000000000000000, 105.7499999999998295 ) ) ;
#7179 = LINE ( 'NONE', #1263, #6999 ) ;
#7180 = CARTESIAN_POINT ( 'NONE',  ( -83.49999999999998579, 111.3629669484363092, 54.24999999999594280 ) ) ;
#7181 = CARTESIAN_POINT ( 'NONE',  ( -11.42878581932915338, -3.062333930757471734, 5.749999999999727329 ) ) ;
#7182 = FACE_OUTER_BOUND ( 'NONE', #5539, .T. ) ;
#7183 = ORIENTED_EDGE ( 'NONE', *, *, #5726, .T. ) ;
#7184 = EDGE_LOOP ( 'NONE', ( #3252, #4693, #1155, #1652 ) ) ;
#7185 = FACE_OUTER_BOUND ( 'NONE', #1431, .T. ) ;
#7186 = CARTESIAN_POINT ( 'NONE',  ( 93.50000000000054001, 0.000000000000000000, 57.24999999999594280 ) ) ;
#7187 = EDGE_CURVE ( 'NONE', #4090, #3169, #6250, .T. ) ;
#7188 = VERTEX_POINT ( 'NONE', #2131 ) ;
#7189 = VECTOR ( 'NONE', #430, 1000.000000000000000 ) ;
#7190 = LINE ( 'NONE', #642, #320 ) ;
#7191 = ORIENTED_EDGE ( 'NONE', *, *, #6283, .F. ) ;
#7192 = ORIENTED_EDGE ( 'NONE', *, *, #4747, .F. ) ;
#7193 = LINE ( 'NONE', #3507, #3596 ) ;
#7194 = LINE ( 'NONE', #5794, #1470 ) ;
#7195 = VERTEX_POINT ( 'NONE', #5072 ) ;
#7196 = LINE ( 'NONE', #54, #4250 ) ;
#7197 = CARTESIAN_POINT ( 'NONE',  ( -95.49999999999945999, -3.200000000000000178, 0.000000000000000000 ) ) ;
#7198 = EDGE_CURVE ( 'NONE', #3263, #4202, #2645, .T. ) ;
#7199 = EDGE_LOOP ( 'NONE', ( #7312, #5474, #4123, #3223 ) ) ;
#7200 = ORIENTED_EDGE ( 'NONE', *, *, #5111, .T. ) ;
#7201 = VECTOR ( 'NONE', #7514, 1000.000000000000000 ) ;
#7202 = LINE ( 'NONE', #6532, #2593 ) ;
#7203 = CARTESIAN_POINT ( 'NONE',  ( -96.50000000000000000, 0.000000000000000000, -9.750000000000019540 ) ) ;
#7204 = ORIENTED_EDGE ( 'NONE', *, *, #2277, .F. ) ;
#7205 = DIRECTION ( 'NONE',  ( 1.000000000000000000, 1.246507886929438799E-16, 0.000000000000000000 ) ) ;
#7206 = VECTOR ( 'NONE', #2071, 1000.000000000000000 ) ;
#7207 = ORIENTED_EDGE ( 'NONE', *, *, #3623, .T. ) ;
#7208 = EDGE_CURVE ( 'NONE', #3884, #7372, #6211, .T. ) ;
#7209 = CARTESIAN_POINT ( 'NONE',  ( 47.18774317726357026, 10.00000000000000533, 54.24999999999594280 ) ) ;
#7210 = CARTESIAN_POINT ( 'NONE',  ( 93.49999999999994316, 0.000000000000000000, 7.749999999999980460 ) ) ;
#7211 = ORIENTED_EDGE ( 'NONE', *, *, #6392, .T. ) ;
#7212 = AXIS2_PLACEMENT_3D ( 'NONE', #3717, #4934, #5528 ) ;
#7213 = CARTESIAN_POINT ( 'NONE',  ( 93.49999999999998579, 0.000000000000000000, -3.243932900076624849E-14 ) ) ;
#7214 = ORIENTED_EDGE ( 'NONE', *, *, #6370, .T. ) ;
#7215 = CARTESIAN_POINT ( 'NONE',  ( 67.89326678546520100, 10.00000000000000888, 54.24999999999594280 ) ) ;
#7216 = DIRECTION ( 'NONE',  ( 0.000000000000000000, 0.000000000000000000, 1.000000000000000000 ) ) ;
#7217 = FACE_OUTER_BOUND ( 'NONE', #7085, .T. ) ;
#7218 = EDGE_CURVE ( 'NONE', #7436, #729, #3896, .T. ) ;
#7219 = VECTOR ( 'NONE', #5962, 1000.000000000000000 ) ;
#7220 = CARTESIAN_POINT ( 'NONE',  ( -25.28158945144208758, 9.999999999999996447, 105.7499999999998295 ) ) ;
#7221 = CARTESIAN_POINT ( 'NONE',  ( 86.70000000000000284, 4.000000000000023981, 105.7499999999998295 ) ) ;
#7222 = ORIENTED_EDGE ( 'NONE', *, *, #2884, .T. ) ;
#7223 = VERTEX_POINT ( 'NONE', #5033 ) ;
#7224 = CIRCLE ( 'NONE', #2332, 1.799999999999996048 ) ;
#7225 = CARTESIAN_POINT ( 'NONE',  ( -101.2999999999998977, 160.0000000000000000, -0.000000000000000000 ) ) ;
#7226 = CARTESIAN_POINT ( 'NONE',  ( 0.000000000000000000, 0.000000000000000000, 0.000000000000000000 ) ) ;
#7227 = AXIS2_PLACEMENT_3D ( 'NONE', #7475, #5709, #2180 ) ;
#7228 = LINE ( 'NONE', #5347, #953 ) ;
#7229 = ORIENTED_EDGE ( 'NONE', *, *, #6525, .T. ) ;
#7230 = ORIENTED_EDGE ( 'NONE', *, *, #1829, .F. ) ;
#7231 = CARTESIAN_POINT ( 'NONE',  ( 99.50000000000099476, 160.0000000000000000, 103.0000000000000426 ) ) ;
#7232 = DIRECTION ( 'NONE',  ( 0.000000000000000000, 0.000000000000000000, 1.000000000000000000 ) ) ;
#7233 = ORIENTED_EDGE ( 'NONE', *, *, #4926, .T. ) ;
#7234 = EDGE_CURVE ( 'NONE', #1008, #5294, #1423, .T. ) ;
#7235 = VECTOR ( 'NONE', #6019, 1000.000000000000000 ) ;
#7236 = CARTESIAN_POINT ( 'NONE',  ( -92.50000000000000000, 0.000000000000000000, -9.750000000000023093 ) ) ;
#7237 = DIRECTION ( 'NONE',  ( 0.000000000000000000, 0.000000000000000000, 1.000000000000000000 ) ) ;
#7238 = ORIENTED_EDGE ( 'NONE', *, *, #5304, .F. ) ;
#7239 = ORIENTED_EDGE ( 'NONE', *, *, #2586, .F. ) ;
#7240 = VECTOR ( 'NONE', #1277, 1000.000000000000000 ) ;
#7241 = DIRECTION ( 'NONE',  ( 1.000000000000000000, -0.000000000000000000, -1.206764157201257143E-15 ) ) ;
#7242 = CARTESIAN_POINT ( 'NONE',  ( -1.246507886929442940E-15, 9.999999999999998224, 108.7499999999996874 ) ) ;
#7243 = ORIENTED_EDGE ( 'NONE', *, *, #2639, .F. ) ;
#7244 = EDGE_CURVE ( 'NONE', #3788, #5849, #2014, .T. ) ;
#7245 = EDGE_CURVE ( 'NONE', #1492, #3587, #1464, .T. ) ;
#7246 = CARTESIAN_POINT ( 'NONE',  ( -1.246507886929438602E-15, 9.999999999999998224, 54.24999999999594280 ) ) ;
#7247 = VECTOR ( 'NONE', #1264, 1000.000000000000000 ) ;
#7248 = LINE ( 'NONE', #1872, #3491 ) ;
#7249 = EDGE_CURVE ( 'NONE', #71, #4753, #804, .T. ) ;
#7250 = ORIENTED_EDGE ( 'NONE', *, *, #266, .F. ) ;
#7251 = CARTESIAN_POINT ( 'NONE',  ( 92.49999999999991473, 0.000000000000000000, -9.750000000000667910 ) ) ;
#7252 = VECTOR ( 'NONE', #6619, 1000.000000000000000 ) ;
#7253 = CARTESIAN_POINT ( 'NONE',  ( 36.83498137316288989, 10.00000000000000355, 5.749999999999727329 ) ) ;
#7254 = EDGE_LOOP ( 'NONE', ( #7062, #1038, #3205, #5172 ) ) ;
#7255 = VECTOR ( 'NONE', #7480, 1000.000000000000000 ) ;
#7256 = CARTESIAN_POINT ( 'NONE',  ( -93.50000000000001421, 2.000000000000001776, 95.24999999999977263 ) ) ;
#7257 = ORIENTED_EDGE ( 'NONE', *, *, #5128, .T. ) ;
#7258 = EDGE_CURVE ( 'NONE', #46, #4925, #1393, .T. ) ;
#7259 = EDGE_CURVE ( 'NONE', #6480, #1213, #1356, .T. ) ;
#7260 = CARTESIAN_POINT ( 'NONE',  ( -2.493015773858876967E-14, 149.9999999999999716, 54.24999999999594280 ) ) ;
#7261 = LINE ( 'NONE', #629, #234 ) ;
#7262 = DIRECTION ( 'NONE',  ( 0.2588190451025145222, -0.9659258262890699775, 0.000000000000000000 ) ) ;
#7263 = AXIS2_PLACEMENT_3D ( 'NONE', #7197, #3630, #4923 ) ;
#7264 = VECTOR ( 'NONE', #2786, 1000.000000000000000 ) ;
#7265 = DIRECTION ( 'NONE',  ( 0.2588190451025144112, -0.9659258262890700886, 0.000000000000000000 ) ) ;
#7266 = CARTESIAN_POINT ( 'NONE',  ( 46.52676375801492981, 12.46680877539340493, 54.24999999999594280 ) ) ;
#7267 = ORIENTED_EDGE ( 'NONE', *, *, #1440, .F. ) ;
#7268 = VERTEX_POINT ( 'NONE', #6142 ) ;
#7269 = EDGE_CURVE ( 'NONE', #6803, #3991, #6881, .T. ) ;
#7270 = CARTESIAN_POINT ( 'NONE',  ( -62.79447639179830531, 150.0000000000000284, 105.7499999999998295 ) ) ;
#7271 = CARTESIAN_POINT ( 'NONE',  ( -83.49999999999981526, -1.655421831360723267E-14, 5.749999999999727329 ) ) ;
#7272 = DIRECTION ( 'NONE',  ( 0.000000000000000000, 0.000000000000000000, 1.000000000000000000 ) ) ;
#7273 = ORIENTED_EDGE ( 'NONE', *, *, #5297, .F. ) ;
#7274 = VERTEX_POINT ( 'NONE', #3854 ) ;
#7275 = LINE ( 'NONE', #5428, #7235 ) ;
#7276 = EDGE_CURVE ( 'NONE', #7509, #3166, #885, .T. ) ;
#7277 = DIRECTION ( 'NONE',  ( -0.000000000000000000, 1.000000000000000000, -0.000000000000000000 ) ) ;
#7278 = FACE_OUTER_BOUND ( 'NONE', #4645, .T. ) ;
#7279 = LINE ( 'NONE', #5431, #7753 ) ;
#7280 = FACE_OUTER_BOUND ( 'NONE', #2093, .T. ) ;
#7281 = EDGE_LOOP ( 'NONE', ( #3957, #5086, #4985, #1148 ) ) ;
#7282 = ORIENTED_EDGE ( 'NONE', *, *, #7748, .T. ) ;
#7283 = DIRECTION ( 'NONE',  ( 0.000000000000000000, -0.000000000000000000, -1.000000000000000000 ) ) ;
#7284 = FACE_OUTER_BOUND ( 'NONE', #7047, .T. ) ;
#7285 = ORIENTED_EDGE ( 'NONE', *, *, #4578, .F. ) ;
#7286 = DIRECTION ( 'NONE',  ( 1.246507886929438799E-16, -1.000000000000000000, 0.000000000000000000 ) ) ;
#7287 = LINE ( 'NONE', #6108, #739 ) ;
#7288 = ORIENTED_EDGE ( 'NONE', *, *, #1865, .T. ) ;
#7289 = ADVANCED_FACE ( 'NONE', ( #283 ), #2676, .F. ) ;
#7290 = LINE ( 'NONE', #3130, #5330 ) ;
#7291 = PLANE ( 'NONE',  #3463 ) ;
#7292 = VERTEX_POINT ( 'NONE', #3189 ) ;
#7293 = EDGE_CURVE ( 'NONE', #644, #2237, #771, .T. ) ;
#7294 = DIRECTION ( 'NONE',  ( 0.2588190451025145777, -0.9659258262890699775, 0.000000000000000000 ) ) ;
#7295 = EDGE_LOOP ( 'NONE', ( #3536, #1261, #2216, #6519 ) ) ;
#7296 = CARTESIAN_POINT ( 'NONE',  ( 71.79142706151225184, 149.9999999999999716, 57.24999999999594280 ) ) ;
#7297 = DIRECTION ( 'NONE',  ( 0.2588190451025145777, -0.9659258262890699775, 0.000000000000000000 ) ) ;
#7298 = LINE ( 'NONE', #630, #6241 ) ;
#7299 = EDGE_CURVE ( 'NONE', #5294, #5011, #916, .T. ) ;
#7300 = CARTESIAN_POINT ( 'NONE',  ( 95.50000000000054001, -3.000000000000000000, 54.24999999999976552 ) ) ;
#7301 = FACE_BOUND ( 'NONE', #3871, .T. ) ;
#7302 = ORIENTED_EDGE ( 'NONE', *, *, #6324, .F. ) ;
#7303 = ORIENTED_EDGE ( 'NONE', *, *, #6686, .F. ) ;
#7304 = LINE ( 'NONE', #1925, #7498 ) ;
#7305 = DIRECTION ( 'NONE',  ( -0.9659258262890699775, -0.2588190451025144667, 0.000000000000000000 ) ) ;
#7306 = EDGE_CURVE ( 'NONE', #6778, #2162, #3783, .T. ) ;
#7307 = LINE ( 'NONE', #6280, #7090 ) ;
#7308 = VERTEX_POINT ( 'NONE', #5552 ) ;
#7309 = ORIENTED_EDGE ( 'NONE', *, *, #4456, .T. ) ;
#7310 = DIRECTION ( 'NONE',  ( -1.000000000000000000, 0.000000000000000000, -0.000000000000000000 ) ) ;
#7311 = DIRECTION ( 'NONE',  ( 3.469446951953606300E-16, 0.000000000000000000, -1.000000000000000000 ) ) ;
#7312 = ORIENTED_EDGE ( 'NONE', *, *, #4607, .F. ) ;
#7313 = FACE_OUTER_BOUND ( 'NONE', #6273, .T. ) ;
#7314 = DIRECTION ( 'NONE',  ( 0.000000000000000000, 0.000000000000000000, -1.000000000000000000 ) ) ;
#7315 = VECTOR ( 'NONE', #4328, 999.9999999999998863 ) ;
#7316 = VERTEX_POINT ( 'NONE', #174 ) ;
#7317 = EDGE_CURVE ( 'NONE', #242, #368, #1979, .T. ) ;
#7318 = VERTEX_POINT ( 'NONE', #6766 ) ;
#7319 = PLANE ( 'NONE',  #714 ) ;
#7320 = VECTOR ( 'NONE', #4703, 1000.000000000000000 ) ;
#7321 = DIRECTION ( 'NONE',  ( 1.000000000000000000, -0.000000000000000000, 0.000000000000000000 ) ) ;
#7322 = ORIENTED_EDGE ( 'NONE', *, *, #3775, .T. ) ;
#7323 = CARTESIAN_POINT ( 'NONE',  ( -1.246507886929442940E-15, 9.999999999999998224, 108.7499999999996874 ) ) ;
#7324 = CARTESIAN_POINT ( 'NONE',  ( -42.08895278359668879, 150.0000000000000284, 105.7499999999998295 ) ) ;
#7325 = ORIENTED_EDGE ( 'NONE', *, *, #4078, .T. ) ;
#7326 = AXIS2_PLACEMENT_3D ( 'NONE', #3122, #775, #7430 ) ;
#7327 = DIRECTION ( 'NONE',  ( 0.000000000000000000, -1.000000000000000000, 0.000000000000000000 ) ) ;
#7328 = DIRECTION ( 'NONE',  ( 0.000000000000000000, 0.000000000000000000, 1.000000000000000000 ) ) ;
#7329 = ORIENTED_EDGE ( 'NONE', *, *, #4669, .F. ) ;
#7330 = LINE ( 'NONE', #3873, #6812 ) ;
#7331 = ORIENTED_EDGE ( 'NONE', *, *, #878, .F. ) ;
#7332 = VECTOR ( 'NONE', #6008, 1000.000000000000000 ) ;
#7333 = CARTESIAN_POINT ( 'NONE',  ( -52.44171458769752547, 149.9999999999999716, 57.24999999999594280 ) ) ;
#7334 = VECTOR ( 'NONE', #628, 1000.000000000000000 ) ;
#7335 = DIRECTION ( 'NONE',  ( 0.2588190451025147998, -0.9659258262890698665, 0.000000000000000000 ) ) ;
#7336 = EDGE_CURVE ( 'NONE', #63, #3663, #5588, .T. ) ;
#7337 = LINE ( 'NONE', #3767, #6361 ) ;
#7338 = VECTOR ( 'NONE', #7327, 1000.000000000000000 ) ;
#7339 = DIRECTION ( 'NONE',  ( 0.000000000000000000, 0.000000000000000000, 1.000000000000000000 ) ) ;
#7340 = PLANE ( 'NONE',  #5087 ) ;
#7341 = ORIENTED_EDGE ( 'NONE', *, *, #6048, .F. ) ;
#7342 = ORIENTED_EDGE ( 'NONE', *, *, #1351, .T. ) ;
#7343 = CARTESIAN_POINT ( 'NONE',  ( 90.30000000000001137, 4.000000000000024869, 108.7499999999996874 ) ) ;
#7344 = EDGE_CURVE ( 'NONE', #3328, #3397, #2743, .T. ) ;
#7345 = ADVANCED_FACE ( 'NONE', ( #4605 ), #1656, .F. ) ;
#7346 = AXIS2_PLACEMENT_3D ( 'NONE', #6434, #5889, #7617 ) ;
#7347 = CARTESIAN_POINT ( 'NONE',  ( 103.4999999999998863, 0.000000000000000000, 2.498001805406599187E-13 ) ) ;
#7348 = ADVANCED_FACE ( 'NONE', ( #7584 ), #6478, .T. ) ;
#7349 = CARTESIAN_POINT ( 'NONE',  ( 9.674856236907391605, 150.0000000000000284, 108.7499999999996874 ) ) ;
#7350 = ORIENTED_EDGE ( 'NONE', *, *, #2891, .T. ) ;
#7351 = VECTOR ( 'NONE', #782, 1000.000000000000000 ) ;
#7352 = ORIENTED_EDGE ( 'NONE', *, *, #5279, .F. ) ;
#7353 = LINE ( 'NONE', #5468, #2606 ) ;
#7354 = CARTESIAN_POINT ( 'NONE',  ( 56.18602202090566777, 15.05499922641856259, 105.7499999999998295 ) ) ;
#7355 = EDGE_CURVE ( 'NONE', #768, #2725, #1037, .T. ) ;
#7356 = DIRECTION ( 'NONE',  ( 0.000000000000000000, 0.000000000000000000, 1.000000000000000000 ) ) ;
#7357 = DIRECTION ( 'NONE',  ( 1.000000000000000000, 1.246507886929438799E-16, 0.000000000000000000 ) ) ;
#7358 = CIRCLE ( 'NONE', #2087, 2.000000000000001776 ) ;
#7359 = ORIENTED_EDGE ( 'NONE', *, *, #816, .T. ) ;
#7360 = ORIENTED_EDGE ( 'NONE', *, *, #4223, .F. ) ;
#7361 = DIRECTION ( 'NONE',  ( -1.000000000000000000, 0.000000000000000000, -0.000000000000000000 ) ) ;
#7362 = VECTOR ( 'NONE', #1235, 1000.000000000000000 ) ;
#7363 = CARTESIAN_POINT ( 'NONE',  ( 78.24602858956605189, 10.00000000000001066, 105.7499999999998295 ) ) ;
#7364 = ORIENTED_EDGE ( 'NONE', *, *, #496, .T. ) ;
#7365 = EDGE_CURVE ( 'NONE', #63, #512, #6920, .T. ) ;
#7366 = DIRECTION ( 'NONE',  ( 1.000000000000000000, 1.662010515905923986E-16, 0.000000000000000000 ) ) ;
#7367 = CARTESIAN_POINT ( 'NONE',  ( -1.246507886929438602E-15, 9.999999999999998224, 54.24999999999594280 ) ) ;
#7368 = EDGE_LOOP ( 'NONE', ( #2931, #3875, #2772, #7233 ) ) ;
#7369 = VECTOR ( 'NONE', #7580, 999.9999999999998863 ) ;
#7370 = LINE ( 'NONE', #2621, #5454 ) ;
#7371 = DIRECTION ( 'NONE',  ( 1.000000000000000000, 1.662010515905923986E-16, 0.000000000000000000 ) ) ;
#7372 = VERTEX_POINT ( 'NONE', #4017 ) ;
#7373 = CARTESIAN_POINT ( 'NONE',  ( -11.42878581932915338, -3.062333930757471734, 2.749999999999727329 ) ) ;
#7374 = ORIENTED_EDGE ( 'NONE', *, *, #5184, .T. ) ;
#7375 = AXIS2_PLACEMENT_3D ( 'NONE', #6724, #3744, #6140 ) ;
#7376 = AXIS2_PLACEMENT_3D ( 'NONE', #2239, #4007, #5844 ) ;
#7377 = ORIENTED_EDGE ( 'NONE', *, *, #7317, .F. ) ;
#7378 = LINE ( 'NONE', #863, #7505 ) ;
#7379 = LINE ( 'NONE', #2001, #6744 ) ;
#7380 = VECTOR ( 'NONE', #3128, 999.9999999999998863 ) ;
#7381 = AXIS2_PLACEMENT_3D ( 'NONE', #6535, #3672, #6693 ) ;
#7382 = LINE ( 'NONE', #4276, #1686 ) ;
#7383 = EDGE_CURVE ( 'NONE', #894, #2539, #1540, .T. ) ;
#7384 = FACE_BOUND ( 'NONE', #6827, .T. ) ;
#7385 = ORIENTED_EDGE ( 'NONE', *, *, #1487, .T. ) ;
#7386 = EDGE_LOOP ( 'NONE', ( #838, #2872, #5891, #1700 ) ) ;
#7387 = DIRECTION ( 'NONE',  ( -0.000000000000000000, -0.000000000000000000, 1.000000000000000000 ) ) ;
#7388 = VECTOR ( 'NONE', #4440, 999.9999999999998863 ) ;
#7389 = VECTOR ( 'NONE', #7664, 999.9999999999998863 ) ;
#7390 = LINE ( 'NONE', #2008, #4755 ) ;
#7391 = EDGE_CURVE ( 'NONE', #7123, #262, #6957, .T. ) ;
#7392 = VERTEX_POINT ( 'NONE', #516 ) ;
#7393 = EDGE_LOOP ( 'NONE', ( #6021, #3029, #6010, #4491 ) ) ;
#7394 = DIRECTION ( 'NONE',  ( 0.000000000000000000, 0.000000000000000000, 1.000000000000000000 ) ) ;
#7395 = DIRECTION ( 'NONE',  ( 0.000000000000000000, 0.000000000000000000, -1.000000000000000000 ) ) ;
#7396 = ORIENTED_EDGE ( 'NONE', *, *, #7425, .F. ) ;
#7397 = EDGE_CURVE ( 'NONE', #5732, #56, #3340, .T. ) ;
#7398 = EDGE_LOOP ( 'NONE', ( #6437, #7760, #6695, #1408 ) ) ;
#7399 = DIRECTION ( 'NONE',  ( 0.2588190451025145222, -0.9659258262890699775, 0.000000000000000000 ) ) ;
#7400 = FACE_OUTER_BOUND ( 'NONE', #1709, .T. ) ;
#7401 = ORIENTED_EDGE ( 'NONE', *, *, #864, .T. ) ;
#7402 = DIRECTION ( 'NONE',  ( -1.000000000000000000, -0.000000000000000000, 3.469446951953610245E-16 ) ) ;
#7403 = CARTESIAN_POINT ( 'NONE',  ( 97.69999999999994600, 160.0000000000000000, 0.000000000000000000 ) ) ;
#7404 = ORIENTED_EDGE ( 'NONE', *, *, #2084, .T. ) ;
#7405 = EDGE_CURVE ( 'NONE', #3587, #2102, #7689, .T. ) ;
#7406 = LINE ( 'NONE', #6660, #72 ) ;
#7407 = CARTESIAN_POINT ( 'NONE',  ( 83.50000000000051159, 29.02894480630721574, 54.24999999999594280 ) ) ;
#7408 = ORIENTED_EDGE ( 'NONE', *, *, #6849, .T. ) ;
#7409 = CARTESIAN_POINT ( 'NONE',  ( -2.643718577388641895E-13, 2.000000000000000000, 95.24999999999948841 ) ) ;
#7410 = ORIENTED_EDGE ( 'NONE', *, *, #7703, .T. ) ;
#7411 = ORIENTED_EDGE ( 'NONE', *, *, #6644, .T. ) ;
#7412 = LINE ( 'NONE', #4542, #6366 ) ;
#7413 = CARTESIAN_POINT ( 'NONE',  ( 99.49999999999991473, 155.0000000000000000, -2.000000000000014655 ) ) ;
#7414 = EDGE_CURVE ( 'NONE', #5987, #1963, #6005, .T. ) ;
#7415 = LINE ( 'NONE', #5609, #5450 ) ;
#7416 = DIRECTION ( 'NONE',  ( -1.000000000000000000, 0.000000000000000000, -0.000000000000000000 ) ) ;
#7417 = ORIENTED_EDGE ( 'NONE', *, *, #2325, .T. ) ;
#7418 = ORIENTED_EDGE ( 'NONE', *, *, #702, .T. ) ;
#7419 = CARTESIAN_POINT ( 'NONE',  ( 56.18602202090561093, 15.05499922641854660, 54.24999999999594280 ) ) ;
#7420 = DIRECTION ( 'NONE',  ( -1.000000000000000000, 0.000000000000000000, -8.326672684688666480E-14 ) ) ;
#7421 = DIRECTION ( 'NONE',  ( 0.2588190451025145777, -0.9659258262890699775, 0.000000000000000000 ) ) ;
#7422 = ORIENTED_EDGE ( 'NONE', *, *, #4559, .T. ) ;
#7423 = VERTEX_POINT ( 'NONE', #4525 ) ;
#7424 = CARTESIAN_POINT ( 'NONE',  ( 95.50000000000054001, -3.200000000000000178, 48.74999999999999289 ) ) ;
#7425 = EDGE_CURVE ( 'NONE', #3342, #1213, #7543, .T. ) ;
#7426 = CARTESIAN_POINT ( 'NONE',  ( 86.69999999999997442, 156.0000000000000284, -5.750000000000018652 ) ) ;
#7427 = EDGE_LOOP ( 'NONE', ( #811, #6876, #925, #2252, #48, #3420, #513, #6662 ) ) ;
#7428 = ORIENTED_EDGE ( 'NONE', *, *, #1784, .T. ) ;
#7429 = CARTESIAN_POINT ( 'NONE',  ( -100.4999999999999858, -24.12451549659737893, -9.750000000000015987 ) ) ;
#7430 = DIRECTION ( 'NONE',  ( 0.000000000000000000, 0.000000000000000000, 1.000000000000000000 ) ) ;
#7431 = ORIENTED_EDGE ( 'NONE', *, *, #4275, .T. ) ;
#7432 = LINE ( 'NONE', #2057, #6135 ) ;
#7433 = EDGE_CURVE ( 'NONE', #793, #962, #2285, .T. ) ;
#7434 = EDGE_CURVE ( 'NONE', #2457, #3289, #5816, .T. ) ;
#7435 = LINE ( 'NONE', #6260, #6490 ) ;
#7436 = VERTEX_POINT ( 'NONE', #4679 ) ;
#7437 = DIRECTION ( 'NONE',  ( -1.000000000000000000, 0.000000000000000000, 0.000000000000000000 ) ) ;
#7438 = CIRCLE ( 'NONE', #1804, 2.000000000000001776 ) ;
#7439 = CARTESIAN_POINT ( 'NONE',  ( 30.38037984510913603, 149.9999999999999716, 2.749999999999727329 ) ) ;
#7440 = ORIENTED_EDGE ( 'NONE', *, *, #5201, .F. ) ;
#7441 = CARTESIAN_POINT ( 'NONE',  ( -88.50000000000000000, 4.000000000000003553, 105.7499999999998295 ) ) ;
#7442 = ORIENTED_EDGE ( 'NONE', *, *, #7642, .F. ) ;
#7443 = LINE ( 'NONE', #6820, #4626 ) ;
#7444 = DIRECTION ( 'NONE',  ( 0.000000000000000000, 0.000000000000000000, 1.000000000000000000 ) ) ;
#7445 = VECTOR ( 'NONE', #1201, 1000.000000000000000 ) ;
#7446 = CARTESIAN_POINT ( 'NONE',  ( 95.50000000000054001, -3.000000000000000000, 0.000000000000000000 ) ) ;
#7447 = DIRECTION ( 'NONE',  ( 0.000000000000000000, 0.000000000000000000, -1.000000000000000000 ) ) ;
#7448 = ORIENTED_EDGE ( 'NONE', *, *, #1672, .T. ) ;
#7449 = AXIS2_PLACEMENT_3D ( 'NONE', #6669, #6708, #6789 ) ;
#7450 = CYLINDRICAL_SURFACE ( 'NONE', #6731, 1.799999999999996048 ) ;
#7451 = VERTEX_POINT ( 'NONE', #1074 ) ;
#7452 = FACE_OUTER_BOUND ( 'NONE', #139, .T. ) ;
#7453 = EDGE_CURVE ( 'NONE', #380, #1308, #3461, .T. ) ;
#7454 = CARTESIAN_POINT ( 'NONE',  ( 9.674856236907512397, 149.9999999999999716, 2.749999999999727329 ) ) ;
#7455 = AXIS2_PLACEMENT_3D ( 'NONE', #5928, #5507, #1892 ) ;
#7456 = CARTESIAN_POINT ( 'NONE',  ( 75.50453854668714371, 20.23138012846883171, 2.749999999999727329 ) ) ;
#7457 = ORIENTED_EDGE ( 'NONE', *, *, #2267, .F. ) ;
#7458 = ORIENTED_EDGE ( 'NONE', *, *, #2259, .F. ) ;
#7459 = STYLED_ITEM ( 'NONE', ( #3925 ), #2731 ) ;
#7460 = LINE ( 'NONE', #364, #7121 ) ;
#7461 = CARTESIAN_POINT ( 'NONE',  ( -2.384550890077553838E-12, 2.000000000000000000, 59.24999999999594280 ) ) ;
#7462 = ORIENTED_EDGE ( 'NONE', *, *, #6284, .T. ) ;
#7463 = ORIENTED_EDGE ( 'NONE', *, *, #6566, .F. ) ;
#7464 = EDGE_CURVE ( 'NONE', #6176, #3570, #6403, .T. ) ;
#7465 = FACE_OUTER_BOUND ( 'NONE', #6679, .T. ) ;
#7466 = CARTESIAN_POINT ( 'NONE',  ( -66.69263666784532063, 9.999999999999991118, 105.7499999999998295 ) ) ;
#7467 = ORIENTED_EDGE ( 'NONE', *, *, #6007, .F. ) ;
#7468 = VECTOR ( 'NONE', #2550, 1000.000000000000000 ) ;
#7469 = DIRECTION ( 'NONE',  ( -0.000000000000000000, 1.000000000000000000, -0.000000000000000000 ) ) ;
#7470 = CARTESIAN_POINT ( 'NONE',  ( -11.03066737129423736, 150.0000000000000284, 105.7499999999998295 ) ) ;
#7471 = ORIENTED_EDGE ( 'NONE', *, *, #2540, .T. ) ;
#7472 = AXIS2_PLACEMENT_3D ( 'NONE', #297, #1633, #972 ) ;
#7473 = DIRECTION ( 'NONE',  ( 1.000000000000000000, 0.000000000000000000, 0.000000000000000000 ) ) ;
#7474 = ADVANCED_FACE ( 'NONE', ( #3930 ), #6323, .F. ) ;
#7475 = CARTESIAN_POINT ( 'NONE',  ( -1.769527556438602378, -0.4741434797323291206, 54.24999999999594280 ) ) ;
#7476 = ORIENTED_EDGE ( 'NONE', *, *, #3953, .F. ) ;
#7477 = CARTESIAN_POINT ( 'NONE',  ( -97.69999999999994600, 166.2000000000000171, 57.05000000000013216 ) ) ;
#7478 = ORIENTED_EDGE ( 'NONE', *, *, #5387, .T. ) ;
#7479 = EDGE_LOOP ( 'NONE', ( #5328, #4565, #192, #1939 ) ) ;
#7481 = EDGE_CURVE ( 'NONE', #368, #5823, #5856, .T. ) ;
#7480 = DIRECTION ( 'NONE',  ( 0.000000000000000000, 0.000000000000000000, 1.000000000000000000 ) ) ;
#7482 = AXIS2_PLACEMENT_3D ( 'NONE', #2254, #5930, #602 ) ;
#7483 = CARTESIAN_POINT ( 'NONE',  ( 95.50000000000106581, -3.000000000000000000, 0.000000000000000000 ) ) ;
#7484 = PRODUCT_DEFINITION_CONTEXT ( 'detailed design', #365, 'design' ) ;
#7485 = LINE ( 'NONE', #272, #5071 ) ;
#7486 = ADVANCED_FACE ( 'NONE', ( #5272 ), #6049, .F. ) ;
#7487 = AXIS2_PLACEMENT_3D ( 'NONE', #4463, #2109, #5761 ) ;
#7488 = CARTESIAN_POINT ( 'NONE',  ( 1.377241172440915905E-13, 9.999999999999998224, 2.749999999999727329 ) ) ;
#7489 = ORIENTED_EDGE ( 'NONE', *, *, #4549, .F. ) ;
#7490 = EDGE_CURVE ( 'NONE', #2580, #3343, #6014, .T. ) ;
#7491 = VECTOR ( 'NONE', #2905, 1000.000000000000000 ) ;
#7492 = DIRECTION ( 'NONE',  ( 1.000000000000000000, -0.000000000000000000, 0.000000000000000000 ) ) ;
#7493 = EDGE_LOOP ( 'NONE', ( #12, #2881, #360, #426 ) ) ;
#7494 = CARTESIAN_POINT ( 'NONE',  ( -86.70000000000000284, 156.0000000000000000, -5.750000000000018652 ) ) ;
#7495 = DIRECTION ( 'NONE',  ( -0.000000000000000000, 1.000000000000000000, -0.000000000000000000 ) ) ;
#7496 = PLANE ( 'NONE',  #876 ) ;
#7497 = VECTOR ( 'NONE', #5010, 1000.000000000000000 ) ;
#7498 = VECTOR ( 'NONE', #5542, 1000.000000000000000 ) ;
#7499 = LINE ( 'NONE', #3889, #3688 ) ;
#7500 = LINE ( 'NONE', #1618, #2581 ) ;
#7501 = EDGE_LOOP ( 'NONE', ( #783, #1247, #319, #1787 ) ) ;
#7502 = EDGE_CURVE ( 'NONE', #4538, #3028, #5505, .T. ) ;
#7503 = ORIENTED_EDGE ( 'NONE', *, *, #7306, .T. ) ;
#7504 = VECTOR ( 'NONE', #5233, 1000.000000000000000 ) ;
#7505 = VECTOR ( 'NONE', #3320, 1000.000000000000000 ) ;
#7506 = DIRECTION ( 'NONE',  ( 0.2588190451025145222, -0.9659258262890699775, 0.000000000000000000 ) ) ;
#7507 = DIRECTION ( 'NONE',  ( 0.2588190451025145222, -0.9659258262890699775, 0.000000000000000000 ) ) ;
#7508 =( GEOMETRIC_REPRESENTATION_CONTEXT ( 3 ) GLOBAL_UNCERTAINTY_ASSIGNED_CONTEXT ( ( #6161 ) ) GLOBAL_UNIT_ASSIGNED_CONTEXT ( ( #7066, #5149, #3964 ) ) REPRESENTATION_CONTEXT ( 'NONE', 'WORKASPACE' ) );
#7509 = VERTEX_POINT ( 'NONE', #3574 ) ;
#7510 = VECTOR ( 'NONE', #5638, 1000.000000000000000 ) ;
#7511 = VERTEX_POINT ( 'NONE', #6554 ) ;
#7512 = EDGE_CURVE ( 'NONE', #2948, #7530, #7730, .T. ) ;
#7513 = CARTESIAN_POINT ( 'NONE',  ( 93.49999999999991473, 160.0000000000000000, -5.750000000000018652 ) ) ;
#7514 = DIRECTION ( 'NONE',  ( -1.000000000000000000, -0.000000000000000000, -0.000000000000000000 ) ) ;
#7515 = ORIENTED_EDGE ( 'NONE', *, *, #7107, .F. ) ;
#7516 = DIRECTION ( 'NONE',  ( -1.000000000000000000, 0.000000000000000000, 1.387778780781449225E-15 ) ) ;
#7517 = CARTESIAN_POINT ( 'NONE',  ( 95.49999999999995737, 160.0000000000000000, 2.749999999999974243 ) ) ;
#7518 = VERTEX_POINT ( 'NONE', #4716 ) ;
#7519 = DIRECTION ( 'NONE',  ( 0.2588190451025145222, -0.9659258262890699775, 0.000000000000000000 ) ) ;
#7520 = PLANE ( 'NONE',  #7227 ) ;
#7521 = ORIENTED_EDGE ( 'NONE', *, *, #4653, .F. ) ;
#7522 = DIRECTION ( 'NONE',  ( 0.2588190451025151329, -0.9659258262890698665, 0.000000000000000000 ) ) ;
#7523 = ORIENTED_EDGE ( 'NONE', *, *, #3506, .T. ) ;
#7524 = CARTESIAN_POINT ( 'NONE',  ( -14.92882764734125800, 9.999999999999998224, 105.7499999999998295 ) ) ;
#7525 = DIRECTION ( 'NONE',  ( 0.000000000000000000, 0.000000000000000000, 1.000000000000000000 ) ) ;
#7526 = CARTESIAN_POINT ( 'NONE',  ( -99.49999999999884892, 155.0000000000000000, 105.0000000000000426 ) ) ;
#7527 = ADVANCED_FACE ( 'NONE', ( #4760 ), #1808, .F. ) ;
#7528 = LINE ( 'NONE', #3442, #7206 ) ;
#7529 = CARTESIAN_POINT ( 'NONE',  ( 101.2999999999998977, 160.0000000000000000, 45.94999999999987494 ) ) ;
#7530 = VERTEX_POINT ( 'NONE', #4835 ) ;
#7531 = LINE ( 'NONE', #4635, #7582 ) ;
#7532 = ORIENTED_EDGE ( 'NONE', *, *, #5238, .T. ) ;
#7533 = CARTESIAN_POINT ( 'NONE',  ( -1.246507886929438602E-15, 9.999999999999998224, 54.24999999999594280 ) ) ;
#7534 = DIRECTION ( 'NONE',  ( 0.000000000000000000, 1.000000000000000000, 0.000000000000000000 ) ) ;
#7535 = DIRECTION ( 'NONE',  ( 0.000000000000000000, 0.000000000000000000, -1.000000000000000000 ) ) ;
#7536 = EDGE_CURVE ( 'NONE', #7316, #242, #5968, .T. ) ;
#7537 = EDGE_CURVE ( 'NONE', #3080, #5540, #6641, .T. ) ;
#7538 = DIRECTION ( 'NONE',  ( 0.000000000000000000, 0.000000000000000000, 1.000000000000000000 ) ) ;
#7539 = DIRECTION ( 'NONE',  ( 1.000000000000000000, 1.662010515905923740E-16, 0.000000000000000000 ) ) ;
#7540 = VERTEX_POINT ( 'NONE', #2988 ) ;
#7541 = ORIENTED_EDGE ( 'NONE', *, *, #6961, .T. ) ;
#7542 = DIRECTION ( 'NONE',  ( -0.000000000000000000, -1.000000000000000000, -0.000000000000000000 ) ) ;
#7544 = EDGE_CURVE ( 'NONE', #5589, #403, #5388, .T. ) ;
#7543 = LINE ( 'NONE', #7657, #1869 ) ;
#7545 = ORIENTED_EDGE ( 'NONE', *, *, #5184, .F. ) ;
#7546 = VERTEX_POINT ( 'NONE', #7186 ) ;
#7547 = CARTESIAN_POINT ( 'NONE',  ( 95.49999999999995737, 160.0000000000000000, 0.000000000000000000 ) ) ;
#7548 = DIRECTION ( 'NONE',  ( 0.2588190451025144667, -0.9659258262890700886, 0.000000000000000000 ) ) ;
#7549 = ORIENTED_EDGE ( 'NONE', *, *, #1776, .F. ) ;
#7550 = PLANE ( 'NONE',  #4882 ) ;
#7552 = EDGE_CURVE ( 'NONE', #5045, #2237, #6676, .T. ) ;
#7551 = DIRECTION ( 'NONE',  ( -1.982541115402065110E-16, 1.000000000000000000, 0.000000000000000000 ) ) ;
#7553 = ORIENTED_EDGE ( 'NONE', *, *, #632, .F. ) ;
#7554 = DIRECTION ( 'NONE',  ( 0.000000000000000000, 0.000000000000000000, 1.000000000000000000 ) ) ;
#7555 = FACE_OUTER_BOUND ( 'NONE', #4365, .T. ) ;
#7556 = ORIENTED_EDGE ( 'NONE', *, *, #6677, .T. ) ;
#7557 = DIRECTION ( 'NONE',  ( 1.826024711554534653E-16, -1.000000000000000000, 4.434707108786396060E-30 ) ) ;
#7558 = ORIENTED_EDGE ( 'NONE', *, *, #398, .T. ) ;
#7559 = CARTESIAN_POINT ( 'NONE',  ( 57.54050498136451353, 10.00000000000000533, 2.749999999999727329 ) ) ;
#7560 = CARTESIAN_POINT ( 'NONE',  ( -93.49999999999990052, 160.0000000000000000, -5.750000000000018652 ) ) ;
#7561 = LINE ( 'NONE', #5716, #4868 ) ;
#7562 = AXIS2_PLACEMENT_3D ( 'NONE', #1719, #6508, #1143 ) ;
#7563 = CARTESIAN_POINT ( 'NONE',  ( -40.40656060800140637, -10.82690528383291095, 54.24999999999594280 ) ) ;
#7564 = DIRECTION ( 'NONE',  ( 1.000000000000000000, 1.246507886929443236E-16, 0.000000000000000000 ) ) ;
#7565 = ORIENTED_EDGE ( 'NONE', *, *, #7259, .F. ) ;
#7566 = DIRECTION ( 'NONE',  ( 0.000000000000000000, 0.000000000000000000, -1.000000000000000000 ) ) ;
#7567 = ORIENTED_EDGE ( 'NONE', *, *, #6261, .T. ) ;
#7568 = EDGE_CURVE ( 'NONE', #6969, #3216, #6518, .T. ) ;
#7569 = VECTOR ( 'NONE', #3317, 999.9999999999998863 ) ;
#7570 = CARTESIAN_POINT ( 'NONE',  ( -83.49999999999995737, 72.72593389687250465, 54.24999999999594280 ) ) ;
#7571 = LINE ( 'NONE', #1144, #2355 ) ;
#7572 = FACE_BOUND ( 'NONE', #4407, .T. ) ;
#7573 = VERTEX_POINT ( 'NONE', #6086 ) ;
#7574 = AXIS2_PLACEMENT_3D ( 'NONE', #521, #3540, #1660 ) ;
#7575 = LINE ( 'NONE', #6993, #4319 ) ;
#7576 = DIRECTION ( 'NONE',  ( -1.000000000000000000, 0.000000000000000000, 1.387778780781444689E-15 ) ) ;
#7577 = EDGE_LOOP ( 'NONE', ( #499, #3076, #127, #1812 ) ) ;
#7578 = ORIENTED_EDGE ( 'NONE', *, *, #918, .F. ) ;
#7579 = ADVANCED_FACE ( 'NONE', ( #1305, #1849, #3617 ), #1151, .T. ) ;
#7580 = DIRECTION ( 'NONE',  ( 0.2588190451025145222, -0.9659258262890699775, 0.000000000000000000 ) ) ;
#7581 = VECTOR ( 'NONE', #6125, 1000.000000000000000 ) ;
#7582 = VECTOR ( 'NONE', #5802, 1000.000000000000000 ) ;
#7583 = EDGE_CURVE ( 'NONE', #7274, #4503, #4878, .T. ) ;
#7584 = FACE_OUTER_BOUND ( 'NONE', #553, .T. ) ;
#7585 = ORIENTED_EDGE ( 'NONE', *, *, #7249, .T. ) ;
#7586 = VECTOR ( 'NONE', #5290, 1000.000000000000000 ) ;
#7587 = ADVANCED_FACE ( 'NONE', ( #675 ), #2438, .T. ) ;
#7588 = LINE ( 'NONE', #960, #4099 ) ;
#7589 = ADVANCED_FACE ( 'NONE', ( #4201 ), #5423, .T. ) ;
#7590 = FACE_BOUND ( 'NONE', #3947, .T. ) ;
#7591 = VERTEX_POINT ( 'NONE', #3060 ) ;
#7592 = CARTESIAN_POINT ( 'NONE',  ( -2.493015773858876967E-14, 149.9999999999999716, 57.24999999999594280 ) ) ;
#7593 = PLANE ( 'NONE',  #4739 ) ;
#7594 = AXIS2_PLACEMENT_3D ( 'NONE', #5655, #6133, #2791 ) ;
#7595 = ORIENTED_EDGE ( 'NONE', *, *, #1083, .F. ) ;
#7596 = PLANE ( 'NONE',  #963 ) ;
#7597 = VERTEX_POINT ( 'NONE', #86 ) ;
#7598 = EDGE_CURVE ( 'NONE', #6659, #607, #2480, .T. ) ;
#7599 = AXIS2_PLACEMENT_3D ( 'NONE', #3728, #711, #7416 ) ;
#7600 = DIRECTION ( 'NONE',  ( 1.000000000000000000, 1.246507886929438799E-16, 0.000000000000000000 ) ) ;
#7601 = ORIENTED_EDGE ( 'NONE', *, *, #3781, .F. ) ;
#7602 = CARTESIAN_POINT ( 'NONE',  ( -4.576065843240377795, 9.999999999999998224, 5.749999999999727329 ) ) ;
#7603 = CARTESIAN_POINT ( 'NONE',  ( 20.02761804100821053, 150.0000000000000284, 105.7499999999998295 ) ) ;
#7604 = CARTESIAN_POINT ( 'NONE',  ( 0.000000000000000000, -3.200000000000000178, -5.750000000000018652 ) ) ;
#7605 = AXIS2_PLACEMENT_3D ( 'NONE', #4730, #1131, #3515 ) ;
#7606 = CARTESIAN_POINT ( 'NONE',  ( 75.50453854668708686, 20.23138012846886369, 105.7499999999998295 ) ) ;
#7607 = CYLINDRICAL_SURFACE ( 'NONE', #324, 5.000000000000004441 ) ;
#7608 = ORIENTED_EDGE ( 'NONE', *, *, #3648, .T. ) ;
#7609 = CYLINDRICAL_SURFACE ( 'NONE', #3194, 4.999999999999997335 ) ;
#7610 = ORIENTED_EDGE ( 'NONE', *, *, #7336, .F. ) ;
#7611 = AXIS2_PLACEMENT_3D ( 'NONE', #5099, #5547, #5467 ) ;
#7612 = LINE ( 'NONE', #7144, #1424 ) ;
#7613 = CARTESIAN_POINT ( 'NONE',  ( 93.50000000000001421, 160.0000000000000000, 97.24999999999975842 ) ) ;
#7614 = CARTESIAN_POINT ( 'NONE',  ( 90.29999999999998295, 156.0000000000000284, 105.7499999999998295 ) ) ;
#7615 = AXIS2_PLACEMENT_3D ( 'NONE', #6722, #6647, #1975 ) ;
#7616 = DIRECTION ( 'NONE',  ( 1.000000000000000000, 0.000000000000000000, 2.312964634635747946E-14 ) ) ;
#7617 = DIRECTION ( 'NONE',  ( -2.413528314402514287E-15, 0.000000000000000000, 1.000000000000000000 ) ) ;
#7618 = ORIENTED_EDGE ( 'NONE', *, *, #4808, .F. ) ;
#7619 = VERTEX_POINT ( 'NONE', #762 ) ;
#7620 = DIRECTION ( 'NONE',  ( -0.2588190451025145777, 0.9659258262890699775, 0.000000000000000000 ) ) ;
#7621 = AXIS2_PLACEMENT_3D ( 'NONE', #1447, #237, #2631 ) ;
#7622 = DIRECTION ( 'NONE',  ( -0.000000000000000000, 1.000000000000000000, -0.000000000000000000 ) ) ;
#7623 = EDGE_CURVE ( 'NONE', #3123, #7732, #3221, .T. ) ;
#7624 = VERTEX_POINT ( 'NONE', #2597 ) ;
#7625 = AXIS2_PLACEMENT_3D ( 'NONE', #2292, #7125, #1745 ) ;
#7626 = VERTEX_POINT ( 'NONE', #3887 ) ;
#7627 = VECTOR ( 'NONE', #1052, 1000.000000000000000 ) ;
#7628 = LINE ( 'NONE', #1739, #4981 ) ;
#7629 = PLANE ( 'NONE',  #5443 ) ;
#7630 = EDGE_LOOP ( 'NONE', ( #4299, #1139, #104, #7257 ) ) ;
#7631 = CARTESIAN_POINT ( 'NONE',  ( -103.5000000000000142, -8.000000000000000000, 0.000000000000000000 ) ) ;
#7632 = AXIS2_PLACEMENT_3D ( 'NONE', #5779, #2208, #2251 ) ;
#7633 = VECTOR ( 'NONE', #1662, 1000.000000000000000 ) ;
#7634 = DIRECTION ( 'NONE',  ( 0.000000000000000000, 0.000000000000000000, 1.000000000000000000 ) ) ;
#7635 = EDGE_CURVE ( 'NONE', #6032, #742, #4990, .T. ) ;
#7636 = ORIENTED_EDGE ( 'NONE', *, *, #5447, .T. ) ;
#7637 = LINE ( 'NONE', #6613, #1707 ) ;
#7638 = DIRECTION ( 'NONE',  ( 1.000000000000000000, 1.246507886929443483E-16, 0.000000000000000000 ) ) ;
#7639 = ORIENTED_EDGE ( 'NONE', *, *, #7344, .T. ) ;
#7640 = CARTESIAN_POINT ( 'NONE',  ( -1.246507886929442940E-15, 9.999999999999998224, 108.7499999999996874 ) ) ;
#7641 = CARTESIAN_POINT ( 'NONE',  ( -52.44171458769738337, 149.9999999999999716, 2.749999999999727329 ) ) ;
#7642 = EDGE_CURVE ( 'NONE', #6740, #2827, #7390, .T. ) ;
#7643 = CARTESIAN_POINT ( 'NONE',  ( 1.140404673924322588E-13, 149.9999999999999716, 5.749999999999727329 ) ) ;
#7644 = CARTESIAN_POINT ( 'NONE',  ( -31.73619097949589829, 149.9999999999999716, 54.24999999999594280 ) ) ;
#7645 = ORIENTED_EDGE ( 'NONE', *, *, #4702, .T. ) ;
#7646 = FACE_OUTER_BOUND ( 'NONE', #281, .T. ) ;
#7647 = VERTEX_POINT ( 'NONE', #6132 ) ;
#7648 = LINE ( 'NONE', #1100, #4810 ) ;
#7649 = DIRECTION ( 'NONE',  ( -0.000000000000000000, -0.000000000000000000, 1.000000000000000000 ) ) ;
#7650 = CARTESIAN_POINT ( 'NONE',  ( 101.2999999999998977, 166.2000000000000171, 57.05000000000013216 ) ) ;
#7651 = EDGE_CURVE ( 'NONE', #671, #7530, #4399, .T. ) ;
#7652 = CARTESIAN_POINT ( 'NONE',  ( -2.493015773858876967E-14, 149.9999999999999716, 54.24999999999594280 ) ) ;
#7653 = CARTESIAN_POINT ( 'NONE',  ( -73.14723819589916332, 149.9999999999999716, 54.24999999999594280 ) ) ;
#7654 = ORIENTED_EDGE ( 'NONE', *, *, #1564, .F. ) ;
#7655 = EDGE_LOOP ( 'NONE', ( #4535, #444, #2620, #2022 ) ) ;
#7656 = FACE_OUTER_BOUND ( 'NONE', #7630, .T. ) ;
#7657 = CARTESIAN_POINT ( 'NONE',  ( -90.30000000000001137, 0.000000000000000000, 108.7499999999996874 ) ) ;
#7658 = ORIENTED_EDGE ( 'NONE', *, *, #3127, .F. ) ;
#7659 = ORIENTED_EDGE ( 'NONE', *, *, #1216, .F. ) ;
#7660 = FACE_OUTER_BOUND ( 'NONE', #1182, .T. ) ;
#7661 = DIRECTION ( 'NONE',  ( -1.982541115402065110E-16, 1.000000000000000000, 0.000000000000000000 ) ) ;
#7662 = ORIENTED_EDGE ( 'NONE', *, *, #6166, .F. ) ;
#7663 = EDGE_CURVE ( 'NONE', #1835, #3472, #909, .T. ) ;
#7664 = DIRECTION ( 'NONE',  ( -0.2588190451025146888, 0.9659258262890699775, 0.000000000000000000 ) ) ;
#7665 = CARTESIAN_POINT ( 'NONE',  ( 93.50000000000000000, 0.000000000000000000, 45.74999999999987210 ) ) ;
#7666 = ORIENTED_EDGE ( 'NONE', *, *, #2503, .F. ) ;
#7667 = CARTESIAN_POINT ( 'NONE',  ( 90.29999999999999716, 4.000000000000024869, 2.749999999999978240 ) ) ;
#7668 = CARTESIAN_POINT ( 'NONE',  ( 95.49999999999995737, 160.0000000000000000, -2.750000000000018652 ) ) ;
#7669 = VERTEX_POINT ( 'NONE', #7454 ) ;
#7670 = ADVANCED_FACE ( 'NONE', ( #2638 ), #3809, .T. ) ;
#7671 = DIRECTION ( 'NONE',  ( -1.000000000000000000, 0.000000000000000000, 0.000000000000000000 ) ) ;
#7672 = DIRECTION ( 'NONE',  ( 0.2588190451025145222, -0.9659258262890699775, 0.000000000000000000 ) ) ;
#7673 = CARTESIAN_POINT ( 'NONE',  ( 99.50000000000099476, 155.0000000000000000, 101.0000000000000284 ) ) ;
#7674 = CARTESIAN_POINT ( 'NONE',  ( 1.377241172440915905E-13, 9.999999999999998224, 5.749999999999727329 ) ) ;
#7675 = ORIENTED_EDGE ( 'NONE', *, *, #6233, .T. ) ;
#7676 = DIRECTION ( 'NONE',  ( 0.2588190451025145222, -0.9659258262890699775, 0.000000000000000000 ) ) ;
#7677 = ORIENTED_EDGE ( 'NONE', *, *, #7583, .F. ) ;
#7678 = ADVANCED_FACE ( 'NONE', ( #6204 ), #835, .F. ) ;
#7679 = LINE ( 'NONE', #1759, #2918 ) ;
#7680 = CYLINDRICAL_SURFACE ( 'NONE', #2860, 1.699999999999937561 ) ;
#7681 = PLANE ( 'NONE',  #2354 ) ;
#7682 = DIRECTION ( 'NONE',  ( 0.2588190451025144112, -0.9659258262890700886, 0.000000000000000000 ) ) ;
#7683 = DIRECTION ( 'NONE',  ( 0.2588190451025145222, -0.9659258262890699775, 0.000000000000000000 ) ) ;
#7684 = VERTEX_POINT ( 'NONE', #3733 ) ;
#7685 = CIRCLE ( 'NONE', #3052, 2.000000000000001776 ) ;
#7686 = ORIENTED_EDGE ( 'NONE', *, *, #864, .F. ) ;
#7687 = EDGE_CURVE ( 'NONE', #2761, #5553, #3629, .T. ) ;
#7688 = CARTESIAN_POINT ( 'NONE',  ( 1.140404673924322588E-13, 149.9999999999999716, 5.749999999999727329 ) ) ;
#7689 = LINE ( 'NONE', #3422, #6882 ) ;
#7690 = AXIS2_PLACEMENT_3D ( 'NONE', #2919, #1164, #6494 ) ;
#7691 = ORIENTED_EDGE ( 'NONE', *, *, #2305, .F. ) ;
#7692 = FACE_OUTER_BOUND ( 'NONE', #625, .T. ) ;
#7693 = EDGE_LOOP ( 'NONE', ( #5200, #2877, #6664, #3036 ) ) ;
#7694 = DIRECTION ( 'NONE',  ( 0.000000000000000000, 0.000000000000000000, 1.000000000000000000 ) ) ;
#7695 = EDGE_CURVE ( 'NONE', #6358, #3812, #5543, .T. ) ;
#7696 = AXIS2_PLACEMENT_3D ( 'NONE', #4983, #3255, #240 ) ;
#7697 = PLANE ( 'NONE',  #3057 ) ;
#7698 = EDGE_LOOP ( 'NONE', ( #1779, #3687, #2705, #6996 ) ) ;
#7699 = DIRECTION ( 'NONE',  ( 0.000000000000000000, 1.000000000000000000, -0.000000000000000000 ) ) ;
#7700 = DIRECTION ( 'NONE',  ( -0.000000000000000000, -0.000000000000000000, 1.000000000000000000 ) ) ;
#7701 = ORIENTED_EDGE ( 'NONE', *, *, #2746, .F. ) ;
#7702 = VECTOR ( 'NONE', #5486, 1000.000000000000000 ) ;
#7703 = EDGE_CURVE ( 'NONE', #952, #2661, #3261, .T. ) ;
#7704 = DIRECTION ( 'NONE',  ( 0.2588190451025145222, -0.9659258262890699775, 0.000000000000000000 ) ) ;
#7705 = PLANE ( 'NONE',  #7690 ) ;
#7706 = EDGE_LOOP ( 'NONE', ( #6101, #6128, #2322, #3627 ) ) ;
#7707 = VECTOR ( 'NONE', #3225, 1000.000000000000000 ) ;
#7708 = CARTESIAN_POINT ( 'NONE',  ( -83.49999999999991473, 9.999999999999987566, 105.7499999999998295 ) ) ;
#7709 = LINE ( 'NONE', #3519, #731 ) ;
#7710 = ORIENTED_EDGE ( 'NONE', *, *, #4507, .F. ) ;
#7711 = EDGE_CURVE ( 'NONE', #4122, #798, #2079, .T. ) ;
#7712 = VECTOR ( 'NONE', #5291, 1000.000000000000000 ) ;
#7713 = FACE_BOUND ( 'NONE', #3678, .T. ) ;
#7714 = CARTESIAN_POINT ( 'NONE',  ( -1.769527556438463378, -0.4741434797323291206, 2.749999999999727329 ) ) ;
#7715 = ORIENTED_EDGE ( 'NONE', *, *, #6566, .T. ) ;
#7716 = EDGE_CURVE ( 'NONE', #7728, #5818, #4433, .T. ) ;
#7717 = LINE ( 'NONE', #6663, #2435 ) ;
#7718 = EDGE_LOOP ( 'NONE', ( #5896, #2223, #4523, #4397 ) ) ;
#7719 = CARTESIAN_POINT ( 'NONE',  ( 1.140404673924322588E-13, 149.9999999999999716, 5.749999999999727329 ) ) ;
#7720 = CARTESIAN_POINT ( 'NONE',  ( -45.98711305964364016, 10.00000000000000000, 5.749999999999727329 ) ) ;
#7721 = AXIS2_PLACEMENT_3D ( 'NONE', #5670, #2771, #5169 ) ;
#7722 = CYLINDRICAL_SURFACE ( 'NONE', #99, 1.699999999999998401 ) ;
#7723 = EDGE_CURVE ( 'NONE', #4680, #952, #130, .T. ) ;
#7724 = CARTESIAN_POINT ( 'NONE',  ( 86.69999999999997442, 156.0000000000000284, 105.7499999999998295 ) ) ;
#7725 = ORIENTED_EDGE ( 'NONE', *, *, #432, .T. ) ;
#7726 = APPLICATION_CONTEXT ( 'automotive_design' ) ;
#7727 = VECTOR ( 'NONE', #6603, 999.9999999999998863 ) ;
#7728 = VERTEX_POINT ( 'NONE', #6242 ) ;
#7729 = CARTESIAN_POINT ( 'NONE',  ( -14.92882764734131662, 9.999999999999998224, 54.24999999999594280 ) ) ;
#7730 = LINE ( 'NONE', #2321, #5747 ) ;
#7731 = VECTOR ( 'NONE', #3185, 1000.000000000000000 ) ;
#7732 = VERTEX_POINT ( 'NONE', #5653 ) ;
#7733 = ADVANCED_FACE ( 'NONE', ( #877 ), #1499, .T. ) ;
#7734 = DIRECTION ( 'NONE',  ( -0.000000000000000000, 1.000000000000000000, -0.000000000000000000 ) ) ;
#7735 = EDGE_LOOP ( 'NONE', ( #2399, #2920, #1661, #9 ) ) ;
#7736 = EDGE_LOOP ( 'NONE', ( #7140, #5357, #6986, #3159 ) ) ;
#7737 = LINE ( 'NONE', #2372, #970 ) ;
#7738 = VECTOR ( 'NONE', #1559, 1000.000000000000000 ) ;
#7739 = CIRCLE ( 'NONE', #4362, 2.000000000000001776 ) ;
#7740 = FACE_BOUND ( 'NONE', #580, .T. ) ;
#7741 = PLANE ( 'NONE',  #4105 ) ;
#7742 = ORIENTED_EDGE ( 'NONE', *, *, #399, .F. ) ;
#7743 = CARTESIAN_POINT ( 'NONE',  ( 83.50000000000049738, 67.66597785787105579, 54.24999999999594280 ) ) ;
#7744 = CARTESIAN_POINT ( 'NONE',  ( 0.000000000000000000, 0.000000000000000000, 0.000000000000000000 ) ) ;
#7745 = AXIS2_PLACEMENT_3D ( 'NONE', #2331, #4572, #3431 ) ;
#7746 = ORIENTED_EDGE ( 'NONE', *, *, #3986, .F. ) ;
#7747 = CIRCLE ( 'NONE', #3364, 1.699999999999824984 ) ;
#7748 = EDGE_CURVE ( 'NONE', #6602, #3831, #165, .T. ) ;
#7749 = CARTESIAN_POINT ( 'NONE',  ( 92.49999999999991473, -8.000000000000000000, -9.750000000000667910 ) ) ;
#7750 = CARTESIAN_POINT ( 'NONE',  ( 103.5000000000000142, 160.0000000000000000, 0.000000000000000000 ) ) ;
#7751 = ORIENTED_EDGE ( 'NONE', *, *, #3848, .T. ) ;
#7752 = AXIS2_PLACEMENT_3D ( 'NONE', #6362, #4647, #5194 ) ;
#7753 = VECTOR ( 'NONE', #3000, 1000.000000000000000 ) ;
#7754 = DIRECTION ( 'NONE',  ( 0.000000000000000000, 0.000000000000000000, 1.000000000000000000 ) ) ;
#7755 = LINE ( 'NONE', #4222, #7252 ) ;
#7756 = ORIENTED_EDGE ( 'NONE', *, *, #5028, .F. ) ;
#7757 = VECTOR ( 'NONE', #1891, 1000.000000000000000 ) ;
#7758 = DIRECTION ( 'NONE',  ( 0.000000000000000000, 1.000000000000000000, -0.000000000000000000 ) ) ;
#7759 = CARTESIAN_POINT ( 'NONE',  ( -2.493015773858885802E-14, 150.0000000000000284, 108.7499999999996874 ) ) ;
#7760 = ORIENTED_EDGE ( 'NONE', *, *, #1908, .F. ) ;
#7761 = DIRECTION ( 'NONE',  ( 0.000000000000000000, 0.000000000000000000, -1.000000000000000000 ) ) ;
#7762 = ORIENTED_EDGE ( 'NONE', *, *, #3305, .F. ) ;
#7763 = CARTESIAN_POINT ( 'NONE',  ( 47.18774317726361289, 10.00000000000000533, 105.7499999999998295 ) ) ;
#7764 = DIRECTION ( 'NONE',  ( -2.775557561562892929E-15, 0.000000000000000000, 1.000000000000000000 ) ) ;
#7765 = EDGE_CURVE ( 'NONE', #7511, #1322, #4361, .T. ) ;
#7766 = FACE_OUTER_BOUND ( 'NONE', #6761, .T. ) ;
ENDSEC;
END-ISO-10303-21;
