ISO-10303-21;
HEADER;
FILE_DESCRIPTION (( 'STEP AP214' ),
    '1' );
FILE_NAME ('07-15powerSlot.STEP',
    '2026-07-29T03:57:02',
    ( '' ),
    ( '' ),
    'SwSTEP 2.0',
    'SolidWorks 2025',
    '' );
FILE_SCHEMA (( 'AUTOMOTIVE_DESIGN' ));
ENDSEC;

DATA;
#1 = VERTEX_POINT ( 'NONE', #1646 ) ;
#2 = DIRECTION ( 'NONE',  ( 0.8660254037844384856, -0.000000000000000000, 0.5000000000000004441 ) ) ;
#3 = EDGE_CURVE ( 'NONE', #836, #603, #50, .T. ) ;
#4 = EDGE_LOOP ( 'NONE', ( #1496, #1439, #1414, #951 ) ) ;
#5 = LINE ( 'NONE', #281, #6 ) ;
#6 = VECTOR ( 'NONE', #420, 1000.000000000000000 ) ;
#7 = FILL_AREA_STYLE ('',( #1342 ) ) ;
#8 = AXIS2_PLACEMENT_3D ( 'NONE', #474, #1282, #355 ) ;
#9 = ADVANCED_FACE ( 'NONE', ( #1663 ), #959, .T. ) ;
#10 = DIRECTION ( 'NONE',  ( 0.000000000000000000, 1.000000000000000000, 0.000000000000000000 ) ) ;
#11 = VERTEX_POINT ( 'NONE', #25 ) ;
#12 = AXIS2_PLACEMENT_3D ( 'NONE', #1226, #549, #611 ) ;
#13 = ADVANCED_FACE ( 'NONE', ( #855, #1492 ), #1372, .F. ) ;
#14 = DIRECTION ( 'NONE',  ( 0.000000000000000000, 0.000000000000000000, -1.000000000000000000 ) ) ;
#15 = VECTOR ( 'NONE', #1346, 1000.000000000000000 ) ;
#16 = EDGE_LOOP ( 'NONE', ( #740, #1180, #1652, #66 ) ) ;
#17 = CARTESIAN_POINT ( 'NONE',  ( 0.000000000000000000, -5.000000000000000000, -78.85000000000003695 ) ) ;
#18 = DIRECTION ( 'NONE',  ( -0.5000000000000003331, 0.000000000000000000, -0.8660254037844383745 ) ) ;
#19 = ORIENTED_EDGE ( 'NONE', *, *, #1338, .F. ) ;
#20 = ADVANCED_FACE ( 'NONE', ( #440 ), #1358, .F. ) ;
#21 = CARTESIAN_POINT ( 'NONE',  ( 0.000000000000000000, -2.500000000000000000, 73.15000000000000568 ) ) ;
#22 = ADVANCED_FACE ( 'NONE', ( #31 ), #564, .T. ) ;
#23 = VERTEX_POINT ( 'NONE', #1119 ) ;
#24 = LINE ( 'NONE', #313, #706 ) ;
#25 = CARTESIAN_POINT ( 'NONE',  ( -88.50000000000000000, 3.000000000000000000, -74.30000000000001137 ) ) ;
#26 = DIRECTION ( 'NONE',  ( 8.410780489584520404E-17, -0.000000000000000000, 1.000000000000000000 ) ) ;
#27 = VERTEX_POINT ( 'NONE', #189 ) ;
#28 = ADVANCED_FACE ( 'NONE', ( #1517 ), #314, .F. ) ;
#29 = ORIENTED_EDGE ( 'NONE', *, *, #874, .T. ) ;
#30 = FACE_BOUND ( 'NONE', #857, .T. ) ;
#31 = FACE_OUTER_BOUND ( 'NONE', #1238, .T. ) ;
#32 = VECTOR ( 'NONE', #79, 1000.000000000000000 ) ;
#33 = DIRECTION ( 'NONE',  ( 0.5000000000000003331, 0.000000000000000000, 0.8660254037844383745 ) ) ;
#34 = EDGE_LOOP ( 'NONE', ( #1059, #415 ) ) ;
#35 = VECTOR ( 'NONE', #1224, 1000.000000000000000 ) ;
#36 = AXIS2_PLACEMENT_3D ( 'NONE', #1311, #1045, #1458 ) ;
#37 = CARTESIAN_POINT ( 'NONE',  ( 82.50000000000000000, -5.000000000000000000, 70.00000000000000000 ) ) ;
#38 = VERTEX_POINT ( 'NONE', #448 ) ;
#39 = DIRECTION ( 'NONE',  ( 0.000000000000000000, 0.000000000000000000, 1.000000000000000000 ) ) ;
#40 = EDGE_CURVE ( 'NONE', #341, #23, #315, .T. ) ;
#41 = APPLICATION_CONTEXT ( 'automotive_design' ) ;
#42 = CARTESIAN_POINT ( 'NONE',  ( -93.49999999999998579, -5.000000000000000000, -80.50000000000000000 ) ) ;
#43 = EDGE_CURVE ( 'NONE', #794, #1018, #698, .T. ) ;
#44 = PLANE ( 'NONE',  #1470 ) ;
#45 = EDGE_LOOP ( 'NONE', ( #1698, #19, #1519, #583 ) ) ;
#46 = DIRECTION ( 'NONE',  ( -1.000000000000000000, 0.000000000000000000, 0.000000000000000000 ) ) ;
#47 = DIRECTION ( 'NONE',  ( 1.000000000000000000, -0.000000000000000000, 0.000000000000000000 ) ) ;
#48 = ORIENTED_EDGE ( 'NONE', *, *, #1164, .T. ) ;
#49 = CARTESIAN_POINT ( 'NONE',  ( -88.50000000000000000, -2.500000000000000000, -76.00000000000000000 ) ) ;
#50 = LINE ( 'NONE', #715, #561 ) ;
#51 = CARTESIAN_POINT ( 'NONE',  ( 95.00000000000001421, 0.000000000000000000, -80.50000000000000000 ) ) ;
#52 = ADVANCED_FACE ( 'NONE', ( #161 ), #327, .T. ) ;
#53 = VERTEX_POINT ( 'NONE', #589 ) ;
#54 = CARTESIAN_POINT ( 'NONE',  ( 88.50000000000000000, -2.500000000000000000, -76.00000000000002842 ) ) ;
#55 = LINE ( 'NONE', #1252, #354 ) ;
#56 = ORIENTED_EDGE ( 'NONE', *, *, #810, .T. ) ;
#57 = DIRECTION ( 'NONE',  ( -0.5000000000000016653, 0.000000000000000000, -0.8660254037844375974 ) ) ;
#58 = CARTESIAN_POINT ( 'NONE',  ( 0.000000000000000000, -5.000000000000000000, -70.00000000000000000 ) ) ;
#59 = FACE_OUTER_BOUND ( 'NONE', #931, .T. ) ;
#60 = ORIENTED_EDGE ( 'NONE', *, *, #453, .F. ) ;
#61 = CARTESIAN_POINT ( 'NONE',  ( -88.50000000000000000, -2.500000000000000000, -76.00000000000000000 ) ) ;
#62 = CARTESIAN_POINT ( 'NONE',  ( 88.50000000000000000, -2.500000000000000000, 76.00000000000002842 ) ) ;
#63 = AXIS2_PLACEMENT_3D ( 'NONE', #49, #1653, #988 ) ;
#64 = VECTOR ( 'NONE', #127, 1000.000000000000000 ) ;
#65 = CARTESIAN_POINT ( 'NONE',  ( 1.330049191415293133E-12, -2.500000000000000000, 78.84999999999853060 ) ) ;
#66 = ORIENTED_EDGE ( 'NONE', *, *, #510, .T. ) ;
#67 = VECTOR ( 'NONE', #1315, 1000.000000000000000 ) ;
#68 = LINE ( 'NONE', #1420, #1634 ) ;
#69 = LINE ( 'NONE', #639, #1349 ) ;
#70 = VECTOR ( 'NONE', #1700, 1000.000000000000114 ) ;
#71 = CARTESIAN_POINT ( 'NONE',  ( -30.99786225540546525, -5.000000000000000000, -17.89662411746136783 ) ) ;
#72 = EDGE_LOOP ( 'NONE', ( #1153, #671, #1316, #29 ) ) ;
#73 = LINE ( 'NONE', #1549, #1195 ) ;
#74 = ADVANCED_FACE ( 'NONE', ( #693 ), #299, .T. ) ;
#75 = LINE ( 'NONE', #37, #686 ) ;
#76 = EDGE_CURVE ( 'NONE', #910, #543, #1142, .T. ) ;
#77 = VERTEX_POINT ( 'NONE', #759 ) ;
#78 = DIRECTION ( 'NONE',  ( 0.000000000000000000, 0.000000000000000000, 1.000000000000000000 ) ) ;
#79 = DIRECTION ( 'NONE',  ( -0.000000000000000000, -1.000000000000000000, -0.000000000000000000 ) ) ;
#80 = DIRECTION ( 'NONE',  ( -1.982541115402065110E-16, 0.000000000000000000, -1.000000000000000000 ) ) ;
#81 = VERTEX_POINT ( 'NONE', #1429 ) ;
#82 = LINE ( 'NONE', #1416, #1409 ) ;
#83 = DIRECTION ( 'NONE',  ( 0.000000000000000000, 0.000000000000000000, 1.000000000000000000 ) ) ;
#84 = ORIENTED_EDGE ( 'NONE', *, *, #520, .F. ) ;
#85 = FACE_OUTER_BOUND ( 'NONE', #358, .T. ) ;
#86 = LINE ( 'NONE', #1178, #479 ) ;
#87 = EDGE_CURVE ( 'NONE', #689, #928, #1544, .T. ) ;
#88 = CYLINDRICAL_SURFACE ( 'NONE', #627, 1.699999999999993072 ) ;
#89 = EDGE_LOOP ( 'NONE', ( #1156, #1729, #1722, #1257, #1454 ) ) ;
#90 = CARTESIAN_POINT ( 'NONE',  ( -88.50000000000000000, -2.500000000000000000, -74.30000000000001137 ) ) ;
#91 = VECTOR ( 'NONE', #1212, 1000.000000000000000 ) ;
#92 = CARTESIAN_POINT ( 'NONE',  ( 88.50000000000000000, 0.000000000000000000, -72.00000000000007105 ) ) ;
#93 = DIRECTION ( 'NONE',  ( 0.5000000000000003331, 0.000000000000000000, -0.8660254037844383745 ) ) ;
#94 = CIRCLE ( 'NONE', #8, 3.999999999999948042 ) ;
#95 = VECTOR ( 'NONE', #905, 1000.000000000000000 ) ;
#96 = DIRECTION ( 'NONE',  ( 0.000000000000000000, 1.000000000000000000, 0.000000000000000000 ) ) ;
#97 = EDGE_CURVE ( 'NONE', #1140, #1398, #1307, .T. ) ;
#98 = VECTOR ( 'NONE', #1574, 1000.000000000000000 ) ;
#99 = DIRECTION ( 'NONE',  ( -0.000000000000000000, -1.000000000000000000, 0.000000000000000000 ) ) ;
#100 = VERTEX_POINT ( 'NONE', #1555 ) ;
#101 = EDGE_CURVE ( 'NONE', #100, #682, #1291, .T. ) ;
#102 = PLANE ( 'NONE',  #352 ) ;
#103 = FACE_OUTER_BOUND ( 'NONE', #34, .T. ) ;
#104 = LINE ( 'NONE', #637, #563 ) ;
#105 = ORIENTED_EDGE ( 'NONE', *, *, #1288, .T. ) ;
#106 = DIRECTION ( 'NONE',  ( 0.000000000000000000, 1.000000000000000000, 0.000000000000000000 ) ) ;
#107 = PRESENTATION_STYLE_ASSIGNMENT (( #1323 ) ) ;
#108 = VERTEX_POINT ( 'NONE', #211 ) ;
#109 = DIRECTION ( 'NONE',  ( 1.000000000000000000, -0.000000000000000000, 0.000000000000000000 ) ) ;
#110 = EDGE_LOOP ( 'NONE', ( #1402, #546, #1431, #965 ) ) ;
#111 = LINE ( 'NONE', #1188, #98 ) ;
#112 = ORIENTED_EDGE ( 'NONE', *, *, #562, .T. ) ;
#113 = CARTESIAN_POINT ( 'NONE',  ( 82.50000000000000000, -5.000000000000000000, 0.000000000000000000 ) ) ;
#114 = ORIENTED_EDGE ( 'NONE', *, *, #606, .T. ) ;
#115 = EDGE_CURVE ( 'NONE', #832, #1107, #69, .T. ) ;
#116 = CARTESIAN_POINT ( 'NONE',  ( -88.49999999999997158, 0.000000000000000000, 72.00000000000009948 ) ) ;
#117 = CARTESIAN_POINT ( 'NONE',  ( 0.000000000000000000, -5.000000000000000000, 73.15000000000000568 ) ) ;
#118 = EDGE_CURVE ( 'NONE', #1129, #263, #86, .T. ) ;
#119 = AXIS2_PLACEMENT_3D ( 'NONE', #1613, #141, #1589 ) ;
#120 = EDGE_LOOP ( 'NONE', ( #903, #548, #657, #413 ) ) ;
#121 = VECTOR ( 'NONE', #816, 1000.000000000000114 ) ;
#122 = CARTESIAN_POINT ( 'NONE',  ( 86.85455173280958263, -2.500000000000000000, -78.85000000000003695 ) ) ;
#123 = AXIS2_PLACEMENT_3D ( 'NONE', #1287, #338, #613 ) ;
#124 = EDGE_LOOP ( 'NONE', ( #1704, #876 ) ) ;
#125 = CIRCLE ( 'NONE', #378, 1.699999999999993072 ) ;
#126 = AXIS2_PLACEMENT_3D ( 'NONE', #1003, #584, #1520 ) ;
#127 = DIRECTION ( 'NONE',  ( -0.000000000000000000, -1.000000000000000000, -0.000000000000000000 ) ) ;
#128 = VERTEX_POINT ( 'NONE', #872 ) ;
#129 = EDGE_CURVE ( 'NONE', #38, #1121, #610, .T. ) ;
#130 = CARTESIAN_POINT ( 'NONE',  ( 0.000000000000000000, -5.000000000000000000, -73.15000000000000568 ) ) ;
#131 = DIRECTION ( 'NONE',  ( 0.000000000000000000, 0.000000000000000000, -1.000000000000000000 ) ) ;
#132 = EDGE_CURVE ( 'NONE', #956, #543, #488, .T. ) ;
#133 = ORIENTED_EDGE ( 'NONE', *, *, #818, .F. ) ;
#134 = DIRECTION ( 'NONE',  ( 0.000000000000000000, 0.000000000000000000, -1.000000000000000000 ) ) ;
#135 = CARTESIAN_POINT ( 'NONE',  ( 93.00000000000001421, 0.000000000000000000, -80.50000000000000000 ) ) ;
#136 = ORIENTED_EDGE ( 'NONE', *, *, #40, .F. ) ;
#137 = CARTESIAN_POINT ( 'NONE',  ( 95.00000000000001421, -5.000000000000000000, -80.50000000000000000 ) ) ;
#138 = ORIENTED_EDGE ( 'NONE', *, *, #1682, .F. ) ;
#139 = DIRECTION ( 'NONE',  ( -0.000000000000000000, 0.000000000000000000, 1.000000000000000000 ) ) ;
#140 = ORIENTED_EDGE ( 'NONE', *, *, #1626, .T. ) ;
#141 = DIRECTION ( 'NONE',  ( 0.000000000000000000, 1.000000000000000000, -0.000000000000000000 ) ) ;
#142 = EDGE_CURVE ( 'NONE', #1096, #398, #1550, .T. ) ;
#143 = CARTESIAN_POINT ( 'NONE',  ( -88.49999999999997158, 3.000000000000000000, 77.70000000000004547 ) ) ;
#144 = ORIENTED_EDGE ( 'NONE', *, *, #1160, .T. ) ;
#145 = DIRECTION ( 'NONE',  ( -1.000000000000000000, 0.000000000000000000, 0.000000000000000000 ) ) ;
#146 = VERTEX_POINT ( 'NONE', #1693 ) ;
#147 = AXIS2_PLACEMENT_3D ( 'NONE', #828, #1365, #166 ) ;
#148 = VECTOR ( 'NONE', #1236, 1000.000000000000000 ) ;
#149 = ADVANCED_FACE ( 'NONE', ( #1567 ), #364, .F. ) ;
#150 = EDGE_LOOP ( 'NONE', ( #1083, #114, #438, #1266 ) ) ;
#151 = CIRCLE ( 'NONE', #63, 1.699999999999993072 ) ;
#152 = CARTESIAN_POINT ( 'NONE',  ( 96.81579294302301264, -2.500000000000000000, -55.89662411746145665 ) ) ;
#153 = EDGE_CURVE ( 'NONE', #794, #709, #1035, .T. ) ;
#154 = AXIS2_PLACEMENT_3D ( 'NONE', #983, #316, #847 ) ;
#155 = EDGE_LOOP ( 'NONE', ( #1005, #1672 ) ) ;
#156 = CIRCLE ( 'NONE', #993, 1.699999999999993072 ) ;
#157 = DIRECTION ( 'NONE',  ( 0.000000000000000000, 1.000000000000000000, -0.000000000000000000 ) ) ;
#158 = CIRCLE ( 'NONE', #569, 2.000000000000001776 ) ;
#159 = ORIENTED_EDGE ( 'NONE', *, *, #874, .F. ) ;
#160 = CARTESIAN_POINT ( 'NONE',  ( 4.647439057711552509E-13, -5.000000000000000000, -78.84999999999948272 ) ) ;
#161 = FACE_OUTER_BOUND ( 'NONE', #1196, .T. ) ;
#162 = CARTESIAN_POINT ( 'NONE',  ( 88.50000000000000000, -2.500000000000000000, 76.00000000000002842 ) ) ;
#163 = ORIENTED_EDGE ( 'NONE', *, *, #1668, .F. ) ;
#164 = ORIENTED_EDGE ( 'NONE', *, *, #169, .T. ) ;
#165 = DIRECTION ( 'NONE',  ( 0.000000000000000000, 1.000000000000000000, -0.000000000000000000 ) ) ;
#166 = DIRECTION ( 'NONE',  ( 0.000000000000000000, 0.000000000000000000, 1.000000000000000000 ) ) ;
#167 = LINE ( 'NONE', #1106, #763 ) ;
#168 = ORIENTED_EDGE ( 'NONE', *, *, #840, .F. ) ;
#169 = EDGE_CURVE ( 'NONE', #1507, #1541, #460, .T. ) ;
#170 = DIRECTION ( 'NONE',  ( 0.000000000000000000, 0.000000000000000000, -1.000000000000000000 ) ) ;
#171 = EDGE_LOOP ( 'NONE', ( #60, #405, #206, #385 ) ) ;
#172 = LINE ( 'NONE', #554, #904 ) ;
#173 = DIRECTION ( 'NONE',  ( 0.000000000000000000, 0.000000000000000000, 1.000000000000000000 ) ) ;
#174 = AXIS2_PLACEMENT_3D ( 'NONE', #1596, #1053, #939 ) ;
#175 = DIRECTION ( 'NONE',  ( -0.000000000000000000, 0.000000000000000000, 1.000000000000000000 ) ) ;
#176 = ORIENTED_EDGE ( 'NONE', *, *, #1696, .F. ) ;
#177 = AXIS2_PLACEMENT_3D ( 'NONE', #1721, #643, #251 ) ;
#178 = AXIS2_PLACEMENT_3D ( 'NONE', #437, #1080, #170 ) ;
#179 = CYLINDRICAL_SURFACE ( 'NONE', #178, 3.999999999999948042 ) ;
#180 = VECTOR ( 'NONE', #319, 1000.000000000000000 ) ;
#181 = PLANE ( 'NONE',  #1468 ) ;
#182 = ORIENTED_EDGE ( 'NONE', *, *, #478, .T. ) ;
#183 = FACE_OUTER_BOUND ( 'NONE', #473, .T. ) ;
#184 = ORIENTED_EDGE ( 'NONE', *, *, #1040, .T. ) ;
#185 = LINE ( 'NONE', #719, #1168 ) ;
#186 = DIRECTION ( 'NONE',  ( 0.000000000000000000, 0.000000000000000000, 1.000000000000000000 ) ) ;
#187 = ORIENTED_EDGE ( 'NONE', *, *, #1683, .T. ) ;
#188 = CARTESIAN_POINT ( 'NONE',  ( 88.50000000000000000, 3.000000000000000000, -77.70000000000001705 ) ) ;
#189 = CARTESIAN_POINT ( 'NONE',  ( -88.49999999999997158, 3.000000000000000000, 74.30000000000005400 ) ) ;
#190 = DIRECTION ( 'NONE',  ( 0.000000000000000000, 1.000000000000000000, 0.000000000000000000 ) ) ;
#191 = ORIENTED_EDGE ( 'NONE', *, *, #1050, .T. ) ;
#192 = DIRECTION ( 'NONE',  ( 0.000000000000000000, 0.000000000000000000, 1.000000000000000000 ) ) ;
#193 = CARTESIAN_POINT ( 'NONE',  ( 0.000000000000000000, -2.500000000000000000, -73.15000000000003411 ) ) ;
#194 = ORIENTED_EDGE ( 'NONE', *, *, #132, .F. ) ;
#195 = DIRECTION ( 'NONE',  ( 0.000000000000000000, 1.000000000000000000, 0.000000000000000000 ) ) ;
#196 = EDGE_CURVE ( 'NONE', #591, #1541, #963, .T. ) ;
#197 = CYLINDRICAL_SURFACE ( 'NONE', #1132, 3.999999999999948042 ) ;
#198 = ORIENTED_EDGE ( 'NONE', *, *, #977, .T. ) ;
#199 = AXIS2_PLACEMENT_3D ( 'NONE', #1382, #982, #173 ) ;
#200 = EDGE_CURVE ( 'NONE', #128, #591, #601, .T. ) ;
#201 = CARTESIAN_POINT ( 'NONE',  ( -88.49999999999997158, -2.500000000000000000, 74.30000000000005400 ) ) ;
#202 = DIRECTION ( 'NONE',  ( 0.000000000000000000, 0.000000000000000000, 1.000000000000000000 ) ) ;
#203 = AXIS2_PLACEMENT_3D ( 'NONE', #1271, #617, #226 ) ;
#204 = CIRCLE ( 'NONE', #1300, 1.699999999999993072 ) ;
#205 = CARTESIAN_POINT ( 'NONE',  ( 82.50000000000000000, 0.000000000000000000, 0.000000000000000000 ) ) ;
#206 = ORIENTED_EDGE ( 'NONE', *, *, #489, .F. ) ;
#207 = PRESENTATION_LAYER_ASSIGNMENT (  '', '', ( #486 ) ) ;
#208 = CARTESIAN_POINT ( 'NONE',  ( -88.49999999999997158, 3.000000000000000000, 76.00000000000005684 ) ) ;
#209 = EDGE_CURVE ( 'NONE', #511, #682, #911, .T. ) ;
#210 = AXIS2_PLACEMENT_3D ( 'NONE', #245, #1712, #755 ) ;
#211 = CARTESIAN_POINT ( 'NONE',  ( 88.50000000000000000, 0.000000000000000000, -79.99999999999997158 ) ) ;
#212 = CARTESIAN_POINT ( 'NONE',  ( -95.49999999999998579, -5.000000000000000000, -78.85000000000000853 ) ) ;
#213 = ORIENTED_EDGE ( 'NONE', *, *, #823, .F. ) ;
#214 = LINE ( 'NONE', #1012, #323 ) ;
#215 = VERTEX_POINT ( 'NONE', #1708 ) ;
#216 = DIRECTION ( 'NONE',  ( 0.000000000000000000, 1.000000000000000000, 0.000000000000000000 ) ) ;
#217 = EDGE_CURVE ( 'NONE', #798, #1064, #1239, .T. ) ;
#218 = CARTESIAN_POINT ( 'NONE',  ( 93.00000000000001421, -5.000000000000000000, 80.50000000000000000 ) ) ;
#219 = CARTESIAN_POINT ( 'NONE',  ( 30.99786225540545104, -5.000000000000000000, 17.89662411746136073 ) ) ;
#220 = ORIENTED_EDGE ( 'NONE', *, *, #664, .F. ) ;
#221 = CARTESIAN_POINT ( 'NONE',  ( 0.000000000000000000, -5.000000000000000000, -73.15000000000000568 ) ) ;
#222 = SHAPE_DEFINITION_REPRESENTATION ( #1680, #1418 ) ;
#223 = ADVANCED_FACE ( 'NONE', ( #1715 ), #1333, .T. ) ;
#224 = DIRECTION ( 'NONE',  ( -0.000000000000000000, 0.000000000000000000, 1.000000000000000000 ) ) ;
#225 = ORIENTED_EDGE ( 'NONE', *, *, #624, .T. ) ;
#226 = DIRECTION ( 'NONE',  ( 0.000000000000000000, 0.000000000000000000, 1.000000000000000000 ) ) ;
#227 = ADVANCED_FACE ( 'NONE', ( #512, #402 ), #803, .F. ) ;
#228 = ORIENTED_EDGE ( 'NONE', *, *, #209, .T. ) ;
#229 = FACE_OUTER_BOUND ( 'NONE', #1482, .T. ) ;
#230 = ORIENTED_EDGE ( 'NONE', *, *, #642, .T. ) ;
#231 = CARTESIAN_POINT ( 'NONE',  ( -95.49999999999998579, -2.500000000000000000, -73.15000000000000568 ) ) ;
#232 = CARTESIAN_POINT ( 'NONE',  ( 0.000000000000000000, 0.000000000000000000, 0.000000000000000000 ) ) ;
#233 = AXIS2_PLACEMENT_3D ( 'NONE', #58, #707, #1255 ) ;
#234 = CARTESIAN_POINT ( 'NONE',  ( 88.50000000000000000, 3.000000000000000000, -79.99999999999997158 ) ) ;
#235 = CYLINDRICAL_SURFACE ( 'NONE', #1297, 3.999999999999948042 ) ;
#236 = AXIS2_PLACEMENT_3D ( 'NONE', #1733, #526, #1312 ) ;
#237 = CIRCLE ( 'NONE', #154, 3.999999999999948042 ) ;
#238 = ORIENTED_EDGE ( 'NONE', *, *, #1233, .T. ) ;
#239 = DIRECTION ( 'NONE',  ( 0.000000000000000000, 1.000000000000000000, -0.000000000000000000 ) ) ;
#240 = AXIS2_PLACEMENT_3D ( 'NONE', #135, #1438, #1308 ) ;
#241 = CARTESIAN_POINT ( 'NONE',  ( 88.50000000000000000, 3.000000000000000000, -72.00000000000007105 ) ) ;
#242 = AXIS2_PLACEMENT_3D ( 'NONE', #1004, #1540, #340 ) ;
#243 = ORIENTED_EDGE ( 'NONE', *, *, #196, .F. ) ;
#244 = LINE ( 'NONE', #1038, #1440 ) ;
#245 = CARTESIAN_POINT ( 'NONE',  ( 30.99786225540545104, -5.000000000000000000, 17.89662411746136073 ) ) ;
#246 = ORIENTED_EDGE ( 'NONE', *, *, #705, .T. ) ;
#247 = CARTESIAN_POINT ( 'NONE',  ( 93.00000000000001421, -5.000000000000000000, 80.50000000000000000 ) ) ;
#248 = CARTESIAN_POINT ( 'NONE',  ( 30.99786225540545104, -2.500000000000000000, 17.89662411746136073 ) ) ;
#249 = EDGE_CURVE ( 'NONE', #770, #11, #1713, .T. ) ;
#250 = ORIENTED_EDGE ( 'NONE', *, *, #1362, .T. ) ;
#251 = DIRECTION ( 'NONE',  ( 0.000000000000000000, 0.000000000000000000, 1.000000000000000000 ) ) ;
#252 = EDGE_CURVE ( 'NONE', #1121, #575, #1158, .T. ) ;
#253 = CARTESIAN_POINT ( 'NONE',  ( -85.20910346561913684, -2.500000000000000000, 75.99999999999998579 ) ) ;
#254 = ORIENTED_EDGE ( 'NONE', *, *, #818, .T. ) ;
#255 = DIRECTION ( 'NONE',  ( 0.000000000000000000, 0.000000000000000000, 1.000000000000000000 ) ) ;
#256 = CARTESIAN_POINT ( 'NONE',  ( -88.50000000000000000, 0.000000000000000000, -72.00000000000005684 ) ) ;
#257 = VERTEX_POINT ( 'NONE', #1735 ) ;
#258 = ADVANCED_FACE ( 'NONE', ( #519, #658 ), #918, .F. ) ;
#259 = LINE ( 'NONE', #785, #1165 ) ;
#260 = ORIENTED_EDGE ( 'NONE', *, *, #1513, .T. ) ;
#261 = CARTESIAN_POINT ( 'NONE',  ( -86.85455173280958263, -5.000000000000000000, 73.15000000000000568 ) ) ;
#262 = DIRECTION ( 'NONE',  ( 0.000000000000000000, 1.000000000000000000, 0.000000000000000000 ) ) ;
#263 = VERTEX_POINT ( 'NONE', #122 ) ;
#264 = VECTOR ( 'NONE', #600, 1000.000000000000000 ) ;
#265 = FACE_OUTER_BOUND ( 'NONE', #516, .T. ) ;
#266 = AXIS2_PLACEMENT_3D ( 'NONE', #895, #463, #623 ) ;
#267 = DIRECTION ( 'NONE',  ( 0.000000000000000000, 1.000000000000000000, -0.000000000000000000 ) ) ;
#268 = AXIS2_PLACEMENT_3D ( 'NONE', #1295, #1048, #384 ) ;
#269 = DIRECTION ( 'NONE',  ( 0.000000000000000000, 0.000000000000000000, 1.000000000000000000 ) ) ;
#270 = VERTEX_POINT ( 'NONE', #782 ) ;
#271 = CARTESIAN_POINT ( 'NONE',  ( 88.50000000000000000, 3.000000000000000000, -79.99999999999997158 ) ) ;
#272 = ORIENTED_EDGE ( 'NONE', *, *, #1557, .F. ) ;
#273 = CARTESIAN_POINT ( 'NONE',  ( 0.000000000000000000, -5.000000000000000000, -82.50000000000000000 ) ) ;
#274 = CARTESIAN_POINT ( 'NONE',  ( 95.00000000000002842, -2.500000000000000000, 78.85000000000003695 ) ) ;
#275 = VERTEX_POINT ( 'NONE', #528 ) ;
#276 = PLANE ( 'NONE',  #936 ) ;
#277 = ORIENTED_EDGE ( 'NONE', *, *, #1331, .F. ) ;
#278 = FACE_BOUND ( 'NONE', #155, .T. ) ;
#279 = EDGE_CURVE ( 'NONE', #1, #718, #1465, .T. ) ;
#280 = ORIENTED_EDGE ( 'NONE', *, *, #799, .F. ) ;
#281 = CARTESIAN_POINT ( 'NONE',  ( -95.49999999999998579, -5.000000000000000000, 0.000000000000000000 ) ) ;
#282 = DIRECTION ( 'NONE',  ( 1.000000000000000000, 0.000000000000000000, 0.000000000000000000 ) ) ;
#283 = EDGE_LOOP ( 'NONE', ( #1457, #1109, #824, #981 ) ) ;
#284 = FACE_OUTER_BOUND ( 'NONE', #630, .T. ) ;
#285 = EDGE_LOOP ( 'NONE', ( #1044, #984, #1579, #280 ) ) ;
#286 = LINE ( 'NONE', #1074, #1529 ) ;
#287 = ORIENTED_EDGE ( 'NONE', *, *, #118, .F. ) ;
#288 = LINE ( 'NONE', #1516, #1123 ) ;
#289 = VECTOR ( 'NONE', #862, 1000.000000000000000 ) ;
#290 = ORIENTED_EDGE ( 'NONE', *, *, #958, .F. ) ;
#291 = CARTESIAN_POINT ( 'NONE',  ( -85.20910346561913684, -5.000000000000000000, 75.99999999999998579 ) ) ;
#292 = VECTOR ( 'NONE', #454, 1000.000000000000000 ) ;
#293 = ORIENTED_EDGE ( 'NONE', *, *, #1069, .T. ) ;
#294 = CIRCLE ( 'NONE', #1079, 3.999999999999948042 ) ;
#295 = DIRECTION ( 'NONE',  ( 0.5000000000000003331, 0.000000000000000000, -0.8660254037844383745 ) ) ;
#296 = VECTOR ( 'NONE', #806, 1000.000000000000000 ) ;
#297 = ORIENTED_EDGE ( 'NONE', *, *, #492, .F. ) ;
#298 = PLANE ( 'NONE',  #1127 ) ;
#299 = CYLINDRICAL_SURFACE ( 'NONE', #147, 2.000000000000001776 ) ;
#300 = ADVANCED_FACE ( 'NONE', ( #265 ), #1478, .F. ) ;
#301 = DIRECTION ( 'NONE',  ( -1.982541115402065110E-16, 0.000000000000000000, -1.000000000000000000 ) ) ;
#302 = ORIENTED_EDGE ( 'NONE', *, *, #309, .F. ) ;
#303 = EDGE_CURVE ( 'NONE', #1670, #275, #1078, .T. ) ;
#304 = ORIENTED_EDGE ( 'NONE', *, *, #1682, .T. ) ;
#305 = DIRECTION ( 'NONE',  ( 0.000000000000000000, 1.000000000000000000, 0.000000000000000000 ) ) ;
#306 = ORIENTED_EDGE ( 'NONE', *, *, #361, .F. ) ;
#307 = CYLINDRICAL_SURFACE ( 'NONE', #483, 1.699999999999993072 ) ;
#308 = ORIENTED_EDGE ( 'NONE', *, *, #716, .T. ) ;
#309 = EDGE_CURVE ( 'NONE', #77, #956, #5, .T. ) ;
#310 = EDGE_CURVE ( 'NONE', #1467, #81, #1093, .T. ) ;
#311 = FACE_OUTER_BOUND ( 'NONE', #4, .T. ) ;
#312 = ORIENTED_EDGE ( 'NONE', *, *, #507, .T. ) ;
#313 = CARTESIAN_POINT ( 'NONE',  ( 0.000000000000000000, -5.000000000000000000, 78.85000000000003695 ) ) ;
#314 = CYLINDRICAL_SURFACE ( 'NONE', #371, 1.699999999999993072 ) ;
#315 = CIRCLE ( 'NONE', #1604, 1.699999999999993072 ) ;
#316 = DIRECTION ( 'NONE',  ( 0.000000000000000000, 1.000000000000000000, -0.000000000000000000 ) ) ;
#317 = VERTEX_POINT ( 'NONE', #827 ) ;
#318 = AXIS2_PLACEMENT_3D ( 'NONE', #1671, #495, #1006 ) ;
#319 = DIRECTION ( 'NONE',  ( 0.000000000000000000, 0.000000000000000000, 1.000000000000000000 ) ) ;
#320 = CIRCLE ( 'NONE', #1166, 2.000000000000001776 ) ;
#321 = EDGE_CURVE ( 'NONE', #511, #317, #833, .T. ) ;
#322 = DIRECTION ( 'NONE',  ( 0.000000000000000000, 1.000000000000000000, 0.000000000000000000 ) ) ;
#323 = VECTOR ( 'NONE', #897, 1000.000000000000000 ) ;
#324 = ORIENTED_EDGE ( 'NONE', *, *, #1113, .F. ) ;
#325 = DIRECTION ( 'NONE',  ( -0.5000000000000016653, 0.000000000000000000, -0.8660254037844375974 ) ) ;
#326 = EDGE_CURVE ( 'NONE', #370, #1107, #172, .T. ) ;
#327 = PLANE ( 'NONE',  #1097 ) ;
#328 = CYLINDRICAL_SURFACE ( 'NONE', #540, 1.699999999999993072 ) ;
#329 = EDGE_LOOP ( 'NONE', ( #997, #1299, #1714, #1030, #1133 ) ) ;
#330 = DIRECTION ( 'NONE',  ( 0.000000000000000000, 1.000000000000000000, -0.000000000000000000 ) ) ;
#331 = LINE ( 'NONE', #65, #736 ) ;
#332 = VERTEX_POINT ( 'NONE', #1389 ) ;
#333 = CARTESIAN_POINT ( 'NONE',  ( -96.81579294302301264, -2.500000000000000000, -55.89662411746145665 ) ) ;
#334 = ADVANCED_FACE ( 'NONE', ( #30, #703, #1245, #1621, #1235, #547 ), #298, .T. ) ;
#335 = EDGE_CURVE ( 'NONE', #81, #910, #288, .T. ) ;
#336 = LINE ( 'NONE', #1143, #1719 ) ;
#337 = ORIENTED_EDGE ( 'NONE', *, *, #695, .T. ) ;
#338 = DIRECTION ( 'NONE',  ( 0.000000000000000000, 1.000000000000000000, 0.000000000000000000 ) ) ;
#339 = LINE ( 'NONE', #1677, #1720 ) ;
#340 = DIRECTION ( 'NONE',  ( 0.000000000000000000, 0.000000000000000000, 1.000000000000000000 ) ) ;
#341 = VERTEX_POINT ( 'NONE', #188 ) ;
#342 = DIRECTION ( 'NONE',  ( -1.000000000000000000, 0.000000000000000000, 0.000000000000000000 ) ) ;
#343 = CARTESIAN_POINT ( 'NONE',  ( -82.49999999999997158, -5.000000000000000000, 70.00000000000001421 ) ) ;
#344 = CARTESIAN_POINT ( 'NONE',  ( 88.50000000000000000, -2.500000000000000000, -76.00000000000002842 ) ) ;
#345 = EDGE_CURVE ( 'NONE', #317, #777, #24, .T. ) ;
#346 = ORIENTED_EDGE ( 'NONE', *, *, #432, .T. ) ;
#347 = AXIS2_PLACEMENT_3D ( 'NONE', #666, #1204, #386 ) ;
#348 = CARTESIAN_POINT ( 'NONE',  ( -88.50000000000000000, 3.000000000000000000, -76.00000000000000000 ) ) ;
#349 = LINE ( 'NONE', #1279, #180 ) ;
#350 = ADVANCED_FACE ( 'NONE', ( #1509, #1364 ), #1490, .T. ) ;
#351 = AXIS2_PLACEMENT_3D ( 'NONE', #117, #924, #1706 ) ;
#352 = AXIS2_PLACEMENT_3D ( 'NONE', #634, #1174, #1576 ) ;
#353 = ORIENTED_EDGE ( 'NONE', *, *, #618, .T. ) ;
#354 = VECTOR ( 'NONE', #47, 1000.000000000000000 ) ;
#355 = DIRECTION ( 'NONE',  ( 0.000000000000000000, 0.000000000000000000, 1.000000000000000000 ) ) ;
#356 = CARTESIAN_POINT ( 'NONE',  ( 96.81579294302301264, -2.500000000000000000, 55.89662411746145665 ) ) ;
#357 = FACE_OUTER_BOUND ( 'NONE', #1624, .T. ) ;
#358 = EDGE_LOOP ( 'NONE', ( #568, #417, #1209, #136 ) ) ;
#359 = EDGE_CURVE ( 'NONE', #1064, #809, #431, .T. ) ;
#360 = FACE_OUTER_BOUND ( 'NONE', #1569, .T. ) ;
#361 = EDGE_CURVE ( 'NONE', #1129, #462, #697, .T. ) ;
#362 = EDGE_LOOP ( 'NONE', ( #277, #1489, #505, #182 ) ) ;
#363 = DIRECTION ( 'NONE',  ( 0.000000000000000000, 0.000000000000000000, 1.000000000000000000 ) ) ;
#364 = CYLINDRICAL_SURFACE ( 'NONE', #1494, 1.699999999999993072 ) ;
#365 = LINE ( 'NONE', #1172, #1584 ) ;
#366 = EDGE_LOOP ( 'NONE', ( #700, #1435, #1347, #750, #304, #1090, #1592, #1310 ) ) ;
#367 = DIRECTION ( 'NONE',  ( -0.000000000000000000, -1.000000000000000000, 0.000000000000000000 ) ) ;
#368 = CARTESIAN_POINT ( 'NONE',  ( -95.49999999999998579, -5.000000000000000000, 78.85000000000002274 ) ) ;
#369 = DIRECTION ( 'NONE',  ( 0.000000000000000000, 0.000000000000000000, 1.000000000000000000 ) ) ;
#370 = VERTEX_POINT ( 'NONE', #1380 ) ;
#371 = AXIS2_PLACEMENT_3D ( 'NONE', #845, #1630, #1263 ) ;
#372 = AXIS2_PLACEMENT_3D ( 'NONE', #1572, #1681, #1157 ) ;
#373 = CARTESIAN_POINT ( 'NONE',  ( 0.000000000000000000, -2.500000000000000000, 0.000000000000000000 ) ) ;
#374 = FACE_OUTER_BOUND ( 'NONE', #120, .T. ) ;
#375 = VECTOR ( 'NONE', #560, 1000.000000000000000 ) ;
#376 = VECTOR ( 'NONE', #1479, 1000.000000000000000 ) ;
#377 = ORIENTED_EDGE ( 'NONE', *, *, #946, .F. ) ;
#378 = AXIS2_PLACEMENT_3D ( 'NONE', #344, #1412, #1276 ) ;
#379 =( NAMED_UNIT ( * ) PLANE_ANGLE_UNIT ( ) SI_UNIT ( $, .RADIAN. ) );
#380 = AXIS2_PLACEMENT_3D ( 'NONE', #653, #391, #399 ) ;
#381 = ORIENTED_EDGE ( 'NONE', *, *, #507, .F. ) ;
#382 = LINE ( 'NONE', #1585, #1635 ) ;
#383 = APPLICATION_PROTOCOL_DEFINITION ( 'draft international standard', 'automotive_design', 1998, #41 ) ;
#384 = DIRECTION ( 'NONE',  ( 0.000000000000000000, 0.000000000000000000, 1.000000000000000000 ) ) ;
#385 = ORIENTED_EDGE ( 'NONE', *, *, #1160, .F. ) ;
#386 = DIRECTION ( 'NONE',  ( 0.000000000000000000, 0.000000000000000000, 1.000000000000000000 ) ) ;
#387 = EDGE_CURVE ( 'NONE', #603, #1477, #1101, .T. ) ;
#388 = ADVANCED_FACE ( 'NONE', ( #966, #1118 ), #181, .T. ) ;
#389 = CARTESIAN_POINT ( 'NONE',  ( 95.00000000000001421, -5.000000000000000000, -0.000000000000000000 ) ) ;
#390 = ORIENTED_EDGE ( 'NONE', *, *, #1523, .F. ) ;
#391 = DIRECTION ( 'NONE',  ( 0.000000000000000000, 1.000000000000000000, -0.000000000000000000 ) ) ;
#392 = UNCERTAINTY_MEASURE_WITH_UNIT (LENGTH_MEASURE( 1.000000000000000082E-05 ), #1375, 'distance_accuracy_value', 'NONE');
#393 = EDGE_LOOP ( 'NONE', ( #1407, #1253, #297, #848 ) ) ;
#394 = CARTESIAN_POINT ( 'NONE',  ( 85.20910346561913684, -5.000000000000000000, 76.00000000000002842 ) ) ;
#395 = CARTESIAN_POINT ( 'NONE',  ( -86.85455173280956842, -2.500000000000000000, -73.15000000000000568 ) ) ;
#396 = ORIENTED_EDGE ( 'NONE', *, *, #530, .T. ) ;
#397 = FACE_BOUND ( 'NONE', #1173, .T. ) ;
#398 = VERTEX_POINT ( 'NONE', #1254 ) ;
#399 = DIRECTION ( 'NONE',  ( 0.000000000000000000, 0.000000000000000000, 1.000000000000000000 ) ) ;
#400 = EDGE_LOOP ( 'NONE', ( #1615, #1293, #1391, #105 ) ) ;
#401 = AXIS2_PLACEMENT_3D ( 'NONE', #208, #1690, #78 ) ;
#402 = FACE_BOUND ( 'NONE', #1612, .T. ) ;
#403 = VECTOR ( 'NONE', #1511, 1000.000000000000000 ) ;
#404 = CARTESIAN_POINT ( 'NONE',  ( 88.50000000000000000, -2.500000000000000000, 76.00000000000002842 ) ) ;
#405 = ORIENTED_EDGE ( 'NONE', *, *, #1150, .F. ) ;
#406 = VECTOR ( 'NONE', #468, 1000.000000000000000 ) ;
#407 = AXIS2_PLACEMENT_3D ( 'NONE', #1228, #551, #663 ) ;
#408 = LINE ( 'NONE', #921, #376 ) ;
#409 = ORIENTED_EDGE ( 'NONE', *, *, #920, .T. ) ;
#410 = EDGE_CURVE ( 'NONE', #694, #1707, #151, .T. ) ;
#411 = DIRECTION ( 'NONE',  ( 0.000000000000000000, 1.000000000000000000, -0.000000000000000000 ) ) ;
#412 = ADVANCED_FACE ( 'NONE', ( #1526 ), #1356, .F. ) ;
#413 = ORIENTED_EDGE ( 'NONE', *, *, #169, .F. ) ;
#414 = FACE_OUTER_BOUND ( 'NONE', #1251, .T. ) ;
#415 = ORIENTED_EDGE ( 'NONE', *, *, #475, .T. ) ;
#416 = DIRECTION ( 'NONE',  ( 0.000000000000000000, 1.000000000000000000, 0.000000000000000000 ) ) ;
#417 = ORIENTED_EDGE ( 'NONE', *, *, #1705, .T. ) ;
#418 = CARTESIAN_POINT ( 'NONE',  ( -95.49999999999998579, 0.000000000000000000, -80.50000000000000000 ) ) ;
#419 = ORIENTED_EDGE ( 'NONE', *, *, #716, .F. ) ;
#420 = DIRECTION ( 'NONE',  ( 0.000000000000000000, 0.000000000000000000, 1.000000000000000000 ) ) ;
#421 = DIRECTION ( 'NONE',  ( 0.000000000000000000, 1.000000000000000000, 0.000000000000000000 ) ) ;
#422 = ORIENTED_EDGE ( 'NONE', *, *, #435, .F. ) ;
#423 = CARTESIAN_POINT ( 'NONE',  ( 88.50000000000000000, 0.000000000000000000, 79.99999999999997158 ) ) ;
#424 = ORIENTED_EDGE ( 'NONE', *, *, #153, .F. ) ;
#425 = EDGE_CURVE ( 'NONE', #442, #1477, #741, .T. ) ;
#426 = CARTESIAN_POINT ( 'NONE',  ( 88.50000000000000000, 3.000000000000000000, -76.00000000000002842 ) ) ;
#427 = LINE ( 'NONE', #717, #991 ) ;
#428 = ORIENTED_EDGE ( 'NONE', *, *, #1425, .T. ) ;
#429 = VECTOR ( 'NONE', #737, 1000.000000000000000 ) ;
#430 = ORIENTED_EDGE ( 'NONE', *, *, #947, .F. ) ;
#431 = LINE ( 'NONE', #447, #35 ) ;
#432 = EDGE_CURVE ( 'NONE', #575, #1121, #94, .T. ) ;
#433 = VERTEX_POINT ( 'NONE', #1262 ) ;
#434 = CARTESIAN_POINT ( 'NONE',  ( -86.85455173280958263, -2.500000000000000000, 73.15000000000000568 ) ) ;
#435 = EDGE_CURVE ( 'NONE', #433, #503, #933, .T. ) ;
#436 = ORIENTED_EDGE ( 'NONE', *, *, #1727, .T. ) ;
#437 = CARTESIAN_POINT ( 'NONE',  ( -88.49999999999997158, 3.000000000000000000, 76.00000000000005684 ) ) ;
#438 = ORIENTED_EDGE ( 'NONE', *, *, #769, .F. ) ;
#439 = CARTESIAN_POINT ( 'NONE',  ( 0.000000000000000000, 0.000000000000000000, 0.000000000000000000 ) ) ;
#440 = FACE_OUTER_BOUND ( 'NONE', #1547, .T. ) ;
#441 = DIRECTION ( 'NONE',  ( 1.000000000000000000, 0.000000000000000000, 0.000000000000000000 ) ) ;
#442 = VERTEX_POINT ( 'NONE', #1701 ) ;
#443 = CARTESIAN_POINT ( 'NONE',  ( -95.49999999999998579, -5.000000000000000000, 0.000000000000000000 ) ) ;
#444 = EDGE_CURVE ( 'NONE', #275, #1211, #1016, .T. ) ;
#445 = DIRECTION ( 'NONE',  ( -1.000000000000000000, 0.000000000000000000, 1.686809374020694745E-14 ) ) ;
#446 = ORIENTED_EDGE ( 'NONE', *, *, #345, .T. ) ;
#447 = CARTESIAN_POINT ( 'NONE',  ( -88.49999999999997158, -2.500000000000000000, 77.70000000000004547 ) ) ;
#448 = CARTESIAN_POINT ( 'NONE',  ( -88.50000000000000000, 3.000000000000000000, -72.00000000000005684 ) ) ;
#449 = VECTOR ( 'NONE', #1322, 1000.000000000000000 ) ;
#450 = ORIENTED_EDGE ( 'NONE', *, *, #456, .T. ) ;
#451 = VECTOR ( 'NONE', #1553, 1000.000000000000000 ) ;
#452 = FACE_OUTER_BOUND ( 'NONE', #1026, .T. ) ;
#453 = EDGE_CURVE ( 'NONE', #257, #1191, #1098, .T. ) ;
#454 = DIRECTION ( 'NONE',  ( 0.000000000000000000, 0.000000000000000000, 1.000000000000000000 ) ) ;
#455 = VECTOR ( 'NONE', #145, 1000.000000000000000 ) ;
#456 = EDGE_CURVE ( 'NONE', #1332, #100, #68, .T. ) ;
#457 = ORIENTED_EDGE ( 'NONE', *, *, #1696, .T. ) ;
#458 = CARTESIAN_POINT ( 'NONE',  ( 88.50000000000000000, 3.000000000000000000, 76.00000000000002842 ) ) ;
#459 = ORIENTED_EDGE ( 'NONE', *, *, #1506, .T. ) ;
#460 = LINE ( 'NONE', #730, #932 ) ;
#461 = DIRECTION ( 'NONE',  ( 0.000000000000000000, 0.000000000000000000, 1.000000000000000000 ) ) ;
#462 = VERTEX_POINT ( 'NONE', #1408 ) ;
#463 = DIRECTION ( 'NONE',  ( 0.000000000000000000, 1.000000000000000000, -0.000000000000000000 ) ) ;
#464 = DIRECTION ( 'NONE',  ( 0.000000000000000000, 1.000000000000000000, 0.000000000000000000 ) ) ;
#465 = CARTESIAN_POINT ( 'NONE',  ( 95.00000000000002842, -2.500000000000000000, 73.15000000000003411 ) ) ;
#466 = VERTEX_POINT ( 'NONE', #898 ) ;
#467 = FACE_OUTER_BOUND ( 'NONE', #557, .T. ) ;
#468 = DIRECTION ( 'NONE',  ( 1.000000000000000000, -0.000000000000000000, 0.000000000000000000 ) ) ;
#469 = VERTEX_POINT ( 'NONE', #1296 ) ;
#470 = PRODUCT ( '07-15powerSlot', '07-15powerSlot', '', ( #1181 ) ) ;
#471 = DIRECTION ( 'NONE',  ( 0.000000000000000000, 1.000000000000000000, -0.000000000000000000 ) ) ;
#472 = PLANE ( 'NONE',  #1586 ) ;
#473 = EDGE_LOOP ( 'NONE', ( #938, #762, #696, #1689 ) ) ;
#474 = CARTESIAN_POINT ( 'NONE',  ( -88.50000000000000000, 0.000000000000000000, -76.00000000000000000 ) ) ;
#475 = EDGE_CURVE ( 'NONE', #128, #1507, #1161, .T. ) ;
#476 = CYLINDRICAL_SURFACE ( 'NONE', #937, 1.699999999999993072 ) ;
#477 = EDGE_LOOP ( 'NONE', ( #1726, #84, #571, #436 ) ) ;
#478 = EDGE_CURVE ( 'NONE', #1099, #1640, #1542, .T. ) ;
#479 = VECTOR ( 'NONE', #1151, 1000.000000000000000 ) ;
#480 = DIRECTION ( 'NONE',  ( 0.000000000000000000, 1.000000000000000000, -0.000000000000000000 ) ) ;
#481 = DIRECTION ( 'NONE',  ( -0.000000000000000000, -1.000000000000000000, -0.000000000000000000 ) ) ;
#482 = VECTOR ( 'NONE', #501, 1000.000000000000114 ) ;
#483 = AXIS2_PLACEMENT_3D ( 'NONE', #162, #688, #835 ) ;
#484 = PLANE ( 'NONE',  #738 ) ;
#485 = ORIENTED_EDGE ( 'NONE', *, *, #1619, .F. ) ;
#486 = STYLED_ITEM ( 'NONE', ( #107 ), #1147 ) ;
#487 = CYLINDRICAL_SURFACE ( 'NONE', #731, 1.699999999999993072 ) ;
#488 = LINE ( 'NONE', #1421, #289 ) ;
#489 = EDGE_CURVE ( 'NONE', #332, #1670, #1352, .T. ) ;
#490 = DIRECTION ( 'NONE',  ( 0.000000000000000000, 0.000000000000000000, 1.000000000000000000 ) ) ;
#491 = ORIENTED_EDGE ( 'NONE', *, *, #735, .F. ) ;
#492 = EDGE_CURVE ( 'NONE', #146, #1148, #628, .T. ) ;
#493 = DIRECTION ( 'NONE',  ( 0.000000000000000000, 0.000000000000000000, 1.000000000000000000 ) ) ;
#494 = DIRECTION ( 'NONE',  ( 0.000000000000000000, 0.000000000000000000, 1.000000000000000000 ) ) ;
#495 = DIRECTION ( 'NONE',  ( 0.8660254037844377084, 0.000000000000000000, -0.5000000000000016653 ) ) ;
#496 = DIRECTION ( 'NONE',  ( 0.000000000000000000, 0.000000000000000000, 1.000000000000000000 ) ) ;
#497 = LINE ( 'NONE', #1008, #1381 ) ;
#498 = VERTEX_POINT ( 'NONE', #861 ) ;
#499 = LINE ( 'NONE', #1666, #95 ) ;
#500 = EDGE_CURVE ( 'NONE', #586, #466, #789, .T. ) ;
#501 = DIRECTION ( 'NONE',  ( -0.5000000000000003331, 0.000000000000000000, 0.8660254037844383745 ) ) ;
#502 = ADVANCED_FACE ( 'NONE', ( #85 ), #487, .F. ) ;
#503 = VERTEX_POINT ( 'NONE', #722 ) ;
#504 = DIRECTION ( 'NONE',  ( -0.000000000000000000, -1.000000000000000000, 0.000000000000000000 ) ) ;
#505 = ORIENTED_EDGE ( 'NONE', *, *, #1309, .F. ) ;
#506 = DIRECTION ( 'NONE',  ( 0.000000000000000000, 0.000000000000000000, 1.000000000000000000 ) ) ;
#507 = EDGE_CURVE ( 'NONE', #1467, #1088, #1399, .T. ) ;
#508 = CARTESIAN_POINT ( 'NONE',  ( -88.49999999999997158, 0.000000000000000000, 80.00000000000000000 ) ) ;
#509 = VECTOR ( 'NONE', #1699, 1000.000000000000000 ) ;
#510 = EDGE_CURVE ( 'NONE', #1528, #826, #587, .T. ) ;
#511 = VERTEX_POINT ( 'NONE', #1661 ) ;
#512 = FACE_OUTER_BOUND ( 'NONE', #646, .T. ) ;
#513 = AXIS2_PLACEMENT_3D ( 'NONE', #1022, #330, #192 ) ;
#514 = DIRECTION ( 'NONE',  ( -0.000000000000000000, -1.000000000000000000, 0.000000000000000000 ) ) ;
#515 = DIRECTION ( 'NONE',  ( 0.000000000000000000, 0.000000000000000000, -1.000000000000000000 ) ) ;
#516 = EDGE_LOOP ( 'NONE', ( #1052, #293, #987, #1367 ) ) ;
#517 = DIRECTION ( 'NONE',  ( 1.000000000000000000, -0.000000000000000000, 0.000000000000000000 ) ) ;
#518 = EDGE_LOOP ( 'NONE', ( #1061, #638, #830, #1215 ) ) ;
#519 = FACE_OUTER_BOUND ( 'NONE', #1419, .T. ) ;
#520 = EDGE_CURVE ( 'NONE', #777, #1117, #998, .T. ) ;
#521 = DIRECTION ( 'NONE',  ( -0.000000000000000000, -1.000000000000000000, -0.000000000000000000 ) ) ;
#522 = ORIENTED_EDGE ( 'NONE', *, *, #118, .T. ) ;
#523 = LINE ( 'NONE', #797, #1019 ) ;
#524 = ORIENTED_EDGE ( 'NONE', *, *, #778, .T. ) ;
#525 = CARTESIAN_POINT ( 'NONE',  ( 95.00000000000002842, -5.000000000000000000, 73.15000000000003411 ) ) ;
#526 = DIRECTION ( 'NONE',  ( -0.8660254037844384856, 0.000000000000000000, 0.5000000000000004441 ) ) ;
#527 = ORIENTED_EDGE ( 'NONE', *, *, #101, .T. ) ;
#528 = CARTESIAN_POINT ( 'NONE',  ( 93.00000000000001421, 0.000000000000000000, 82.50000000000000000 ) ) ;
#529 = SURFACE_SIDE_STYLE ('',( #795 ) ) ;
#530 = EDGE_CURVE ( 'NONE', #1148, #81, #1141, .T. ) ;
#531 = DIRECTION ( 'NONE',  ( 0.000000000000000000, 1.000000000000000000, 0.000000000000000000 ) ) ;
#532 = ADVANCED_FACE ( 'NONE', ( #467 ), #1169, .F. ) ;
#533 = EDGE_LOOP ( 'NONE', ( #1327, #784, #230, #917 ) ) ;
#534 = LINE ( 'NONE', #1732, #455 ) ;
#535 = VERTEX_POINT ( 'NONE', #801 ) ;
#536 = DIRECTION ( 'NONE',  ( 1.000000000000000000, 0.000000000000000000, 0.000000000000000000 ) ) ;
#537 = AXIS2_PLACEMENT_3D ( 'NONE', #1089, #1095, #1112 ) ;
#538 = DIRECTION ( 'NONE',  ( 0.000000000000000000, 0.000000000000000000, 1.000000000000000000 ) ) ;
#539 = ORIENTED_EDGE ( 'NONE', *, *, #410, .F. ) ;
#540 = AXIS2_PLACEMENT_3D ( 'NONE', #1029, #1131, #461 ) ;
#541 = AXIS2_PLACEMENT_3D ( 'NONE', #62, #1532, #202 ) ;
#542 = LINE ( 'NONE', #389, #1354 ) ;
#543 = VERTEX_POINT ( 'NONE', #1041 ) ;
#544 = ADVANCED_FACE ( 'NONE', ( #1058 ), #935, .F. ) ;
#545 = PLANE ( 'NONE',  #849 ) ;
#546 = ORIENTED_EDGE ( 'NONE', *, *, #97, .T. ) ;
#547 = FACE_BOUND ( 'NONE', #1718, .T. ) ;
#548 = ORIENTED_EDGE ( 'NONE', *, *, #200, .T. ) ;
#549 = DIRECTION ( 'NONE',  ( 0.000000000000000000, 1.000000000000000000, -0.000000000000000000 ) ) ;
#550 = ORIENTED_EDGE ( 'NONE', *, *, #1072, .F. ) ;
#551 = DIRECTION ( 'NONE',  ( -0.000000000000000000, -1.000000000000000000, -0.000000000000000000 ) ) ;
#552 = ADVANCED_FACE ( 'NONE', ( #1184 ), #235, .T. ) ;
#553 = VERTEX_POINT ( 'NONE', #1305 ) ;
#554 = CARTESIAN_POINT ( 'NONE',  ( 95.00000000000001421, -5.000000000000000000, -73.15000000000003411 ) ) ;
#555 = ORIENTED_EDGE ( 'NONE', *, *, #1362, .F. ) ;
#556 = CARTESIAN_POINT ( 'NONE',  ( -82.50000000000000000, -5.000000000000000000, -70.00000000000000000 ) ) ;
#557 = EDGE_LOOP ( 'NONE', ( #1601, #377, #381, #925 ) ) ;
#558 = ADVANCED_FACE ( 'NONE', ( #374 ), #654, .T. ) ;
#559 = ORIENTED_EDGE ( 'NONE', *, *, #1264, .F. ) ;
#560 = DIRECTION ( 'NONE',  ( 1.000000000000000000, -0.000000000000000000, 0.000000000000000000 ) ) ;
#561 = VECTOR ( 'NONE', #834, 1000.000000000000000 ) ;
#562 = EDGE_CURVE ( 'NONE', #1018, #1617, #104, .T. ) ;
#563 = VECTOR ( 'NONE', #262, 1000.000000000000000 ) ;
#564 = PLANE ( 'NONE',  #233 ) ;
#565 = AXIS2_PLACEMENT_3D ( 'NONE', #61, #1021, #594 ) ;
#566 = DIRECTION ( 'NONE',  ( 0.000000000000000000, 1.000000000000000000, 0.000000000000000000 ) ) ;
#567 = VECTOR ( 'NONE', #521, 1000.000000000000000 ) ;
#568 = ORIENTED_EDGE ( 'NONE', *, *, #810, .F. ) ;
#569 = AXIS2_PLACEMENT_3D ( 'NONE', #1155, #1587, #915 ) ;
#570 = DIRECTION ( 'NONE',  ( 0.000000000000000000, 1.000000000000000000, 0.000000000000000000 ) ) ;
#571 = ORIENTED_EDGE ( 'NONE', *, *, #345, .F. ) ;
#572 = ORIENTED_EDGE ( 'NONE', *, *, #1359, .F. ) ;
#573 = EDGE_CURVE ( 'NONE', #633, #511, #1176, .T. ) ;
#574 = CARTESIAN_POINT ( 'NONE',  ( -82.49999999999998579, -5.000000000000000000, 1.635596420206703652E-14 ) ) ;
#575 = VERTEX_POINT ( 'NONE', #1444 ) ;
#576 = LINE ( 'NONE', #1404, #429 ) ;
#577 = CARTESIAN_POINT ( 'NONE',  ( 88.50000000000000000, 3.000000000000000000, -76.00000000000002842 ) ) ;
#578 = ORIENTED_EDGE ( 'NONE', *, *, #1368, .T. ) ;
#579 = CARTESIAN_POINT ( 'NONE',  ( -30.99786225540546525, -2.500000000000000000, -17.89662411746136783 ) ) ;
#580 = DIRECTION ( 'NONE',  ( 0.000000000000000000, -1.000000000000000000, 0.000000000000000000 ) ) ;
#581 = ADVANCED_FACE ( 'NONE', ( #1202 ), #774, .T. ) ;
#582 = CARTESIAN_POINT ( 'NONE',  ( -86.85455173280959684, -2.500000000000000000, -78.85000000000000853 ) ) ;
#583 = ORIENTED_EDGE ( 'NONE', *, *, #1619, .T. ) ;
#584 = DIRECTION ( 'NONE',  ( -0.000000000000000000, 0.000000000000000000, 1.000000000000000000 ) ) ;
#585 = CARTESIAN_POINT ( 'NONE',  ( 95.00000000000001421, -5.000000000000000000, -80.50000000000000000 ) ) ;
#586 = VERTEX_POINT ( 'NONE', #645 ) ;
#587 = LINE ( 'NONE', #1428, #873 ) ;
#588 = VECTOR ( 'NONE', #106, 1000.000000000000000 ) ;
#589 = CARTESIAN_POINT ( 'NONE',  ( 82.50000000000000000, -5.000000000000000000, 70.00000000000000000 ) ) ;
#590 = DIRECTION ( 'NONE',  ( 0.000000000000000000, 0.000000000000000000, 1.000000000000000000 ) ) ;
#591 = VERTEX_POINT ( 'NONE', #508 ) ;
#592 = CIRCLE ( 'NONE', #792, 1.699999999999993072 ) ;
#593 = CIRCLE ( 'NONE', #177, 1.699999999999993072 ) ;
#594 = DIRECTION ( 'NONE',  ( 0.000000000000000000, 0.000000000000000000, 1.000000000000000000 ) ) ;
#595 = DIRECTION ( 'NONE',  ( -0.000000000000000000, -1.000000000000000000, 0.000000000000000000 ) ) ;
#596 =( GEOMETRIC_REPRESENTATION_CONTEXT ( 3 ) GLOBAL_UNCERTAINTY_ASSIGNED_CONTEXT ( ( #1724 ) ) GLOBAL_UNIT_ASSIGNED_CONTEXT ( ( #1067, #379, #1597 ) ) REPRESENTATION_CONTEXT ( 'NONE', 'WORKASPACE' ) );
#597 = FACE_OUTER_BOUND ( 'NONE', #45, .T. ) ;
#598 = VECTOR ( 'NONE', #850, 1000.000000000000000 ) ;
#599 = ORIENTED_EDGE ( 'NONE', *, *, #252, .T. ) ;
#600 = DIRECTION ( 'NONE',  ( 0.000000000000000000, 1.000000000000000000, 0.000000000000000000 ) ) ;
#601 = LINE ( 'NONE', #1673, #32 ) ;
#602 = DIRECTION ( 'NONE',  ( -0.000000000000000000, -1.000000000000000000, -0.000000000000000000 ) ) ;
#603 = VERTEX_POINT ( 'NONE', #253 ) ;
#604 = CARTESIAN_POINT ( 'NONE',  ( -88.50000000000000000, 3.000000000000000000, -79.99999999999994316 ) ) ;
#605 = CARTESIAN_POINT ( 'NONE',  ( -88.50000000000000000, 3.000000000000000000, -76.00000000000000000 ) ) ;
#606 = EDGE_CURVE ( 'NONE', #798, #27, #1320, .T. ) ;
#607 = ORIENTED_EDGE ( 'NONE', *, *, #520, .T. ) ;
#608 = DIRECTION ( 'NONE',  ( 0.000000000000000000, 1.000000000000000000, -0.000000000000000000 ) ) ;
#609 = EDGE_CURVE ( 'NONE', #398, #275, #887, .T. ) ;
#610 = LINE ( 'NONE', #768, #787 ) ;
#611 = DIRECTION ( 'NONE',  ( 0.000000000000000000, 0.000000000000000000, 1.000000000000000000 ) ) ;
#612 = ORIENTED_EDGE ( 'NONE', *, *, #705, .F. ) ;
#613 = DIRECTION ( 'NONE',  ( 0.000000000000000000, 0.000000000000000000, 1.000000000000000000 ) ) ;
#614 =( NAMED_UNIT ( * ) SI_UNIT ( $, .STERADIAN. ) SOLID_ANGLE_UNIT ( ) );
#615 = FACE_OUTER_BOUND ( 'NONE', #89, .T. ) ;
#616 = EDGE_LOOP ( 'NONE', ( #679, #457, #1363, #168 ) ) ;
#617 = DIRECTION ( 'NONE',  ( 0.000000000000000000, 1.000000000000000000, -0.000000000000000000 ) ) ;
#618 = EDGE_CURVE ( 'NONE', #1485, #575, #1442, .T. ) ;
#619 = DIRECTION ( 'NONE',  ( 0.000000000000000000, 0.000000000000000000, 1.000000000000000000 ) ) ;
#620 = EDGE_CURVE ( 'NONE', #1617, #802, #499, .T. ) ;
#621 = CARTESIAN_POINT ( 'NONE',  ( -88.49999999999997158, 0.000000000000000000, 76.00000000000005684 ) ) ;
#622 = ORIENTED_EDGE ( 'NONE', *, *, #1050, .F. ) ;
#623 = DIRECTION ( 'NONE',  ( 0.000000000000000000, 0.000000000000000000, 1.000000000000000000 ) ) ;
#624 = EDGE_CURVE ( 'NONE', #633, #100, #244, .T. ) ;
#625 = CIRCLE ( 'NONE', #266, 3.999999999999948042 ) ;
#626 = DIRECTION ( 'NONE',  ( 0.000000000000000000, 0.000000000000000000, -1.000000000000000000 ) ) ;
#627 = AXIS2_PLACEMENT_3D ( 'NONE', #1401, #190, #885 ) ;
#628 = LINE ( 'NONE', #1434, #264 ) ;
#629 = AXIS2_PLACEMENT_3D ( 'NONE', #800, #411, #934 ) ;
#630 = EDGE_LOOP ( 'NONE', ( #527, #1685, #1734, #225 ) ) ;
#631 = CARTESIAN_POINT ( 'NONE',  ( 0.000000000000000000, -5.000000000000000000, 73.15000000000003411 ) ) ;
#632 = EDGE_CURVE ( 'NONE', #586, #1464, #82, .T. ) ;
#633 = VERTEX_POINT ( 'NONE', #1676 ) ;
#634 = CARTESIAN_POINT ( 'NONE',  ( -6.130841328553243293E-13, -5.000000000000000000, 78.85000000000076170 ) ) ;
#635 = DIRECTION ( 'NONE',  ( 1.000000000000000000, 0.000000000000000000, 0.000000000000000000 ) ) ;
#636 = FACE_BOUND ( 'NONE', #124, .T. ) ;
#637 = CARTESIAN_POINT ( 'NONE',  ( -95.49999999999998579, -5.000000000000000000, 73.15000000000000568 ) ) ;
#638 = ORIENTED_EDGE ( 'NONE', *, *, #1110, .F. ) ;
#639 = CARTESIAN_POINT ( 'NONE',  ( 95.00000000000001421, -2.500000000000000000, -0.000000000000000000 ) ) ;
#640 = DIRECTION ( 'NONE',  ( 0.000000000000000000, 1.000000000000000000, 0.000000000000000000 ) ) ;
#641 = ORIENTED_EDGE ( 'NONE', *, *, #1341, .F. ) ;
#642 = EDGE_CURVE ( 'NONE', #1464, #1379, #625, .T. ) ;
#643 = DIRECTION ( 'NONE',  ( -0.000000000000000000, -1.000000000000000000, 0.000000000000000000 ) ) ;
#644 = EDGE_CURVE ( 'NONE', #146, #794, #1424, .T. ) ;
#645 = CARTESIAN_POINT ( 'NONE',  ( 88.50000000000000000, 3.000000000000000000, 79.99999999999997158 ) ) ;
#646 = EDGE_LOOP ( 'NONE', ( #1286, #1738, #1321, #1111, #1261 ) ) ;
#647 = LINE ( 'NONE', #902, #907 ) ;
#648 = ORIENTED_EDGE ( 'NONE', *, *, #1288, .F. ) ;
#649 = DIRECTION ( 'NONE',  ( -0.000000000000000000, -1.000000000000000000, 0.000000000000000000 ) ) ;
#650 = ORIENTED_EDGE ( 'NONE', *, *, #1139, .T. ) ;
#651 = AXIS2_PLACEMENT_3D ( 'NONE', #1455, #926, #255 ) ;
#652 = VECTOR ( 'NONE', #57, 1000.000000000000114 ) ;
#653 = CARTESIAN_POINT ( 'NONE',  ( 88.50000000000000000, 3.000000000000000000, 76.00000000000002842 ) ) ;
#654 = CYLINDRICAL_SURFACE ( 'NONE', #1325, 3.999999999999948042 ) ;
#655 = VECTOR ( 'NONE', #531, 1000.000000000000000 ) ;
#656 = AXIS2_PLACEMENT_3D ( 'NONE', #577, #1514, #1669 ) ;
#657 = ORIENTED_EDGE ( 'NONE', *, *, #196, .T. ) ;
#658 = FACE_BOUND ( 'NONE', #518, .T. ) ;
#659 = CARTESIAN_POINT ( 'NONE',  ( 86.85455173280958263, -5.000000000000000000, -78.85000000000003695 ) ) ;
#660 = ORIENTED_EDGE ( 'NONE', *, *, #878, .T. ) ;
#661 = LINE ( 'NONE', #1318, #64 ) ;
#662 = ORIENTED_EDGE ( 'NONE', *, *, #87, .F. ) ;
#663 = DIRECTION ( 'NONE',  ( 0.000000000000000000, 0.000000000000000000, -1.000000000000000000 ) ) ;
#664 = EDGE_CURVE ( 'NONE', #1707, #694, #906, .T. ) ;
#665 = EDGE_LOOP ( 'NONE', ( #1370, #1056, #1675, #1114 ) ) ;
#666 = CARTESIAN_POINT ( 'NONE',  ( -88.50000000000000000, 0.000000000000000000, -76.00000000000000000 ) ) ;
#667 = ADVANCED_FACE ( 'NONE', ( #1562 ), #1135, .T. ) ;
#668 = CARTESIAN_POINT ( 'NONE',  ( -95.49999999999998579, -5.000000000000000000, 80.50000000000000000 ) ) ;
#669 = ORIENTED_EDGE ( 'NONE', *, *, #432, .F. ) ;
#670 = PLANE ( 'NONE',  #1716 ) ;
#671 = ORIENTED_EDGE ( 'NONE', *, *, #1246, .F. ) ;
#672 = PLANE ( 'NONE',  #629 ) ;
#673 = EDGE_LOOP ( 'NONE', ( #900, #450, #1218, #1471 ) ) ;
#674 = CARTESIAN_POINT ( 'NONE',  ( 0.000000000000000000, 0.000000000000000000, 82.50000000000000000 ) ) ;
#675 = LINE ( 'NONE', #1605, #567 ) ;
#676 = ORIENTED_EDGE ( 'NONE', *, *, #1577, .T. ) ;
#677 = ADVANCED_FACE ( 'NONE', ( #360 ), #1010, .T. ) ;
#678 = LINE ( 'NONE', #1216, #1244 ) ;
#679 = ORIENTED_EDGE ( 'NONE', *, *, #1164, .F. ) ;
#680 = FACE_OUTER_BOUND ( 'NONE', #1531, .T. ) ;
#681 = AXIS2_PLACEMENT_3D ( 'NONE', #1400, #239, #1274 ) ;
#682 = VERTEX_POINT ( 'NONE', #1294 ) ;
#683 = AXIS2_PLACEMENT_3D ( 'NONE', #160, #692, #1149 ) ;
#684 = VECTOR ( 'NONE', #493, 1000.000000000000000 ) ;
#685 = ORIENTED_EDGE ( 'NONE', *, *, #492, .T. ) ;
#686 = VECTOR ( 'NONE', #570, 1000.000000000000000 ) ;
#687 = PRODUCT_DEFINITION_FORMATION_WITH_SPECIFIED_SOURCE ( 'ANY', '', #470, .NOT_KNOWN. ) ;
#688 = DIRECTION ( 'NONE',  ( 0.000000000000000000, 1.000000000000000000, 0.000000000000000000 ) ) ;
#689 = VERTEX_POINT ( 'NONE', #1403 ) ;
#690 = FACE_OUTER_BOUND ( 'NONE', #393, .T. ) ;
#691 = ORIENTED_EDGE ( 'NONE', *, *, #200, .F. ) ;
#692 = DIRECTION ( 'NONE',  ( 5.894025437807967828E-15, 0.000000000000000000, -1.000000000000000000 ) ) ;
#693 = FACE_OUTER_BOUND ( 'NONE', #171, .T. ) ;
#694 = VERTEX_POINT ( 'NONE', #90 ) ;
#695 = EDGE_CURVE ( 'NONE', #1319, #462, #866, .T. ) ;
#696 = ORIENTED_EDGE ( 'NONE', *, *, #1102, .F. ) ;
#697 = LINE ( 'NONE', #17, #375 ) ;
#698 = LINE ( 'NONE', #1104, #148 ) ;
#699 = DIRECTION ( 'NONE',  ( -1.000000000000000000, 0.000000000000000000, -7.775321913193637847E-15 ) ) ;
#700 = ORIENTED_EDGE ( 'NONE', *, *, #1425, .F. ) ;
#701 = CARTESIAN_POINT ( 'NONE',  ( -96.81579294302301264, -5.000000000000000000, 55.89662411746145665 ) ) ;
#702 = ORIENTED_EDGE ( 'NONE', *, *, #1113, .T. ) ;
#703 = FACE_BOUND ( 'NONE', #1001, .T. ) ;
#704 = AXIS2_PLACEMENT_3D ( 'NONE', #218, #1159, #742 ) ;
#705 = EDGE_CURVE ( 'NONE', #23, #341, #592, .T. ) ;
#706 = VECTOR ( 'NONE', #842, 1000.000000000000000 ) ;
#707 = DIRECTION ( 'NONE',  ( -0.000000000000000000, 0.000000000000000000, 1.000000000000000000 ) ) ;
#708 = LINE ( 'NONE', #1655, #1075 ) ;
#709 = VERTEX_POINT ( 'NONE', #231 ) ;
#710 = CIRCLE ( 'NONE', #242, 3.999999999999948042 ) ;
#711 = DIRECTION ( 'NONE',  ( 1.000000000000000000, -0.000000000000000000, 0.000000000000000000 ) ) ;
#712 = ORIENTED_EDGE ( 'NONE', *, *, #132, .T. ) ;
#713 = DIRECTION ( 'NONE',  ( 0.000000000000000000, 1.000000000000000000, -0.000000000000000000 ) ) ;
#714 = ADVANCED_FACE ( 'NONE', ( #1302 ), #102, .T. ) ;
#715 = CARTESIAN_POINT ( 'NONE',  ( -85.20910346561913684, -5.000000000000000000, 75.99999999999998579 ) ) ;
#716 = EDGE_CURVE ( 'NONE', #1543, #77, #661, .T. ) ;
#717 = CARTESIAN_POINT ( 'NONE',  ( -6.130841328553243293E-13, -5.000000000000000000, 78.85000000000076170 ) ) ;
#718 = VERTEX_POINT ( 'NONE', #1606 ) ;
#719 = CARTESIAN_POINT ( 'NONE',  ( 88.50000000000000000, -2.500000000000000000, 74.30000000000003979 ) ) ;
#720 = CARTESIAN_POINT ( 'NONE',  ( 95.00000000000001421, 0.000000000000000000, 80.50000000000000000 ) ) ;
#721 = ORIENTED_EDGE ( 'NONE', *, *, #40, .T. ) ;
#722 = CARTESIAN_POINT ( 'NONE',  ( 88.50000000000000000, 3.000000000000000000, 77.70000000000001705 ) ) ;
#723 = DIRECTION ( 'NONE',  ( -0.5000000000000003331, 0.000000000000000000, -0.8660254037844383745 ) ) ;
#724 = DIRECTION ( 'NONE',  ( 0.000000000000000000, 0.000000000000000000, 1.000000000000000000 ) ) ;
#725 = EDGE_CURVE ( 'NONE', #215, #1191, #382, .T. ) ;
#726 = ORIENTED_EDGE ( 'NONE', *, *, #1491, .T. ) ;
#727 = CARTESIAN_POINT ( 'NONE',  ( 88.50000000000000000, 0.000000000000000000, -76.00000000000002842 ) ) ;
#728 = ORIENTED_EDGE ( 'NONE', *, *, #778, .F. ) ;
#729 = DIRECTION ( 'NONE',  ( 0.000000000000000000, 0.000000000000000000, 1.000000000000000000 ) ) ;
#730 = CARTESIAN_POINT ( 'NONE',  ( -88.49999999999997158, 3.000000000000000000, 72.00000000000009948 ) ) ;
#731 = AXIS2_PLACEMENT_3D ( 'NONE', #1027, #1566, #363 ) ;
#732 = FACE_OUTER_BOUND ( 'NONE', #110, .T. ) ;
#733 = EDGE_LOOP ( 'NONE', ( #702, #1487, #287, #1037 ) ) ;
#734 = CIRCLE ( 'NONE', #12, 3.999999999999948042 ) ;
#735 = EDGE_CURVE ( 'NONE', #53, #1324, #408, .T. ) ;
#736 = VECTOR ( 'NONE', #445, 1000.000000000000000 ) ;
#737 = DIRECTION ( 'NONE',  ( 0.000000000000000000, 1.000000000000000000, 0.000000000000000000 ) ) ;
#738 = AXIS2_PLACEMENT_3D ( 'NONE', #373, #1025, #494 ) ;
#739 = PLANE ( 'NONE',  #1103 ) ;
#740 = ORIENTED_EDGE ( 'NONE', *, *, #1504, .F. ) ;
#741 = LINE ( 'NONE', #870, #451 ) ;
#742 = DIRECTION ( 'NONE',  ( 0.000000000000000000, 0.000000000000000000, 1.000000000000000000 ) ) ;
#743 = FACE_OUTER_BOUND ( 'NONE', #283, .T. ) ;
#744 = ORIENTED_EDGE ( 'NONE', *, *, #1390, .F. ) ;
#745 = CARTESIAN_POINT ( 'NONE',  ( 93.00000000000001421, 0.000000000000000000, 82.50000000000000000 ) ) ;
#746 =( NAMED_UNIT ( * ) PLANE_ANGLE_UNIT ( ) SI_UNIT ( $, .RADIAN. ) );
#747 = ADVANCED_FACE ( 'NONE', ( #1711, #397 ), #276, .T. ) ;
#748 = CARTESIAN_POINT ( 'NONE',  ( 0.000000000000000000, 3.000000000000000000, 0.000000000000000000 ) ) ;
#749 = EDGE_CURVE ( 'NONE', #263, #832, #1486, .T. ) ;
#750 = ORIENTED_EDGE ( 'NONE', *, *, #1264, .T. ) ;
#751 = CARTESIAN_POINT ( 'NONE',  ( 88.50000000000000000, 3.000000000000000000, 76.00000000000002842 ) ) ;
#752 = DIRECTION ( 'NONE',  ( -0.000000000000000000, -1.000000000000000000, -0.000000000000000000 ) ) ;
#753 = ORIENTED_EDGE ( 'NONE', *, *, #1007, .F. ) ;
#754 = DIRECTION ( 'NONE',  ( 0.000000000000000000, 0.000000000000000000, -1.000000000000000000 ) ) ;
#755 = DIRECTION ( 'NONE',  ( 0.5000000000000016653, 0.000000000000000000, -0.8660254037844377084 ) ) ;
#756 = ORIENTED_EDGE ( 'NONE', *, *, #929, .T. ) ;
#757 = CARTESIAN_POINT ( 'NONE',  ( 95.00000000000002842, -5.000000000000000000, 78.85000000000003695 ) ) ;
#758 = EDGE_CURVE ( 'NONE', #38, #1485, #877, .T. ) ;
#759 = CARTESIAN_POINT ( 'NONE',  ( -95.49999999999998579, -5.000000000000000000, -80.50000000000000000 ) ) ;
#760 = EDGE_CURVE ( 'NONE', #27, #809, #593, .T. ) ;
#761 = LINE ( 'NONE', #1036, #1222 ) ;
#762 = ORIENTED_EDGE ( 'NONE', *, *, #1241, .F. ) ;
#763 = VECTOR ( 'NONE', #566, 1000.000000000000000 ) ;
#764 = DIRECTION ( 'NONE',  ( -0.000000000000000000, -1.000000000000000000, -0.000000000000000000 ) ) ;
#765 = CARTESIAN_POINT ( 'NONE',  ( 88.50000000000000000, 3.000000000000000000, 76.00000000000002842 ) ) ;
#766 = CIRCLE ( 'NONE', #1413, 1.699999999999993072 ) ;
#767 = ORIENTED_EDGE ( 'NONE', *, *, #1476, .T. ) ;
#768 = CARTESIAN_POINT ( 'NONE',  ( -88.50000000000000000, 3.000000000000000000, -72.00000000000005684 ) ) ;
#769 = EDGE_CURVE ( 'NONE', #809, #27, #204, .T. ) ;
#770 = VERTEX_POINT ( 'NONE', #930 ) ;
#771 = ADVANCED_FACE ( 'NONE', ( #779 ), #1730, .F. ) ;
#772 = DIRECTION ( 'NONE',  ( 0.000000000000000000, 1.000000000000000000, 0.000000000000000000 ) ) ;
#773 = APPLICATION_PROTOCOL_DEFINITION ( 'draft international standard', 'automotive_design', 1998, #1691 ) ;
#774 = PLANE ( 'NONE',  #236 ) ;
#775 = ORIENTED_EDGE ( 'NONE', *, *, #326, .T. ) ;
#776 = CARTESIAN_POINT ( 'NONE',  ( 95.00000000000001421, -5.000000000000000000, -78.85000000000003695 ) ) ;
#777 = VERTEX_POINT ( 'NONE', #1055 ) ;
#778 = EDGE_CURVE ( 'NONE', #370, #1206, #542, .T. ) ;
#779 = FACE_OUTER_BOUND ( 'NONE', #1731, .T. ) ;
#780 = CARTESIAN_POINT ( 'NONE',  ( 96.81579294302301264, -5.000000000000000000, 55.89662411746145665 ) ) ;
#781 = ORIENTED_EDGE ( 'NONE', *, *, #76, .T. ) ;
#782 = CARTESIAN_POINT ( 'NONE',  ( 88.50000000000000000, -2.500000000000000000, 77.70000000000001705 ) ) ;
#783 = DIRECTION ( 'NONE',  ( 0.000000000000000000, 0.000000000000000000, 1.000000000000000000 ) ) ;
#784 = ORIENTED_EDGE ( 'NONE', *, *, #632, .T. ) ;
#785 = CARTESIAN_POINT ( 'NONE',  ( 5.887546342709165934E-15, 0.000000000000000000, 70.00000000000001421 ) ) ;
#786 = ORIENTED_EDGE ( 'NONE', *, *, #3, .F. ) ;
#787 = VECTOR ( 'NONE', #1410, 1000.000000000000000 ) ;
#788 = EDGE_CURVE ( 'NONE', #928, #469, #259, .T. ) ;
#789 = CIRCLE ( 'NONE', #1377, 3.999999999999948042 ) ;
#790 = FACE_OUTER_BOUND ( 'NONE', #329, .T. ) ;
#791 = EDGE_CURVE ( 'NONE', #1211, #1096, #523, .T. ) ;
#792 = AXIS2_PLACEMENT_3D ( 'NONE', #1032, #367, #1432 ) ;
#793 = VECTOR ( 'NONE', #640, 1000.000000000000000 ) ;
#794 = VERTEX_POINT ( 'NONE', #1063 ) ;
#795 = SURFACE_STYLE_FILL_AREA ( #7 ) ;
#796 = ORIENTED_EDGE ( 'NONE', *, *, #1683, .F. ) ;
#797 = CARTESIAN_POINT ( 'NONE',  ( 95.00000000000001421, -5.000000000000000000, 80.50000000000000000 ) ) ;
#798 = VERTEX_POINT ( 'NONE', #943 ) ;
#799 = EDGE_CURVE ( 'NONE', #1319, #894, #1335, .T. ) ;
#800 = CARTESIAN_POINT ( 'NONE',  ( 0.000000000000000000, -2.500000000000000000, 0.000000000000000000 ) ) ;
#801 = CARTESIAN_POINT ( 'NONE',  ( 93.00000000000001421, -5.000000000000000000, -82.50000000000000000 ) ) ;
#802 = VERTEX_POINT ( 'NONE', #804 ) ;
#803 = PLANE ( 'NONE',  #119 ) ;
#804 = CARTESIAN_POINT ( 'NONE',  ( -95.49999999999998579, -2.500000000000000000, 78.85000000000002274 ) ) ;
#805 = ORIENTED_EDGE ( 'NONE', *, *, #1725, .F. ) ;
#806 = DIRECTION ( 'NONE',  ( 0.000000000000000000, 0.000000000000000000, 1.000000000000000000 ) ) ;
#807 = EDGE_LOOP ( 'NONE', ( #187, #48 ) ) ;
#808 = ADVANCED_FACE ( 'NONE', ( #284 ), #670, .F. ) ;
#809 = VERTEX_POINT ( 'NONE', #143 ) ;
#810 = EDGE_CURVE ( 'NONE', #498, #341, #678, .T. ) ;
#811 = LINE ( 'NONE', #152, #1498 ) ;
#812 = EDGE_LOOP ( 'NONE', ( #641, #1066, #198, #1125 ) ) ;
#813 = DIRECTION ( 'NONE',  ( 1.000000000000000000, -0.000000000000000000, 0.000000000000000000 ) ) ;
#814 = VECTOR ( 'NONE', #1028, 1000.000000000000000 ) ;
#815 = ORIENTED_EDGE ( 'NONE', *, *, #249, .F. ) ;
#816 = DIRECTION ( 'NONE',  ( -0.5000000000000016653, 0.000000000000000000, 0.8660254037844375974 ) ) ;
#817 = VECTOR ( 'NONE', #1054, 1000.000000000000114 ) ;
#818 = EDGE_CURVE ( 'NONE', #1707, #770, #1082, .T. ) ;
#819 = CARTESIAN_POINT ( 'NONE',  ( 95.00000000000001421, -5.000000000000000000, 0.000000000000000000 ) ) ;
#820 = MECHANICAL_DESIGN_GEOMETRIC_PRESENTATION_REPRESENTATION (  '', ( #486 ), #596 ) ;
#821 = CIRCLE ( 'NONE', #513, 3.999999999999948042 ) ;
#822 = CARTESIAN_POINT ( 'NONE',  ( 88.50000000000000000, -2.500000000000000000, 77.70000000000001705 ) ) ;
#823 = EDGE_CURVE ( 'NONE', #1068, #553, #952, .T. ) ;
#824 = ORIENTED_EDGE ( 'NONE', *, *, #359, .T. ) ;
#825 = PLANE ( 'NONE',  #1637 ) ;
#826 = VERTEX_POINT ( 'NONE', #434 ) ;
#827 = CARTESIAN_POINT ( 'NONE',  ( 86.85455173280958263, -5.000000000000000000, 78.85000000000003695 ) ) ;
#828 = CARTESIAN_POINT ( 'NONE',  ( -93.49999999999998579, -5.000000000000000000, 80.50000000000000000 ) ) ;
#829 = CARTESIAN_POINT ( 'NONE',  ( 0.000000000000000000, -5.000000000000000000, 78.85000000000003695 ) ) ;
#830 = ORIENTED_EDGE ( 'NONE', *, *, #878, .F. ) ;
#831 = LINE ( 'NONE', #1260, #879 ) ;
#832 = VERTEX_POINT ( 'NONE', #960 ) ;
#833 = LINE ( 'NONE', #1371, #1436 ) ;
#834 = DIRECTION ( 'NONE',  ( 0.000000000000000000, 1.000000000000000000, 0.000000000000000000 ) ) ;
#835 = DIRECTION ( 'NONE',  ( 0.000000000000000000, 0.000000000000000000, 1.000000000000000000 ) ) ;
#836 = VERTEX_POINT ( 'NONE', #291 ) ;
#837 = FACE_OUTER_BOUND ( 'NONE', #673, .T. ) ;
#838 = EDGE_CURVE ( 'NONE', #1278, #1071, #1360, .T. ) ;
#839 = PLANE ( 'NONE',  #1411 ) ;
#840 = EDGE_CURVE ( 'NONE', #270, #503, #1250, .T. ) ;
#841 = ORIENTED_EDGE ( 'NONE', *, *, #791, .T. ) ;
#842 = DIRECTION ( 'NONE',  ( 1.000000000000000000, -0.000000000000000000, 0.000000000000000000 ) ) ;
#843 = AXIS2_PLACEMENT_3D ( 'NONE', #273, #1483, #536 ) ;
#844 = VECTOR ( 'NONE', #1535, 1000.000000000000000 ) ;
#845 = CARTESIAN_POINT ( 'NONE',  ( -88.50000000000000000, -2.500000000000000000, -76.00000000000000000 ) ) ;
#846 = VECTOR ( 'NONE', #301, 1000.000000000000000 ) ;
#847 = DIRECTION ( 'NONE',  ( 0.000000000000000000, 0.000000000000000000, 1.000000000000000000 ) ) ;
#848 = ORIENTED_EDGE ( 'NONE', *, *, #644, .T. ) ;
#849 = AXIS2_PLACEMENT_3D ( 'NONE', #1474, #139, #1481 ) ;
#850 = DIRECTION ( 'NONE',  ( 0.000000000000000000, 1.000000000000000000, 0.000000000000000000 ) ) ;
#851 = DIRECTION ( 'NONE',  ( 0.000000000000000000, 0.000000000000000000, 1.000000000000000000 ) ) ;
#852 = ORIENTED_EDGE ( 'NONE', *, *, #43, .F. ) ;
#853 = DIRECTION ( 'NONE',  ( 0.000000000000000000, 1.000000000000000000, 0.000000000000000000 ) ) ;
#854 = ADVANCED_FACE ( 'NONE', ( #1495 ), #307, .F. ) ;
#855 = FACE_BOUND ( 'NONE', #979, .T. ) ;
#856 = LINE ( 'NONE', #631, #406 ) ;
#857 = EDGE_LOOP ( 'NONE', ( #550, #243 ) ) ;
#858 = DIRECTION ( 'NONE',  ( 0.000000000000000000, 0.000000000000000000, -1.000000000000000000 ) ) ;
#859 = CARTESIAN_POINT ( 'NONE',  ( 0.000000000000000000, -5.000000000000000000, 82.50000000000000000 ) ) ;
#860 = ORIENTED_EDGE ( 'NONE', *, *, #644, .F. ) ;
#861 = CARTESIAN_POINT ( 'NONE',  ( 88.50000000000000000, -2.500000000000000000, -77.70000000000001705 ) ) ;
#862 = DIRECTION ( 'NONE',  ( 0.000000000000000000, 1.000000000000000000, 0.000000000000000000 ) ) ;
#863 = ADVANCED_FACE ( 'NONE', ( #183 ), #44, .F. ) ;
#864 = DIRECTION ( 'NONE',  ( -0.5000000000000016653, 0.000000000000000000, 0.8660254037844377084 ) ) ;
#865 = ORIENTED_EDGE ( 'NONE', *, *, #43, .T. ) ;
#866 = LINE ( 'NONE', #1167, #684 ) ;
#867 = DIRECTION ( 'NONE',  ( 0.000000000000000000, 1.000000000000000000, -0.000000000000000000 ) ) ;
#868 = LINE ( 'NONE', #205, #970 ) ;
#869 = VERTEX_POINT ( 'NONE', #556 ) ;
#870 = CARTESIAN_POINT ( 'NONE',  ( -86.85455173280958263, -5.000000000000000000, 78.85000000000000853 ) ) ;
#871 = VECTOR ( 'NONE', #884, 1000.000000000000114 ) ;
#872 = CARTESIAN_POINT ( 'NONE',  ( -88.49999999999997158, 3.000000000000000000, 80.00000000000000000 ) ) ;
#873 = VECTOR ( 'NONE', #195, 1000.000000000000000 ) ;
#874 = EDGE_CURVE ( 'NONE', #442, #215, #427, .T. ) ;
#875 = LINE ( 'NONE', #1162, #1247 ) ;
#876 = ORIENTED_EDGE ( 'NONE', *, *, #760, .T. ) ;
#877 = CIRCLE ( 'NONE', #36, 3.999999999999948042 ) ;
#878 = EDGE_CURVE ( 'NONE', #689, #869, #1648, .T. ) ;
#879 = VECTOR ( 'NONE', #711, 1000.000000000000000 ) ;
#880 = DIRECTION ( 'NONE',  ( -0.000000000000000000, -1.000000000000000000, -0.000000000000000000 ) ) ;
#881 = VECTOR ( 'NONE', #1175, 1000.000000000000000 ) ;
#882 = VERTEX_POINT ( 'NONE', #1237 ) ;
#883 = CARTESIAN_POINT ( 'NONE',  ( 93.00000000000001421, 0.000000000000000000, 80.50000000000000000 ) ) ;
#884 = DIRECTION ( 'NONE',  ( -0.5000000000000003331, 0.000000000000000000, 0.8660254037844383745 ) ) ;
#885 = DIRECTION ( 'NONE',  ( 0.000000000000000000, 0.000000000000000000, 1.000000000000000000 ) ) ;
#886 = ORIENTED_EDGE ( 'NONE', *, *, #142, .T. ) ;
#887 = LINE ( 'NONE', #745, #1692 ) ;
#888 = LINE ( 'NONE', #1678, #70 ) ;
#889 = EDGE_LOOP ( 'NONE', ( #555, #419, #559, #805 ) ) ;
#890 = CARTESIAN_POINT ( 'NONE',  ( -30.99786225540546525, -5.000000000000000000, 17.89662411746136783 ) ) ;
#891 = EDGE_CURVE ( 'NONE', #826, #603, #708, .T. ) ;
#892 = DIRECTION ( 'NONE',  ( -0.000000000000000000, -1.000000000000000000, -0.000000000000000000 ) ) ;
#893 = DIRECTION ( 'NONE',  ( 0.000000000000000000, 1.000000000000000000, 0.000000000000000000 ) ) ;
#894 = VERTEX_POINT ( 'NONE', #51 ) ;
#895 = CARTESIAN_POINT ( 'NONE',  ( 88.50000000000000000, 0.000000000000000000, 76.00000000000002842 ) ) ;
#896 = ADVANCED_FACE ( 'NONE', ( #1373 ), #1518, .F. ) ;
#897 = DIRECTION ( 'NONE',  ( 0.000000000000000000, 1.000000000000000000, 0.000000000000000000 ) ) ;
#898 = CARTESIAN_POINT ( 'NONE',  ( 88.50000000000000000, 3.000000000000000000, 72.00000000000007105 ) ) ;
#899 = ADVANCED_FACE ( 'NONE', ( #1632 ), #1350, .F. ) ;
#900 = ORIENTED_EDGE ( 'NONE', *, *, #1557, .T. ) ;
#901 = DIRECTION ( 'NONE',  ( 0.000000000000000000, 1.000000000000000000, 0.000000000000000000 ) ) ;
#902 = CARTESIAN_POINT ( 'NONE',  ( 0.000000000000000000, -5.000000000000000000, -70.00000000000000000 ) ) ;
#903 = ORIENTED_EDGE ( 'NONE', *, *, #475, .F. ) ;
#904 = VECTOR ( 'NONE', #853, 1000.000000000000000 ) ;
#905 = DIRECTION ( 'NONE',  ( 0.000000000000000000, 0.000000000000000000, 1.000000000000000000 ) ) ;
#906 = CIRCLE ( 'NONE', #565, 1.699999999999993072 ) ;
#907 = VECTOR ( 'NONE', #1466, 1000.000000000000000 ) ;
#908 = DIRECTION ( 'NONE',  ( 0.000000000000000000, 0.000000000000000000, -1.000000000000000000 ) ) ;
#909 = CIRCLE ( 'NONE', #380, 1.699999999999993072 ) ;
#910 = VERTEX_POINT ( 'NONE', #582 ) ;
#911 = LINE ( 'NONE', #394, #1405 ) ;
#912 = CARTESIAN_POINT ( 'NONE',  ( -95.49999999999998579, -5.000000000000000000, 80.50000000000000000 ) ) ;
#913 = EDGE_LOOP ( 'NONE', ( #1649, #1449, #1144, #1203 ) ) ;
#914 = CARTESIAN_POINT ( 'NONE',  ( 0.000000000000000000, 3.000000000000000000, 0.000000000000000000 ) ) ;
#915 = DIRECTION ( 'NONE',  ( 0.000000000000000000, 0.000000000000000000, 1.000000000000000000 ) ) ;
#916 = CARTESIAN_POINT ( 'NONE',  ( -88.49999999999997158, 3.000000000000000000, 76.00000000000005684 ) ) ;
#917 = ORIENTED_EDGE ( 'NONE', *, *, #1086, .F. ) ;
#918 = PLANE ( 'NONE',  #651 ) ;
#919 = CARTESIAN_POINT ( 'NONE',  ( -86.85455173280959684, -5.000000000000000000, -78.85000000000000853 ) ) ;
#920 = EDGE_CURVE ( 'NONE', #694, #11, #167, .T. ) ;
#921 = CARTESIAN_POINT ( 'NONE',  ( 82.50000000000000000, -5.000000000000000000, 0.000000000000000000 ) ) ;
#922 = ORIENTED_EDGE ( 'NONE', *, *, #310, .F. ) ;
#923 = DIRECTION ( 'NONE',  ( 0.5000000000000016653, 0.000000000000000000, 0.8660254037844375974 ) ) ;
#924 = DIRECTION ( 'NONE',  ( 0.000000000000000000, 0.000000000000000000, -1.000000000000000000 ) ) ;
#925 = ORIENTED_EDGE ( 'NONE', *, *, #310, .T. ) ;
#926 = DIRECTION ( 'NONE',  ( 0.000000000000000000, 1.000000000000000000, -0.000000000000000000 ) ) ;
#927 = LINE ( 'NONE', #912, #67 ) ;
#928 = VERTEX_POINT ( 'NONE', #1384 ) ;
#929 = EDGE_CURVE ( 'NONE', #466, #586, #237, .T. ) ;
#930 = CARTESIAN_POINT ( 'NONE',  ( -88.50000000000000000, 3.000000000000000000, -77.69999999999998863 ) ) ;
#931 = EDGE_LOOP ( 'NONE', ( #1480, #1590, #786, #260 ) ) ;
#932 = VECTOR ( 'NONE', #1437, 1000.000000000000000 ) ;
#933 = CIRCLE ( 'NONE', #964, 1.699999999999993072 ) ;
#934 = DIRECTION ( 'NONE',  ( 0.000000000000000000, 0.000000000000000000, 1.000000000000000000 ) ) ;
#935 = PLANE ( 'NONE',  #351 ) ;
#936 = AXIS2_PLACEMENT_3D ( 'NONE', #914, #1451, #1208 ) ;
#937 = AXIS2_PLACEMENT_3D ( 'NONE', #1394, #893, #724 ) ;
#938 = ORIENTED_EDGE ( 'NONE', *, *, #788, .T. ) ;
#939 = DIRECTION ( 'NONE',  ( 0.000000000000000000, 0.000000000000000000, 1.000000000000000000 ) ) ;
#940 = VECTOR ( 'NONE', #1618, 1000.000000000000114 ) ;
#941 = CARTESIAN_POINT ( 'NONE',  ( 0.000000000000000000, -2.500000000000000000, 78.85000000000003695 ) ) ;
#942 = ORIENTED_EDGE ( 'NONE', *, *, #500, .T. ) ;
#943 = CARTESIAN_POINT ( 'NONE',  ( -88.49999999999997158, -2.500000000000000000, 74.30000000000005400 ) ) ;
#944 = ORIENTED_EDGE ( 'NONE', *, *, #1548, .F. ) ;
#945 = LINE ( 'NONE', #21, #1697 ) ;
#946 = EDGE_CURVE ( 'NONE', #1088, #910, #1120, .T. ) ;
#947 = EDGE_CURVE ( 'NONE', #1640, #1071, #811, .T. ) ;
#948 = EDGE_LOOP ( 'NONE', ( #396, #922, #744, #685 ) ) ;
#949 = CARTESIAN_POINT ( 'NONE',  ( -88.49999999999997158, -2.500000000000000000, 76.00000000000005684 ) ) ;
#950 = CARTESIAN_POINT ( 'NONE',  ( -88.49999999999997158, -2.500000000000000000, 76.00000000000005684 ) ) ;
#951 = ORIENTED_EDGE ( 'NONE', *, *, #609, .T. ) ;
#952 = LINE ( 'NONE', #1623, #1582 ) ;
#953 = ORIENTED_EDGE ( 'NONE', *, *, #840, .T. ) ;
#954 = LINE ( 'NONE', #525, #15 ) ;
#955 = EDGE_CURVE ( 'NONE', #1140, #1538, #734, .T. ) ;
#956 = VERTEX_POINT ( 'NONE', #212 ) ;
#957 = DIRECTION ( 'NONE',  ( 0.000000000000000000, 1.000000000000000000, -0.000000000000000000 ) ) ;
#958 = EDGE_CURVE ( 'NONE', #1599, #23, #497, .T. ) ;
#959 = CYLINDRICAL_SURFACE ( 'NONE', #1687, 2.000000000000001776 ) ;
#960 = CARTESIAN_POINT ( 'NONE',  ( 95.00000000000001421, -2.500000000000000000, -78.85000000000003695 ) ) ;
#961 = EDGE_LOOP ( 'NONE', ( #1234, #1374, #974, #1560, #390 ) ) ;
#962 = CARTESIAN_POINT ( 'NONE',  ( -96.81579294302301264, -5.000000000000000000, -55.89662411746145665 ) ) ;
#963 = CIRCLE ( 'NONE', #681, 3.999999999999948042 ) ;
#964 = AXIS2_PLACEMENT_3D ( 'NONE', #458, #608, #729 ) ;
#965 = ORIENTED_EDGE ( 'NONE', *, *, #1348, .F. ) ;
#966 = FACE_OUTER_BOUND ( 'NONE', #1177, .T. ) ;
#967 = CIRCLE ( 'NONE', #1192, 2.000000000000001776 ) ;
#968 = DIRECTION ( 'NONE',  ( 0.000000000000000000, 0.000000000000000000, 1.000000000000000000 ) ) ;
#969 = EDGE_CURVE ( 'NONE', #777, #1096, #336, .T. ) ;
#970 = VECTOR ( 'NONE', #626, 1000.000000000000000 ) ;
#971 = DIRECTION ( 'NONE',  ( 1.000000000000000000, 0.000000000000000000, -8.410780489584520404E-17 ) ) ;
#972 = ORIENTED_EDGE ( 'NONE', *, *, #695, .F. ) ;
#973 = ADVANCED_FACE ( 'NONE', ( #732 ), #197, .T. ) ;
#974 = ORIENTED_EDGE ( 'NONE', *, *, #530, .F. ) ;
#975 = DIRECTION ( 'NONE',  ( 0.000000000000000000, 0.000000000000000000, 1.000000000000000000 ) ) ;
#976 = ORIENTED_EDGE ( 'NONE', *, *, #799, .T. ) ;
#977 = EDGE_CURVE ( 'NONE', #928, #1068, #761, .T. ) ;
#978 = CARTESIAN_POINT ( 'NONE',  ( 85.20910346561913684, -5.000000000000000000, -76.00000000000002842 ) ) ;
#979 = EDGE_LOOP ( 'NONE', ( #1710, #1524 ) ) ;
#980 = CARTESIAN_POINT ( 'NONE',  ( -88.50000000000000000, 3.000000000000000000, -76.00000000000000000 ) ) ;
#981 = ORIENTED_EDGE ( 'NONE', *, *, #760, .F. ) ;
#982 = DIRECTION ( 'NONE',  ( 0.000000000000000000, 1.000000000000000000, -0.000000000000000000 ) ) ;
#983 = CARTESIAN_POINT ( 'NONE',  ( 88.50000000000000000, 3.000000000000000000, 76.00000000000002842 ) ) ;
#984 = ORIENTED_EDGE ( 'NONE', *, *, #1069, .F. ) ;
#985 = CARTESIAN_POINT ( 'NONE',  ( 88.50000000000000000, -2.500000000000000000, -74.30000000000003979 ) ) ;
#986 = DIRECTION ( 'NONE',  ( 0.000000000000000000, 1.000000000000000000, -0.000000000000000000 ) ) ;
#987 = ORIENTED_EDGE ( 'NONE', *, *, #1233, .F. ) ;
#988 = DIRECTION ( 'NONE',  ( 0.000000000000000000, 0.000000000000000000, 1.000000000000000000 ) ) ;
#989 = VECTOR ( 'NONE', #305, 1000.000000000000000 ) ;
#990 = DIRECTION ( 'NONE',  ( -0.000000000000000000, -1.000000000000000000, 0.000000000000000000 ) ) ;
#991 = VECTOR ( 'NONE', #699, 1000.000000000000000 ) ;
#992 = DIRECTION ( 'NONE',  ( 0.000000000000000000, 1.000000000000000000, 0.000000000000000000 ) ) ;
#993 = AXIS2_PLACEMENT_3D ( 'NONE', #404, #267, #538 ) ;
#994 = ORIENTED_EDGE ( 'NONE', *, *, #1506, .F. ) ;
#995 = PLANE ( 'NONE',  #126 ) ;
#996 = FACE_OUTER_BOUND ( 'NONE', #1515, .T. ) ;
#997 = ORIENTED_EDGE ( 'NONE', *, *, #1504, .T. ) ;
#998 = LINE ( 'NONE', #757, #844 ) ;
#999 = ADVANCED_FACE ( 'NONE', ( #357 ), #328, .F. ) ;
#1000 = PLANE ( 'NONE',  #1609 ) ;
#1001 = EDGE_LOOP ( 'NONE', ( #485, #163 ) ) ;
#1002 = DIRECTION ( 'NONE',  ( -1.000000000000000000, 0.000000000000000000, 0.000000000000000000 ) ) ;
#1003 = CARTESIAN_POINT ( 'NONE',  ( 0.000000000000000000, -5.000000000000000000, 73.15000000000003411 ) ) ;
#1004 = CARTESIAN_POINT ( 'NONE',  ( 88.50000000000000000, 3.000000000000000000, -76.00000000000002842 ) ) ;
#1005 = ORIENTED_EDGE ( 'NONE', *, *, #1084, .F. ) ;
#1006 = DIRECTION ( 'NONE',  ( -0.5000000000000016653, 0.000000000000000000, -0.8660254037844377084 ) ) ;
#1007 = EDGE_CURVE ( 'NONE', #633, #1206, #856, .T. ) ;
#1008 = CARTESIAN_POINT ( 'NONE',  ( 88.50000000000000000, -2.500000000000000000, -74.30000000000003979 ) ) ;
#1009 = ORIENTED_EDGE ( 'NONE', *, *, #309, .T. ) ;
#1010 = CYLINDRICAL_SURFACE ( 'NONE', #1607, 3.999999999999948042 ) ;
#1011 = DIRECTION ( 'NONE',  ( 0.000000000000000000, 0.000000000000000000, 1.000000000000000000 ) ) ;
#1012 = CARTESIAN_POINT ( 'NONE',  ( 82.50000000000000000, -5.000000000000000000, -70.00000000000000000 ) ) ;
#1013 = ORIENTED_EDGE ( 'NONE', *, *, #1736, .F. ) ;
#1014 = CARTESIAN_POINT ( 'NONE',  ( 86.85455173280956842, -5.000000000000000000, -73.15000000000003411 ) ) ;
#1015 = AXIS2_PLACEMENT_3D ( 'NONE', #949, #504, #1446 ) ;
#1016 = CIRCLE ( 'NONE', #1073, 2.000000000000001776 ) ;
#1017 = LINE ( 'NONE', #1558, #1076 ) ;
#1018 = VERTEX_POINT ( 'NONE', #1664 ) ;
#1019 = VECTOR ( 'NONE', #1600, 1000.000000000000000 ) ;
#1020 = CIRCLE ( 'NONE', #1328, 1.699999999999993072 ) ;
#1021 = DIRECTION ( 'NONE',  ( 0.000000000000000000, 1.000000000000000000, -0.000000000000000000 ) ) ;
#1022 = CARTESIAN_POINT ( 'NONE',  ( 88.50000000000000000, 0.000000000000000000, -76.00000000000002842 ) ) ;
#1023 = ADVANCED_FACE ( 'NONE', ( #229 ), #88, .F. ) ;
#1024 = AXIS2_PLACEMENT_3D ( 'NONE', #962, #2, #295 ) ;
#1025 = DIRECTION ( 'NONE',  ( 0.000000000000000000, 1.000000000000000000, -0.000000000000000000 ) ) ;
#1026 = EDGE_LOOP ( 'NONE', ( #138, #308, #1009, #712, #1510, #424, #865, #112, #1163, #572, #1620, #144 ) ) ;
#1027 = CARTESIAN_POINT ( 'NONE',  ( 88.50000000000000000, -2.500000000000000000, -76.00000000000002842 ) ) ;
#1028 = DIRECTION ( 'NONE',  ( -1.000000000000000000, 0.000000000000000000, 0.000000000000000000 ) ) ;
#1029 = CARTESIAN_POINT ( 'NONE',  ( 88.50000000000000000, -2.500000000000000000, 76.00000000000002842 ) ) ;
#1030 = ORIENTED_EDGE ( 'NONE', *, *, #1246, .T. ) ;
#1031 = EDGE_CURVE ( 'NONE', #1088, #956, #875, .T. ) ;
#1032 = CARTESIAN_POINT ( 'NONE',  ( 88.50000000000000000, 3.000000000000000000, -76.00000000000002842 ) ) ;
#1033 = PLANE ( 'NONE',  #1383 ) ;
#1034 = DIRECTION ( 'NONE',  ( 0.000000000000000000, 1.000000000000000000, -0.000000000000000000 ) ) ;
#1035 = LINE ( 'NONE', #1573, #588 ) ;
#1036 = CARTESIAN_POINT ( 'NONE',  ( -82.49999999999998579, 0.000000000000000000, 1.635596420206703652E-14 ) ) ;
#1037 = ORIENTED_EDGE ( 'NONE', *, *, #361, .T. ) ;
#1038 = CARTESIAN_POINT ( 'NONE',  ( 86.85455173280956842, -5.000000000000000000, 73.15000000000003411 ) ) ;
#1039 = LINE ( 'NONE', #234, #1277 ) ;
#1040 = EDGE_CURVE ( 'NONE', #1278, #1129, #1298, .T. ) ;
#1041 = CARTESIAN_POINT ( 'NONE',  ( -95.49999999999998579, -2.500000000000000000, -78.85000000000000853 ) ) ;
#1042 = ORIENTED_EDGE ( 'NONE', *, *, #129, .T. ) ;
#1043 = AXIS2_PLACEMENT_3D ( 'NONE', #247, #1314, #134 ) ;
#1044 = ORIENTED_EDGE ( 'NONE', *, *, #1139, .F. ) ;
#1045 = DIRECTION ( 'NONE',  ( 0.000000000000000000, 1.000000000000000000, -0.000000000000000000 ) ) ;
#1046 = VECTOR ( 'NONE', #992, 1000.000000000000000 ) ;
#1047 = CIRCLE ( 'NONE', #240, 2.000000000000001776 ) ;
#1048 = DIRECTION ( 'NONE',  ( 0.000000000000000000, 1.000000000000000000, -0.000000000000000000 ) ) ;
#1049 = AXIS2_PLACEMENT_3D ( 'NONE', #1650, #481, #858 ) ;
#1050 = EDGE_CURVE ( 'NONE', #1599, #498, #125, .T. ) ;
#1051 = CIRCLE ( 'NONE', #268, 3.999999999999948042 ) ;
#1052 = ORIENTED_EDGE ( 'NONE', *, *, #279, .T. ) ;
#1053 = DIRECTION ( 'NONE',  ( 0.000000000000000000, 1.000000000000000000, -0.000000000000000000 ) ) ;
#1054 = DIRECTION ( 'NONE',  ( 0.5000000000000016653, 0.000000000000000000, -0.8660254037844375974 ) ) ;
#1055 = CARTESIAN_POINT ( 'NONE',  ( 95.00000000000002842, -5.000000000000000000, 78.85000000000003695 ) ) ;
#1056 = ORIENTED_EDGE ( 'NONE', *, *, #791, .F. ) ;
#1057 = CARTESIAN_POINT ( 'NONE',  ( 88.50000000000000000, 0.000000000000000000, 76.00000000000002842 ) ) ;
#1058 = FACE_OUTER_BOUND ( 'NONE', #16, .T. ) ;
#1059 = ORIENTED_EDGE ( 'NONE', *, *, #1460, .T. ) ;
#1060 = ADVANCED_FACE ( 'NONE', ( #743 ), #476, .F. ) ;
#1061 = ORIENTED_EDGE ( 'NONE', *, *, #735, .T. ) ;
#1062 = ADVANCED_FACE ( 'NONE', ( #59 ), #1000, .T. ) ;
#1063 = CARTESIAN_POINT ( 'NONE',  ( -95.49999999999998579, -5.000000000000000000, -73.15000000000000568 ) ) ;
#1064 = VERTEX_POINT ( 'NONE', #1285 ) ;
#1065 = CARTESIAN_POINT ( 'NONE',  ( 30.99786225540545104, -2.500000000000000000, -17.89662411746136073 ) ) ;
#1066 = ORIENTED_EDGE ( 'NONE', *, *, #788, .F. ) ;
#1067 =( LENGTH_UNIT ( ) NAMED_UNIT ( * ) SI_UNIT ( .MILLI., .METRE. ) );
#1068 = VERTEX_POINT ( 'NONE', #1152 ) ;
#1069 = EDGE_CURVE ( 'NONE', #718, #535, #1017, .T. ) ;
#1070 = DIRECTION ( 'NONE',  ( -0.8660254037844384856, 0.000000000000000000, -0.5000000000000004441 ) ) ;
#1071 = VERTEX_POINT ( 'NONE', #1292 ) ;
#1072 = EDGE_CURVE ( 'NONE', #1541, #591, #1694, .T. ) ;
#1073 = AXIS2_PLACEMENT_3D ( 'NONE', #883, #1034, #369 ) ;
#1074 = CARTESIAN_POINT ( 'NONE',  ( 0.000000000000000000, -2.500000000000000000, -73.15000000000000568 ) ) ;
#1075 = VECTOR ( 'NONE', #33, 1000.000000000000114 ) ;
#1076 = VECTOR ( 'NONE', #752, 1000.000000000000000 ) ;
#1077 = EDGE_LOOP ( 'NONE', ( #133, #539, #409, #1355 ) ) ;
#1078 = LINE ( 'NONE', #674, #91 ) ;
#1079 = AXIS2_PLACEMENT_3D ( 'NONE', #727, #1154, #1268 ) ;
#1080 = DIRECTION ( 'NONE',  ( -0.000000000000000000, -1.000000000000000000, -0.000000000000000000 ) ) ;
#1081 = ORIENTED_EDGE ( 'NONE', *, *, #946, .T. ) ;
#1082 = LINE ( 'NONE', #1616, #1525 ) ;
#1083 = ORIENTED_EDGE ( 'NONE', *, *, #1084, .T. ) ;
#1084 = EDGE_CURVE ( 'NONE', #1064, #798, #1020, .T. ) ;
#1085 = CARTESIAN_POINT ( 'NONE',  ( -88.50000000000000000, 3.000000000000000000, -79.99999999999994316 ) ) ;
#1086 = EDGE_CURVE ( 'NONE', #466, #1379, #365, .T. ) ;
#1087 = ORIENTED_EDGE ( 'NONE', *, *, #1137, .F. ) ;
#1088 = VERTEX_POINT ( 'NONE', #919 ) ;
#1089 = CARTESIAN_POINT ( 'NONE',  ( 30.99786225540545104, -5.000000000000000000, -17.89662411746136073 ) ) ;
#1090 = ORIENTED_EDGE ( 'NONE', *, *, #489, .T. ) ;
#1091 = PLANE ( 'NONE',  #1024 ) ;
#1092 = ORIENTED_EDGE ( 'NONE', *, *, #1460, .F. ) ;
#1093 = LINE ( 'NONE', #1645, #989 ) ;
#1094 = DIRECTION ( 'NONE',  ( 0.000000000000000000, 0.000000000000000000, 1.000000000000000000 ) ) ;
#1095 = DIRECTION ( 'NONE',  ( -0.8660254037844377084, 0.000000000000000000, 0.5000000000000016653 ) ) ;
#1096 = VERTEX_POINT ( 'NONE', #1737 ) ;
#1097 = AXIS2_PLACEMENT_3D ( 'NONE', #1392, #1505, #723 ) ;
#1098 = CIRCLE ( 'NONE', #372, 2.000000000000001776 ) ;
#1099 = VERTEX_POINT ( 'NONE', #1456 ) ;
#1100 = VECTOR ( 'NONE', #1002, 1000.000000000000000 ) ;
#1101 = LINE ( 'NONE', #579, #121 ) ;
#1102 = EDGE_CURVE ( 'NONE', #689, #53, #111, .T. ) ;
#1103 = AXIS2_PLACEMENT_3D ( 'NONE', #1651, #1280, #1108 ) ;
#1104 = CARTESIAN_POINT ( 'NONE',  ( -95.49999999999998579, -5.000000000000000000, 0.000000000000000000 ) ) ;
#1105 = AXIS2_PLACEMENT_3D ( 'NONE', #54, #595, #1136 ) ;
#1106 = CARTESIAN_POINT ( 'NONE',  ( -88.50000000000000000, -2.500000000000000000, -74.30000000000001137 ) ) ;
#1107 = VERTEX_POINT ( 'NONE', #1197 ) ;
#1108 = DIRECTION ( 'NONE',  ( -1.982541115402065110E-16, 0.000000000000000000, -1.000000000000000000 ) ) ;
#1109 = ORIENTED_EDGE ( 'NONE', *, *, #217, .T. ) ;
#1110 = EDGE_CURVE ( 'NONE', #869, #1324, #647, .T. ) ;
#1111 = ORIENTED_EDGE ( 'NONE', *, *, #1137, .T. ) ;
#1112 = DIRECTION ( 'NONE',  ( 0.5000000000000016653, 0.000000000000000000, 0.8660254037844377084 ) ) ;
#1113 = EDGE_CURVE ( 'NONE', #462, #832, #1580, .T. ) ;
#1114 = ORIENTED_EDGE ( 'NONE', *, *, #609, .F. ) ;
#1115 = CARTESIAN_POINT ( 'NONE',  ( -93.49999999999998579, -5.000000000000000000, -82.50000000000000000 ) ) ;
#1116 = CYLINDRICAL_SURFACE ( 'NONE', #1441, 1.699999999999993072 ) ;
#1117 = VERTEX_POINT ( 'NONE', #274 ) ;
#1118 = FACE_BOUND ( 'NONE', #1334, .T. ) ;
#1119 = CARTESIAN_POINT ( 'NONE',  ( 88.50000000000000000, 3.000000000000000000, -74.30000000000003979 ) ) ;
#1120 = LINE ( 'NONE', #1530, #1130 ) ;
#1121 = VERTEX_POINT ( 'NONE', #256 ) ;
#1122 = FACE_OUTER_BOUND ( 'NONE', #533, .T. ) ;
#1123 = VECTOR ( 'NONE', #325, 1000.000000000000114 ) ;
#1124 = CARTESIAN_POINT ( 'NONE',  ( 82.50000000000000000, -5.000000000000000000, -70.00000000000000000 ) ) ;
#1125 = ORIENTED_EDGE ( 'NONE', *, *, #823, .T. ) ;
#1126 = DIRECTION ( 'NONE',  ( 0.000000000000000000, 0.000000000000000000, 1.000000000000000000 ) ) ;
#1127 = AXIS2_PLACEMENT_3D ( 'NONE', #439, #957, #39 ) ;
#1128 = AXIS2_PLACEMENT_3D ( 'NONE', #1628, #165, #1230 ) ;
#1129 = VERTEX_POINT ( 'NONE', #659 ) ;
#1130 = VECTOR ( 'NONE', #421, 1000.000000000000000 ) ;
#1131 = DIRECTION ( 'NONE',  ( 0.000000000000000000, 1.000000000000000000, 0.000000000000000000 ) ) ;
#1132 = AXIS2_PLACEMENT_3D ( 'NONE', #1422, #602, #1674 ) ;
#1133 = ORIENTED_EDGE ( 'NONE', *, *, #620, .F. ) ;
#1134 = VECTOR ( 'NONE', #1138, 1000.000000000000000 ) ;
#1135 = CYLINDRICAL_SURFACE ( 'NONE', #123, 2.000000000000001776 ) ;
#1136 = DIRECTION ( 'NONE',  ( 0.000000000000000000, 0.000000000000000000, 1.000000000000000000 ) ) ;
#1137 = EDGE_CURVE ( 'NONE', #1071, #263, #1728, .T. ) ;
#1138 = DIRECTION ( 'NONE',  ( -1.000000000000000000, 0.000000000000000000, 0.000000000000000000 ) ) ;
#1139 = EDGE_CURVE ( 'NONE', #535, #1319, #320, .T. ) ;
#1140 = VERTEX_POINT ( 'NONE', #241 ) ;
#1141 = LINE ( 'NONE', #333, #1240 ) ;
#1142 = LINE ( 'NONE', #1171, #814 ) ;
#1143 = CARTESIAN_POINT ( 'NONE',  ( 95.00000000000001421, -5.000000000000000000, -0.000000000000000000 ) ) ;
#1144 = ORIENTED_EDGE ( 'NONE', *, *, #1086, .T. ) ;
#1145 = DIRECTION ( 'NONE',  ( -0.000000000000000000, -1.000000000000000000, -0.000000000000000000 ) ) ;
#1146 = CARTESIAN_POINT ( 'NONE',  ( -93.49999999999998579, 0.000000000000000000, 82.50000000000000000 ) ) ;
#1147 = MANIFOLD_SOLID_BREP ( 'Fillet1', #1631 ) ;
#1148 = VERTEX_POINT ( 'NONE', #395 ) ;
#1149 = DIRECTION ( 'NONE',  ( -1.000000000000000000, 0.000000000000000000, -5.894025437807967828E-15 ) ) ;
#1150 = EDGE_CURVE ( 'NONE', #1670, #257, #675, .T. ) ;
#1151 = DIRECTION ( 'NONE',  ( 0.000000000000000000, 1.000000000000000000, 0.000000000000000000 ) ) ;
#1152 = CARTESIAN_POINT ( 'NONE',  ( -82.50000000000000000, 0.000000000000000000, -70.00000000000000000 ) ) ;
#1153 = ORIENTED_EDGE ( 'NONE', *, *, #1359, .T. ) ;
#1154 = DIRECTION ( 'NONE',  ( 0.000000000000000000, 1.000000000000000000, -0.000000000000000000 ) ) ;
#1155 = CARTESIAN_POINT ( 'NONE',  ( -93.49999999999998579, -5.000000000000000000, -80.50000000000000000 ) ) ;
#1156 = ORIENTED_EDGE ( 'NONE', *, *, #1207, .T. ) ;
#1157 = DIRECTION ( 'NONE',  ( 0.000000000000000000, 0.000000000000000000, 1.000000000000000000 ) ) ;
#1158 = CIRCLE ( 'NONE', #347, 3.999999999999948042 ) ;
#1159 = DIRECTION ( 'NONE',  ( -0.000000000000000000, -1.000000000000000000, 0.000000000000000000 ) ) ;
#1160 = EDGE_CURVE ( 'NONE', #1191, #332, #927, .T. ) ;
#1161 = CIRCLE ( 'NONE', #401, 3.999999999999948042 ) ;
#1162 = CARTESIAN_POINT ( 'NONE',  ( 4.647439057711552509E-13, -5.000000000000000000, -78.84999999999948272 ) ) ;
#1163 = ORIENTED_EDGE ( 'NONE', *, *, #620, .T. ) ;
#1164 = EDGE_CURVE ( 'NONE', #882, #270, #156, .T. ) ;
#1165 = VECTOR ( 'NONE', #1199, 1000.000000000000000 ) ;
#1166 = AXIS2_PLACEMENT_3D ( 'NONE', #1717, #514, #783 ) ;
#1167 = CARTESIAN_POINT ( 'NONE',  ( 95.00000000000001421, -5.000000000000000000, -0.000000000000000000 ) ) ;
#1168 = VECTOR ( 'NONE', #464, 1000.000000000000000 ) ;
#1169 = PLANE ( 'NONE',  #318 ) ;
#1170 = ORIENTED_EDGE ( 'NONE', *, *, #1390, .T. ) ;
#1171 = CARTESIAN_POINT ( 'NONE',  ( 0.000000000000000000, -2.500000000000000000, -78.85000000000000853 ) ) ;
#1172 = CARTESIAN_POINT ( 'NONE',  ( 88.50000000000000000, 3.000000000000000000, 72.00000000000007105 ) ) ;
#1173 = EDGE_LOOP ( 'NONE', ( #1013, #815 ) ) ;
#1174 = DIRECTION ( 'NONE',  ( 7.775321913193637847E-15, 0.000000000000000000, -1.000000000000000000 ) ) ;
#1175 = DIRECTION ( 'NONE',  ( 0.000000000000000000, 0.000000000000000000, 1.000000000000000000 ) ) ;
#1176 = LINE ( 'NONE', #780, #482 ) ;
#1177 = EDGE_LOOP ( 'NONE', ( #756, #942 ) ) ;
#1178 = CARTESIAN_POINT ( 'NONE',  ( 86.85455173280958263, -5.000000000000000000, -78.85000000000003695 ) ) ;
#1179 = CARTESIAN_POINT ( 'NONE',  ( 95.00000000000002842, -5.000000000000000000, 73.15000000000003411 ) ) ;
#1180 = ORIENTED_EDGE ( 'NONE', *, *, #562, .F. ) ;
#1181 = PRODUCT_CONTEXT ( 'NONE', #1691, 'mechanical' ) ;
#1182 = EDGE_CURVE ( 'NONE', #894, #718, #1047, .T. ) ;
#1183 = DIRECTION ( 'NONE',  ( 0.000000000000000000, 1.000000000000000000, 0.000000000000000000 ) ) ;
#1184 = FACE_OUTER_BOUND ( 'NONE', #913, .T. ) ;
#1185 = ORIENTED_EDGE ( 'NONE', *, *, #977, .F. ) ;
#1186 = DIRECTION ( 'NONE',  ( 0.000000000000000000, 1.000000000000000000, 0.000000000000000000 ) ) ;
#1187 = VECTOR ( 'NONE', #892, 1000.000000000000000 ) ;
#1188 = CARTESIAN_POINT ( 'NONE',  ( 5.887546342709165934E-15, -5.000000000000000000, 70.00000000000001421 ) ) ;
#1189 = ORIENTED_EDGE ( 'NONE', *, *, #725, .F. ) ;
#1190 = DIRECTION ( 'NONE',  ( 1.000000000000000000, -0.000000000000000000, 0.000000000000000000 ) ) ;
#1191 = VERTEX_POINT ( 'NONE', #668 ) ;
#1192 = AXIS2_PLACEMENT_3D ( 'NONE', #1614, #986, #851 ) ;
#1193 = EDGE_CURVE ( 'NONE', #1603, #1117, #1213, .T. ) ;
#1194 = CARTESIAN_POINT ( 'NONE',  ( -95.49999999999998579, -2.500000000000000000, 0.000000000000000000 ) ) ;
#1195 = VECTOR ( 'NONE', #1396, 1000.000000000000114 ) ;
#1196 = EDGE_LOOP ( 'NONE', ( #1508, #430, #1552, #140 ) ) ;
#1197 = CARTESIAN_POINT ( 'NONE',  ( 95.00000000000001421, -2.500000000000000000, -73.15000000000003411 ) ) ;
#1198 = ORIENTED_EDGE ( 'NONE', *, *, #249, .T. ) ;
#1199 = DIRECTION ( 'NONE',  ( 1.000000000000000000, 0.000000000000000000, -8.410780489584520404E-17 ) ) ;
#1200 = ORIENTED_EDGE ( 'NONE', *, *, #1110, .T. ) ;
#1201 = LINE ( 'NONE', #1625, #598 ) ;
#1202 = FACE_OUTER_BOUND ( 'NONE', #400, .T. ) ;
#1203 = ORIENTED_EDGE ( 'NONE', *, *, #1548, .T. ) ;
#1204 = DIRECTION ( 'NONE',  ( 0.000000000000000000, 1.000000000000000000, -0.000000000000000000 ) ) ;
#1205 = DIRECTION ( 'NONE',  ( 1.000000000000000000, -0.000000000000000000, 0.000000000000000000 ) ) ;
#1206 = VERTEX_POINT ( 'NONE', #1179 ) ;
#1207 = EDGE_CURVE ( 'NONE', #1332, #1117, #1709, .T. ) ;
#1208 = DIRECTION ( 'NONE',  ( 0.000000000000000000, 0.000000000000000000, 1.000000000000000000 ) ) ;
#1209 = ORIENTED_EDGE ( 'NONE', *, *, #958, .T. ) ;
#1210 = LINE ( 'NONE', #1221, #940 ) ;
#1211 = VERTEX_POINT ( 'NONE', #720 ) ;
#1212 = DIRECTION ( 'NONE',  ( 1.000000000000000000, -0.000000000000000000, 0.000000000000000000 ) ) ;
#1213 = LINE ( 'NONE', #941, #1473 ) ;
#1214 = ADVANCED_FACE ( 'NONE', ( #1522 ), #1116, .F. ) ;
#1215 = ORIENTED_EDGE ( 'NONE', *, *, #1102, .T. ) ;
#1216 = CARTESIAN_POINT ( 'NONE',  ( 88.50000000000000000, -2.500000000000000000, -77.70000000000001705 ) ) ;
#1217 = ADVANCED_FACE ( 'NONE', ( #414 ), #739, .T. ) ;
#1218 = ORIENTED_EDGE ( 'NONE', *, *, #624, .F. ) ;
#1219 = AXIS2_PLACEMENT_3D ( 'NONE', #819, #1654, #1094 ) ;
#1220 = VECTOR ( 'NONE', #772, 1000.000000000000000 ) ;
#1221 = CARTESIAN_POINT ( 'NONE',  ( -30.99786225540546525, -5.000000000000000000, -17.89662411746136783 ) ) ;
#1222 = VECTOR ( 'NONE', #80, 1000.000000000000000 ) ;
#1223 = EDGE_LOOP ( 'NONE', ( #1644, #1565 ) ) ;
#1224 = DIRECTION ( 'NONE',  ( 0.000000000000000000, 1.000000000000000000, 0.000000000000000000 ) ) ;
#1225 = AXIS2_PLACEMENT_3D ( 'NONE', #232, #1452, #635 ) ;
#1226 = CARTESIAN_POINT ( 'NONE',  ( 88.50000000000000000, 3.000000000000000000, -76.00000000000002842 ) ) ;
#1227 = EDGE_LOOP ( 'NONE', ( #246, #721 ) ) ;
#1228 = CARTESIAN_POINT ( 'NONE',  ( -88.50000000000000000, 3.000000000000000000, -76.00000000000000000 ) ) ;
#1229 = EDGE_LOOP ( 'NONE', ( #781, #194, #1665, #1081 ) ) ;
#1230 = DIRECTION ( 'NONE',  ( 0.000000000000000000, 0.000000000000000000, 1.000000000000000000 ) ) ;
#1231 = DIRECTION ( 'NONE',  ( 0.000000000000000000, 0.000000000000000000, -1.000000000000000000 ) ) ;
#1232 = ORIENTED_EDGE ( 'NONE', *, *, #920, .F. ) ;
#1233 = EDGE_CURVE ( 'NONE', #1627, #535, #1643, .T. ) ;
#1234 = ORIENTED_EDGE ( 'NONE', *, *, #76, .F. ) ;
#1235 = FACE_BOUND ( 'NONE', #1345, .T. ) ;
#1236 = DIRECTION ( 'NONE',  ( 0.000000000000000000, 0.000000000000000000, 1.000000000000000000 ) ) ;
#1237 = CARTESIAN_POINT ( 'NONE',  ( 88.50000000000000000, -2.500000000000000000, 74.30000000000003979 ) ) ;
#1238 = EDGE_LOOP ( 'NONE', ( #213, #1659, #1200, #578 ) ) ;
#1239 = CIRCLE ( 'NONE', #1015, 1.699999999999993072 ) ;
#1240 = VECTOR ( 'NONE', #93, 1000.000000000000114 ) ;
#1241 = EDGE_CURVE ( 'NONE', #53, #469, #75, .T. ) ;
#1242 = DIRECTION ( 'NONE',  ( 0.000000000000000000, 0.000000000000000000, 1.000000000000000000 ) ) ;
#1243 = ORIENTED_EDGE ( 'NONE', *, *, #642, .F. ) ;
#1244 = VECTOR ( 'NONE', #10, 1000.000000000000000 ) ;
#1245 = FACE_OUTER_BOUND ( 'NONE', #366, .T. ) ;
#1246 = EDGE_CURVE ( 'NONE', #1477, #802, #331, .T. ) ;
#1247 = VECTOR ( 'NONE', #1546, 1000.000000000000000 ) ;
#1248 = EDGE_LOOP ( 'NONE', ( #726, #1423, #1336, #228 ) ) ;
#1249 = VECTOR ( 'NONE', #923, 1000.000000000000114 ) ;
#1250 = LINE ( 'NONE', #822, #1046 ) ;
#1251 = EDGE_LOOP ( 'NONE', ( #1185, #662, #660, #676 ) ) ;
#1252 = CARTESIAN_POINT ( 'NONE',  ( 0.000000000000000000, -5.000000000000000000, 82.50000000000000000 ) ) ;
#1253 = ORIENTED_EDGE ( 'NONE', *, *, #1493, .T. ) ;
#1254 = CARTESIAN_POINT ( 'NONE',  ( 93.00000000000001421, -5.000000000000000000, 82.50000000000000000 ) ) ;
#1255 = DIRECTION ( 'NONE',  ( 1.000000000000000000, 0.000000000000000000, 0.000000000000000000 ) ) ;
#1256 = ADVANCED_FACE ( 'NONE', ( #996 ), #179, .T. ) ;
#1257 = ORIENTED_EDGE ( 'NONE', *, *, #101, .F. ) ;
#1258 = EDGE_CURVE ( 'NONE', #1485, #38, #1662, .T. ) ;
#1259 = CARTESIAN_POINT ( 'NONE',  ( 86.85455173280958263, -2.500000000000000000, 78.85000000000003695 ) ) ;
#1260 = CARTESIAN_POINT ( 'NONE',  ( 0.000000000000000000, -5.000000000000000000, -73.15000000000003411 ) ) ;
#1261 = ORIENTED_EDGE ( 'NONE', *, *, #749, .T. ) ;
#1262 = CARTESIAN_POINT ( 'NONE',  ( 88.50000000000000000, 3.000000000000000000, 74.30000000000003979 ) ) ;
#1263 = DIRECTION ( 'NONE',  ( 0.000000000000000000, 0.000000000000000000, 1.000000000000000000 ) ) ;
#1264 = EDGE_CURVE ( 'NONE', #1, #1543, #967, .T. ) ;
#1265 = DIRECTION ( 'NONE',  ( 0.000000000000000000, 1.000000000000000000, 0.000000000000000000 ) ) ;
#1266 = ORIENTED_EDGE ( 'NONE', *, *, #359, .F. ) ;
#1267 = ADVANCED_FACE ( 'NONE', ( #597 ), #1369, .T. ) ;
#1268 = DIRECTION ( 'NONE',  ( 0.000000000000000000, 0.000000000000000000, 1.000000000000000000 ) ) ;
#1269 = DIRECTION ( 'NONE',  ( 0.000000000000000000, 1.000000000000000000, -0.000000000000000000 ) ) ;
#1270 = ORIENTED_EDGE ( 'NONE', *, *, #1513, .F. ) ;
#1271 = CARTESIAN_POINT ( 'NONE',  ( -93.49999999999998579, 0.000000000000000000, 80.50000000000000000 ) ) ;
#1272 = PRODUCT_RELATED_PRODUCT_CATEGORY ( 'part', '', ( #470 ) ) ;
#1273 = AXIS2_PLACEMENT_3D ( 'NONE', #829, #175, #441 ) ;
#1274 = DIRECTION ( 'NONE',  ( 0.000000000000000000, 0.000000000000000000, 1.000000000000000000 ) ) ;
#1275 = VECTOR ( 'NONE', #1484, 1000.000000000000000 ) ;
#1276 = DIRECTION ( 'NONE',  ( 0.000000000000000000, 0.000000000000000000, 1.000000000000000000 ) ) ;
#1277 = VECTOR ( 'NONE', #764, 1000.000000000000000 ) ;
#1278 = VERTEX_POINT ( 'NONE', #1658 ) ;
#1279 = CARTESIAN_POINT ( 'NONE',  ( -95.49999999999998579, 0.000000000000000000, 0.000000000000000000 ) ) ;
#1280 = DIRECTION ( 'NONE',  ( 1.000000000000000000, 0.000000000000000000, -1.982541115402065110E-16 ) ) ;
#1281 = ORIENTED_EDGE ( 'NONE', *, *, #1341, .T. ) ;
#1282 = DIRECTION ( 'NONE',  ( 0.000000000000000000, 1.000000000000000000, -0.000000000000000000 ) ) ;
#1283 = ADVANCED_FACE ( 'NONE', ( #311 ), #839, .T. ) ;
#1284 = CARTESIAN_POINT ( 'NONE',  ( -88.50000000000000000, -2.500000000000000000, -76.00000000000000000 ) ) ;
#1285 = CARTESIAN_POINT ( 'NONE',  ( -88.49999999999997158, -2.500000000000000000, 77.70000000000004547 ) ) ;
#1286 = ORIENTED_EDGE ( 'NONE', *, *, #115, .T. ) ;
#1287 = CARTESIAN_POINT ( 'NONE',  ( 93.00000000000001421, -5.000000000000000000, -80.50000000000000000 ) ) ;
#1288 = EDGE_CURVE ( 'NONE', #1528, #836, #1406, .T. ) ;
#1289 = ORIENTED_EDGE ( 'NONE', *, *, #1705, .F. ) ;
#1290 = DIRECTION ( 'NONE',  ( 0.000000000000000000, 1.000000000000000000, -0.000000000000000000 ) ) ;
#1291 = LINE ( 'NONE', #356, #871 ) ;
#1292 = CARTESIAN_POINT ( 'NONE',  ( 85.20910346561913684, -2.500000000000000000, -76.00000000000002842 ) ) ;
#1293 = ORIENTED_EDGE ( 'NONE', *, *, #891, .F. ) ;
#1294 = CARTESIAN_POINT ( 'NONE',  ( 85.20910346561913684, -2.500000000000000000, 76.00000000000002842 ) ) ;
#1295 = CARTESIAN_POINT ( 'NONE',  ( -88.49999999999997158, 3.000000000000000000, 76.00000000000005684 ) ) ;
#1296 = CARTESIAN_POINT ( 'NONE',  ( 82.50000000000000000, 0.000000000000000000, 70.00000000000000000 ) ) ;
#1297 = AXIS2_PLACEMENT_3D ( 'NONE', #765, #1594, #131 ) ;
#1298 = LINE ( 'NONE', #219, #1527 ) ;
#1299 = ORIENTED_EDGE ( 'NONE', *, *, #891, .T. ) ;
#1300 = AXIS2_PLACEMENT_3D ( 'NONE', #1591, #649, #506 ) ;
#1301 = COLOUR_RGB ( '',0.7921568627450980005, 0.8196078431372548767, 0.9333333333333333481 ) ;
#1302 = FACE_OUTER_BOUND ( 'NONE', #72, .T. ) ;
#1303 = CIRCLE ( 'NONE', #541, 1.699999999999993072 ) ;
#1304 = LINE ( 'NONE', #368, #1611 ) ;
#1305 = CARTESIAN_POINT ( 'NONE',  ( 82.50000000000000000, 0.000000000000000000, -70.00000000000000000 ) ) ;
#1306 = ORIENTED_EDGE ( 'NONE', *, *, #453, .T. ) ;
#1307 = LINE ( 'NONE', #1702, #1187 ) ;
#1308 = DIRECTION ( 'NONE',  ( 0.000000000000000000, 0.000000000000000000, 1.000000000000000000 ) ) ;
#1309 = EDGE_CURVE ( 'NONE', #1099, #370, #831, .T. ) ;
#1310 = ORIENTED_EDGE ( 'NONE', *, *, #444, .T. ) ;
#1311 = CARTESIAN_POINT ( 'NONE',  ( -88.50000000000000000, 3.000000000000000000, -76.00000000000000000 ) ) ;
#1312 = DIRECTION ( 'NONE',  ( 0.5000000000000003331, 0.000000000000000000, 0.8660254037844383745 ) ) ;
#1313 = ORIENTED_EDGE ( 'NONE', *, *, #1258, .F. ) ;
#1314 = DIRECTION ( 'NONE',  ( 0.000000000000000000, -1.000000000000000000, 0.000000000000000000 ) ) ;
#1315 = DIRECTION ( 'NONE',  ( 0.000000000000000000, 1.000000000000000000, 0.000000000000000000 ) ) ;
#1316 = ORIENTED_EDGE ( 'NONE', *, *, #425, .F. ) ;
#1317 = EDGE_CURVE ( 'NONE', #257, #398, #55, .T. ) ;
#1318 = CARTESIAN_POINT ( 'NONE',  ( -95.49999999999998579, -5.000000000000000000, -80.50000000000000000 ) ) ;
#1319 = VERTEX_POINT ( 'NONE', #585 ) ;
#1320 = LINE ( 'NONE', #201, #1220 ) ;
#1321 = ORIENTED_EDGE ( 'NONE', *, *, #947, .T. ) ;
#1322 = DIRECTION ( 'NONE',  ( 1.000000000000000000, -0.000000000000000000, 0.000000000000000000 ) ) ;
#1323 = SURFACE_STYLE_USAGE ( .BOTH. , #529 ) ;
#1324 = VERTEX_POINT ( 'NONE', #1124 ) ;
#1325 = AXIS2_PLACEMENT_3D ( 'NONE', #916, #1462, #908 ) ;
#1326 = DIRECTION ( 'NONE',  ( 0.000000000000000000, 0.000000000000000000, 1.000000000000000000 ) ) ;
#1327 = ORIENTED_EDGE ( 'NONE', *, *, #500, .F. ) ;
#1328 = AXIS2_PLACEMENT_3D ( 'NONE', #1568, #99, #1430 ) ;
#1329 = LINE ( 'NONE', #1065, #1249 ) ;
#1330 =( GEOMETRIC_REPRESENTATION_CONTEXT ( 3 ) GLOBAL_UNCERTAINTY_ASSIGNED_CONTEXT ( ( #392 ) ) GLOBAL_UNIT_ASSIGNED_CONTEXT ( ( #1375, #746, #614 ) ) REPRESENTATION_CONTEXT ( 'NONE', 'WORKASPACE' ) );
#1331 = EDGE_CURVE ( 'NONE', #1107, #1640, #1397, .T. ) ;
#1332 = VERTEX_POINT ( 'NONE', #465 ) ;
#1333 = CYLINDRICAL_SURFACE ( 'NONE', #1043, 2.000000000000001776 ) ;
#1334 = EDGE_LOOP ( 'NONE', ( #994, #422 ) ) ;
#1335 = LINE ( 'NONE', #137, #655 ) ;
#1336 = ORIENTED_EDGE ( 'NONE', *, *, #321, .F. ) ;
#1337 = CARTESIAN_POINT ( 'NONE',  ( -88.49999999999997158, 3.000000000000000000, 72.00000000000009948 ) ) ;
#1338 = EDGE_CURVE ( 'NONE', #1538, #1140, #710, .T. ) ;
#1339 = ORIENTED_EDGE ( 'NONE', *, *, #1040, .F. ) ;
#1340 = CARTESIAN_POINT ( 'NONE',  ( 0.000000000000000000, 0.000000000000000000, -82.50000000000000000 ) ) ;
#1341 = EDGE_CURVE ( 'NONE', #469, #553, #868, .T. ) ;
#1342 = FILL_AREA_STYLE_COLOUR ( '', #1301 ) ;
#1343 = ORIENTED_EDGE ( 'NONE', *, *, #115, .F. ) ;
#1344 = DIRECTION ( 'NONE',  ( -0.5000000000000003331, 0.000000000000000000, 0.8660254037844383745 ) ) ;
#1345 = EDGE_LOOP ( 'NONE', ( #669, #1638 ) ) ;
#1346 = DIRECTION ( 'NONE',  ( 0.000000000000000000, 1.000000000000000000, 0.000000000000000000 ) ) ;
#1347 = ORIENTED_EDGE ( 'NONE', *, *, #279, .F. ) ;
#1348 = EDGE_CURVE ( 'NONE', #1538, #108, #1039, .T. ) ;
#1349 = VECTOR ( 'NONE', #619, 1000.000000000000000 ) ;
#1350 = PLANE ( 'NONE',  #1273 ) ;
#1351 = ORIENTED_EDGE ( 'NONE', *, *, #129, .F. ) ;
#1352 = CIRCLE ( 'NONE', #203, 2.000000000000001776 ) ;
#1353 = DIRECTION ( 'NONE',  ( -1.000000000000000000, 0.000000000000000000, -0.000000000000000000 ) ) ;
#1354 = VECTOR ( 'NONE', #269, 1000.000000000000000 ) ;
#1355 = ORIENTED_EDGE ( 'NONE', *, *, #1736, .T. ) ;
#1356 = PLANE ( 'NONE',  #683 ) ;
#1357 = AXIS2_PLACEMENT_3D ( 'NONE', #1057, #157, #1461 ) ;
#1358 = PLANE ( 'NONE',  #1219 ) ;
#1359 = EDGE_CURVE ( 'NONE', #215, #802, #1304, .T. ) ;
#1360 = LINE ( 'NONE', #978, #403 ) ;
#1361 = ORIENTED_EDGE ( 'NONE', *, *, #1626, .F. ) ;
#1362 = EDGE_CURVE ( 'NONE', #77, #1627, #158, .T. ) ;
#1363 = ORIENTED_EDGE ( 'NONE', *, *, #435, .T. ) ;
#1364 = FACE_BOUND ( 'NONE', #1227, .T. ) ;
#1365 = DIRECTION ( 'NONE',  ( 0.000000000000000000, 1.000000000000000000, 0.000000000000000000 ) ) ;
#1366 = CARTESIAN_POINT ( 'NONE',  ( 5.887546342709165934E-15, -5.000000000000000000, 70.00000000000001421 ) ) ;
#1367 = ORIENTED_EDGE ( 'NONE', *, *, #1725, .T. ) ;
#1368 = EDGE_CURVE ( 'NONE', #1324, #553, #214, .T. ) ;
#1369 = CYLINDRICAL_SURFACE ( 'NONE', #656, 3.999999999999948042 ) ;
#1370 = ORIENTED_EDGE ( 'NONE', *, *, #142, .F. ) ;
#1371 = CARTESIAN_POINT ( 'NONE',  ( 30.99786225540545104, -5.000000000000000000, -17.89662411746136073 ) ) ;
#1372 = PLANE ( 'NONE',  #199 ) ;
#1373 = FACE_OUTER_BOUND ( 'NONE', #1248, .T. ) ;
#1374 = ORIENTED_EDGE ( 'NONE', *, *, #335, .F. ) ;
#1375 =( LENGTH_UNIT ( ) NAMED_UNIT ( * ) SI_UNIT ( .MILLI., .METRE. ) );
#1376 = VECTOR ( 'NONE', #901, 1000.000000000000000 ) ;
#1377 = AXIS2_PLACEMENT_3D ( 'NONE', #751, #1290, #1126 ) ;
#1378 = DIRECTION ( 'NONE',  ( -0.000000000000000000, 0.000000000000000000, 1.000000000000000000 ) ) ;
#1379 = VERTEX_POINT ( 'NONE', #1417 ) ;
#1380 = CARTESIAN_POINT ( 'NONE',  ( 95.00000000000001421, -5.000000000000000000, -73.15000000000003411 ) ) ;
#1381 = VECTOR ( 'NONE', #1265, 1000.000000000000000 ) ;
#1382 = CARTESIAN_POINT ( 'NONE',  ( 0.000000000000000000, -2.500000000000000000, 0.000000000000000000 ) ) ;
#1383 = AXIS2_PLACEMENT_3D ( 'NONE', #1571, #224, #1453 ) ;
#1384 = CARTESIAN_POINT ( 'NONE',  ( -82.49999999999997158, 0.000000000000000000, 70.00000000000001421 ) ) ;
#1385 = ORIENTED_EDGE ( 'NONE', *, *, #1258, .T. ) ;
#1386 = CARTESIAN_POINT ( 'NONE',  ( 86.85455173280956842, -2.500000000000000000, -73.15000000000003411 ) ) ;
#1387 = CARTESIAN_POINT ( 'NONE',  ( 0.000000000000000000, -5.000000000000000000, -82.50000000000000000 ) ) ;
#1388 = ORIENTED_EDGE ( 'NONE', *, *, #321, .T. ) ;
#1389 = CARTESIAN_POINT ( 'NONE',  ( -95.49999999999998579, 0.000000000000000000, 80.50000000000000000 ) ) ;
#1390 = EDGE_CURVE ( 'NONE', #146, #1467, #888, .T. ) ;
#1391 = ORIENTED_EDGE ( 'NONE', *, *, #510, .F. ) ;
#1392 = CARTESIAN_POINT ( 'NONE',  ( 96.81579294302301264, -5.000000000000000000, -55.89662411746145665 ) ) ;
#1393 = ADVANCED_FACE ( 'NONE', ( #103, #636 ), #472, .T. ) ;
#1394 = CARTESIAN_POINT ( 'NONE',  ( -88.49999999999997158, -2.500000000000000000, 76.00000000000005684 ) ) ;
#1395 = ORIENTED_EDGE ( 'NONE', *, *, #1368, .F. ) ;
#1396 = DIRECTION ( 'NONE',  ( -0.5000000000000003331, 0.000000000000000000, -0.8660254037844383745 ) ) ;
#1397 = LINE ( 'NONE', #193, #1134 ) ;
#1398 = VERTEX_POINT ( 'NONE', #92 ) ;
#1399 = LINE ( 'NONE', #890, #652 ) ;
#1400 = CARTESIAN_POINT ( 'NONE',  ( -88.49999999999997158, 0.000000000000000000, 76.00000000000005684 ) ) ;
#1401 = CARTESIAN_POINT ( 'NONE',  ( 88.50000000000000000, -2.500000000000000000, -76.00000000000002842 ) ) ;
#1402 = ORIENTED_EDGE ( 'NONE', *, *, #955, .F. ) ;
#1403 = CARTESIAN_POINT ( 'NONE',  ( -82.49999999999997158, -5.000000000000000000, 70.00000000000001421 ) ) ;
#1404 = CARTESIAN_POINT ( 'NONE',  ( 86.85455173280958263, -5.000000000000000000, 78.85000000000003695 ) ) ;
#1405 = VECTOR ( 'NONE', #1186, 1000.000000000000000 ) ;
#1406 = LINE ( 'NONE', #701, #1636 ) ;
#1407 = ORIENTED_EDGE ( 'NONE', *, *, #153, .T. ) ;
#1408 = CARTESIAN_POINT ( 'NONE',  ( 95.00000000000001421, -5.000000000000000000, -78.85000000000003695 ) ) ;
#1409 = VECTOR ( 'NONE', #1145, 1000.000000000000000 ) ;
#1410 = DIRECTION ( 'NONE',  ( -0.000000000000000000, -1.000000000000000000, -0.000000000000000000 ) ) ;
#1411 = AXIS2_PLACEMENT_3D ( 'NONE', #859, #1378, #282 ) ;
#1412 = DIRECTION ( 'NONE',  ( -0.000000000000000000, -1.000000000000000000, 0.000000000000000000 ) ) ;
#1413 = AXIS2_PLACEMENT_3D ( 'NONE', #605, #471, #1011 ) ;
#1414 = ORIENTED_EDGE ( 'NONE', *, *, #1317, .T. ) ;
#1415 = ADVANCED_FACE ( 'NONE', ( #1578 ), #1033, .F. ) ;
#1416 = CARTESIAN_POINT ( 'NONE',  ( 88.50000000000000000, 3.000000000000000000, 79.99999999999997158 ) ) ;
#1417 = CARTESIAN_POINT ( 'NONE',  ( 88.50000000000000000, 0.000000000000000000, 72.00000000000007105 ) ) ;
#1418 = ADVANCED_BREP_SHAPE_REPRESENTATION ( '07-15powerSlot', ( #1147, #1225 ), #1330 ) ;
#1419 = EDGE_LOOP ( 'NONE', ( #238, #650, #337, #306, #1339, #1361, #1608, #524, #753, #1502, #1388, #446, #1588, #886, #1633, #1306, #1189, #159, #1270, #648, #767, #852, #860, #1170, #312, #1642, #302, #250 ) ) ;
#1420 = CARTESIAN_POINT ( 'NONE',  ( 0.000000000000000000, -2.500000000000000000, 73.15000000000003411 ) ) ;
#1421 = CARTESIAN_POINT ( 'NONE',  ( -95.49999999999998579, -5.000000000000000000, -78.85000000000000853 ) ) ;
#1422 = CARTESIAN_POINT ( 'NONE',  ( 88.50000000000000000, 3.000000000000000000, -76.00000000000002842 ) ) ;
#1423 = ORIENTED_EDGE ( 'NONE', *, *, #1727, .F. ) ;
#1424 = LINE ( 'NONE', #221, #1100 ) ;
#1425 = EDGE_CURVE ( 'NONE', #894, #1211, #1551, .T. ) ;
#1426 = DIRECTION ( 'NONE',  ( 0.000000000000000000, 1.000000000000000000, -0.000000000000000000 ) ) ;
#1427 = EDGE_LOOP ( 'NONE', ( #522, #1087, #1575, #184 ) ) ;
#1428 = CARTESIAN_POINT ( 'NONE',  ( -86.85455173280958263, -5.000000000000000000, 73.15000000000000568 ) ) ;
#1429 = CARTESIAN_POINT ( 'NONE',  ( -85.20910346561915105, -2.500000000000000000, -76.00000000000000000 ) ) ;
#1430 = DIRECTION ( 'NONE',  ( 0.000000000000000000, 0.000000000000000000, 1.000000000000000000 ) ) ;
#1431 = ORIENTED_EDGE ( 'NONE', *, *, #1668, .T. ) ;
#1432 = DIRECTION ( 'NONE',  ( 0.000000000000000000, 0.000000000000000000, 1.000000000000000000 ) ) ;
#1433 = CARTESIAN_POINT ( 'NONE',  ( 95.00000000000001421, 0.000000000000000000, -0.000000000000000000 ) ) ;
#1434 = CARTESIAN_POINT ( 'NONE',  ( -86.85455173280956842, -5.000000000000000000, -73.15000000000000568 ) ) ;
#1435 = ORIENTED_EDGE ( 'NONE', *, *, #1182, .T. ) ;
#1436 = VECTOR ( 'NONE', #1503, 1000.000000000000114 ) ;
#1437 = DIRECTION ( 'NONE',  ( -0.000000000000000000, -1.000000000000000000, -0.000000000000000000 ) ) ;
#1438 = DIRECTION ( 'NONE',  ( 0.000000000000000000, 1.000000000000000000, -0.000000000000000000 ) ) ;
#1439 = ORIENTED_EDGE ( 'NONE', *, *, #1150, .T. ) ;
#1440 = VECTOR ( 'NONE', #1570, 1000.000000000000000 ) ;
#1441 = AXIS2_PLACEMENT_3D ( 'NONE', #950, #322, #1242 ) ;
#1442 = LINE ( 'NONE', #604, #509 ) ;
#1443 = FACE_OUTER_BOUND ( 'NONE', #1427, .T. ) ;
#1444 = CARTESIAN_POINT ( 'NONE',  ( -88.50000000000000000, 0.000000000000000000, -79.99999999999994316 ) ) ;
#1445 = ORIENTED_EDGE ( 'NONE', *, *, #1072, .T. ) ;
#1446 = DIRECTION ( 'NONE',  ( 0.000000000000000000, 0.000000000000000000, 1.000000000000000000 ) ) ;
#1447 = ADVANCED_FACE ( 'NONE', ( #615, #1688 ), #484, .F. ) ;
#1448 = CARTESIAN_POINT ( 'NONE',  ( 95.00000000000001421, -2.500000000000000000, -0.000000000000000000 ) ) ;
#1449 = ORIENTED_EDGE ( 'NONE', *, *, #929, .F. ) ;
#1450 = ADVANCED_FACE ( 'NONE', ( #1443 ), #1564, .T. ) ;
#1451 = DIRECTION ( 'NONE',  ( 0.000000000000000000, 1.000000000000000000, -0.000000000000000000 ) ) ;
#1452 = DIRECTION ( 'NONE',  ( 0.000000000000000000, 0.000000000000000000, 1.000000000000000000 ) ) ;
#1453 = DIRECTION ( 'NONE',  ( 1.000000000000000000, 0.000000000000000000, 0.000000000000000000 ) ) ;
#1454 = ORIENTED_EDGE ( 'NONE', *, *, #456, .F. ) ;
#1455 = CARTESIAN_POINT ( 'NONE',  ( 0.000000000000000000, -5.000000000000000000, 0.000000000000000000 ) ) ;
#1456 = CARTESIAN_POINT ( 'NONE',  ( 86.85455173280956842, -5.000000000000000000, -73.15000000000003411 ) ) ;
#1457 = ORIENTED_EDGE ( 'NONE', *, *, #606, .F. ) ;
#1458 = DIRECTION ( 'NONE',  ( 0.000000000000000000, 0.000000000000000000, 1.000000000000000000 ) ) ;
#1459 = EDGE_LOOP ( 'NONE', ( #1385, #1679 ) ) ;
#1460 = EDGE_CURVE ( 'NONE', #1507, #128, #1051, .T. ) ;
#1461 = DIRECTION ( 'NONE',  ( 0.000000000000000000, 0.000000000000000000, 1.000000000000000000 ) ) ;
#1462 = DIRECTION ( 'NONE',  ( -0.000000000000000000, -1.000000000000000000, -0.000000000000000000 ) ) ;
#1463 = PRODUCT_DEFINITION_CONTEXT ( 'detailed design', #41, 'design' ) ;
#1464 = VERTEX_POINT ( 'NONE', #423 ) ;
#1465 = LINE ( 'NONE', #1340, #449 ) ;
#1466 = DIRECTION ( 'NONE',  ( 1.000000000000000000, -0.000000000000000000, 0.000000000000000000 ) ) ;
#1467 = VERTEX_POINT ( 'NONE', #1723 ) ;
#1468 = AXIS2_PLACEMENT_3D ( 'NONE', #1639, #713, #975 ) ;
#1469 = CARTESIAN_POINT ( 'NONE',  ( 0.000000000000000000, -2.500000000000000000, -78.85000000000003695 ) ) ;
#1470 = AXIS2_PLACEMENT_3D ( 'NONE', #1366, #26, #971 ) ;
#1471 = ORIENTED_EDGE ( 'NONE', *, *, #1007, .T. ) ;
#1472 = ADVANCED_FACE ( 'NONE', ( #1602 ), #1091, .F. ) ;
#1473 = VECTOR ( 'NONE', #1205, 1000.000000000000000 ) ;
#1474 = CARTESIAN_POINT ( 'NONE',  ( 0.000000000000000000, -5.000000000000000000, -78.85000000000003695 ) ) ;
#1475 = AXIS2_PLACEMENT_3D ( 'NONE', #443, #46, #1686 ) ;
#1476 = EDGE_CURVE ( 'NONE', #1528, #1018, #534, .T. ) ;
#1477 = VERTEX_POINT ( 'NONE', #1499 ) ;
#1478 = PLANE ( 'NONE',  #843 ) ;
#1479 = DIRECTION ( 'NONE',  ( 0.000000000000000000, 0.000000000000000000, -1.000000000000000000 ) ) ;
#1480 = ORIENTED_EDGE ( 'NONE', *, *, #425, .T. ) ;
#1481 = DIRECTION ( 'NONE',  ( 1.000000000000000000, 0.000000000000000000, 0.000000000000000000 ) ) ;
#1482 = EDGE_LOOP ( 'NONE', ( #191, #56, #612, #290 ) ) ;
#1483 = DIRECTION ( 'NONE',  ( -0.000000000000000000, 0.000000000000000000, 1.000000000000000000 ) ) ;
#1484 = DIRECTION ( 'NONE',  ( 1.000000000000000000, -0.000000000000000000, 0.000000000000000000 ) ) ;
#1485 = VERTEX_POINT ( 'NONE', #1085 ) ;
#1486 = LINE ( 'NONE', #1469, #1660 ) ;
#1487 = ORIENTED_EDGE ( 'NONE', *, *, #749, .F. ) ;
#1488 = CYLINDRICAL_SURFACE ( 'NONE', #407, 3.999999999999948042 ) ;
#1489 = ORIENTED_EDGE ( 'NONE', *, *, #326, .F. ) ;
#1490 = PLANE ( 'NONE',  #1128 ) ;
#1491 = EDGE_CURVE ( 'NONE', #682, #1603, #1329, .T. ) ;
#1492 = FACE_OUTER_BOUND ( 'NONE', #961, .T. ) ;
#1493 = EDGE_CURVE ( 'NONE', #709, #1148, #286, .T. ) ;
#1494 = AXIS2_PLACEMENT_3D ( 'NONE', #1284, #96, #496 ) ;
#1495 = FACE_OUTER_BOUND ( 'NONE', #616, .T. ) ;
#1496 = ORIENTED_EDGE ( 'NONE', *, *, #303, .F. ) ;
#1497 = VECTOR ( 'NONE', #216, 1000.000000000000000 ) ;
#1498 = VECTOR ( 'NONE', #18, 1000.000000000000114 ) ;
#1499 = CARTESIAN_POINT ( 'NONE',  ( -86.85455173280958263, -2.500000000000000000, 78.85000000000000853 ) ) ;
#1500 = AXIS2_PLACEMENT_3D ( 'NONE', #980, #1269, #186 ) ;
#1501 = CIRCLE ( 'NONE', #1357, 3.999999999999948042 ) ;
#1502 = ORIENTED_EDGE ( 'NONE', *, *, #573, .T. ) ;
#1503 = DIRECTION ( 'NONE',  ( 0.5000000000000016653, 0.000000000000000000, 0.8660254037844375974 ) ) ;
#1504 = EDGE_CURVE ( 'NONE', #1617, #826, #945, .T. ) ;
#1505 = DIRECTION ( 'NONE',  ( 0.8660254037844384856, 0.000000000000000000, -0.5000000000000004441 ) ) ;
#1506 = EDGE_CURVE ( 'NONE', #503, #433, #909, .T. ) ;
#1507 = VERTEX_POINT ( 'NONE', #1337 ) ;
#1508 = ORIENTED_EDGE ( 'NONE', *, *, #838, .T. ) ;
#1509 = FACE_OUTER_BOUND ( 'NONE', #1223, .T. ) ;
#1510 = ORIENTED_EDGE ( 'NONE', *, *, #1523, .T. ) ;
#1511 = DIRECTION ( 'NONE',  ( 0.000000000000000000, 1.000000000000000000, 0.000000000000000000 ) ) ;
#1512 = ORIENTED_EDGE ( 'NONE', *, *, #1241, .T. ) ;
#1513 = EDGE_CURVE ( 'NONE', #836, #442, #1210, .T. ) ;
#1514 = DIRECTION ( 'NONE',  ( -0.000000000000000000, -1.000000000000000000, -0.000000000000000000 ) ) ;
#1515 = EDGE_LOOP ( 'NONE', ( #691, #1092, #164, #1445 ) ) ;
#1516 = CARTESIAN_POINT ( 'NONE',  ( -30.99786225540546525, -2.500000000000000000, 17.89662411746136783 ) ) ;
#1517 = FACE_OUTER_BOUND ( 'NONE', #1077, .T. ) ;
#1518 = PLANE ( 'NONE',  #537 ) ;
#1519 = ORIENTED_EDGE ( 'NONE', *, *, #1348, .T. ) ;
#1520 = DIRECTION ( 'NONE',  ( 1.000000000000000000, 0.000000000000000000, 0.000000000000000000 ) ) ;
#1521 = ADVANCED_FACE ( 'NONE', ( #790, #278 ), #672, .F. ) ;
#1522 = FACE_OUTER_BOUND ( 'NONE', #150, .T. ) ;
#1523 = EDGE_CURVE ( 'NONE', #543, #709, #1593, .T. ) ;
#1524 = ORIENTED_EDGE ( 'NONE', *, *, #664, .T. ) ;
#1525 = VECTOR ( 'NONE', #416, 1000.000000000000000 ) ;
#1526 = FACE_OUTER_BOUND ( 'NONE', #1229, .T. ) ;
#1527 = VECTOR ( 'NONE', #1684, 1000.000000000000114 ) ;
#1528 = VERTEX_POINT ( 'NONE', #261 ) ;
#1529 = VECTOR ( 'NONE', #813, 1000.000000000000000 ) ;
#1530 = CARTESIAN_POINT ( 'NONE',  ( -86.85455173280959684, -5.000000000000000000, -78.85000000000000853 ) ) ;
#1531 = EDGE_LOOP ( 'NONE', ( #1534, #1042, #599, #1622 ) ) ;
#1532 = DIRECTION ( 'NONE',  ( 0.000000000000000000, 1.000000000000000000, -0.000000000000000000 ) ) ;
#1533 = DIRECTION ( 'NONE',  ( 0.5000000000000003331, 0.000000000000000000, 0.8660254037844383745 ) ) ;
#1534 = ORIENTED_EDGE ( 'NONE', *, *, #758, .F. ) ;
#1535 = DIRECTION ( 'NONE',  ( 0.000000000000000000, 1.000000000000000000, 0.000000000000000000 ) ) ;
#1536 = ADVANCED_FACE ( 'NONE', ( #690 ), #825, .T. ) ;
#1537 = DIRECTION ( 'NONE',  ( -0.8660254037844377084, 0.000000000000000000, -0.5000000000000016653 ) ) ;
#1538 = VERTEX_POINT ( 'NONE', #271 ) ;
#1539 = CARTESIAN_POINT ( 'NONE',  ( -88.50000000000000000, -2.500000000000000000, -77.69999999999998863 ) ) ;
#1540 = DIRECTION ( 'NONE',  ( 0.000000000000000000, 1.000000000000000000, -0.000000000000000000 ) ) ;
#1541 = VERTEX_POINT ( 'NONE', #116 ) ;
#1542 = LINE ( 'NONE', #1014, #1497 ) ;
#1543 = VERTEX_POINT ( 'NONE', #418 ) ;
#1544 = LINE ( 'NONE', #343, #1376 ) ;
#1545 = ADVANCED_FACE ( 'NONE', ( #1610 ), #545, .T. ) ;
#1546 = DIRECTION ( 'NONE',  ( -1.000000000000000000, 0.000000000000000000, -5.894025437807968617E-15 ) ) ;
#1547 = EDGE_LOOP ( 'NONE', ( #972, #976, #428, #841, #1581, #607, #1656, #272, #728, #775, #1343, #324 ) ) ;
#1548 = EDGE_CURVE ( 'NONE', #1379, #1464, #1501, .T. ) ;
#1549 = CARTESIAN_POINT ( 'NONE',  ( 96.81579294302301264, -5.000000000000000000, -55.89662411746145665 ) ) ;
#1550 = CIRCLE ( 'NONE', #704, 2.000000000000001776 ) ;
#1551 = LINE ( 'NONE', #1433, #881 ) ;
#1552 = ORIENTED_EDGE ( 'NONE', *, *, #478, .F. ) ;
#1553 = DIRECTION ( 'NONE',  ( 0.000000000000000000, 1.000000000000000000, 0.000000000000000000 ) ) ;
#1554 = AXIS2_PLACEMENT_3D ( 'NONE', #113, #1190, #515 ) ;
#1555 = CARTESIAN_POINT ( 'NONE',  ( 86.85455173280956842, -2.500000000000000000, 73.15000000000003411 ) ) ;
#1556 = AXIS2_PLACEMENT_3D ( 'NONE', #621, #1695, #490 ) ;
#1557 = EDGE_CURVE ( 'NONE', #1206, #1332, #954, .T. ) ;
#1558 = CARTESIAN_POINT ( 'NONE',  ( 93.00000000000001421, -5.000000000000000000, -82.50000000000000000 ) ) ;
#1559 = CIRCLE ( 'NONE', #1105, 1.699999999999993072 ) ;
#1560 = ORIENTED_EDGE ( 'NONE', *, *, #1493, .F. ) ;
#1561 = ADVANCED_FACE ( 'NONE', ( #680 ), #1488, .T. ) ;
#1562 = FACE_OUTER_BOUND ( 'NONE', #285, .T. ) ;
#1563 = PLANE ( 'NONE',  #1475 ) ;
#1564 = PLANE ( 'NONE',  #210 ) ;
#1565 = ORIENTED_EDGE ( 'NONE', *, *, #955, .T. ) ;
#1566 = DIRECTION ( 'NONE',  ( 0.000000000000000000, 1.000000000000000000, 0.000000000000000000 ) ) ;
#1567 = FACE_OUTER_BOUND ( 'NONE', #1595, .T. ) ;
#1568 = CARTESIAN_POINT ( 'NONE',  ( -88.49999999999997158, -2.500000000000000000, 76.00000000000005684 ) ) ;
#1569 = EDGE_LOOP ( 'NONE', ( #1351, #1313, #353, #346 ) ) ;
#1570 = DIRECTION ( 'NONE',  ( 0.000000000000000000, 1.000000000000000000, 0.000000000000000000 ) ) ;
#1571 = CARTESIAN_POINT ( 'NONE',  ( 0.000000000000000000, -5.000000000000000000, -73.15000000000003411 ) ) ;
#1572 = CARTESIAN_POINT ( 'NONE',  ( -93.49999999999998579, -5.000000000000000000, 80.50000000000000000 ) ) ;
#1573 = CARTESIAN_POINT ( 'NONE',  ( -95.49999999999998579, -5.000000000000000000, -73.15000000000000568 ) ) ;
#1574 = DIRECTION ( 'NONE',  ( 1.000000000000000000, 0.000000000000000000, -8.410780489584520404E-17 ) ) ;
#1575 = ORIENTED_EDGE ( 'NONE', *, *, #838, .F. ) ;
#1576 = DIRECTION ( 'NONE',  ( -1.000000000000000000, 0.000000000000000000, -7.775321913193637847E-15 ) ) ;
#1577 = EDGE_CURVE ( 'NONE', #869, #1068, #1201, .T. ) ;
#1578 = FACE_OUTER_BOUND ( 'NONE', #362, .T. ) ;
#1579 = ORIENTED_EDGE ( 'NONE', *, *, #1182, .F. ) ;
#1580 = LINE ( 'NONE', #776, #793 ) ;
#1581 = ORIENTED_EDGE ( 'NONE', *, *, #969, .F. ) ;
#1582 = VECTOR ( 'NONE', #1641, 1000.000000000000000 ) ;
#1583 = PRODUCT_DEFINITION ( 'UNKNOWN', '', #687, #1463 ) ;
#1584 = VECTOR ( 'NONE', #1703, 1000.000000000000000 ) ;
#1585 = CARTESIAN_POINT ( 'NONE',  ( -95.49999999999998579, -5.000000000000000000, 0.000000000000000000 ) ) ;
#1586 = AXIS2_PLACEMENT_3D ( 'NONE', #748, #1426, #83 ) ;
#1587 = DIRECTION ( 'NONE',  ( -0.000000000000000000, -1.000000000000000000, 0.000000000000000000 ) ) ;
#1588 = ORIENTED_EDGE ( 'NONE', *, *, #969, .T. ) ;
#1589 = DIRECTION ( 'NONE',  ( 0.000000000000000000, 0.000000000000000000, 1.000000000000000000 ) ) ;
#1590 = ORIENTED_EDGE ( 'NONE', *, *, #387, .F. ) ;
#1591 = CARTESIAN_POINT ( 'NONE',  ( -88.49999999999997158, 3.000000000000000000, 76.00000000000005684 ) ) ;
#1592 = ORIENTED_EDGE ( 'NONE', *, *, #303, .T. ) ;
#1593 = LINE ( 'NONE', #1194, #296 ) ;
#1594 = DIRECTION ( 'NONE',  ( -0.000000000000000000, -1.000000000000000000, -0.000000000000000000 ) ) ;
#1595 = EDGE_LOOP ( 'NONE', ( #220, #254, #1198, #1232 ) ) ;
#1596 = CARTESIAN_POINT ( 'NONE',  ( -88.50000000000000000, 3.000000000000000000, -76.00000000000000000 ) ) ;
#1597 =( NAMED_UNIT ( * ) SI_UNIT ( $, .STERADIAN. ) SOLID_ANGLE_UNIT ( ) );
#1598 = ADVANCED_FACE ( 'NONE', ( #1122 ), #1657, .T. ) ;
#1599 = VERTEX_POINT ( 'NONE', #985 ) ;
#1600 = DIRECTION ( 'NONE',  ( -0.000000000000000000, -1.000000000000000000, -0.000000000000000000 ) ) ;
#1601 = ORIENTED_EDGE ( 'NONE', *, *, #335, .T. ) ;
#1602 = FACE_OUTER_BOUND ( 'NONE', #948, .T. ) ;
#1603 = VERTEX_POINT ( 'NONE', #1259 ) ;
#1604 = AXIS2_PLACEMENT_3D ( 'NONE', #426, #990, #968 ) ;
#1605 = CARTESIAN_POINT ( 'NONE',  ( -93.49999999999998579, -5.000000000000000000, 82.50000000000000000 ) ) ;
#1606 = CARTESIAN_POINT ( 'NONE',  ( 93.00000000000001421, 0.000000000000000000, -82.50000000000000000 ) ) ;
#1607 = AXIS2_PLACEMENT_3D ( 'NONE', #348, #880, #754 ) ;
#1608 = ORIENTED_EDGE ( 'NONE', *, *, #1309, .T. ) ;
#1609 = AXIS2_PLACEMENT_3D ( 'NONE', #71, #1537, #864 ) ;
#1610 = FACE_OUTER_BOUND ( 'NONE', #733, .T. ) ;
#1611 = VECTOR ( 'NONE', #1183, 1000.000000000000000 ) ;
#1612 = EDGE_LOOP ( 'NONE', ( #622, #1289 ) ) ;
#1613 = CARTESIAN_POINT ( 'NONE',  ( 0.000000000000000000, -2.500000000000000000, 0.000000000000000000 ) ) ;
#1614 = CARTESIAN_POINT ( 'NONE',  ( -93.49999999999998579, 0.000000000000000000, -80.50000000000000000 ) ) ;
#1615 = ORIENTED_EDGE ( 'NONE', *, *, #3, .T. ) ;
#1616 = CARTESIAN_POINT ( 'NONE',  ( -88.50000000000000000, -2.500000000000000000, -77.69999999999998863 ) ) ;
#1617 = VERTEX_POINT ( 'NONE', #1667 ) ;
#1618 = DIRECTION ( 'NONE',  ( -0.5000000000000016653, 0.000000000000000000, 0.8660254037844375974 ) ) ;
#1619 = EDGE_CURVE ( 'NONE', #108, #1398, #821, .T. ) ;
#1620 = ORIENTED_EDGE ( 'NONE', *, *, #725, .T. ) ;
#1621 = FACE_BOUND ( 'NONE', #812, .T. ) ;
#1622 = ORIENTED_EDGE ( 'NONE', *, *, #618, .F. ) ;
#1623 = CARTESIAN_POINT ( 'NONE',  ( 0.000000000000000000, 0.000000000000000000, -70.00000000000000000 ) ) ;
#1624 = EDGE_LOOP ( 'NONE', ( #176, #796, #953, #459 ) ) ;
#1625 = CARTESIAN_POINT ( 'NONE',  ( -82.50000000000000000, -5.000000000000000000, -70.00000000000000000 ) ) ;
#1626 = EDGE_CURVE ( 'NONE', #1099, #1278, #73, .T. ) ;
#1627 = VERTEX_POINT ( 'NONE', #1115 ) ;
#1628 = CARTESIAN_POINT ( 'NONE',  ( 0.000000000000000000, 3.000000000000000000, 0.000000000000000000 ) ) ;
#1629 = ADVANCED_FACE ( 'NONE', ( #452 ), #1563, .T. ) ;
#1630 = DIRECTION ( 'NONE',  ( 0.000000000000000000, 1.000000000000000000, 0.000000000000000000 ) ) ;
#1631 = CLOSED_SHELL ( 'NONE', ( #1561, #558, #1598, #973, #1023, #854, #1214, #149, #334, #899, #714, #1062, #581, #544, #1536, #1472, #532, #412, #1545, #1450, #52, #1415, #1647, #808, #896, #771, #22, #1217, #20, #1283, #1629, #300, #863, #258, #28, #13, #1060, #1521, #999, #1447, #502, #227, #1267, #350, #552, #388, #1256, #1393, #677, #747, #667, #9, #74, #223 ) ) ;
#1632 = FACE_OUTER_BOUND ( 'NONE', #477, .T. ) ;
#1633 = ORIENTED_EDGE ( 'NONE', *, *, #1317, .F. ) ;
#1634 = VECTOR ( 'NONE', #342, 1000.000000000000000 ) ;
#1635 = VECTOR ( 'NONE', #1326, 1000.000000000000000 ) ;
#1636 = VECTOR ( 'NONE', #1533, 1000.000000000000114 ) ;
#1637 = AXIS2_PLACEMENT_3D ( 'NONE', #130, #14, #1353 ) ;
#1638 = ORIENTED_EDGE ( 'NONE', *, *, #252, .F. ) ;
#1639 = CARTESIAN_POINT ( 'NONE',  ( 0.000000000000000000, 3.000000000000000000, 0.000000000000000000 ) ) ;
#1640 = VERTEX_POINT ( 'NONE', #1386 ) ;
#1641 = DIRECTION ( 'NONE',  ( 1.000000000000000000, -0.000000000000000000, 0.000000000000000000 ) ) ;
#1642 = ORIENTED_EDGE ( 'NONE', *, *, #1031, .T. ) ;
#1643 = LINE ( 'NONE', #1387, #1275 ) ;
#1644 = ORIENTED_EDGE ( 'NONE', *, *, #1338, .T. ) ;
#1645 = CARTESIAN_POINT ( 'NONE',  ( -85.20910346561915105, -5.000000000000000000, -76.00000000000000000 ) ) ;
#1646 = CARTESIAN_POINT ( 'NONE',  ( -93.49999999999998579, 0.000000000000000000, -82.50000000000000000 ) ) ;
#1647 = ADVANCED_FACE ( 'NONE', ( #837 ), #995, .T. ) ;
#1648 = LINE ( 'NONE', #574, #846 ) ;
#1649 = ORIENTED_EDGE ( 'NONE', *, *, #632, .F. ) ;
#1650 = CARTESIAN_POINT ( 'NONE',  ( 88.50000000000000000, 3.000000000000000000, 76.00000000000002842 ) ) ;
#1651 = CARTESIAN_POINT ( 'NONE',  ( -82.49999999999998579, -5.000000000000000000, 1.635596420206703652E-14 ) ) ;
#1652 = ORIENTED_EDGE ( 'NONE', *, *, #1476, .F. ) ;
#1653 = DIRECTION ( 'NONE',  ( 0.000000000000000000, 1.000000000000000000, -0.000000000000000000 ) ) ;
#1654 = DIRECTION ( 'NONE',  ( -1.000000000000000000, 0.000000000000000000, 0.000000000000000000 ) ) ;
#1655 = CARTESIAN_POINT ( 'NONE',  ( -96.81579294302301264, -2.500000000000000000, 55.89662411746145665 ) ) ;
#1656 = ORIENTED_EDGE ( 'NONE', *, *, #1207, .F. ) ;
#1657 = CYLINDRICAL_SURFACE ( 'NONE', #1049, 3.999999999999948042 ) ;
#1658 = CARTESIAN_POINT ( 'NONE',  ( 85.20910346561913684, -5.000000000000000000, -76.00000000000002842 ) ) ;
#1659 = ORIENTED_EDGE ( 'NONE', *, *, #1577, .F. ) ;
#1660 = VECTOR ( 'NONE', #109, 1000.000000000000000 ) ;
#1661 = CARTESIAN_POINT ( 'NONE',  ( 85.20910346561913684, -5.000000000000000000, 76.00000000000002842 ) ) ;
#1662 = CIRCLE ( 'NONE', #1500, 3.999999999999948042 ) ;
#1663 = FACE_OUTER_BOUND ( 'NONE', #889, .T. ) ;
#1664 = CARTESIAN_POINT ( 'NONE',  ( -95.49999999999998579, -5.000000000000000000, 73.15000000000000568 ) ) ;
#1665 = ORIENTED_EDGE ( 'NONE', *, *, #1031, .F. ) ;
#1666 = CARTESIAN_POINT ( 'NONE',  ( -95.49999999999998579, -2.500000000000000000, 0.000000000000000000 ) ) ;
#1667 = CARTESIAN_POINT ( 'NONE',  ( -95.49999999999998579, -2.500000000000000000, 73.15000000000000568 ) ) ;
#1668 = EDGE_CURVE ( 'NONE', #1398, #108, #294, .T. ) ;
#1669 = DIRECTION ( 'NONE',  ( 0.000000000000000000, 0.000000000000000000, -1.000000000000000000 ) ) ;
#1670 = VERTEX_POINT ( 'NONE', #1146 ) ;
#1671 = CARTESIAN_POINT ( 'NONE',  ( -30.99786225540546525, -5.000000000000000000, 17.89662411746136783 ) ) ;
#1672 = ORIENTED_EDGE ( 'NONE', *, *, #217, .F. ) ;
#1673 = CARTESIAN_POINT ( 'NONE',  ( -88.49999999999997158, 3.000000000000000000, 80.00000000000000000 ) ) ;
#1674 = DIRECTION ( 'NONE',  ( 0.000000000000000000, 0.000000000000000000, -1.000000000000000000 ) ) ;
#1675 = ORIENTED_EDGE ( 'NONE', *, *, #444, .F. ) ;
#1676 = CARTESIAN_POINT ( 'NONE',  ( 86.85455173280956842, -5.000000000000000000, 73.15000000000003411 ) ) ;
#1677 = CARTESIAN_POINT ( 'NONE',  ( -93.49999999999998579, 0.000000000000000000, -82.50000000000000000 ) ) ;
#1678 = CARTESIAN_POINT ( 'NONE',  ( -96.81579294302301264, -5.000000000000000000, -55.89662411746145665 ) ) ;
#1679 = ORIENTED_EDGE ( 'NONE', *, *, #758, .T. ) ;
#1680 = PRODUCT_DEFINITION_SHAPE ( 'NONE', 'NONE',  #1583 ) ;
#1681 = DIRECTION ( 'NONE',  ( -0.000000000000000000, -1.000000000000000000, 0.000000000000000000 ) ) ;
#1682 = EDGE_CURVE ( 'NONE', #1543, #332, #349, .T. ) ;
#1683 = EDGE_CURVE ( 'NONE', #270, #882, #1303, .T. ) ;
#1684 = DIRECTION ( 'NONE',  ( 0.5000000000000016653, 0.000000000000000000, -0.8660254037844375974 ) ) ;
#1685 = ORIENTED_EDGE ( 'NONE', *, *, #209, .F. ) ;
#1686 = DIRECTION ( 'NONE',  ( 0.000000000000000000, 0.000000000000000000, 1.000000000000000000 ) ) ;
#1687 = AXIS2_PLACEMENT_3D ( 'NONE', #42, #580, #1231 ) ;
#1688 = FACE_BOUND ( 'NONE', #807, .T. ) ;
#1689 = ORIENTED_EDGE ( 'NONE', *, *, #87, .T. ) ;
#1690 = DIRECTION ( 'NONE',  ( 0.000000000000000000, 1.000000000000000000, -0.000000000000000000 ) ) ;
#1691 = APPLICATION_CONTEXT ( 'automotive_design' ) ;
#1692 = VECTOR ( 'NONE', #480, 1000.000000000000000 ) ;
#1693 = CARTESIAN_POINT ( 'NONE',  ( -86.85455173280956842, -5.000000000000000000, -73.15000000000000568 ) ) ;
#1694 = CIRCLE ( 'NONE', #1556, 3.999999999999948042 ) ;
#1695 = DIRECTION ( 'NONE',  ( 0.000000000000000000, 1.000000000000000000, -0.000000000000000000 ) ) ;
#1696 = EDGE_CURVE ( 'NONE', #882, #433, #185, .T. ) ;
#1697 = VECTOR ( 'NONE', #517, 1000.000000000000000 ) ;
#1698 = ORIENTED_EDGE ( 'NONE', *, *, #97, .F. ) ;
#1699 = DIRECTION ( 'NONE',  ( -0.000000000000000000, -1.000000000000000000, -0.000000000000000000 ) ) ;
#1700 = DIRECTION ( 'NONE',  ( 0.5000000000000003331, 0.000000000000000000, -0.8660254037844383745 ) ) ;
#1701 = CARTESIAN_POINT ( 'NONE',  ( -86.85455173280958263, -5.000000000000000000, 78.85000000000000853 ) ) ;
#1702 = CARTESIAN_POINT ( 'NONE',  ( 88.50000000000000000, 3.000000000000000000, -72.00000000000007105 ) ) ;
#1703 = DIRECTION ( 'NONE',  ( -0.000000000000000000, -1.000000000000000000, -0.000000000000000000 ) ) ;
#1704 = ORIENTED_EDGE ( 'NONE', *, *, #769, .T. ) ;
#1705 = EDGE_CURVE ( 'NONE', #498, #1599, #1559, .T. ) ;
#1706 = DIRECTION ( 'NONE',  ( -1.000000000000000000, 0.000000000000000000, -0.000000000000000000 ) ) ;
#1707 = VERTEX_POINT ( 'NONE', #1539 ) ;
#1708 = CARTESIAN_POINT ( 'NONE',  ( -95.49999999999998579, -5.000000000000000000, 78.85000000000002274 ) ) ;
#1709 = LINE ( 'NONE', #1448, #292 ) ;
#1710 = ORIENTED_EDGE ( 'NONE', *, *, #410, .T. ) ;
#1711 = FACE_OUTER_BOUND ( 'NONE', #1459, .T. ) ;
#1712 = DIRECTION ( 'NONE',  ( 0.8660254037844377084, -0.000000000000000000, 0.5000000000000016653 ) ) ;
#1713 = CIRCLE ( 'NONE', #174, 1.699999999999993072 ) ;
#1714 = ORIENTED_EDGE ( 'NONE', *, *, #387, .T. ) ;
#1715 = FACE_OUTER_BOUND ( 'NONE', #665, .T. ) ;
#1716 = AXIS2_PLACEMENT_3D ( 'NONE', #1739, #1070, #1344 ) ;
#1717 = CARTESIAN_POINT ( 'NONE',  ( 93.00000000000001421, -5.000000000000000000, -80.50000000000000000 ) ) ;
#1718 = EDGE_LOOP ( 'NONE', ( #944, #1243 ) ) ;
#1719 = VECTOR ( 'NONE', #590, 1000.000000000000000 ) ;
#1720 = VECTOR ( 'NONE', #867, 1000.000000000000000 ) ;
#1721 = CARTESIAN_POINT ( 'NONE',  ( -88.49999999999997158, 3.000000000000000000, 76.00000000000005684 ) ) ;
#1722 = ORIENTED_EDGE ( 'NONE', *, *, #1491, .F. ) ;
#1723 = CARTESIAN_POINT ( 'NONE',  ( -85.20910346561915105, -5.000000000000000000, -76.00000000000000000 ) ) ;
#1724 = UNCERTAINTY_MEASURE_WITH_UNIT (LENGTH_MEASURE( 1.000000000000000082E-05 ), #1067, 'distance_accuracy_value', 'NONE');
#1725 = EDGE_CURVE ( 'NONE', #1627, #1, #339, .T. ) ;
#1726 = ORIENTED_EDGE ( 'NONE', *, *, #1193, .T. ) ;
#1727 = EDGE_CURVE ( 'NONE', #317, #1603, #576, .T. ) ;
#1728 = LINE ( 'NONE', #248, #817 ) ;
#1729 = ORIENTED_EDGE ( 'NONE', *, *, #1193, .F. ) ;
#1730 = PLANE ( 'NONE',  #1554 ) ;
#1731 = EDGE_LOOP ( 'NONE', ( #1281, #1395, #491, #1512 ) ) ;
#1732 = CARTESIAN_POINT ( 'NONE',  ( 0.000000000000000000, -5.000000000000000000, 73.15000000000000568 ) ) ;
#1733 = CARTESIAN_POINT ( 'NONE',  ( -96.81579294302301264, -5.000000000000000000, 55.89662411746145665 ) ) ;
#1734 = ORIENTED_EDGE ( 'NONE', *, *, #573, .F. ) ;
#1735 = CARTESIAN_POINT ( 'NONE',  ( -93.49999999999998579, -5.000000000000000000, 82.50000000000000000 ) ) ;
#1736 = EDGE_CURVE ( 'NONE', #11, #770, #766, .T. ) ;
#1737 = CARTESIAN_POINT ( 'NONE',  ( 95.00000000000001421, -5.000000000000000000, 80.50000000000000000 ) ) ;
#1738 = ORIENTED_EDGE ( 'NONE', *, *, #1331, .T. ) ;
#1739 = CARTESIAN_POINT ( 'NONE',  ( 96.81579294302301264, -5.000000000000000000, 55.89662411746145665 ) ) ;
ENDSEC;
END-ISO-10303-21;
